  0
SECTION
  2
HEADER
  9
$ACADVER
  1
AC1009
  9
$DWGCODEPAGE
  3
ansi_1252
  9
$INSBASE
 10
0.0
 20
0.0
 30
0.0
  9
$EXTMIN
 10
0.0
 20
0.0
 30
0.0
  9
$EXTMAX
 10
3.553637014808647
 20
97.0
 30
0.0
  9
$LIMMIN
 10
0.0
 20
0.0
  9
$LIMMAX
 10
12.0
 20
9.0
  9
$ORTHOMODE
 70
     0
  9
$REGENMODE
 70
     1
  9
$FILLMODE
 70
     1
  9
$QTEXTMODE
 70
     0
  9
$MIRRTEXT
 70
     1
  9
$DRAGMODE
 70
     2
  9
$LTSCALE
 40
1.0
  9
$OSMODE
 70
    37
  9
$ATTMODE
 70
     1
  9
$TEXTSIZE
 40
0.2
  9
$TRACEWID
 40
0.05
  9
$TEXTSTYLE
  7
STANDARD
  9
$CLAYER
  8
0
  9
$CELTYPE
  6
BYLAYER
  9
$CECOLOR
 62
   256
  9
$DIMSCALE
 40
1.0
  9
$DIMASZ
 40
0.18
  9
$DIMEXO
 40
0.0625
  9
$DIMDLI
 40
0.38
  9
$DIMRND
 40
0.0
  9
$DIMDLE
 40
0.0
  9
$DIMEXE
 40
0.18
  9
$DIMTP
 40
0.0
  9
$DIMTM
 40
0.0
  9
$DIMTXT
 40
0.18
  9
$DIMCEN
 40
0.09
  9
$DIMTSZ
 40
0.0
  9
$DIMTOL
 70
     0
  9
$DIMLIM
 70
     0
  9
$DIMTIH
 70
     1
  9
$DIMTOH
 70
     1
  9
$DIMSE1
 70
     0
  9
$DIMSE2
 70
     0
  9
$DIMTAD
 70
     0
  9
$DIMZIN
 70
     0
  9
$DIMBLK
  1

  9
$DIMASO
 70
     1
  9
$DIMSHO
 70
     1
  9
$DIMPOST
  1

  9
$DIMAPOST
  1

  9
$DIMALT
 70
     0
  9
$DIMALTD
 70
     2
  9
$DIMALTF
 40
25.4
  9
$DIMLFAC
 40
1.0
  9
$DIMTOFL
 70
     0
  9
$DIMTVP
 40
0.0
  9
$DIMTIX
 70
     0
  9
$DIMSOXD
 70
     0
  9
$DIMSAH
 70
     0
  9
$DIMBLK1
  1

  9
$DIMBLK2
  1

  9
$DIMSTYLE
  2
STANDARD
  9
$DIMCLRD
 70
     0
  9
$DIMCLRE
 70
     0
  9
$DIMCLRT
 70
     0
  9
$DIMTFAC
 40
1.0
  9
$DIMGAP
 40
0.09
  9
$LUNITS
 70
     2
  9
$LUPREC
 70
     4
  9
$SKETCHINC
 40
0.1
  9
$FILLETRAD
 40
0.5
  9
$AUNITS
 70
     0
  9
$AUPREC
 70
     0
  9
$MENU
  1
.
  9
$ELEVATION
 40
0.0
  9
$PELEVATION
 40
0.0
  9
$THICKNESS
 40
0.0
  9
$LIMCHECK
 70
     0
  9
$CHAMFERA
 40
0.0
  9
$CHAMFERB
 40
0.0
  9
$SKPOLY
 70
     0
  9
$TDCREATE
 40
2454910.5
  9
$TDUPDATE
 40
2461172.403365428
  9
$TDINDWG
 40
0.0000000116
  9
$TDUSRTIMER
 40
0.0000000116
  9
$USRTIMER
 70
     1
  9
$ANGBASE
 50
0.0
  9
$ANGDIR
 70
     0
  9
$PDMODE
 70
     0
  9
$PDSIZE
 40
0.0
  9
$PLINEWID
 40
0.0
  9
$COORDS
 70
     1
  9
$SPLFRAME
 70
     0
  9
$SPLINETYPE
 70
     6
  9
$SPLINESEGS
 70
     8
  9
$ATTDIA
 70
     0
  9
$ATTREQ
 70
     1
  9
$HANDLING
 70
     1
  9
$HANDSEED
  5
E9E
  9
$SURFTAB1
 70
     6
  9
$SURFTAB2
 70
     6
  9
$SURFTYPE
 70
     6
  9
$SURFU
 70
     6
  9
$SURFV
 70
     6
  9
$UCSNAME
  2

  9
$UCSORG
 10
0.0
 20
0.0
 30
0.0
  9
$UCSXDIR
 10
1.0
 20
0.0
 30
0.0
  9
$UCSYDIR
 10
0.0
 20
1.0
 30
0.0
  9
$PUCSNAME
  2

  9
$PUCSORG
 10
0.0
 20
0.0
 30
0.0
  9
$PUCSXDIR
 10
1.0
 20
0.0
 30
0.0
  9
$PUCSYDIR
 10
0.0
 20
1.0
 30
0.0
  9
$USERI1
 70
     0
  9
$USERI2
 70
     0
  9
$USERI3
 70
     0
  9
$USERI4
 70
     0
  9
$USERI5
 70
     0
  9
$USERR1
 40
0.0
  9
$USERR2
 40
0.0
  9
$USERR3
 40
0.0
  9
$USERR4
 40
0.0
  9
$USERR5
 40
0.0
  9
$WORLDVIEW
 70
     1
  9
$SHADEDGE
 70
     3
  9
$SHADEDIF
 70
    70
  9
$TILEMODE
 70
     1
  9
$MAXACTVP
 70
    64
  9
$PLIMCHECK
 70
     0
  9
$PEXTMIN
 10
1.000000000000000E+20
 20
1.000000000000000E+20
 30
1.000000000000000E+20
  9
$PEXTMAX
 10
-1.000000000000000E+20
 20
-1.000000000000000E+20
 30
-1.000000000000000E+20
  9
$PLIMMIN
 10
0.0
 20
0.0
  9
$PLIMMAX
 10
12.0
 20
9.0
  9
$UNITMODE
 70
     0
  9
$VISRETAIN
 70
     1
  9
$PLINEGEN
 70
     0
  9
$PSLTSCALE
 70
     1
  0
ENDSEC
  0
SECTION
  2
TABLES
  0
TABLE
  2
VPORT
 70
     1
  0
VPORT
  2
*ACTIVE
 70
     0
 10
0.0
 20
0.0
 11
1.0
 21
1.0
 12
10.42990654205607
 22
4.5
 13
0.0
 23
0.0
 14
0.5
 24
0.5
 15
0.5
 25
0.5
 16
0.0
 26
0.0
 36
1.0
 17
0.0
 27
0.0
 37
0.0
 40
9.0
 41
1.972972972850329
 42
50.0
 43
0.0
 44
0.0
 50
0.0
 51
0.0
 71
     0
 72
   100
 73
     1
 74
     3
 75
     0
 76
     0
 77
     0
 78
     0
  0
ENDTAB
  0
TABLE
  2
LTYPE
 70
     2
  0
LTYPE
  2
CONTINUOUS
 70
     0
  3
Solid line
 72
    65
 73
     0
 40
0.0
  0
LTYPE
  2
CONTINUOUS2
 70
     0
  3
Solid Line
 72
    65
 73
     0
 40
0.0
  0
ENDTAB
  0
TABLE
  2
LAYER
 70
     8
  0
LAYER
  2
0
 70
     0
 62
     7
  6
CONTINUOUS
  0
LAYER
  2
REAR_LEG
 70
     0
 62
    18
  6
CONTINUOUS
  0
LAYER
  2
T9_COUNTERSINK_0_6
 70
     0
 62
    18
  6
CONTINUOUS
  0
LAYER
  2
PART_P
 70
     0
 62
    18
  6
CONTINUOUS
  0
LAYER
  2
MIDDLE_STEP_3
 70
     0
 62
    18
  6
CONTINUOUS
  0
LAYER
  2
FRONT_LEG
 70
     0
 62
    18
  6
CONTINUOUS
  0
LAYER
  2
T9-T3_POCKET
 70
     0
 62
    18
  6
CONTINUOUS
  0
LAYER
  2
T3_PROFILE_INSIDE_2
 70
     0
 62
    18
  6
CONTINUOUS
  0
ENDTAB
  0
TABLE
  2
STYLE
 70
     1
  0
STYLE
  2
STANDARD
 70
     0
 40
0.0
 41
1.0
 50
0.0
 71
     0
 42
0.2
  3
txt
  4

  0
ENDTAB
  0
TABLE
  2
VIEW
 70
     0
  0
ENDTAB
  0
TABLE
  2
UCS
 70
     0
  0
ENDTAB
  0
TABLE
  2
APPID
 70
     1
  0
APPID
  2
ACAD
 70
     0
  0
ENDTAB
  0
TABLE
  2
DIMSTYLE
 70
     1
  0
DIMSTYLE
  2
STANDARD
 70
     0
  3

  4

  5

  6

  7

 40
1.0
 41
0.18
 42
0.0625
 43
0.38
 44
0.18
 45
0.0
 46
0.0
 47
0.0
 48
0.0
140
0.18
141
0.09
142
0.0
143
25.4
144
1.0
145
0.0
146
1.0
147
0.09
 71
     0
 72
     0
 73
     1
 74
     1
 75
     0
 76
     0
 77
     0
 78
     0
170
     0
171
     2
172
     0
173
     0
174
     0
175
     0
176
     0
177
     0
178
     0
  0
ENDTAB
  0
ENDSEC
  0
SECTION
  2
BLOCKS
  0
BLOCK
  8
0
  2
$MODEL_SPACE
 70
     0
 10
0.0
 20
0.0
 30
0.0
  3
$MODEL_SPACE
  1

  0
ENDBLK
  5
21
  8
0
  0
BLOCK
 67
     1
  8
0
  2
$PAPER_SPACE
 70
     0
 10
0.0
 20
0.0
 30
0.0
  3
$PAPER_SPACE
  1

  0
ENDBLK
  5
1D
 67
     1
  8
0
  0
ENDSEC
  0
SECTION
  2
ENTITIES
  0
POLYLINE
  5
70
  8
REAR_LEG
 66
     1
 10
0.0
 20
0.0
 30
0.0
  0
VERTEX
  5
9D
  8
REAR_LEG
 10
0.0002211353783999
 20
48.66270934198585
 30
0.0
  0
VERTEX
  5
9E
  8
REAR_LEG
 10
3.501470659924946
 20
49.2531457565605
 30
0.0
  0
SEQEND
  5
E7E
  8
REAR_LEG
  0
POLYLINE
  5
71
  8
REAR_LEG
 66
     1
 10
0.0
 20
0.0
 30
0.0
 70
     1
  0
VERTEX
  5
9F
  8
REAR_LEG
 10
1.562977749734177
 20
17.73552360640886
 30
0.0
 42
0.4142135623730951
  0
VERTEX
  5
A0
  8
REAR_LEG
 10
1.763376393591155
 20
17.56187774973417
 30
0.0
 42
0.4142135623730951
  0
VERTEX
  5
A1
  8
REAR_LEG
 10
1.93702225026583
 20
17.76227639359115
 30
0.0
 42
0.4142135623730951
  0
VERTEX
  5
A2
  8
REAR_LEG
 10
1.736623606408852
 20
17.93592225026583
 30
0.0
 42
0.4142135623730951
  0
SEQEND
  5
E7F
  8
REAR_LEG
  0
POLYLINE
  5
72
  8
REAR_LEG
 66
     1
 10
0.0
 20
0.0
 30
0.0
 70
     1
  0
VERTEX
  5
A3
  8
REAR_LEG
 10
1.56297774973417
 20
32.17012360640884
 30
0.0
 42
0.4142135623730951
  0
VERTEX
  5
A4
  8
REAR_LEG
 10
1.763376393591155
 20
31.99647774973417
 30
0.0
 42
0.4142135623730951
  0
VERTEX
  5
A5
  8
REAR_LEG
 10
1.93702225026583
 20
32.19687639359114
 30
0.0
 42
0.4142135623730951
  0
VERTEX
  5
A6
  8
REAR_LEG
 10
1.736623606408852
 20
32.37052225026582
 30
0.0
 42
0.4142135623730951
  0
SEQEND
  5
E80
  8
REAR_LEG
  0
POLYLINE
  5
73
  8
REAR_LEG
 66
     1
 10
0.0
 20
0.0
 30
0.0
 70
     1
  0
VERTEX
  5
A7
  8
REAR_LEG
 10
0.728825756560445
 20
45.74532294940212
 30
0.0
  0
VERTEX
  5
A8
  8
REAR_LEG
 10
0.7192681752462998
 20
45.74397620069412
 30
0.0
  0
VERTEX
  5
A9
  8
REAR_LEG
 10
0.7097565756177144
 20
45.74312383504502
 30
0.0
  0
VERTEX
  5
AA
  8
REAR_LEG
 10
0.7003045149075942
 20
45.74275617112679
 30
0.0
  0
VERTEX
  5
AB
  8
REAR_LEG
 10
0.6909255503488442
 20
45.74286352761138
 30
0.0
  0
VERTEX
  5
AC
  8
REAR_LEG
 10
0.68163323917437
 20
45.74343622317076
 30
0.0
  0
VERTEX
  5
AD
  8
REAR_LEG
 10
0.6724411386170772
 20
45.74446457647689
 30
0.0
  0
VERTEX
  5
AE
  8
REAR_LEG
 10
0.6633628059098711
 20
45.74593890620172
 30
0.0
  0
VERTEX
  5
AF
  8
REAR_LEG
 10
0.6544117982856568
 20
45.74784953101722
 30
0.0
  0
VERTEX
  5
B0
  8
REAR_LEG
 10
0.6456016729773398
 20
45.75018676959536
 30
0.0
  0
VERTEX
  5
B1
  8
REAR_LEG
 10
0.6369459872178256
 20
45.75294094060808
 30
0.0
  0
VERTEX
  5
B2
  8
REAR_LEG
 10
0.6284582982400195
 20
45.75610236272736
 30
0.0
  0
VERTEX
  5
B3
  8
REAR_LEG
 10
0.6201521632768269
 20
45.75966135462515
 30
0.0
  0
VERTEX
  5
B4
  8
REAR_LEG
 10
0.612041139561153
 20
45.76360823497342
 30
0.0
  0
VERTEX
  5
B5
  8
REAR_LEG
 10
0.6041387843259035
 20
45.76793332244411
 30
0.0
  0
VERTEX
  5
B6
  8
REAR_LEG
 10
0.5964586548039836
 20
45.77262693570921
 30
0.0
  0
VERTEX
  5
B7
  8
REAR_LEG
 10
0.5890143082282986
 20
45.77767939344065
 30
0.0
  0
VERTEX
  5
B8
  8
REAR_LEG
 10
0.5818193018317539
 20
45.78308101431042
 30
0.0
  0
VERTEX
  5
B9
  8
REAR_LEG
 10
0.5748871928472551
 20
45.78882211699046
 30
0.0
  0
VERTEX
  5
BA
  8
REAR_LEG
 10
0.5682315385077074
 20
45.79489302015274
 30
0.0
  0
VERTEX
  5
BB
  8
REAR_LEG
 10
0.561865896046016
 20
45.80128404246921
 30
0.0
  0
VERTEX
  5
BC
  8
REAR_LEG
 10
0.5558038226950865
 20
45.80798550261184
 30
0.0
  0
VERTEX
  5
BD
  8
REAR_LEG
 10
0.5500588756878244
 20
45.81498771925258
 30
0.0
  0
VERTEX
  5
BE
  8
REAR_LEG
 10
0.5446446122571348
 20
45.82228101106341
 30
0.0
  0
VERTEX
  5
BF
  8
REAR_LEG
 10
0.5395745896359232
 20
45.82985569671628
 30
0.0
  0
VERTEX
  5
C0
  8
REAR_LEG
 10
0.534862365057095
 20
45.83770209488316
 30
0.0
  0
VERTEX
  5
C1
  8
REAR_LEG
 10
0.5305214957535556
 20
45.84581052423599
 30
0.0
  0
VERTEX
  5
C2
  8
REAR_LEG
 10
0.5265655389582102
 20
45.85417130344674
 30
0.0
  0
VERTEX
  5
C3
  8
REAR_LEG
 10
0.5230080519039643
 20
45.86277475118738
 30
0.0
  0
VERTEX
  5
C4
  8
REAR_LEG
 10
0.5198625918237232
 20
45.87161118612986
 30
0.0
  0
VERTEX
  5
C5
  8
REAR_LEG
 10
0.5171427159503925
 20
45.88067092694615
 30
0.0
  0
VERTEX
  5
C6
  8
REAR_LEG
 10
0.5148619815168775
 20
45.8899442923082
 30
0.0
  0
VERTEX
  5
C7
  8
REAR_LEG
 10
0.5130339457560833
 20
45.89942160088798
 30
0.0
  0
VERTEX
  5
C8
  8
REAR_LEG
 10
0.5116871970480794
 20
45.90897918220213
 30
0.0
  0
VERTEX
  5
C9
  8
REAR_LEG
 10
0.5108348313989814
 20
45.91849078183073
 30
0.0
  0
VERTEX
  5
CA
  8
REAR_LEG
 10
0.5104671674807499
 20
45.92794284254086
 30
0.0
  0
VERTEX
  5
CB
  8
REAR_LEG
 10
0.5105745239653453
 20
45.93732180709961
 30
0.0
  0
VERTEX
  5
CC
  8
REAR_LEG
 10
0.5111472195247284
 20
45.94661411827408
 30
0.0
  0
VERTEX
  5
CD
  8
REAR_LEG
 10
0.5121755728308598
 20
45.95580621883138
 30
0.0
  0
VERTEX
  5
CE
  8
REAR_LEG
 10
0.5136499025557002
 20
45.96488455153859
 30
0.0
  0
VERTEX
  5
CF
  8
REAR_LEG
 10
0.5155605273712102
 20
45.97383555916281
 30
0.0
  0
VERTEX
  5
D0
  8
REAR_LEG
 10
0.5178977659493503
 20
45.98264568447113
 30
0.0
  0
VERTEX
  5
D1
  8
REAR_LEG
 10
0.5206519369620813
 20
45.99130137023064
 30
0.0
  0
VERTEX
  5
D2
  8
REAR_LEG
 10
0.5238133590813637
 20
45.99978905920845
 30
0.0
  0
VERTEX
  5
D3
  8
REAR_LEG
 10
0.5273723509791582
 20
46.00809519417164
 30
0.0
  0
VERTEX
  5
D4
  8
REAR_LEG
 10
0.5313192313274254
 20
46.01620621788732
 30
0.0
  0
VERTEX
  5
D5
  8
REAR_LEG
 10
0.535644318798126
 20
46.02410857312257
 30
0.0
  0
VERTEX
  5
D6
  8
REAR_LEG
 10
0.5403379320632207
 20
46.03178870264449
 30
0.0
  0
VERTEX
  5
D7
  8
REAR_LEG
 10
0.5453903897946697
 20
46.03923304922017
 30
0.0
  0
VERTEX
  5
D8
  8
REAR_LEG
 10
0.5507920106644341
 20
46.04642805561672
 30
0.0
  0
VERTEX
  5
D9
  8
REAR_LEG
 10
0.5565331133444744
 20
46.05336016460122
 30
0.0
  0
VERTEX
  5
DA
  8
REAR_LEG
 10
0.5626040165067512
 20
46.06001581894076
 30
0.0
  0
VERTEX
  5
DB
  8
REAR_LEG
 10
0.5689950388232251
 20
46.06638146140246
 30
0.0
  0
VERTEX
  5
DC
  8
REAR_LEG
 10
0.5756964989658567
 20
46.07244353475338
 30
0.0
  0
VERTEX
  5
DD
  8
REAR_LEG
 10
0.5826987156066068
 20
46.07818848176065
 30
0.0
  0
VERTEX
  5
DE
  8
REAR_LEG
 10
0.5899920074174358
 20
46.08360274519134
 30
0.0
  0
VERTEX
  5
DF
  8
REAR_LEG
 10
0.5975666930703046
 20
46.08867276781255
 30
0.0
  0
VERTEX
  5
E0
  8
REAR_LEG
 10
0.6054130912371738
 20
46.09338499239137
 30
0.0
  0
VERTEX
  5
E1
  8
REAR_LEG
 10
0.6135215205900036
 20
46.09772586169491
 30
0.0
  0
VERTEX
  5
E2
  8
REAR_LEG
 10
0.6218822998007552
 20
46.10168181849026
 30
0.0
  0
VERTEX
  5
E3
  8
REAR_LEG
 10
0.6304857475413888
 20
46.10523930554452
 30
0.0
  0
VERTEX
  5
E4
  8
REAR_LEG
 10
0.6393221824838652
 20
46.10838476562476
 30
0.0
  0
VERTEX
  5
E5
  8
REAR_LEG
 10
0.6483819233001451
 20
46.1111046414981
 30
0.0
  0
VERTEX
  5
E6
  8
REAR_LEG
 10
0.657655288662189
 20
46.11338537593161
 30
0.0
  0
VERTEX
  5
E7
  8
REAR_LEG
 10
0.6671325972419577
 20
46.11521341169242
 30
0.0
  0
VERTEX
  5
E8
  8
REAR_LEG
 10
0.6766901785561034
 20
46.11656016040042
 30
0.0
  0
VERTEX
  5
E9
  8
REAR_LEG
 10
0.686201778184689
 20
46.11741252604951
 30
0.0
  0
VERTEX
  5
EA
  8
REAR_LEG
 10
0.6956538388948093
 20
46.11778018996773
 30
0.0
  0
VERTEX
  5
EB
  8
REAR_LEG
 10
0.7050328034535589
 20
46.11767283348313
 30
0.0
  0
VERTEX
  5
EC
  8
REAR_LEG
 10
0.7143251146280324
 20
46.11710013792374
 30
0.0
  0
VERTEX
  5
ED
  8
REAR_LEG
 10
0.7235172151853244
 20
46.11607178461761
 30
0.0
  0
VERTEX
  5
EE
  8
REAR_LEG
 10
0.7325955478925298
 20
46.11459745489276
 30
0.0
  0
VERTEX
  5
EF
  8
REAR_LEG
 10
0.741546555516743
 20
46.11268683007725
 30
0.0
  0
VERTEX
  5
F0
  8
REAR_LEG
 10
0.7503566808250587
 20
46.11034959149912
 30
0.0
  0
VERTEX
  5
F1
  8
REAR_LEG
 10
0.7590123665845717
 20
46.10759542048638
 30
0.0
  0
VERTEX
  5
F2
  8
REAR_LEG
 10
0.7675000555623765
 20
46.10443399836709
 30
0.0
  0
VERTEX
  5
F3
  8
REAR_LEG
 10
0.7758061905255678
 20
46.10087500646929
 30
0.0
  0
VERTEX
  5
F4
  8
REAR_LEG
 10
0.7839172142412402
 20
46.09692812612102
 30
0.0
  0
VERTEX
  5
F5
  8
REAR_LEG
 10
0.7918195694764883
 20
46.09260303865032
 30
0.0
  0
VERTEX
  5
F6
  8
REAR_LEG
 10
0.799499698998407
 20
46.08790942538523
 30
0.0
  0
VERTEX
  5
F7
  8
REAR_LEG
 10
0.8069440455740908
 20
46.08285696765378
 30
0.0
  0
VERTEX
  5
F8
  8
REAR_LEG
 10
0.8141390519706343
 20
46.07745534678401
 30
0.0
  0
VERTEX
  5
F9
  8
REAR_LEG
 10
0.8210711609551322
 20
46.07171424410397
 30
0.0
  0
VERTEX
  5
FA
  8
REAR_LEG
 10
0.8277268152946792
 20
46.06564334094169
 30
0.0
  0
VERTEX
  5
FB
  8
REAR_LEG
 10
0.8340924577563699
 20
46.05925231862523
 30
0.0
  0
VERTEX
  5
FC
  8
REAR_LEG
 10
0.8401545311072989
 20
46.05255085848259
 30
0.0
  0
VERTEX
  5
FD
  8
REAR_LEG
 10
0.8458994781145609
 20
46.04554864184185
 30
0.0
  0
VERTEX
  5
FE
  8
REAR_LEG
 10
0.8513137415452505
 20
46.03825535003102
 30
0.0
  0
VERTEX
  5
FF
  8
REAR_LEG
 10
0.8563837641664626
 20
46.03068066437815
 30
0.0
  0
VERTEX
  5
100
  8
REAR_LEG
 10
0.8610959887452916
 20
46.02283426621128
 30
0.0
  0
VERTEX
  5
101
  8
REAR_LEG
 10
0.8654368580488321
 20
46.01472583685845
 30
0.0
  0
VERTEX
  5
102
  8
REAR_LEG
 10
0.869392814844179
 20
46.00636505764769
 30
0.0
  0
VERTEX
  5
103
  8
REAR_LEG
 10
0.8729503018984266
 20
45.99776160990706
 30
0.0
  0
VERTEX
  5
104
  8
REAR_LEG
 10
0.8760957619786698
 20
45.98892517496458
 30
0.0
  0
VERTEX
  5
105
  8
REAR_LEG
 10
0.8788156378520032
 20
45.97986543414829
 30
0.0
  0
VERTEX
  5
106
  8
REAR_LEG
 10
0.8810963722855216
 20
45.97059206878625
 30
0.0
  0
VERTEX
  5
107
  8
REAR_LEG
 10
0.8829244080463194
 20
45.96111476020647
 30
0.0
  0
VERTEX
  5
108
  8
REAR_LEG
 10
0.884271156754324
 20
45.95155717889232
 30
0.0
  0
VERTEX
  5
109
  8
REAR_LEG
 10
0.8851235224034231
 20
45.94204557926373
 30
0.0
  0
VERTEX
  5
10A
  8
REAR_LEG
 10
0.8854911863216557
 20
45.9325935185536
 30
0.0
  0
VERTEX
  5
10B
  8
REAR_LEG
 10
0.8853838298370618
 20
45.92321455399485
 30
0.0
  0
VERTEX
  5
10C
  8
REAR_LEG
 10
0.8848111342776801
 20
45.91392224282038
 30
0.0
  0
VERTEX
  5
10D
  8
REAR_LEG
 10
0.8837827809715504
 20
45.90473014226308
 30
0.0
  0
VERTEX
  5
10E
  8
REAR_LEG
 10
0.8823084512467118
 20
45.89565180955588
 30
0.0
  0
VERTEX
  5
10F
  8
REAR_LEG
 10
0.8803978264312036
 20
45.88670080193167
 30
0.0
  0
VERTEX
  5
110
  8
REAR_LEG
 10
0.8780605878530653
 20
45.87789067662335
 30
0.0
  0
VERTEX
  5
111
  8
REAR_LEG
 10
0.8753064168403362
 20
45.86923499086384
 30
0.0
  0
VERTEX
  5
112
  8
REAR_LEG
 10
0.8721449947210556
 20
45.86074730188604
 30
0.0
  0
VERTEX
  5
113
  8
REAR_LEG
 10
0.8685860028232627
 20
45.85244116692284
 30
0.0
  0
VERTEX
  5
114
  8
REAR_LEG
 10
0.8646391224749972
 20
45.84433014320717
 30
0.0
  0
VERTEX
  5
115
  8
REAR_LEG
 10
0.8603140350042981
 20
45.83642778797191
 30
0.0
  0
VERTEX
  5
116
  8
REAR_LEG
 10
0.8556204217392049
 20
45.82874765845
 30
0.0
  0
VERTEX
  5
117
  8
REAR_LEG
 10
0.850567964007757
 20
45.82130331187432
 30
0.0
  0
VERTEX
  5
118
  8
REAR_LEG
 10
0.8451663431379937
 20
45.81410830547777
 30
0.0
  0
VERTEX
  5
119
  8
REAR_LEG
 10
0.8394252404579543
 20
45.80717619649327
 30
0.0
  0
VERTEX
  5
11A
  8
REAR_LEG
 10
0.833354337295678
 20
45.80052054215373
 30
0.0
  0
VERTEX
  5
11B
  8
REAR_LEG
 10
0.8269633149792045
 20
45.79415489969205
 30
0.0
  0
VERTEX
  5
11C
  8
REAR_LEG
 10
0.820261854836573
 20
45.78809282634112
 30
0.0
  0
VERTEX
  5
11D
  8
REAR_LEG
 10
0.8132596381958226
 20
45.78234787933386
 30
0.0
  0
VERTEX
  5
11E
  8
REAR_LEG
 10
0.8059663463849929
 20
45.77693361590318
 30
0.0
  0
VERTEX
  5
11F
  8
REAR_LEG
 10
0.7983916607321231
 20
45.77186359328196
 30
0.0
  0
VERTEX
  5
120
  8
REAR_LEG
 10
0.7905452625652527
 20
45.76715136870314
 30
0.0
  0
VERTEX
  5
121
  8
REAR_LEG
 10
0.7824368332124209
 20
45.7628104993996
 30
0.0
  0
VERTEX
  5
122
  8
REAR_LEG
 10
0.7740760540016671
 20
45.75885454260425
 30
0.0
  0
VERTEX
  5
123
  8
REAR_LEG
 10
0.7654726062610306
 20
45.75529705555
 30
0.0
  0
VERTEX
  5
124
  8
REAR_LEG
 10
0.7566361713185509
 20
45.75215159546977
 30
0.0
  0
VERTEX
  5
125
  8
REAR_LEG
 10
0.7475764305022672
 20
45.74943171959643
 30
0.0
  0
VERTEX
  5
126
  8
REAR_LEG
 10
0.7383030651402187
 20
45.74715098516292
 30
0.0
  0
SEQEND
  5
E81
  8
REAR_LEG
  0
POLYLINE
  5
74
  8
REAR_LEG
 66
     1
 10
0.0
 20
0.0
 30
0.0
 70
     1
  0
VERTEX
  5
127
  8
REAR_LEG
 10
2.832867402758046
 20
48.35028444985923
 30
0.0
  0
VERTEX
  5
128
  8
REAR_LEG
 10
2.823309821443901
 20
48.34893770115123
 30
0.0
  0
VERTEX
  5
129
  8
REAR_LEG
 10
2.813798221815315
 20
48.34808533550213
 30
0.0
  0
VERTEX
  5
12A
  8
REAR_LEG
 10
2.804346161105195
 20
48.34771767158391
 30
0.0
  0
VERTEX
  5
12B
  8
REAR_LEG
 10
2.794967196546445
 20
48.3478250280685
 30
0.0
  0
VERTEX
  5
12C
  8
REAR_LEG
 10
2.785674885371971
 20
48.34839772362788
 30
0.0
  0
VERTEX
  5
12D
  8
REAR_LEG
 10
2.776482784814678
 20
48.34942607693401
 30
0.0
  0
VERTEX
  5
12E
  8
REAR_LEG
 10
2.767404452107472
 20
48.35090040665885
 30
0.0
  0
VERTEX
  5
12F
  8
REAR_LEG
 10
2.758453444483258
 20
48.35281103147436
 30
0.0
  0
VERTEX
  5
130
  8
REAR_LEG
 10
2.749643319174941
 20
48.3551482700525
 30
0.0
  0
VERTEX
  5
131
  8
REAR_LEG
 10
2.740987633415426
 20
48.35790244106522
 30
0.0
  0
VERTEX
  5
132
  8
REAR_LEG
 10
2.73249994443762
 20
48.36106386318451
 30
0.0
  0
VERTEX
  5
133
  8
REAR_LEG
 10
2.724193809474428
 20
48.3646228550823
 30
0.0
  0
VERTEX
  5
134
  8
REAR_LEG
 10
2.716082785758754
 20
48.36856973543057
 30
0.0
  0
VERTEX
  5
135
  8
REAR_LEG
 10
2.708180430523504
 20
48.37289482290126
 30
0.0
  0
VERTEX
  5
136
  8
REAR_LEG
 10
2.700500301001584
 20
48.37758843616636
 30
0.0
  0
VERTEX
  5
137
  8
REAR_LEG
 10
2.693055954425899
 20
48.3826408938978
 30
0.0
  0
VERTEX
  5
138
  8
REAR_LEG
 10
2.685860948029355
 20
48.38804251476757
 30
0.0
  0
VERTEX
  5
139
  8
REAR_LEG
 10
2.678928839044856
 20
48.39378361744761
 30
0.0
  0
VERTEX
  5
13A
  8
REAR_LEG
 10
2.672273184705309
 20
48.39985452060989
 30
0.0
  0
VERTEX
  5
13B
  8
REAR_LEG
 10
2.665907542243617
 20
48.40624554292636
 30
0.0
  0
VERTEX
  5
13C
  8
REAR_LEG
 10
2.659845468892687
 20
48.41294700306899
 30
0.0
  0
VERTEX
  5
13D
  8
REAR_LEG
 10
2.654100521885425
 20
48.41994921970974
 30
0.0
  0
VERTEX
  5
13E
  8
REAR_LEG
 10
2.648686258454735
 20
48.42724251152056
 30
0.0
  0
VERTEX
  5
13F
  8
REAR_LEG
 10
2.643616235833524
 20
48.43481719717343
 30
0.0
  0
VERTEX
  5
140
  8
REAR_LEG
 10
2.638904011254696
 20
48.44266359534031
 30
0.0
  0
VERTEX
  5
141
  8
REAR_LEG
 10
2.634563141951157
 20
48.45077202469314
 30
0.0
  0
VERTEX
  5
142
  8
REAR_LEG
 10
2.630607185155811
 20
48.45913280390389
 30
0.0
  0
VERTEX
  5
143
  8
REAR_LEG
 10
2.627049698101565
 20
48.46773625164453
 30
0.0
  0
VERTEX
  5
144
  8
REAR_LEG
 10
2.623904238021324
 20
48.47657268658701
 30
0.0
  0
VERTEX
  5
145
  8
REAR_LEG
 10
2.621184362147994
 20
48.4856324274033
 30
0.0
  0
VERTEX
  5
146
  8
REAR_LEG
 10
2.618903627714479
 20
48.49490579276535
 30
0.0
  0
VERTEX
  5
147
  8
REAR_LEG
 10
2.617075591953684
 20
48.50438310134513
 30
0.0
  0
VERTEX
  5
148
  8
REAR_LEG
 10
2.615728843245686
 20
48.51394068265927
 30
0.0
  0
VERTEX
  5
149
  8
REAR_LEG
 10
2.614876477596591
 20
48.52345228228785
 30
0.0
  0
VERTEX
  5
14A
  8
REAR_LEG
 10
2.614508813678363
 20
48.53290434299797
 30
0.0
  0
VERTEX
  5
14B
  8
REAR_LEG
 10
2.61461617016296
 20
48.54228330755672
 30
0.0
  0
VERTEX
  5
14C
  8
REAR_LEG
 10
2.615188865722344
 20
48.55157561873119
 30
0.0
  0
VERTEX
  5
14D
  8
REAR_LEG
 10
2.616217219028475
 20
48.56076771928849
 30
0.0
  0
VERTEX
  5
14E
  8
REAR_LEG
 10
2.617691548753315
 20
48.56984605199569
 30
0.0
  0
VERTEX
  5
14F
  8
REAR_LEG
 10
2.619602173568823
 20
48.5787970596199
 30
0.0
  0
VERTEX
  5
150
  8
REAR_LEG
 10
2.621939412146961
 20
48.58760718492822
 30
0.0
  0
VERTEX
  5
151
  8
REAR_LEG
 10
2.624693583159689
 20
48.59626287068772
 30
0.0
  0
VERTEX
  5
152
  8
REAR_LEG
 10
2.627855005278968
 20
48.60475055966553
 30
0.0
  0
VERTEX
  5
153
  8
REAR_LEG
 10
2.631413997176759
 20
48.61305669462872
 30
0.0
  0
VERTEX
  5
154
  8
REAR_LEG
 10
2.635360877525023
 20
48.62116771834439
 30
0.0
  0
VERTEX
  5
155
  8
REAR_LEG
 10
2.63968596499572
 20
48.62907007357964
 30
0.0
  0
VERTEX
  5
156
  8
REAR_LEG
 10
2.644379578260811
 20
48.63675020310156
 30
0.0
  0
VERTEX
  5
157
  8
REAR_LEG
 10
2.649432035992255
 20
48.64419454967724
 30
0.0
  0
VERTEX
  5
158
  8
REAR_LEG
 10
2.654833656862016
 20
48.6513895560738
 30
0.0
  0
VERTEX
  5
159
  8
REAR_LEG
 10
2.660574759542053
 20
48.6583216650583
 30
0.0
  0
VERTEX
  5
15A
  8
REAR_LEG
 10
2.666645662704326
 20
48.66497731939783
 30
0.0
  0
VERTEX
  5
15B
  8
REAR_LEG
 10
2.673036685020798
 20
48.67134296185953
 30
0.0
  0
VERTEX
  5
15C
  8
REAR_LEG
 10
2.679738145163427
 20
48.67740503521046
 30
0.0
  0
VERTEX
  5
15D
  8
REAR_LEG
 10
2.686740361804176
 20
48.68314998221772
 30
0.0
  0
VERTEX
  5
15E
  8
REAR_LEG
 10
2.694033653615004
 20
48.68856424564841
 30
0.0
  0
VERTEX
  5
15F
  8
REAR_LEG
 10
2.701608339267873
 20
48.69363426826962
 30
0.0
  0
VERTEX
  5
160
  8
REAR_LEG
 10
2.709454737434743
 20
48.69834649284844
 30
0.0
  0
VERTEX
  5
161
  8
REAR_LEG
 10
2.717563166787574
 20
48.70268736215198
 30
0.0
  0
VERTEX
  5
162
  8
REAR_LEG
 10
2.725923945998328
 20
48.70664331894733
 30
0.0
  0
VERTEX
  5
163
  8
REAR_LEG
 10
2.734527393738967
 20
48.71020080600158
 30
0.0
  0
VERTEX
  5
164
  8
REAR_LEG
 10
2.743363828681449
 20
48.71334626608181
 30
0.0
  0
VERTEX
  5
165
  8
REAR_LEG
 10
2.752423569497735
 20
48.71606614195515
 30
0.0
  0
VERTEX
  5
166
  8
REAR_LEG
 10
2.761696934859788
 20
48.71834687638867
 30
0.0
  0
VERTEX
  5
167
  8
REAR_LEG
 10
2.771174243439566
 20
48.72017491214947
 30
0.0
  0
VERTEX
  5
168
  8
REAR_LEG
 10
2.780731824753716
 20
48.72152166085748
 30
0.0
  0
VERTEX
  5
169
  8
REAR_LEG
 10
2.790243424382305
 20
48.72237402650657
 30
0.0
  0
VERTEX
  5
16A
  8
REAR_LEG
 10
2.799695485092428
 20
48.7227416904248
 30
0.0
  0
VERTEX
  5
16B
  8
REAR_LEG
 10
2.80907444965118
 20
48.72263433394021
 30
0.0
  0
VERTEX
  5
16C
  8
REAR_LEG
 10
2.818366760825656
 20
48.72206163838082
 30
0.0
  0
VERTEX
  5
16D
  8
REAR_LEG
 10
2.82755886138295
 20
48.7210332850747
 30
0.0
  0
VERTEX
  5
16E
  8
REAR_LEG
 10
2.836637194090156
 20
48.71955895534985
 30
0.0
  0
VERTEX
  5
16F
  8
REAR_LEG
 10
2.84558820171437
 20
48.71764833053435
 30
0.0
  0
VERTEX
  5
170
  8
REAR_LEG
 10
2.854398327022686
 20
48.71531109195621
 30
0.0
  0
VERTEX
  5
171
  8
REAR_LEG
 10
2.863054012782198
 20
48.71255692094347
 30
0.0
  0
VERTEX
  5
172
  8
REAR_LEG
 10
2.871541701760003
 20
48.70939549882419
 30
0.0
  0
VERTEX
  5
173
  8
REAR_LEG
 10
2.879847836723194
 20
48.7058365069264
 30
0.0
  0
VERTEX
  5
174
  8
REAR_LEG
 10
2.887958860438865
 20
48.70188962657813
 30
0.0
  0
VERTEX
  5
175
  8
REAR_LEG
 10
2.895861215674111
 20
48.69756453910743
 30
0.0
  0
VERTEX
  5
176
  8
REAR_LEG
 10
2.903541345196029
 20
48.69287092584234
 30
0.0
  0
VERTEX
  5
177
  8
REAR_LEG
 10
2.910985691771711
 20
48.6878184681109
 30
0.0
  0
VERTEX
  5
178
  8
REAR_LEG
 10
2.918180698168253
 20
48.68241684724114
 30
0.0
  0
VERTEX
  5
179
  8
REAR_LEG
 10
2.925112807152749
 20
48.67667574456109
 30
0.0
  0
VERTEX
  5
17A
  8
REAR_LEG
 10
2.931768461492294
 20
48.67060484139881
 30
0.0
  0
VERTEX
  5
17B
  8
REAR_LEG
 10
2.938134103953983
 20
48.66421381908235
 30
0.0
  0
VERTEX
  5
17C
  8
REAR_LEG
 10
2.94419617730491
 20
48.65751235893971
 30
0.0
  0
VERTEX
  5
17D
  8
REAR_LEG
 10
2.94994112431217
 20
48.65051014229896
 30
0.0
  0
VERTEX
  5
17E
  8
REAR_LEG
 10
2.955355387742858
 20
48.64321685048813
 30
0.0
  0
VERTEX
  5
17F
  8
REAR_LEG
 10
2.960425410364069
 20
48.63564216483526
 30
0.0
  0
VERTEX
  5
180
  8
REAR_LEG
 10
2.965137634942896
 20
48.62779576666838
 30
0.0
  0
VERTEX
  5
181
  8
REAR_LEG
 10
2.969478504246435
 20
48.61968733731555
 30
0.0
  0
VERTEX
  5
182
  8
REAR_LEG
 10
2.973434461041781
 20
48.6113265581048
 30
0.0
  0
VERTEX
  5
183
  8
REAR_LEG
 10
2.976991948096028
 20
48.60272311036417
 30
0.0
  0
VERTEX
  5
184
  8
REAR_LEG
 10
2.980137408176271
 20
48.59388667542169
 30
0.0
  0
VERTEX
  5
185
  8
REAR_LEG
 10
2.982857284049603
 20
48.5848269346054
 30
0.0
  0
VERTEX
  5
186
  8
REAR_LEG
 10
2.985138018483122
 20
48.57555356924335
 30
0.0
  0
VERTEX
  5
187
  8
REAR_LEG
 10
2.98696605424392
 20
48.56607626066358
 30
0.0
  0
VERTEX
  5
188
  8
REAR_LEG
 10
2.988312802951924
 20
48.55651867934943
 30
0.0
  0
VERTEX
  5
189
  8
REAR_LEG
 10
2.989165168601023
 20
48.54700707972085
 30
0.0
  0
VERTEX
  5
18A
  8
REAR_LEG
 10
2.989532832519255
 20
48.53755501901073
 30
0.0
  0
VERTEX
  5
18B
  8
REAR_LEG
 10
2.98942547603466
 20
48.52817605445198
 30
0.0
  0
VERTEX
  5
18C
  8
REAR_LEG
 10
2.988852780475278
 20
48.51888374327751
 30
0.0
  0
VERTEX
  5
18D
  8
REAR_LEG
 10
2.987824427169148
 20
48.50969164272022
 30
0.0
  0
VERTEX
  5
18E
  8
REAR_LEG
 10
2.986350097444309
 20
48.50061331001302
 30
0.0
  0
VERTEX
  5
18F
  8
REAR_LEG
 10
2.984439472628801
 20
48.4916623023888
 30
0.0
  0
VERTEX
  5
190
  8
REAR_LEG
 10
2.982102234050663
 20
48.48285217708047
 30
0.0
  0
VERTEX
  5
191
  8
REAR_LEG
 10
2.979348063037934
 20
48.47419649132097
 30
0.0
  0
VERTEX
  5
192
  8
REAR_LEG
 10
2.976186640918653
 20
48.46570880234316
 30
0.0
  0
VERTEX
  5
193
  8
REAR_LEG
 10
2.97262764902086
 20
48.45740266737997
 30
0.0
  0
VERTEX
  5
194
  8
REAR_LEG
 10
2.968680768672594
 20
48.4492916436643
 30
0.0
  0
VERTEX
  5
195
  8
REAR_LEG
 10
2.964355681201896
 20
48.44138928842904
 30
0.0
  0
VERTEX
  5
196
  8
REAR_LEG
 10
2.959662067936803
 20
48.43370915890712
 30
0.0
  0
VERTEX
  5
197
  8
REAR_LEG
 10
2.954609610205355
 20
48.42626481233144
 30
0.0
  0
VERTEX
  5
198
  8
REAR_LEG
 10
2.949207989335592
 20
48.4190698059349
 30
0.0
  0
VERTEX
  5
199
  8
REAR_LEG
 10
2.943466886655553
 20
48.4121376969504
 30
0.0
  0
VERTEX
  5
19A
  8
REAR_LEG
 10
2.937395983493277
 20
48.40548204261085
 30
0.0
  0
VERTEX
  5
19B
  8
REAR_LEG
 10
2.931004961176804
 20
48.39911640014915
 30
0.0
  0
VERTEX
  5
19C
  8
REAR_LEG
 10
2.924303501034172
 20
48.39305432679823
 30
0.0
  0
VERTEX
  5
19D
  8
REAR_LEG
 10
2.917301284393422
 20
48.38730937979096
 30
0.0
  0
VERTEX
  5
19E
  8
REAR_LEG
 10
2.910007992582592
 20
48.38189511636028
 30
0.0
  0
VERTEX
  5
19F
  8
REAR_LEG
 10
2.902433306929723
 20
48.37682509373906
 30
0.0
  0
VERTEX
  5
1A0
  8
REAR_LEG
 10
2.894586908762853
 20
48.37211286916024
 30
0.0
  0
VERTEX
  5
1A1
  8
REAR_LEG
 10
2.886478479410021
 20
48.3677719998567
 30
0.0
  0
VERTEX
  5
1A2
  8
REAR_LEG
 10
2.878117700199267
 20
48.36381604306136
 30
0.0
  0
VERTEX
  5
1A3
  8
REAR_LEG
 10
2.869514252458631
 20
48.36025855600711
 30
0.0
  0
VERTEX
  5
1A4
  8
REAR_LEG
 10
2.860677817516152
 20
48.35711309592688
 30
0.0
  0
VERTEX
  5
1A5
  8
REAR_LEG
 10
2.851618076699868
 20
48.35439322005354
 30
0.0
  0
VERTEX
  5
1A6
  8
REAR_LEG
 10
2.84234471133782
 20
48.35211248562003
 30
0.0
  0
SEQEND
  5
E82
  8
REAR_LEG
  0
POLYLINE
  5
75
  8
REAR_LEG
 66
     1
 10
0.0
 20
0.0
 30
0.0
 70
     1
  0
VERTEX
  5
1A7
  8
REAR_LEG
 10
1.750000000000004
 20
52.22504893077579
 30
0.0
 42
0.4142135623730951
  0
VERTEX
  5
1A8
  8
REAR_LEG
 10
1.937500000000004
 20
52.41254893077579
 30
0.0
 42
0.4142135623730951
  0
VERTEX
  5
1A9
  8
REAR_LEG
 10
1.750000000000004
 20
52.60004893077579
 30
0.0
 42
0.4142135623730951
  0
VERTEX
  5
1AA
  8
REAR_LEG
 10
1.562500000000004
 20
52.41254893077579
 30
0.0
 42
0.4142135623730951
  0
SEQEND
  5
E83
  8
REAR_LEG
  0
POLYLINE
  5
77
  8
T9_COUNTERSINK_0_6
 66
     1
 10
0.0
 20
0.0
 30
0.0
  0
VERTEX
  5
1AB
  8
T9_COUNTERSINK_0_6
 10
0.0000000000000036
 20
1.0
 30
0.0
  0
VERTEX
  5
1AC
  8
T9_COUNTERSINK_0_6
 10
3.448008054644088
 20
1.246611901946512
 30
0.0
  0
SEQEND
  5
E84
  8
T9_COUNTERSINK_0_6
  0
POLYLINE
  5
78
  8
T9_COUNTERSINK_0_6
 66
     1
 10
0.0
 20
0.0
 30
0.0
 70
     1
  0
VERTEX
  5
1AD
  8
T9_COUNTERSINK_0_6
 10
1.736623606408852
 20
9.256322250265832
 30
0.0
 42
0.4142135623730951
  0
VERTEX
  5
1AE
  8
T9_COUNTERSINK_0_6
 10
1.562977749734177
 20
9.05592360640885
 30
0.0
 42
0.4142135623730951
  0
VERTEX
  5
1AF
  8
T9_COUNTERSINK_0_6
 10
1.763376393591155
 20
8.882277749734175
 30
0.0
 42
0.4142135623730951
  0
VERTEX
  5
1B0
  8
T9_COUNTERSINK_0_6
 10
1.93702225026583
 20
9.08267639359115
 30
0.0
 42
0.4142135623730951
  0
SEQEND
  5
E85
  8
T9_COUNTERSINK_0_6
  0
POLYLINE
  5
79
  8
T9_COUNTERSINK_0_6
 66
     1
 10
0.0
 20
0.0
 30
0.0
 70
     1
  0
VERTEX
  5
1B1
  8
T9_COUNTERSINK_0_6
 10
1.89915672235974
 20
64.3562140362756
 30
0.0
  0
VERTEX
  5
1B2
  8
T9_COUNTERSINK_0_6
 10
1.873595126179658
 20
64.76425284937247
 30
0.0
  0
VERTEX
  5
1B3
  8
T9_COUNTERSINK_0_6
 10
1.897707048502305
 20
64.76799537473912
 30
0.0
  0
VERTEX
  5
1B4
  8
T9_COUNTERSINK_0_6
 10
1.920339711786752
 20
64.77259587034791
 30
0.0
  0
VERTEX
  5
1B5
  8
T9_COUNTERSINK_0_6
 10
1.931101321289651
 20
64.77521785699315
 30
0.0
  0
VERTEX
  5
1B6
  8
T9_COUNTERSINK_0_6
 10
1.941493116033
 20
64.77805433619889
 30
0.0
  0
VERTEX
  5
1B7
  8
T9_COUNTERSINK_0_6
 10
1.9515150960168
 20
64.78110530796518
 30
0.0
  0
VERTEX
  5
1B8
  8
T9_COUNTERSINK_0_6
 10
1.96116726124105
 20
64.784370772292
 30
0.0
  0
VERTEX
  5
1B9
  8
T9_COUNTERSINK_0_6
 10
1.97044961170575
 20
64.78785072917937
 30
0.0
  0
VERTEX
  5
1BA
  8
T9_COUNTERSINK_0_6
 10
1.9793621474109
 20
64.79154517862726
 30
0.0
  0
VERTEX
  5
1BB
  8
T9_COUNTERSINK_0_6
 10
1.9879048683565
 20
64.7954541206357
 30
0.0
  0
VERTEX
  5
1BC
  8
T9_COUNTERSINK_0_6
 10
1.99607777454255
 20
64.79957755520468
 30
0.0
  0
VERTEX
  5
1BD
  8
T9_COUNTERSINK_0_6
 10
2.00388086596905
 20
64.80391548233419
 30
0.0
  0
VERTEX
  5
1BE
  8
T9_COUNTERSINK_0_6
 10
2.011314142636001
 20
64.80846790202426
 30
0.0
  0
VERTEX
  5
1BF
  8
T9_COUNTERSINK_0_6
 10
2.018377604543402
 20
64.81323481427486
 30
0.0
  0
VERTEX
  5
1C0
  8
T9_COUNTERSINK_0_6
 10
2.025071251691254
 20
64.81821621908598
 30
0.0
  0
VERTEX
  5
1C1
  8
T9_COUNTERSINK_0_6
 10
2.035274440907233
 20
64.82672195855562
 30
0.0
  0
VERTEX
  5
1C2
  8
T9_COUNTERSINK_0_6
 10
2.044819359851213
 20
64.83567147573672
 30
0.0
  0
VERTEX
  5
1C3
  8
T9_COUNTERSINK_0_6
 10
2.053706008523195
 20
64.84506477062929
 30
0.0
  0
VERTEX
  5
1C4
  8
T9_COUNTERSINK_0_6
 10
2.061934386923178
 20
64.85490184323332
 30
0.0
  0
VERTEX
  5
1C5
  8
T9_COUNTERSINK_0_6
 10
2.069504495051162
 20
64.86518269354882
 30
0.0
  0
VERTEX
  5
1C6
  8
T9_COUNTERSINK_0_6
 10
2.076416332907148
 20
64.87590732157574
 30
0.0
  0
VERTEX
  5
1C7
  8
T9_COUNTERSINK_0_6
 10
2.082669900491135
 20
64.88707572731414
 30
0.0
  0
VERTEX
  5
1C8
  8
T9_COUNTERSINK_0_6
 10
2.088265197803123
 20
64.89868791076401
 30
0.0
  0
VERTEX
  5
1C9
  8
T9_COUNTERSINK_0_6
 10
2.093202224843113
 20
64.91074387192535
 30
0.0
  0
VERTEX
  5
1CA
  8
T9_COUNTERSINK_0_6
 10
2.097480981611104
 20
64.92324361079812
 30
0.0
  0
VERTEX
  5
1CB
  8
T9_COUNTERSINK_0_6
 10
2.101101468107097
 20
64.93618712738237
 30
0.0
  0
VERTEX
  5
1CC
  8
T9_COUNTERSINK_0_6
 10
2.10406368433109
 20
64.94957442167807
 30
0.0
  0
VERTEX
  5
1CD
  8
T9_COUNTERSINK_0_6
 10
2.106367630283085
 20
64.96340549368523
 30
0.0
  0
VERTEX
  5
1CE
  8
T9_COUNTERSINK_0_6
 10
2.108013305963082
 20
64.97768034340385
 30
0.0
  0
VERTEX
  5
1CF
  8
T9_COUNTERSINK_0_6
 10
2.10900071137108
 20
64.99239897083393
 30
0.0
  0
VERTEX
  5
1D0
  8
T9_COUNTERSINK_0_6
 10
2.109329846507079
 20
65.00756137597547
 30
0.0
  0
VERTEX
  5
1D1
  8
T9_COUNTERSINK_0_6
 10
2.109161580791484
 20
65.0188758585439
 30
0.0
  0
VERTEX
  5
1D2
  8
T9_COUNTERSINK_0_6
 10
2.108656783644699
 20
65.02986120597632
 30
0.0
  0
VERTEX
  5
1D3
  8
T9_COUNTERSINK_0_6
 10
2.107815455066723
 20
65.04051741827274
 30
0.0
  0
VERTEX
  5
1D4
  8
T9_COUNTERSINK_0_6
 10
2.106637595057557
 20
65.05084449543318
 30
0.0
  0
VERTEX
  5
1D5
  8
T9_COUNTERSINK_0_6
 10
2.1051232036172
 20
65.0608424374576
 30
0.0
  0
VERTEX
  5
1D6
  8
T9_COUNTERSINK_0_6
 10
2.103272280745654
 20
65.07051124434602
 30
0.0
  0
VERTEX
  5
1D7
  8
T9_COUNTERSINK_0_6
 10
2.101084826442917
 20
65.07985091609845
 30
0.0
  0
VERTEX
  5
1D8
  8
T9_COUNTERSINK_0_6
 10
2.09856084070899
 20
65.0888614527149
 30
0.0
  0
VERTEX
  5
1D9
  8
T9_COUNTERSINK_0_6
 10
2.095700323543872
 20
65.09754285419532
 30
0.0
  0
VERTEX
  5
1DA
  8
T9_COUNTERSINK_0_6
 10
2.092503274947564
 20
65.10589512053977
 30
0.0
  0
VERTEX
  5
1DB
  8
T9_COUNTERSINK_0_6
 10
2.088969694920065
 20
65.11391825174819
 30
0.0
  0
VERTEX
  5
1DC
  8
T9_COUNTERSINK_0_6
 10
2.085099583461377
 20
65.12161224782064
 30
0.0
  0
VERTEX
  5
1DD
  8
T9_COUNTERSINK_0_6
 10
2.080892940571498
 20
65.12897710875707
 30
0.0
  0
VERTEX
  5
1DE
  8
T9_COUNTERSINK_0_6
 10
2.076349766250429
 20
65.1360128345575
 30
0.0
  0
VERTEX
  5
1DF
  8
T9_COUNTERSINK_0_6
 10
2.071470060498169
 20
65.14271942522193
 30
0.0
  0
VERTEX
  5
1E0
  8
T9_COUNTERSINK_0_6
 10
2.066253823314719
 20
65.14909688075038
 30
0.0
  0
VERTEX
  5
1E1
  8
T9_COUNTERSINK_0_6
 10
2.060815697275539
 20
65.15511561596206
 30
0.0
  0
VERTEX
  5
1E2
  8
T9_COUNTERSINK_0_6
 10
2.05527032495609
 20
65.16074604567619
 30
0.0
  0
VERTEX
  5
1E3
  8
T9_COUNTERSINK_0_6
 10
2.049617706356372
 20
65.16598816989281
 30
0.0
  0
VERTEX
  5
1E4
  8
T9_COUNTERSINK_0_6
 10
2.043857841476384
 20
65.1708419886119
 30
0.0
  0
VERTEX
  5
1E5
  8
T9_COUNTERSINK_0_6
 10
2.037990730316126
 20
65.17530750183346
 30
0.0
  0
VERTEX
  5
1E6
  8
T9_COUNTERSINK_0_6
 10
2.032016372875599
 20
65.1793847095575
 30
0.0
  0
VERTEX
  5
1E7
  8
T9_COUNTERSINK_0_6
 10
2.025934769154803
 20
65.18307361178402
 30
0.0
  0
VERTEX
  5
1E8
  8
T9_COUNTERSINK_0_6
 10
2.019745919153737
 20
65.186374208513
 30
0.0
  0
VERTEX
  5
1E9
  8
T9_COUNTERSINK_0_6
 10
2.013449822872402
 20
65.18928649974445
 30
0.0
  0
VERTEX
  5
1EA
  8
T9_COUNTERSINK_0_6
 10
2.007046480310797
 20
65.19181048547837
 30
0.0
  0
VERTEX
  5
1EB
  8
T9_COUNTERSINK_0_6
 10
2.000535891468923
 20
65.19394616571478
 30
0.0
  0
VERTEX
  5
1EC
  8
T9_COUNTERSINK_0_6
 10
1.993918056346779
 20
65.19569354045365
 30
0.0
  0
VERTEX
  5
1ED
  8
T9_COUNTERSINK_0_6
 10
1.987192974944366
 20
65.19705260969499
 30
0.0
  0
VERTEX
  5
1EE
  8
T9_COUNTERSINK_0_6
 10
1.980360647261684
 20
65.1980233734388
 30
0.0
  0
VERTEX
  5
1EF
  8
T9_COUNTERSINK_0_6
 10
1.973421073298732
 20
65.1986058316851
 30
0.0
  0
VERTEX
  5
1F0
  8
T9_COUNTERSINK_0_6
 10
1.966374253055511
 20
65.19879998443386
 30
0.0
  0
VERTEX
  5
1F1
  8
T9_COUNTERSINK_0_6
 10
1.959673209612468
 20
65.19861507705409
 30
0.0
  0
VERTEX
  5
1F2
  8
T9_COUNTERSINK_0_6
 10
1.953060921711718
 20
65.19806035491476
 30
0.0
  0
VERTEX
  5
1F3
  8
T9_COUNTERSINK_0_6
 10
1.94653738935326
 20
65.19713581801588
 30
0.0
  0
VERTEX
  5
1F4
  8
T9_COUNTERSINK_0_6
 10
1.940102612537093
 20
65.19584146635745
 30
0.0
  0
VERTEX
  5
1F5
  8
T9_COUNTERSINK_0_6
 10
1.933756591263219
 20
65.19417729993947
 30
0.0
  0
VERTEX
  5
1F6
  8
T9_COUNTERSINK_0_6
 10
1.927499325531636
 20
65.19214331876196
 30
0.0
  0
VERTEX
  5
1F7
  8
T9_COUNTERSINK_0_6
 10
1.921330815342346
 20
65.18973952282488
 30
0.0
  0
VERTEX
  5
1F8
  8
T9_COUNTERSINK_0_6
 10
1.915251060695347
 20
65.18696591212827
 30
0.0
  0
VERTEX
  5
1F9
  8
T9_COUNTERSINK_0_6
 10
1.90926006159064
 20
65.18382248667209
 30
0.0
  0
VERTEX
  5
1FA
  8
T9_COUNTERSINK_0_6
 10
1.903357818028225
 20
65.18030924645637
 30
0.0
  0
VERTEX
  5
1FB
  8
T9_COUNTERSINK_0_6
 10
1.897544330008103
 20
65.17642619148108
 30
0.0
  0
VERTEX
  5
1FC
  8
T9_COUNTERSINK_0_6
 10
1.891819597530272
 20
65.17217332174627
 30
0.0
  0
VERTEX
  5
1FD
  8
T9_COUNTERSINK_0_6
 10
1.886183620594733
 20
65.1675506372519
 30
0.0
  0
VERTEX
  5
1FE
  8
T9_COUNTERSINK_0_6
 10
1.880636399201486
 20
65.16255813799798
 30
0.0
  0
VERTEX
  5
1FF
  8
T9_COUNTERSINK_0_6
 10
1.875177933350531
 20
65.15719582398451
 30
0.0
  0
VERTEX
  5
200
  8
T9_COUNTERSINK_0_6
 10
1.869808223041868
 20
65.15146369521149
 30
0.0
  0
VERTEX
  5
201
  8
T9_COUNTERSINK_0_6
 10
1.864501381242328
 20
65.14505850357608
 30
0.0
  0
VERTEX
  5
202
  8
T9_COUNTERSINK_0_6
 10
1.859231520918744
 20
65.13767700097549
 30
0.0
  0
VERTEX
  5
203
  8
T9_COUNTERSINK_0_6
 10
1.853998642071114
 20
65.12931918740964
 30
0.0
  0
VERTEX
  5
204
  8
T9_COUNTERSINK_0_6
 10
1.84880274469944
 20
65.11998506287861
 30
0.0
  0
VERTEX
  5
205
  8
T9_COUNTERSINK_0_6
 10
1.84364382880372
 20
65.10967462738236
 30
0.0
  0
VERTEX
  5
206
  8
T9_COUNTERSINK_0_6
 10
1.838521894383955
 20
65.09838788092091
 30
0.0
  0
VERTEX
  5
207
  8
T9_COUNTERSINK_0_6
 10
1.833436941440146
 20
65.08612482349423
 30
0.0
  0
VERTEX
  5
208
  8
T9_COUNTERSINK_0_6
 10
1.828388969972291
 20
65.07288545510235
 30
0.0
  0
VERTEX
  5
209
  8
T9_COUNTERSINK_0_6
 10
1.823377979980391
 20
65.05866977574524
 30
0.0
  0
VERTEX
  5
20A
  8
T9_COUNTERSINK_0_6
 10
1.818403971464446
 20
65.04347778542294
 30
0.0
  0
VERTEX
  5
20B
  8
T9_COUNTERSINK_0_6
 10
1.813466944424457
 20
65.02730948413543
 30
0.0
  0
VERTEX
  5
20C
  8
T9_COUNTERSINK_0_6
 10
1.808566898860422
 20
65.0101648718827
 30
0.0
  0
VERTEX
  5
20D
  8
T9_COUNTERSINK_0_6
 10
1.798877752160217
 20
64.97294671448161
 30
0.0
  0
VERTEX
  5
20E
  8
T9_COUNTERSINK_0_6
 10
1.789336531363833
 20
64.93182331321968
 30
0.0
  0
VERTEX
  5
20F
  8
T9_COUNTERSINK_0_6
 10
1.781244984424883
 20
64.89719016098783
 30
0.0
  0
VERTEX
  5
210
  8
T9_COUNTERSINK_0_6
 10
1.77282800049753
 20
64.86382177523366
 30
0.0
  0
VERTEX
  5
211
  8
T9_COUNTERSINK_0_6
 10
1.764085579581772
 20
64.83171815595713
 30
0.0
  0
VERTEX
  5
212
  8
T9_COUNTERSINK_0_6
 10
1.755017721677611
 20
64.80087930315828
 30
0.0
  0
VERTEX
  5
213
  8
T9_COUNTERSINK_0_6
 10
1.745624426785047
 20
64.77130521683708
 30
0.0
  0
VERTEX
  5
214
  8
T9_COUNTERSINK_0_6
 10
1.735905694904078
 20
64.74299589699355
 30
0.0
  0
VERTEX
  5
215
  8
T9_COUNTERSINK_0_6
 10
1.725861526034706
 20
64.71595134362767
 30
0.0
  0
VERTEX
  5
216
  8
T9_COUNTERSINK_0_6
 10
1.715491920176929
 20
64.69017155673946
 30
0.0
  0
VERTEX
  5
217
  8
T9_COUNTERSINK_0_6
 10
1.704796877330749
 20
64.6656565363289
 30
0.0
  0
VERTEX
  5
218
  8
T9_COUNTERSINK_0_6
 10
1.693776397496165
 20
64.64240628239601
 30
0.0
  0
VERTEX
  5
219
  8
T9_COUNTERSINK_0_6
 10
1.682430480673178
 20
64.62042079494077
 30
0.0
  0
VERTEX
  5
21A
  8
T9_COUNTERSINK_0_6
 10
1.670759126861786
 20
64.59970007396319
 30
0.0
  0
VERTEX
  5
21B
  8
T9_COUNTERSINK_0_6
 10
1.658762336061991
 20
64.58024411946326
 30
0.0
  0
VERTEX
  5
21C
  8
T9_COUNTERSINK_0_6
 10
1.646440108273792
 20
64.56205293144102
 30
0.0
  0
VERTEX
  5
21D
  8
T9_COUNTERSINK_0_6
 10
1.633792443497189
 20
64.54512650989642
 30
0.0
  0
VERTEX
  5
21E
  8
T9_COUNTERSINK_0_6
 10
1.620819341732182
 20
64.5294648548295
 30
0.0
  0
VERTEX
  5
21F
  8
T9_COUNTERSINK_0_6
 10
1.607457934469648
 20
64.51479060517056
 30
0.0
  0
VERTEX
  5
220
  8
T9_COUNTERSINK_0_6
 10
1.593645353200463
 20
64.50106308129608
 30
0.0
  0
VERTEX
  5
221
  8
T9_COUNTERSINK_0_6
 10
1.579381597924627
 20
64.48828228320603
 30
0.0
  0
VERTEX
  5
222
  8
T9_COUNTERSINK_0_6
 10
1.564666668642141
 20
64.47644821090044
 30
0.0
  0
VERTEX
  5
223
  8
T9_COUNTERSINK_0_6
 10
1.549500565353004
 20
64.4655608643793
 30
0.0
  0
VERTEX
  5
224
  8
T9_COUNTERSINK_0_6
 10
1.533883288057216
 20
64.4556202436426
 30
0.0
  0
VERTEX
  5
225
  8
T9_COUNTERSINK_0_6
 10
1.517814836754777
 20
64.44662634869036
 30
0.0
  0
VERTEX
  5
226
  8
T9_COUNTERSINK_0_6
 10
1.501295211445688
 20
64.43857917952255
 30
0.0
  0
VERTEX
  5
227
  8
T9_COUNTERSINK_0_6
 10
1.484324412129948
 20
64.43147873613918
 30
0.0
  0
VERTEX
  5
228
  8
T9_COUNTERSINK_0_6
 10
1.466902438807557
 20
64.42532501854028
 30
0.0
  0
VERTEX
  5
229
  8
T9_COUNTERSINK_0_6
 10
1.449029291478515
 20
64.42011802672582
 30
0.0
  0
VERTEX
  5
22A
  8
T9_COUNTERSINK_0_6
 10
1.430704970142823
 20
64.4158577606958
 30
0.0
  0
VERTEX
  5
22B
  8
T9_COUNTERSINK_0_6
 10
1.41192947480048
 20
64.41254422045023
 30
0.0
  0
VERTEX
  5
22C
  8
T9_COUNTERSINK_0_6
 10
1.392702805451486
 20
64.41017740598912
 30
0.0
  0
VERTEX
  5
22D
  8
T9_COUNTERSINK_0_6
 10
1.373024962095841
 20
64.40875731731245
 30
0.0
  0
VERTEX
  5
22E
  8
T9_COUNTERSINK_0_6
 10
1.352895944733546
 20
64.40828395442023
 30
0.0
  0
VERTEX
  5
22F
  8
T9_COUNTERSINK_0_6
 10
1.339569669873169
 20
64.40852618308773
 30
0.0
  0
VERTEX
  5
230
  8
T9_COUNTERSINK_0_6
 10
1.32633584870268
 20
64.40925286909024
 30
0.0
  0
VERTEX
  5
231
  8
T9_COUNTERSINK_0_6
 10
1.313194481222078
 20
64.41046401242778
 30
0.0
  0
VERTEX
  5
232
  8
T9_COUNTERSINK_0_6
 10
1.300145567431363
 20
64.41215961310031
 30
0.0
  0
VERTEX
  5
233
  8
T9_COUNTERSINK_0_6
 10
1.287189107330536
 20
64.41433967110785
 30
0.0
  0
VERTEX
  5
234
  8
T9_COUNTERSINK_0_6
 10
1.274325100919596
 20
64.41700418645041
 30
0.0
  0
VERTEX
  5
235
  8
T9_COUNTERSINK_0_6
 10
1.261553548198544
 20
64.42015315912799
 30
0.0
  0
VERTEX
  5
236
  8
T9_COUNTERSINK_0_6
 10
1.24887444916738
 20
64.42378658914056
 30
0.0
  0
VERTEX
  5
237
  8
T9_COUNTERSINK_0_6
 10
1.236287803826102
 20
64.42790447648814
 30
0.0
  0
VERTEX
  5
238
  8
T9_COUNTERSINK_0_6
 10
1.223793612174712
 20
64.43250682117073
 30
0.0
  0
VERTEX
  5
239
  8
T9_COUNTERSINK_0_6
 10
1.21139187421321
 20
64.43759362318835
 30
0.0
  0
VERTEX
  5
23A
  8
T9_COUNTERSINK_0_6
 10
1.199082589941595
 20
64.44316488254097
 30
0.0
  0
VERTEX
  5
23B
  8
T9_COUNTERSINK_0_6
 10
1.186865759359868
 20
64.4492205992286
 30
0.0
  0
VERTEX
  5
23C
  8
T9_COUNTERSINK_0_6
 10
1.174741382468028
 20
64.45576077325123
 30
0.0
  0
VERTEX
  5
23D
  8
T9_COUNTERSINK_0_6
 10
1.162709459266075
 20
64.46278540460887
 30
0.0
  0
VERTEX
  5
23E
  8
T9_COUNTERSINK_0_6
 10
1.15076998975401
 20
64.47029449330154
 30
0.0
  0
VERTEX
  5
23F
  8
T9_COUNTERSINK_0_6
 10
1.139035767433495
 20
64.47828988840301
 30
0.0
  0
VERTEX
  5
240
  8
T9_COUNTERSINK_0_6
 10
1.127619585806193
 20
64.48677343898707
 30
0.0
  0
VERTEX
  5
241
  8
T9_COUNTERSINK_0_6
 10
1.116521444872103
 20
64.49574514505375
 30
0.0
  0
VERTEX
  5
242
  8
T9_COUNTERSINK_0_6
 10
1.105741344631227
 20
64.50520500660303
 30
0.0
  0
VERTEX
  5
243
  8
T9_COUNTERSINK_0_6
 10
1.095279285083564
 20
64.51515302363492
 30
0.0
  0
VERTEX
  5
244
  8
T9_COUNTERSINK_0_6
 10
1.085135266229112
 20
64.52558919614941
 30
0.0
  0
VERTEX
  5
245
  8
T9_COUNTERSINK_0_6
 10
1.075309288067874
 20
64.5365135241465
 30
0.0
  0
VERTEX
  5
246
  8
T9_COUNTERSINK_0_6
 10
1.065801350599849
 20
64.54792600762622
 30
0.0
  0
VERTEX
  5
247
  8
T9_COUNTERSINK_0_6
 10
1.056611453825037
 20
64.55982664658853
 30
0.0
  0
VERTEX
  5
248
  8
T9_COUNTERSINK_0_6
 10
1.047739597743437
 20
64.57221544103345
 30
0.0
  0
VERTEX
  5
249
  8
T9_COUNTERSINK_0_6
 10
1.03918578235505
 20
64.58509239096097
 30
0.0
  0
VERTEX
  5
24A
  8
T9_COUNTERSINK_0_6
 10
1.030950007659876
 20
64.59845749637111
 30
0.0
  0
VERTEX
  5
24B
  8
T9_COUNTERSINK_0_6
 10
1.023032273657915
 20
64.61231075726386
 30
0.0
  0
VERTEX
  5
24C
  8
T9_COUNTERSINK_0_6
 10
1.015432580349167
 20
64.62665217363919
 30
0.0
  0
VERTEX
  5
24D
  8
T9_COUNTERSINK_0_6
 10
1.008150927733631
 20
64.64148174549715
 30
0.0
  0
VERTEX
  5
24E
  8
T9_COUNTERSINK_0_6
 10
1.001187315811309
 20
64.65679947283769
 30
0.0
  0
VERTEX
  5
24F
  8
T9_COUNTERSINK_0_6
 10
0.9945953677223336
 20
64.6727218473101
 30
0.0
  0
VERTEX
  5
250
  8
T9_COUNTERSINK_0_6
 10
0.9884287066068408
 20
64.68936536056364
 30
0.0
  0
VERTEX
  5
251
  8
T9_COUNTERSINK_0_6
 10
0.9826873324648302
 20
64.70673001259831
 30
0.0
  0
VERTEX
  5
252
  8
T9_COUNTERSINK_0_6
 10
0.9773712452963019
 20
64.72481580341409
 30
0.0
  0
VERTEX
  5
253
  8
T9_COUNTERSINK_0_6
 10
0.9724804451012559
 20
64.74362273301101
 30
0.0
  0
VERTEX
  5
254
  8
T9_COUNTERSINK_0_6
 10
0.9680149318796921
 20
64.76315080138903
 30
0.0
  0
VERTEX
  5
255
  8
T9_COUNTERSINK_0_6
 10
0.9639747056316106
 20
64.78340000854818
 30
0.0
  0
VERTEX
  5
256
  8
T9_COUNTERSINK_0_6
 10
0.9603597663570114
 20
64.80437035448844
 30
0.0
  0
VERTEX
  5
257
  8
T9_COUNTERSINK_0_6
 10
0.9571701140558944
 20
64.82606183920984
 30
0.0
  0
VERTEX
  5
258
  8
T9_COUNTERSINK_0_6
 10
0.9544057487282597
 20
64.84847446271235
 30
0.0
  0
VERTEX
  5
259
  8
T9_COUNTERSINK_0_6
 10
0.9520666703741072
 20
64.87160822499598
 30
0.0
  0
VERTEX
  5
25A
  8
T9_COUNTERSINK_0_6
 10
0.950152878993437
 20
64.89546312606073
 30
0.0
  0
VERTEX
  5
25B
  8
T9_COUNTERSINK_0_6
 10
0.9486643745862491
 20
64.92003916590662
 30
0.0
  0
VERTEX
  5
25C
  8
T9_COUNTERSINK_0_6
 10
0.9476011571525434
 20
64.94533634453362
 30
0.0
  0
VERTEX
  5
25D
  8
T9_COUNTERSINK_0_6
 10
0.94696322669232
 20
64.97135466194175
 30
0.0
  0
VERTEX
  5
25E
  8
T9_COUNTERSINK_0_6
 10
0.9467505832055789
 20
64.998094118131
 30
0.0
  0
VERTEX
  5
25F
  8
T9_COUNTERSINK_0_6
 10
0.9471370396293084
 20
65.03085415860572
 30
0.0
  0
VERTEX
  5
260
  8
T9_COUNTERSINK_0_6
 10
0.948296408900497
 20
65.06262679367244
 30
0.0
  0
VERTEX
  5
261
  8
T9_COUNTERSINK_0_6
 10
0.9502286910191448
 20
65.09341202333115
 30
0.0
  0
VERTEX
  5
262
  8
T9_COUNTERSINK_0_6
 10
0.9529338859852515
 20
65.12320984758188
 30
0.0
  0
VERTEX
  5
263
  8
T9_COUNTERSINK_0_6
 10
0.9564119937988174
 20
65.15202026642461
 30
0.0
  0
VERTEX
  5
264
  8
T9_COUNTERSINK_0_6
 10
0.9606630144598423
 20
65.17984327985934
 30
0.0
  0
VERTEX
  5
265
  8
T9_COUNTERSINK_0_6
 10
0.9656869479683263
 20
65.20667888788608
 30
0.0
  0
VERTEX
  5
266
  8
T9_COUNTERSINK_0_6
 10
0.9714837943242692
 20
65.23252709050482
 30
0.0
  0
VERTEX
  5
267
  8
T9_COUNTERSINK_0_6
 10
0.9780535535276712
 20
65.25738788771557
 30
0.0
  0
VERTEX
  5
268
  8
T9_COUNTERSINK_0_6
 10
0.9853962255785325
 20
65.28126127951829
 30
0.0
  0
VERTEX
  5
269
  8
T9_COUNTERSINK_0_6
 10
0.9935118104768528
 20
65.30414726591303
 30
0.0
  0
VERTEX
  5
26A
  8
T9_COUNTERSINK_0_6
 10
1.002400308222632
 20
65.32604584689977
 30
0.0
  0
VERTEX
  5
26B
  8
T9_COUNTERSINK_0_6
 10
1.01206171881587
 20
65.3469570224785
 30
0.0
  0
VERTEX
  5
26C
  8
T9_COUNTERSINK_0_6
 10
1.022496042256568
 20
65.36688079264925
 30
0.0
  0
VERTEX
  5
26D
  8
T9_COUNTERSINK_0_6
 10
1.033703278544724
 20
65.38581715741199
 30
0.0
  0
VERTEX
  5
26E
  8
T9_COUNTERSINK_0_6
 10
1.04568342768034
 20
65.40376611676675
 30
0.0
  0
VERTEX
  5
26F
  8
T9_COUNTERSINK_0_6
 10
1.051980910767023
 20
65.4123832629327
 30
0.0
  0
VERTEX
  5
270
  8
T9_COUNTERSINK_0_6
 10
1.058506754467729
 20
65.42077944477984
 30
0.0
  0
VERTEX
  5
271
  8
T9_COUNTERSINK_0_6
 10
1.065260958782457
 20
65.42895466230814
 30
0.0
  0
VERTEX
  5
272
  8
T9_COUNTERSINK_0_6
 10
1.072243523711206
 20
65.4369089155176
 30
0.0
  0
VERTEX
  5
273
  8
T9_COUNTERSINK_0_6
 10
1.079454449253978
 20
65.44464220440823
 30
0.0
  0
VERTEX
  5
274
  8
T9_COUNTERSINK_0_6
 10
1.086893735410771
 20
65.45215452898003
 30
0.0
  0
VERTEX
  5
275
  8
T9_COUNTERSINK_0_6
 10
1.094561382181587
 20
65.459445889233
 30
0.0
  0
VERTEX
  5
276
  8
T9_COUNTERSINK_0_6
 10
1.102457389566425
 20
65.46651628516716
 30
0.0
  0
VERTEX
  5
277
  8
T9_COUNTERSINK_0_6
 10
1.110581757565284
 20
65.47336571678247
 30
0.0
  0
VERTEX
  5
278
  8
T9_COUNTERSINK_0_6
 10
1.118934486178166
 20
65.47999418407895
 30
0.0
  0
VERTEX
  5
279
  8
T9_COUNTERSINK_0_6
 10
1.127515575405069
 20
65.4864016870566
 30
0.0
  0
VERTEX
  5
27A
  8
T9_COUNTERSINK_0_6
 10
1.136325025245995
 20
65.49258822571542
 30
0.0
  0
VERTEX
  5
27B
  8
T9_COUNTERSINK_0_6
 10
1.145362835700942
 20
65.4985538000554
 30
0.0
  0
VERTEX
  5
27C
  8
T9_COUNTERSINK_0_6
 10
1.154629006769912
 20
65.50429841007656
 30
0.0
  0
VERTEX
  5
27D
  8
T9_COUNTERSINK_0_6
 10
1.164123538452904
 20
65.50982205577887
 30
0.0
  0
VERTEX
  5
27E
  8
T9_COUNTERSINK_0_6
 10
1.173846430749917
 20
65.51512473716238
 30
0.0
  0
VERTEX
  5
27F
  8
T9_COUNTERSINK_0_6
 10
1.19397729718601
 20
65.52506720697286
 30
0.0
  0
VERTEX
  5
280
  8
T9_COUNTERSINK_0_6
 10
1.215021606078192
 20
65.53412581950803
 30
0.0
  0
VERTEX
  5
281
  8
T9_COUNTERSINK_0_6
 10
1.23697935742646
 20
65.54230057476788
 30
0.0
  0
VERTEX
  5
282
  8
T9_COUNTERSINK_0_6
 10
1.259850551230818
 20
65.54959147275241
 30
0.0
  0
VERTEX
  5
283
  8
T9_COUNTERSINK_0_6
 10
1.283635187491263
 20
65.5559985134616
 30
0.0
  0
VERTEX
  5
284
  8
T9_COUNTERSINK_0_6
 10
1.308333266207796
 20
65.56152169689548
 30
0.0
  0
VERTEX
  5
285
  8
T9_COUNTERSINK_0_6
 10
1.333944787380417
 20
65.56616102305404
 30
0.0
  0
VERTEX
  5
286
  8
T9_COUNTERSINK_0_6
 10
1.360469751009126
 20
65.56991649193728
 30
0.0
  0
VERTEX
  5
287
  8
T9_COUNTERSINK_0_6
 10
1.384137895620313
 20
65.1656645819782
 30
0.0
  0
VERTEX
  5
288
  8
T9_COUNTERSINK_0_6
 10
1.372621864007932
 20
65.16351410915144
 30
0.0
  0
VERTEX
  5
289
  8
T9_COUNTERSINK_0_6
 10
1.361505232335865
 20
65.16108627525497
 30
0.0
  0
VERTEX
  5
28A
  8
T9_COUNTERSINK_0_6
 10
1.350788000604112
 20
65.15838108028888
 30
0.0
  0
VERTEX
  5
28B
  8
T9_COUNTERSINK_0_6
 10
1.340470168812673
 20
65.15539852425309
 30
0.0
  0
VERTEX
  5
28C
  8
T9_COUNTERSINK_0_6
 10
1.330551736961548
 20
65.15213860714766
 30
0.0
  0
VERTEX
  5
28D
  8
T9_COUNTERSINK_0_6
 10
1.321032705050736
 20
65.14860132897256
 30
0.0
  0
VERTEX
  5
28E
  8
T9_COUNTERSINK_0_6
 10
1.311913073080238
 20
65.14478668972781
 30
0.0
  0
VERTEX
  5
28F
  8
T9_COUNTERSINK_0_6
 10
1.303192841050054
 20
65.1406946894134
 30
0.0
  0
VERTEX
  5
290
  8
T9_COUNTERSINK_0_6
 10
1.294872008960183
 20
65.13632532802932
 30
0.0
  0
VERTEX
  5
291
  8
T9_COUNTERSINK_0_6
 10
1.286950576810627
 20
65.13167860557557
 30
0.0
  0
VERTEX
  5
292
  8
T9_COUNTERSINK_0_6
 10
1.279428544601384
 20
65.12675452205217
 30
0.0
  0
VERTEX
  5
293
  8
T9_COUNTERSINK_0_6
 10
1.272305912332455
 20
65.1215530774591
 30
0.0
  0
VERTEX
  5
294
  8
T9_COUNTERSINK_0_6
 10
1.265582680003839
 20
65.11607427179636
 30
0.0
  0
VERTEX
  5
295
  8
T9_COUNTERSINK_0_6
 10
1.259258847615538
 20
65.11031810506398
 30
0.0
  0
VERTEX
  5
296
  8
T9_COUNTERSINK_0_6
 10
1.25333441516755
 20
65.10428457726194
 30
0.0
  0
VERTEX
  5
297
  8
T9_COUNTERSINK_0_6
 10
1.247809382659876
 20
65.09797368839021
 30
0.0
  0
VERTEX
  5
298
  8
T9_COUNTERSINK_0_6
 10
1.242650466764157
 20
65.09137064585843
 30
0.0
  0
VERTEX
  5
299
  8
T9_COUNTERSINK_0_6
 10
1.237824384152032
 20
65.08446065707625
 30
0.0
  0
VERTEX
  5
29A
  8
T9_COUNTERSINK_0_6
 10
1.233331134823502
 20
65.07724372204365
 30
0.0
  0
VERTEX
  5
29B
  8
T9_COUNTERSINK_0_6
 10
1.229170718778567
 20
65.06971984076061
 30
0.0
  0
VERTEX
  5
29C
  8
T9_COUNTERSINK_0_6
 10
1.225343136017226
 20
65.06188901322713
 30
0.0
  0
VERTEX
  5
29D
  8
T9_COUNTERSINK_0_6
 10
1.22184838653948
 20
65.05375123944324
 30
0.0
  0
VERTEX
  5
29E
  8
T9_COUNTERSINK_0_6
 10
1.21868647034533
 20
65.04530651940892
 30
0.0
  0
VERTEX
  5
29F
  8
T9_COUNTERSINK_0_6
 10
1.215857387434774
 20
65.03655485312419
 30
0.0
  0
VERTEX
  5
2A0
  8
T9_COUNTERSINK_0_6
 10
1.213361137807813
 20
65.027496240589
 30
0.0
  0
VERTEX
  5
2A1
  8
T9_COUNTERSINK_0_6
 10
1.211197721464446
 20
65.0181306818034
 30
0.0
  0
VERTEX
  5
2A2
  8
T9_COUNTERSINK_0_6
 10
1.209367138404675
 20
65.00845817676736
 30
0.0
  0
VERTEX
  5
2A3
  8
T9_COUNTERSINK_0_6
 10
1.207869388628498
 20
64.99847872548094
 30
0.0
  0
VERTEX
  5
2A4
  8
T9_COUNTERSINK_0_6
 10
1.206704472135916
 20
64.98819232794403
 30
0.0
  0
VERTEX
  5
2A5
  8
T9_COUNTERSINK_0_6
 10
1.205872388926929
 20
64.97759898415674
 30
0.0
  0
VERTEX
  5
2A6
  8
T9_COUNTERSINK_0_6
 10
1.205373139001537
 20
64.966698694119
 30
0.0
  0
VERTEX
  5
2A7
  8
T9_COUNTERSINK_0_6
 10
1.20520672235974
 20
64.95549145783086
 30
0.0
  0
VERTEX
  5
2A8
  8
T9_COUNTERSINK_0_6
 10
1.205702274137537
 20
64.93737053461291
 30
0.0
  0
VERTEX
  5
2A9
  8
T9_COUNTERSINK_0_6
 10
1.207188929470927
 20
64.92040343344476
 30
0.0
  0
VERTEX
  5
2AA
  8
T9_COUNTERSINK_0_6
 10
1.20966668835991
 20
64.90459015432643
 30
0.0
  0
VERTEX
  5
2AB
  8
T9_COUNTERSINK_0_6
 10
1.21127723163775
 20
64.89711619803593
 30
0.0
  0
VERTEX
  5
2AC
  8
T9_COUNTERSINK_0_6
 10
1.213135550804487
 20
64.88993069725788
 30
0.0
  0
VERTEX
  5
2AD
  8
T9_COUNTERSINK_0_6
 10
1.215241645860124
 20
64.88303365199228
 30
0.0
  0
VERTEX
  5
2AE
  8
T9_COUNTERSINK_0_6
 10
1.217595516804658
 20
64.87642506223912
 30
0.0
  0
VERTEX
  5
2AF
  8
T9_COUNTERSINK_0_6
 10
1.220197163638091
 20
64.87010492799841
 30
0.0
  0
VERTEX
  5
2B0
  8
T9_COUNTERSINK_0_6
 10
1.223046586360422
 20
64.86407324927015
 30
0.0
  0
VERTEX
  5
2B1
  8
T9_COUNTERSINK_0_6
 10
1.226143784971651
 20
64.85833002605435
 30
0.0
  0
VERTEX
  5
2B2
  8
T9_COUNTERSINK_0_6
 10
1.229488759471779
 20
64.85287525835098
 30
0.0
  0
VERTEX
  5
2B3
  8
T9_COUNTERSINK_0_6
 10
1.233081509860806
 20
64.84770894616007
 30
0.0
  0
VERTEX
  5
2B4
  8
T9_COUNTERSINK_0_6
 10
1.23692203613873
 20
64.8428310894816
 30
0.0
  0
VERTEX
  5
2B5
  8
T9_COUNTERSINK_0_6
 10
1.245065357144017
 20
64.83395553525241
 30
0.0
  0
VERTEX
  5
2B6
  8
T9_COUNTERSINK_0_6
 10
1.253637663270381
 20
64.82626338825378
 30
0.0
  0
VERTEX
  5
2B7
  8
T9_COUNTERSINK_0_6
 10
1.258084685753968
 20
64.82286109246593
 30
0.0
  0
VERTEX
  5
2B8
  8
T9_COUNTERSINK_0_6
 10
1.262638954517823
 20
64.81975464848571
 30
0.0
  0
VERTEX
  5
2B9
  8
T9_COUNTERSINK_0_6
 10
1.267300469561948
 20
64.81694405631312
 30
0.0
  0
VERTEX
  5
2BA
  8
T9_COUNTERSINK_0_6
 10
1.272069230886343
 20
64.81442931594819
 30
0.0
  0
VERTEX
  5
2BB
  8
T9_COUNTERSINK_0_6
 10
1.276945238491007
 20
64.81221042739088
 30
0.0
  0
VERTEX
  5
2BC
  8
T9_COUNTERSINK_0_6
 10
1.28192849237594
 20
64.81028739064124
 30
0.0
  0
VERTEX
  5
2BD
  8
T9_COUNTERSINK_0_6
 10
1.287018992541143
 20
64.8086602056992
 30
0.0
  0
VERTEX
  5
2BE
  8
T9_COUNTERSINK_0_6
 10
1.292216738986616
 20
64.80732887256482
 30
0.0
  0
VERTEX
  5
2BF
  8
T9_COUNTERSINK_0_6
 10
1.297521731712358
 20
64.80629339123809
 30
0.0
  0
VERTEX
  5
2C0
  8
T9_COUNTERSINK_0_6
 10
1.302933970718369
 20
64.805553761719
 30
0.0
  0
VERTEX
  5
2C1
  8
T9_COUNTERSINK_0_6
 10
1.308453456004649
 20
64.80510998400753
 30
0.0
  0
VERTEX
  5
2C2
  8
T9_COUNTERSINK_0_6
 10
1.3140801875712
 20
64.80496205810371
 30
0.0
  0
VERTEX
  5
2C3
  8
T9_COUNTERSINK_0_6
 10
1.322260490052441
 20
64.80545021358633
 30
0.0
  0
VERTEX
  5
2C4
  8
T9_COUNTERSINK_0_6
 10
1.330233696268335
 20
64.80691468003414
 30
0.0
  0
VERTEX
  5
2C5
  8
T9_COUNTERSINK_0_6
 10
1.33799980621888
 20
64.80935545744718
 30
0.0
  0
VERTEX
  5
2C6
  8
T9_COUNTERSINK_0_6
 10
1.345558819904078
 20
64.81277254582541
 30
0.0
  0
VERTEX
  5
2C7
  8
T9_COUNTERSINK_0_6
 10
1.352910737323928
 20
64.81716594516887
 30
0.0
  0
VERTEX
  5
2C8
  8
T9_COUNTERSINK_0_6
 10
1.36005555847843
 20
64.82253565547752
 30
0.0
  0
VERTEX
  5
2C9
  8
T9_COUNTERSINK_0_6
 10
1.366993283367584
 20
64.8288816767514
 30
0.0
  0
VERTEX
  5
2CA
  8
T9_COUNTERSINK_0_6
 10
1.373723911991391
 20
64.83620400899048
 30
0.0
  0
VERTEX
  5
2CB
  8
T9_COUNTERSINK_0_6
 10
1.377141000369631
 20
64.84031634911668
 30
0.0
  0
VERTEX
  5
2CC
  8
T9_COUNTERSINK_0_6
 10
1.380528503567107
 20
64.84507956321966
 30
0.0
  0
VERTEX
  5
2CD
  8
T9_COUNTERSINK_0_6
 10
1.383886421583819
 20
64.85049365129947
 30
0.0
  0
VERTEX
  5
2CE
  8
T9_COUNTERSINK_0_6
 10
1.387214754419767
 20
64.8565586133561
 30
0.0
  0
VERTEX
  5
2CF
  8
T9_COUNTERSINK_0_6
 10
1.390513502074951
 20
64.86327444938954
 30
0.0
  0
VERTEX
  5
2D0
  8
T9_COUNTERSINK_0_6
 10
1.393782664549372
 20
64.87064115939975
 30
0.0
  0
VERTEX
  5
2D1
  8
T9_COUNTERSINK_0_6
 10
1.40023223395592
 20
64.88732720135064
 30
0.0
  0
VERTEX
  5
2D2
  8
T9_COUNTERSINK_0_6
 10
1.406563462639412
 20
64.90661673920874
 30
0.0
  0
VERTEX
  5
2D3
  8
T9_COUNTERSINK_0_6
 10
1.412776350599849
 20
64.9285097729741
 30
0.0
  0
VERTEX
  5
2D4
  8
T9_COUNTERSINK_0_6
 10
1.41887089783723
 20
64.95300630264667
 30
0.0
  0
VERTEX
  5
2D5
  8
T9_COUNTERSINK_0_6
 10
1.424847104351554
 20
64.9801063282265
 30
0.0
  0
VERTEX
  5
2D6
  8
T9_COUNTERSINK_0_6
 10
1.440016905788287
 20
65.04790816624237
 30
0.0
  0
VERTEX
  5
2D7
  8
T9_COUNTERSINK_0_6
 10
1.447618448170833
 20
65.07993967164076
 30
0.0
  0
VERTEX
  5
2D8
  8
T9_COUNTERSINK_0_6
 10
1.455231084996166
 20
65.11072490129948
 30
0.0
  0
VERTEX
  5
2D9
  8
T9_COUNTERSINK_0_6
 10
1.462854816264285
 20
65.14026385521852
 30
0.0
  0
VERTEX
  5
2DA
  8
T9_COUNTERSINK_0_6
 10
1.47048964197519
 20
65.16855653339789
 30
0.0
  0
VERTEX
  5
2DB
  8
T9_COUNTERSINK_0_6
 10
1.478135562128882
 20
65.19560293583757
 30
0.0
  0
VERTEX
  5
2DC
  8
T9_COUNTERSINK_0_6
 10
1.485792576725361
 20
65.22140306253755
 30
0.0
  0
VERTEX
  5
2DD
  8
T9_COUNTERSINK_0_6
 10
1.493460685764626
 20
65.24595691349785
 30
0.0
  0
VERTEX
  5
2DE
  8
T9_COUNTERSINK_0_6
 10
1.501139889246677
 20
65.26926448871848
 30
0.0
  0
VERTEX
  5
2DF
  8
T9_COUNTERSINK_0_6
 10
1.508830187171515
 20
65.29132578819943
 30
0.0
  0
VERTEX
  5
2E0
  8
T9_COUNTERSINK_0_6
 10
1.516531579539139
 20
65.31214081194068
 30
0.0
  0
VERTEX
  5
2E1
  8
T9_COUNTERSINK_0_6
 10
1.52424406634955
 20
65.33170955994225
 30
0.0
  0
VERTEX
  5
2E2
  8
T9_COUNTERSINK_0_6
 10
1.531967647602748
 20
65.35003203220415
 30
0.0
  0
VERTEX
  5
2E3
  8
T9_COUNTERSINK_0_6
 10
1.539702323298732
 20
65.36710822872637
 30
0.0
  0
VERTEX
  5
2E4
  8
T9_COUNTERSINK_0_6
 10
1.547448093437502
 20
65.3829381495089
 30
0.0
  0
VERTEX
  5
2E5
  8
T9_COUNTERSINK_0_6
 10
1.555315902446924
 20
65.3978860620899
 30
0.0
  0
VERTEX
  5
2E6
  8
T9_COUNTERSINK_0_6
 10
1.563416694754863
 20
65.41231623400753
 30
0.0
  0
VERTEX
  5
2E7
  8
T9_COUNTERSINK_0_6
 10
1.571750470361317
 20
65.42622866526179
 30
0.0
  0
VERTEX
  5
2E8
  8
T9_COUNTERSINK_0_6
 10
1.580317229266288
 20
65.43962335585269
 30
0.0
  0
VERTEX
  5
2E9
  8
T9_COUNTERSINK_0_6
 10
1.589116971469776
 20
65.45250030578022
 30
0.0
  0
VERTEX
  5
2EA
  8
T9_COUNTERSINK_0_6
 10
1.598149696971779
 20
65.46485951504437
 30
0.0
  0
VERTEX
  5
2EB
  8
T9_COUNTERSINK_0_6
 10
1.607415405772299
 20
65.47670098364515
 30
0.0
  0
VERTEX
  5
2EC
  8
T9_COUNTERSINK_0_6
 10
1.616914097871336
 20
65.48802471158257
 30
0.0
  0
VERTEX
  5
2ED
  8
T9_COUNTERSINK_0_6
 10
1.626645773268889
 20
65.49883069885661
 30
0.0
  0
VERTEX
  5
2EE
  8
T9_COUNTERSINK_0_6
 10
1.636610431964958
 20
65.50911894546729
 30
0.0
  0
VERTEX
  5
2EF
  8
T9_COUNTERSINK_0_6
 10
1.646808073959543
 20
65.5188894514146
 30
0.0
  0
VERTEX
  5
2F0
  8
T9_COUNTERSINK_0_6
 10
1.657238699252646
 20
65.52814221669854
 30
0.0
  0
VERTEX
  5
2F1
  8
T9_COUNTERSINK_0_6
 10
1.667902307844264
 20
65.5368772413191
 30
0.0
  0
VERTEX
  5
2F2
  8
T9_COUNTERSINK_0_6
 10
1.678798899734399
 20
65.54509452527631
 30
0.0
  0
VERTEX
  5
2F3
  8
T9_COUNTERSINK_0_6
 10
1.68992847492305
 20
65.55279406857012
 30
0.0
  0
VERTEX
  5
2F4
  8
T9_COUNTERSINK_0_6
 10
1.701291033410217
 20
65.55997587120058
 30
0.0
  0
VERTEX
  5
2F5
  8
T9_COUNTERSINK_0_6
 10
1.712855140941339
 20
65.56668246186501
 30
0.0
  0
VERTEX
  5
2F6
  8
T9_COUNTERSINK_0_6
 10
1.724589363261854
 20
65.5729563692608
 30
0.0
  0
VERTEX
  5
2F7
  8
T9_COUNTERSINK_0_6
 10
1.736493700371762
 20
65.57879759338789
 30
0.0
  0
VERTEX
  5
2F8
  8
T9_COUNTERSINK_0_6
 10
1.748568152271063
 20
65.5842061342463
 30
0.0
  0
VERTEX
  5
2F9
  8
T9_COUNTERSINK_0_6
 10
1.760812718959757
 20
65.58918199183606
 30
0.0
  0
VERTEX
  5
2FA
  8
T9_COUNTERSINK_0_6
 10
1.773227400437843
 20
65.5937251661571
 30
0.0
  0
VERTEX
  5
2FB
  8
T9_COUNTERSINK_0_6
 10
1.785812196705323
 20
65.59783565720952
 30
0.0
  0
VERTEX
  5
2FC
  8
T9_COUNTERSINK_0_6
 10
1.798567107762195
 20
65.60151346499322
 30
0.0
  0
VERTEX
  5
2FD
  8
T9_COUNTERSINK_0_6
 10
1.811492133608461
 20
65.60475858950826
 30
0.0
  0
VERTEX
  5
2FE
  8
T9_COUNTERSINK_0_6
 10
1.824587274244119
 20
65.60757103075464
 30
0.0
  0
VERTEX
  5
2FF
  8
T9_COUNTERSINK_0_6
 10
1.83785252966917
 20
65.60995078873235
 30
0.0
  0
VERTEX
  5
300
  8
T9_COUNTERSINK_0_6
 10
1.851287899883614
 20
65.61189786344137
 30
0.0
  0
VERTEX
  5
301
  8
T9_COUNTERSINK_0_6
 10
1.864893384887451
 20
65.61341225488174
 30
0.0
  0
VERTEX
  5
302
  8
T9_COUNTERSINK_0_6
 10
1.878668984680681
 20
65.6144939630534
 30
0.0
  0
VERTEX
  5
303
  8
T9_COUNTERSINK_0_6
 10
1.892614699263304
 20
65.61514298795642
 30
0.0
  0
VERTEX
  5
304
  8
T9_COUNTERSINK_0_6
 10
1.90673052863532
 20
65.61535932959075
 30
0.0
  0
VERTEX
  5
305
  8
T9_COUNTERSINK_0_6
 10
1.923335211339106
 20
65.6150708740783
 30
0.0
  0
VERTEX
  5
306
  8
T9_COUNTERSINK_0_6
 10
1.939777175548689
 20
65.61420550754096
 30
0.0
  0
VERTEX
  5
307
  8
T9_COUNTERSINK_0_6
 10
1.956056421264071
 20
65.6127632299787
 30
0.0
  0
VERTEX
  5
308
  8
T9_COUNTERSINK_0_6
 10
1.972172948485251
 20
65.61074404139157
 30
0.0
  0
VERTEX
  5
309
  8
T9_COUNTERSINK_0_6
 10
1.98812675721223
 20
65.60814794177952
 30
0.0
  0
VERTEX
  5
30A
  8
T9_COUNTERSINK_0_6
 10
2.003917847445006
 20
65.60497493114259
 30
0.0
  0
VERTEX
  5
30B
  8
T9_COUNTERSINK_0_6
 10
2.01954621918358
 20
65.60122500948076
 30
0.0
  0
VERTEX
  5
30C
  8
T9_COUNTERSINK_0_6
 10
2.035011872427953
 20
65.59689817679401
 30
0.0
  0
VERTEX
  5
30D
  8
T9_COUNTERSINK_0_6
 10
2.050314807178123
 20
65.59199443308239
 30
0.0
  0
VERTEX
  5
30E
  8
T9_COUNTERSINK_0_6
 10
2.065455023434092
 20
65.58651377834587
 30
0.0
  0
VERTEX
  5
30F
  8
T9_COUNTERSINK_0_6
 10
2.080432521195859
 20
65.58045621258445
 30
0.0
  0
VERTEX
  5
310
  8
T9_COUNTERSINK_0_6
 10
2.095247300463424
 20
65.57382173579812
 30
0.0
  0
VERTEX
  5
311
  8
T9_COUNTERSINK_0_6
 10
2.109899361236786
 20
65.5666103479869
 30
0.0
  0
VERTEX
  5
312
  8
T9_COUNTERSINK_0_6
 10
2.124388703515947
 20
65.55882204915078
 30
0.0
  0
VERTEX
  5
313
  8
T9_COUNTERSINK_0_6
 10
2.138715327300906
 20
65.55045683928975
 30
0.0
  0
VERTEX
  5
314
  8
T9_COUNTERSINK_0_6
 10
2.152879232591663
 20
65.54151471840385
 30
0.0
  0
VERTEX
  5
315
  8
T9_COUNTERSINK_0_6
 10
2.166749135148578
 20
65.53205485685456
 30
0.0
  0
VERTEX
  5
316
  8
T9_COUNTERSINK_0_6
 10
2.180193750732011
 20
65.52213642500344
 30
0.0
  0
VERTEX
  5
317
  8
T9_COUNTERSINK_0_6
 10
2.193213079341962
 20
65.51175942285047
 30
0.0
  0
VERTEX
  5
318
  8
T9_COUNTERSINK_0_6
 10
2.20580712097843
 20
65.50092385039567
 30
0.0
  0
VERTEX
  5
319
  8
T9_COUNTERSINK_0_6
 10
2.217975875641416
 20
65.48962970763901
 30
0.0
  0
VERTEX
  5
31A
  8
T9_COUNTERSINK_0_6
 10
2.22971934333092
 20
65.47787699458053
 30
0.0
  0
VERTEX
  5
31B
  8
T9_COUNTERSINK_0_6
 10
2.241037524046941
 20
65.4656657112202
 30
0.0
  0
VERTEX
  5
31C
  8
T9_COUNTERSINK_0_6
 10
2.251930417789481
 20
65.45299585755801
 30
0.0
  0
VERTEX
  5
31D
  8
T9_COUNTERSINK_0_6
 10
2.262398024558538
 20
65.43986743359399
 30
0.0
  0
VERTEX
  5
31E
  8
T9_COUNTERSINK_0_6
 10
2.272440344354112
 20
65.42628043932812
 30
0.0
  0
VERTEX
  5
31F
  8
T9_COUNTERSINK_0_6
 10
2.282057377176205
 20
65.41223487476043
 30
0.0
  0
VERTEX
  5
320
  8
T9_COUNTERSINK_0_6
 10
2.291249123024815
 20
65.39773073989089
 30
0.0
  0
VERTEX
  5
321
  8
T9_COUNTERSINK_0_6
 10
2.300015581899943
 20
65.3827680347195
 30
0.0
  0
VERTEX
  5
322
  8
T9_COUNTERSINK_0_6
 10
2.308356753801589
 20
65.36734675924627
 30
0.0
  0
VERTEX
  5
323
  8
T9_COUNTERSINK_0_6
 10
2.316272638729751
 20
65.3514669134712
 30
0.0
  0
VERTEX
  5
324
  8
T9_COUNTERSINK_0_6
 10
2.323763236684433
 20
65.3351284973943
 30
0.0
  0
VERTEX
  5
325
  8
T9_COUNTERSINK_0_6
 10
2.330813755075249
 20
65.31829083139199
 30
0.0
  0
VERTEX
  5
326
  8
T9_COUNTERSINK_0_6
 10
2.33740940131182
 20
65.30091323584075
 30
0.0
  0
VERTEX
  5
327
  8
T9_COUNTERSINK_0_6
 10
2.343550175394144
 20
65.28299571074056
 30
0.0
  0
VERTEX
  5
328
  8
T9_COUNTERSINK_0_6
 10
2.349236077322222
 20
65.26453825609144
 30
0.0
  0
VERTEX
  5
329
  8
T9_COUNTERSINK_0_6
 10
2.354467107096054
 20
65.24554087189335
 30
0.0
  0
VERTEX
  5
32A
  8
T9_COUNTERSINK_0_6
 10
2.35924326471564
 20
65.22600355814635
 30
0.0
  0
VERTEX
  5
32B
  8
T9_COUNTERSINK_0_6
 10
2.363564550180979
 20
65.20592631485037
 30
0.0
  0
VERTEX
  5
32C
  8
T9_COUNTERSINK_0_6
 10
2.367430963492072
 20
65.18530914200548
 30
0.0
  0
VERTEX
  5
32D
  8
T9_COUNTERSINK_0_6
 10
2.37084250464892
 20
65.16415203961164
 30
0.0
  0
VERTEX
  5
32E
  8
T9_COUNTERSINK_0_6
 10
2.37379917365152
 20
65.14245500766886
 30
0.0
  0
VERTEX
  5
32F
  8
T9_COUNTERSINK_0_6
 10
2.376300970499874
 20
65.12021804617713
 30
0.0
  0
VERTEX
  5
330
  8
T9_COUNTERSINK_0_6
 10
2.378347895193982
 20
65.09744115513647
 30
0.0
  0
VERTEX
  5
331
  8
T9_COUNTERSINK_0_6
 10
2.379939947733844
 20
65.07412433454684
 30
0.0
  0
VERTEX
  5
332
  8
T9_COUNTERSINK_0_6
 10
2.38107712811946
 20
65.05026758440829
 30
0.0
  0
VERTEX
  5
333
  8
T9_COUNTERSINK_0_6
 10
2.381759436350829
 20
65.02587090472078
 30
0.0
  0
VERTEX
  5
334
  8
T9_COUNTERSINK_0_6
 10
2.381986872427952
 20
65.00093429548434
 30
0.0
  0
VERTEX
  5
335
  8
T9_COUNTERSINK_0_6
 10
2.381454339174201
 20
64.95752543900838
 30
0.0
  0
VERTEX
  5
336
  8
T9_COUNTERSINK_0_6
 10
2.379856739412946
 20
64.91581773042635
 30
0.0
  0
VERTEX
  5
337
  8
T9_COUNTERSINK_0_6
 10
2.377194073144187
 20
64.87581116973826
 30
0.0
  0
VERTEX
  5
338
  8
T9_COUNTERSINK_0_6
 10
2.375463340069494
 20
64.85644581985444
 30
0.0
  0
VERTEX
  5
339
  8
T9_COUNTERSINK_0_6
 10
2.373466340367925
 20
64.8375057569441
 30
0.0
  0
VERTEX
  5
33A
  8
T9_COUNTERSINK_0_6
 10
2.37120307403948
 20
64.81899098100723
 30
0.0
  0
VERTEX
  5
33B
  8
T9_COUNTERSINK_0_6
 10
2.36867354108416
 20
64.80090149204385
 30
0.0
  0
VERTEX
  5
33C
  8
T9_COUNTERSINK_0_6
 10
2.365877741501963
 20
64.78323729005395
 30
0.0
  0
VERTEX
  5
33D
  8
T9_COUNTERSINK_0_6
 10
2.362815675292891
 20
64.76599837503754
 30
0.0
  0
VERTEX
  5
33E
  8
T9_COUNTERSINK_0_6
 10
2.359487342456943
 20
64.74918474699462
 30
0.0
  0
VERTEX
  5
33F
  8
T9_COUNTERSINK_0_6
 10
2.355892742994119
 20
64.73279640592516
 30
0.0
  0
VERTEX
  5
340
  8
T9_COUNTERSINK_0_6
 10
2.35203187690442
 20
64.7168333518292
 30
0.0
  0
VERTEX
  5
341
  8
T9_COUNTERSINK_0_6
 10
2.347904744187844
 20
64.70129558470671
 30
0.0
  0
VERTEX
  5
342
  8
T9_COUNTERSINK_0_6
 10
2.343511344844392
 20
64.68618310455771
 30
0.0
  0
VERTEX
  5
343
  8
T9_COUNTERSINK_0_6
 10
2.338851678874065
 20
64.6714959113822
 30
0.0
  0
VERTEX
  5
344
  8
T9_COUNTERSINK_0_6
 10
2.333925746276861
 20
64.65723400518016
 30
0.0
  0
VERTEX
  5
345
  8
T9_COUNTERSINK_0_6
 10
2.328733547052782
 20
64.6433973859516
 30
0.0
  0
VERTEX
  5
346
  8
T9_COUNTERSINK_0_6
 10
2.323275081201827
 20
64.62998605369653
 30
0.0
  0
VERTEX
  5
347
  8
T9_COUNTERSINK_0_6
 10
2.317550348723996
 20
64.61700000841493
 30
0.0
  0
VERTEX
  5
348
  8
T9_COUNTERSINK_0_6
 10
2.311559349619289
 20
64.60443925010682
 30
0.0
  0
VERTEX
  5
349
  8
T9_COUNTERSINK_0_6
 10
2.305302083887707
 20
64.5923037787722
 30
0.0
  0
VERTEX
  5
34A
  8
T9_COUNTERSINK_0_6
 10
2.298778551529248
 20
64.58059359441107
 30
0.0
  0
VERTEX
  5
34B
  8
T9_COUNTERSINK_0_6
 10
2.291988752543914
 20
64.5693086970234
 30
0.0
  0
VERTEX
  5
34C
  8
T9_COUNTERSINK_0_6
 10
2.284932686931704
 20
64.55844908660922
 30
0.0
  0
VERTEX
  5
34D
  8
T9_COUNTERSINK_0_6
 10
2.277610354692619
 20
64.54801476316852
 30
0.0
  0
VERTEX
  5
34E
  8
T9_COUNTERSINK_0_6
 10
2.270021755826656
 20
64.5380057267013
 30
0.0
  0
VERTEX
  5
34F
  8
T9_COUNTERSINK_0_6
 10
2.262166890333819
 20
64.52842197720757
 30
0.0
  0
VERTEX
  5
350
  8
T9_COUNTERSINK_0_6
 10
2.254045758214105
 20
64.51926351468732
 30
0.0
  0
VERTEX
  5
351
  8
T9_COUNTERSINK_0_6
 10
2.245658359467516
 20
64.51053033914054
 30
0.0
  0
VERTEX
  5
352
  8
T9_COUNTERSINK_0_6
 10
2.228328839835013
 20
64.49395154346992
 30
0.0
  0
VERTEX
  5
353
  8
T9_COUNTERSINK_0_6
 10
2.210422409177612
 20
64.47829728469819
 30
0.0
  0
VERTEX
  5
354
  8
T9_COUNTERSINK_0_6
 10
2.191939067495313
 20
64.46356756282532
 30
0.0
  0
VERTEX
  5
355
  8
T9_COUNTERSINK_0_6
 10
2.172878814788116
 20
64.44976237785131
 30
0.0
  0
VERTEX
  5
356
  8
T9_COUNTERSINK_0_6
 10
2.153241651056021
 20
64.43688172977619
 30
0.0
  0
VERTEX
  5
357
  8
T9_COUNTERSINK_0_6
 10
2.13302757629903
 20
64.42492561859996
 30
0.0
  0
VERTEX
  5
358
  8
T9_COUNTERSINK_0_6
 10
2.11223659051714
 20
64.41389404432257
 30
0.0
  0
VERTEX
  5
359
  8
T9_COUNTERSINK_0_6
 10
2.090868693710354
 20
64.40378700694409
 30
0.0
  0
VERTEX
  5
35A
  8
T9_COUNTERSINK_0_6
 10
2.068923885878669
 20
64.39460450646447
 30
0.0
  0
VERTEX
  5
35B
  8
T9_COUNTERSINK_0_6
 10
2.046402167022086
 20
64.38634654288373
 30
0.0
  0
VERTEX
  5
35C
  8
T9_COUNTERSINK_0_6
 10
2.023303537140606
 20
64.37901311620186
 30
0.0
  0
VERTEX
  5
35D
  8
T9_COUNTERSINK_0_6
 10
1.999627996234228
 20
64.37260422641886
 30
0.0
  0
VERTEX
  5
35E
  8
T9_COUNTERSINK_0_6
 10
1.975375544302952
 20
64.36711987353473
 30
0.0
  0
VERTEX
  5
35F
  8
T9_COUNTERSINK_0_6
 10
1.950546181346779
 20
64.36256005754949
 30
0.0
  0
VERTEX
  5
360
  8
T9_COUNTERSINK_0_6
 10
1.925139907365708
 20
64.3589247784631
 30
0.0
  0
SEQEND
  5
E86
  8
T9_COUNTERSINK_0_6
  0
POLYLINE
  5
7A
  8
T9_COUNTERSINK_0_6
 66
     1
 10
0.0
 20
0.0
 30
0.0
 70
     1
  0
VERTEX
  5
361
  8
T9_COUNTERSINK_0_6
 10
2.358318727816766
 20
66.89722604173264
 30
0.0
  0
VERTEX
  5
362
  8
T9_COUNTERSINK_0_6
 10
2.358318727816766
 20
65.74032713313781
 30
0.0
  0
VERTEX
  5
363
  8
T9_COUNTERSINK_0_6
 10
2.336978567116945
 20
65.7431284799414
 30
0.0
  0
VERTEX
  5
364
  8
T9_COUNTERSINK_0_6
 10
2.31579742676373
 20
65.74656220998382
 30
0.0
  0
VERTEX
  5
365
  8
T9_COUNTERSINK_0_6
 10
2.294775306757122
 20
65.75062832326508
 30
0.0
  0
VERTEX
  5
366
  8
T9_COUNTERSINK_0_6
 10
2.27391220709712
 20
65.75532681978515
 30
0.0
  0
VERTEX
  5
367
  8
T9_COUNTERSINK_0_6
 10
2.253208127783725
 20
65.76065769954407
 30
0.0
  0
VERTEX
  5
368
  8
T9_COUNTERSINK_0_6
 10
2.232663068816936
 20
65.76662096254181
 30
0.0
  0
VERTEX
  5
369
  8
T9_COUNTERSINK_0_6
 10
2.212277030196754
 20
65.77321660877838
 30
0.0
  0
VERTEX
  5
36A
  8
T9_COUNTERSINK_0_6
 10
2.192050011923177
 20
65.78044463825378
 30
0.0
  0
VERTEX
  5
36B
  8
T9_COUNTERSINK_0_6
 10
2.171982013996208
 20
65.78830505096802
 30
0.0
  0
VERTEX
  5
36C
  8
T9_COUNTERSINK_0_6
 10
2.152073036415844
 20
65.79679784692108
 30
0.0
  0
VERTEX
  5
36D
  8
T9_COUNTERSINK_0_6
 10
2.132323079182088
 20
65.80592302611298
 30
0.0
  0
VERTEX
  5
36E
  8
T9_COUNTERSINK_0_6
 10
2.112732142294937
 20
65.8156805885437
 30
0.0
  0
VERTEX
  5
36F
  8
T9_COUNTERSINK_0_6
 10
2.093300225754394
 20
65.82607053421324
 30
0.0
  0
VERTEX
  5
370
  8
T9_COUNTERSINK_0_6
 10
2.074027329560456
 20
65.83709286312163
 30
0.0
  0
VERTEX
  5
371
  8
T9_COUNTERSINK_0_6
 10
2.054913453713125
 20
65.84874757526883
 30
0.0
  0
VERTEX
  5
372
  8
T9_COUNTERSINK_0_6
 10
2.0359585982124
 20
65.86103467065487
 30
0.0
  0
VERTEX
  5
373
  8
T9_COUNTERSINK_0_6
 10
2.016870609398238
 20
65.87432766218689
 30
0.0
  0
VERTEX
  5
374
  8
T9_COUNTERSINK_0_6
 10
1.997357333610592
 20
65.88900006277203
 30
0.0
  0
VERTEX
  5
375
  8
T9_COUNTERSINK_0_6
 10
1.977418770849465
 20
65.90505187241028
 30
0.0
  0
VERTEX
  5
376
  8
T9_COUNTERSINK_0_6
 10
1.957054921114856
 20
65.92248309110167
 30
0.0
  0
VERTEX
  5
377
  8
T9_COUNTERSINK_0_6
 10
1.936265784406764
 20
65.94129371884615
 30
0.0
  0
VERTEX
  5
378
  8
T9_COUNTERSINK_0_6
 10
1.91505136072519
 20
65.96148375564378
 30
0.0
  0
VERTEX
  5
379
  8
T9_COUNTERSINK_0_6
 10
1.893411650070133
 20
65.98305320149453
 30
0.0
  0
VERTEX
  5
37A
  8
T9_COUNTERSINK_0_6
 10
1.871346652441595
 20
66.00600205639839
 30
0.0
  0
VERTEX
  5
37B
  8
T9_COUNTERSINK_0_6
 10
1.848856367839574
 20
66.03033032035538
 30
0.0
  0
VERTEX
  5
37C
  8
T9_COUNTERSINK_0_6
 10
1.825940796264071
 20
66.05603799336546
 30
0.0
  0
VERTEX
  5
37D
  8
T9_COUNTERSINK_0_6
 10
1.802599937715086
 20
66.08312507542868
 30
0.0
  0
VERTEX
  5
37E
  8
T9_COUNTERSINK_0_6
 10
1.778833792192619
 20
66.11159156654504
 30
0.0
  0
VERTEX
  5
37F
  8
T9_COUNTERSINK_0_6
 10
1.754642359696668
 20
66.1414374667145
 30
0.0
  0
VERTEX
  5
380
  8
T9_COUNTERSINK_0_6
 10
1.730025640227236
 20
66.1726627759371
 30
0.0
  0
VERTEX
  5
381
  8
T9_COUNTERSINK_0_6
 10
1.704983633784322
 20
66.2052674942128
 30
0.0
  0
VERTEX
  5
382
  8
T9_COUNTERSINK_0_6
 10
1.679516340367925
 20
66.23925162154164
 30
0.0
  0
VERTEX
  5
383
  8
T9_COUNTERSINK_0_6
 10
1.648984433819495
 20
66.27970935623638
 30
0.0
  0
VERTEX
  5
384
  8
T9_COUNTERSINK_0_6
 10
1.620345978839958
 20
66.31635060261259
 30
0.0
  0
VERTEX
  5
385
  8
T9_COUNTERSINK_0_6
 10
1.593600975429317
 20
66.34917536067022
 30
0.0
  0
VERTEX
  5
386
  8
T9_COUNTERSINK_0_6
 10
1.568749423587571
 20
66.3781836304093
 30
0.0
  0
VERTEX
  5
387
  8
T9_COUNTERSINK_0_6
 10
1.545791323314719
 20
66.40337541182981
 30
0.0
  0
VERTEX
  5
388
  8
T9_COUNTERSINK_0_6
 10
1.535022317516629
 20
66.41454011942062
 30
0.0
  0
VERTEX
  5
389
  8
T9_COUNTERSINK_0_6
 10
1.524726674610763
 20
66.4247507049318
 30
0.0
  0
VERTEX
  5
38A
  8
T9_COUNTERSINK_0_6
 10
1.51490439459712
 20
66.43400716836331
 30
0.0
  0
VERTEX
  5
38B
  8
T9_COUNTERSINK_0_6
 10
1.505555477475702
 20
66.44230950971522
 30
0.0
  0
VERTEX
  5
38C
  8
T9_COUNTERSINK_0_6
 10
1.496679923246507
 20
66.44965772898746
 30
0.0
  0
VERTEX
  5
38D
  8
T9_COUNTERSINK_0_6
 10
1.488277731909535
 20
66.4560518261801
 30
0.0
  0
VERTEX
  5
38E
  8
T9_COUNTERSINK_0_6
 10
1.47205026026049
 20
66.4671462689666
 30
0.0
  0
VERTEX
  5
38F
  8
T9_COUNTERSINK_0_6
 10
1.456029884876793
 20
66.4767614527149
 30
0.0
  0
VERTEX
  5
390
  8
T9_COUNTERSINK_0_6
 10
1.44809735828445
 20
66.48101432244971
 30
0.0
  0
VERTEX
  5
391
  8
T9_COUNTERSINK_0_6
 10
1.440216605758444
 20
66.484897377425
 30
0.0
  0
VERTEX
  5
392
  8
T9_COUNTERSINK_0_6
 10
1.432387627298774
 20
66.48841061764071
 30
0.0
  0
VERTEX
  5
393
  8
T9_COUNTERSINK_0_6
 10
1.424610422905442
 20
66.4915540430969
 30
0.0
  0
VERTEX
  5
394
  8
T9_COUNTERSINK_0_6
 10
1.416884992578447
 20
66.4943276537935
 30
0.0
  0
VERTEX
  5
395
  8
T9_COUNTERSINK_0_6
 10
1.409211336317789
 20
66.49673144973059
 30
0.0
  0
VERTEX
  5
396
  8
T9_COUNTERSINK_0_6
 10
1.401589454123468
 20
66.4987654309081
 30
0.0
  0
VERTEX
  5
397
  8
T9_COUNTERSINK_0_6
 10
1.394019345995483
 20
66.50042959732608
 30
0.0
  0
VERTEX
  5
398
  8
T9_COUNTERSINK_0_6
 10
1.386501011933836
 20
66.5017239489845
 30
0.0
  0
VERTEX
  5
399
  8
T9_COUNTERSINK_0_6
 10
1.379034451938526
 20
66.50264848588338
 30
0.0
  0
VERTEX
  5
39A
  8
T9_COUNTERSINK_0_6
 10
1.371619666009552
 20
66.50320320802271
 30
0.0
  0
VERTEX
  5
39B
  8
T9_COUNTERSINK_0_6
 10
1.364256654146916
 20
66.50338811540249
 30
0.0
  0
VERTEX
  5
39C
  8
T9_COUNTERSINK_0_6
 10
1.35639993958028
 20
66.50320505709652
 30
0.0
  0
VERTEX
  5
39D
  8
T9_COUNTERSINK_0_6
 10
1.348687452769869
 20
66.50265588217857
 30
0.0
  0
VERTEX
  5
39E
  8
T9_COUNTERSINK_0_6
 10
1.341119193715683
 20
66.5017405906487
 30
0.0
  0
VERTEX
  5
39F
  8
T9_COUNTERSINK_0_6
 10
1.333695162417721
 20
66.50045918250686
 30
0.0
  0
VERTEX
  5
3A0
  8
T9_COUNTERSINK_0_6
 10
1.326415358875983
 20
66.49881165775307
 30
0.0
  0
VERTEX
  5
3A1
  8
T9_COUNTERSINK_0_6
 10
1.31927978309047
 20
66.49679801638732
 30
0.0
  0
VERTEX
  5
3A2
  8
T9_COUNTERSINK_0_6
 10
1.312288435061181
 20
66.49441825840961
 30
0.0
  0
VERTEX
  5
3A3
  8
T9_COUNTERSINK_0_6
 10
1.305441314788116
 20
66.49167238381995
 30
0.0
  0
VERTEX
  5
3A4
  8
T9_COUNTERSINK_0_6
 10
1.298738422271276
 20
66.48856039261834
 30
0.0
  0
VERTEX
  5
3A5
  8
T9_COUNTERSINK_0_6
 10
1.292179757510661
 20
66.48508228480478
 30
0.0
  0
VERTEX
  5
3A6
  8
T9_COUNTERSINK_0_6
 10
1.28576532050627
 20
66.48123806037925
 30
0.0
  0
VERTEX
  5
3A7
  8
T9_COUNTERSINK_0_6
 10
1.279495111258103
 20
66.47702771934178
 30
0.0
  0
VERTEX
  5
3A8
  8
T9_COUNTERSINK_0_6
 10
1.27336912976616
 20
66.47245126169236
 30
0.0
  0
VERTEX
  5
3A9
  8
T9_COUNTERSINK_0_6
 10
1.267387376030443
 20
66.46750868743096
 30
0.0
  0
VERTEX
  5
3AA
  8
T9_COUNTERSINK_0_6
 10
1.261549850050949
 20
66.46219999655763
 30
0.0
  0
VERTEX
  5
3AB
  8
T9_COUNTERSINK_0_6
 10
1.25585655182768
 20
66.45652518907234
 30
0.0
  0
VERTEX
  5
3AC
  8
T9_COUNTERSINK_0_6
 10
1.250411029493309
 20
66.45057302051738
 30
0.0
  0
VERTEX
  5
3AD
  8
T9_COUNTERSINK_0_6
 10
1.245316831180511
 20
66.44443224643506
 30
0.0
  0
VERTEX
  5
3AE
  8
T9_COUNTERSINK_0_6
 10
1.240573956889285
 20
66.43810286682535
 30
0.0
  0
VERTEX
  5
3AF
  8
T9_COUNTERSINK_0_6
 10
1.236182406619631
 20
66.4315848816883
 30
0.0
  0
VERTEX
  5
3B0
  8
T9_COUNTERSINK_0_6
 10
1.232142180371549
 20
66.42487829102384
 30
0.0
  0
VERTEX
  5
3B1
  8
T9_COUNTERSINK_0_6
 10
1.22845327814504
 20
66.41798309483205
 30
0.0
  0
VERTEX
  5
3B2
  8
T9_COUNTERSINK_0_6
 10
1.225115699940103
 20
66.41089929311288
 30
0.0
  0
VERTEX
  5
3B3
  8
T9_COUNTERSINK_0_6
 10
1.222129445756738
 20
66.40362688586633
 30
0.0
  0
VERTEX
  5
3B4
  8
T9_COUNTERSINK_0_6
 10
1.219494515594946
 20
66.3961658730924
 30
0.0
  0
VERTEX
  5
3B5
  8
T9_COUNTERSINK_0_6
 10
1.217210909454726
 20
66.38851625479113
 30
0.0
  0
VERTEX
  5
3B6
  8
T9_COUNTERSINK_0_6
 10
1.215278627336078
 20
66.38067803096246
 30
0.0
  0
VERTEX
  5
3B7
  8
T9_COUNTERSINK_0_6
 10
1.213697669239003
 20
66.37265120160644
 30
0.0
  0
VERTEX
  5
3B8
  8
T9_COUNTERSINK_0_6
 10
1.2124680351635
 20
66.36443576672305
 30
0.0
  0
VERTEX
  5
3B9
  8
T9_COUNTERSINK_0_6
 10
1.211589725109569
 20
66.35603172631228
 30
0.0
  0
VERTEX
  5
3BA
  8
T9_COUNTERSINK_0_6
 10
1.211062739077211
 20
66.34743908037413
 30
0.0
  0
VERTEX
  5
3BB
  8
T9_COUNTERSINK_0_6
 10
1.210887077066425
 20
66.33865782890862
 30
0.0
  0
VERTEX
  5
3BC
  8
T9_COUNTERSINK_0_6
 10
1.211068286298604
 20
66.32953264971673
 30
0.0
  0
VERTEX
  5
3BD
  8
T9_COUNTERSINK_0_6
 10
1.211611913995142
 20
66.32061826493778
 30
0.0
  0
VERTEX
  5
3BE
  8
T9_COUNTERSINK_0_6
 10
1.212517960156039
 20
66.31191467457178
 30
0.0
  0
VERTEX
  5
3BF
  8
T9_COUNTERSINK_0_6
 10
1.213786424781295
 20
66.3034218786187
 30
0.0
  0
VERTEX
  5
3C0
  8
T9_COUNTERSINK_0_6
 10
1.21541730787091
 20
66.29513987707858
 30
0.0
  0
VERTEX
  5
3C1
  8
T9_COUNTERSINK_0_6
 10
1.217410609424883
 20
66.28706866995142
 30
0.0
  0
VERTEX
  5
3C2
  8
T9_COUNTERSINK_0_6
 10
1.219766329443215
 20
66.2792082572372
 30
0.0
  0
VERTEX
  5
3C3
  8
T9_COUNTERSINK_0_6
 10
1.222484467925906
 20
66.27155863893591
 30
0.0
  0
VERTEX
  5
3C4
  8
T9_COUNTERSINK_0_6
 10
1.225565024872956
 20
66.26411981504756
 30
0.0
  0
VERTEX
  5
3C5
  8
T9_COUNTERSINK_0_6
 10
1.229008000284365
 20
66.25689178557217
 30
0.0
  0
VERTEX
  5
3C6
  8
T9_COUNTERSINK_0_6
 10
1.232813394160132
 20
66.24987455050972
 30
0.0
  0
VERTEX
  5
3C7
  8
T9_COUNTERSINK_0_6
 10
1.236981206500258
 20
66.24306810986019
 30
0.0
  0
VERTEX
  5
3C8
  8
T9_COUNTERSINK_0_6
 10
1.241511437304743
 20
66.23647246362361
 30
0.0
  0
VERTEX
  5
3C9
  8
T9_COUNTERSINK_0_6
 10
1.246404086573587
 20
66.2300876118
 30
0.0
  0
VERTEX
  5
3CA
  8
T9_COUNTERSINK_0_6
 10
1.25165915430679
 20
66.22391355438931
 30
0.0
  0
VERTEX
  5
3CB
  8
T9_COUNTERSINK_0_6
 10
1.257276640504351
 20
66.21795029139157
 30
0.0
  0
VERTEX
  5
3CC
  8
T9_COUNTERSINK_0_6
 10
1.263352697003754
 20
66.21221261539716
 30
0.0
  0
VERTEX
  5
3CD
  8
T9_COUNTERSINK_0_6
 10
1.269983475642482
 20
66.20671531899644
 30
0.0
  0
VERTEX
  5
3CE
  8
T9_COUNTERSINK_0_6
 10
1.277168976420535
 20
66.20145840218944
 30
0.0
  0
VERTEX
  5
3CF
  8
T9_COUNTERSINK_0_6
 10
1.284909199337912
 20
66.19644186497615
 30
0.0
  0
VERTEX
  5
3D0
  8
T9_COUNTERSINK_0_6
 10
1.293204144394614
 20
66.19166570735658
 30
0.0
  0
VERTEX
  5
3D1
  8
T9_COUNTERSINK_0_6
 10
1.30205381159064
 20
66.1871299293307
 30
0.0
  0
VERTEX
  5
3D2
  8
T9_COUNTERSINK_0_6
 10
1.311458200925991
 20
66.18283453089852
 30
0.0
  0
VERTEX
  5
3D3
  8
T9_COUNTERSINK_0_6
 10
1.321417312400667
 20
66.17877951206006
 30
0.0
  0
VERTEX
  5
3D4
  8
T9_COUNTERSINK_0_6
 10
1.331931146014668
 20
66.17496487281531
 30
0.0
  0
VERTEX
  5
3D5
  8
T9_COUNTERSINK_0_6
 10
1.342999701767993
 20
66.17139061316425
 30
0.0
  0
VERTEX
  5
3D6
  8
T9_COUNTERSINK_0_6
 10
1.354622979660643
 20
66.16805673310691
 30
0.0
  0
VERTEX
  5
3D7
  8
T9_COUNTERSINK_0_6
 10
1.366800979692618
 20
66.16496323264327
 30
0.0
  0
VERTEX
  5
3D8
  8
T9_COUNTERSINK_0_6
 10
1.379533701863918
 20
66.16211011177334
 30
0.0
  0
VERTEX
  5
3D9
  8
T9_COUNTERSINK_0_6
 10
1.392821146174542
 20
66.15949737049712
 30
0.0
  0
VERTEX
  5
3DA
  8
T9_COUNTERSINK_0_6
 10
1.406663312624491
 20
66.1571250088146
 30
0.0
  0
VERTEX
  5
3DB
  8
T9_COUNTERSINK_0_6
 10
1.421060201213764
 20
66.1549930267258
 30
0.0
  0
VERTEX
  5
3DC
  8
T9_COUNTERSINK_0_6
 10
1.389818250326998
 20
65.76872890667124
 30
0.0
  0
VERTEX
  5
3DD
  8
T9_COUNTERSINK_0_6
 10
1.369742856104837
 20
65.7717170099284
 30
0.0
  0
VERTEX
  5
3DE
  8
T9_COUNTERSINK_0_6
 10
1.350225882169596
 20
65.77500096499321
 30
0.0
  0
VERTEX
  5
3DF
  8
T9_COUNTERSINK_0_6
 10
1.331267328521276
 20
65.77858077186565
 30
0.0
  0
VERTEX
  5
3E0
  8
T9_COUNTERSINK_0_6
 10
1.312867195159876
 20
65.78245643054574
 30
0.0
  0
VERTEX
  5
3E1
  8
T9_COUNTERSINK_0_6
 10
1.295025482085396
 20
65.78662794103346
 30
0.0
  0
VERTEX
  5
3E2
  8
T9_COUNTERSINK_0_6
 10
1.277742189297836
 20
65.79109530332883
 30
0.0
  0
VERTEX
  5
3E3
  8
T9_COUNTERSINK_0_6
 10
1.261017316797197
 20
65.79585851743181
 30
0.0
  0
VERTEX
  5
3E4
  8
T9_COUNTERSINK_0_6
 10
1.244850864583478
 20
65.80091758334245
 30
0.0
  0
VERTEX
  5
3E5
  8
T9_COUNTERSINK_0_6
 10
1.229242832656678
 20
65.80627250106073
 30
0.0
  0
VERTEX
  5
3E6
  8
T9_COUNTERSINK_0_6
 10
1.214193221016799
 20
65.81192327058668
 30
0.0
  0
VERTEX
  5
3E7
  8
T9_COUNTERSINK_0_6
 10
1.199702029663841
 20
65.81786989192022
 30
0.0
  0
VERTEX
  5
3E8
  8
T9_COUNTERSINK_0_6
 10
1.185769258597802
 20
65.82411236506141
 30
0.0
  0
VERTEX
  5
3E9
  8
T9_COUNTERSINK_0_6
 10
1.172394907818684
 20
65.83065069001026
 30
0.0
  0
VERTEX
  5
3EA
  8
T9_COUNTERSINK_0_6
 10
1.159578977326486
 20
65.83748486676674
 30
0.0
  0
VERTEX
  5
3EB
  8
T9_COUNTERSINK_0_6
 10
1.147321467121208
 20
65.84461489533086
 30
0.0
  0
VERTEX
  5
3EC
  8
T9_COUNTERSINK_0_6
 10
1.13562237720285
 20
65.85204077570262
 30
0.0
  0
VERTEX
  5
3ED
  8
T9_COUNTERSINK_0_6
 10
1.12436891406975
 20
65.85980873472695
 30
0.0
  0
VERTEX
  5
3EE
  8
T9_COUNTERSINK_0_6
 10
1.113448284220245
 20
65.86796499924884
 30
0.0
  0
VERTEX
  5
3EF
  8
T9_COUNTERSINK_0_6
 10
1.102860487654334
 20
65.87650956926822
 30
0.0
  0
VERTEX
  5
3F0
  8
T9_COUNTERSINK_0_6
 10
1.092605524372018
 20
65.88544244478516
 30
0.0
  0
VERTEX
  5
3F1
  8
T9_COUNTERSINK_0_6
 10
1.082683394373297
 20
65.89476362579961
 30
0.0
  0
VERTEX
  5
3F2
  8
T9_COUNTERSINK_0_6
 10
1.073094097658171
 20
65.90447311231159
 30
0.0
  0
VERTEX
  5
3F3
  8
T9_COUNTERSINK_0_6
 10
1.06383763422664
 20
65.9145709043211
 30
0.0
  0
VERTEX
  5
3F4
  8
T9_COUNTERSINK_0_6
 10
1.054914004078703
 20
65.92505700182812
 30
0.0
  0
VERTEX
  5
3F5
  8
T9_COUNTERSINK_0_6
 10
1.046323207214361
 20
65.93593140483267
 30
0.0
  0
VERTEX
  5
3F6
  8
T9_COUNTERSINK_0_6
 10
1.038065243633614
 20
65.94719411333477
 30
0.0
  0
VERTEX
  5
3F7
  8
T9_COUNTERSINK_0_6
 10
1.030140113336462
 20
65.95884512733438
 30
0.0
  0
VERTEX
  5
3F8
  8
T9_COUNTERSINK_0_6
 10
1.022547816322905
 20
65.97088444683155
 30
0.0
  0
VERTEX
  5
3F9
  8
T9_COUNTERSINK_0_6
 10
1.015288352592943
 20
65.98331207182622
 30
0.0
  0
VERTEX
  5
3FA
  8
T9_COUNTERSINK_0_6
 10
1.008361722146575
 20
65.99612800231841
 30
0.0
  0
VERTEX
  5
3FB
  8
T9_COUNTERSINK_0_6
 10
1.001767924983802
 20
66.00933223830813
 30
0.0
  0
VERTEX
  5
3FC
  8
T9_COUNTERSINK_0_6
 10
0.9955069611046239
 20
66.02292477979539
 30
0.0
  0
VERTEX
  5
3FD
  8
T9_COUNTERSINK_0_6
 10
0.9896028684684114
 20
66.0370424582412
 30
0.0
  0
VERTEX
  5
3FE
  8
T9_COUNTERSINK_0_6
 10
0.9840796850345352
 20
66.05182210510661
 30
0.0
  0
VERTEX
  5
3FF
  8
T9_COUNTERSINK_0_6
 10
0.9789374108029952
 20
66.06726372039161
 30
0.0
  0
VERTEX
  5
400
  8
T9_COUNTERSINK_0_6
 10
0.9741760457737917
 20
66.08336730409621
 30
0.0
  0
VERTEX
  5
401
  8
T9_COUNTERSINK_0_6
 10
0.9697955899469243
 20
66.1001328562204
 30
0.0
  0
VERTEX
  5
402
  8
T9_COUNTERSINK_0_6
 10
0.9657960433223932
 20
66.11756037676417
 30
0.0
  0
VERTEX
  5
403
  8
T9_COUNTERSINK_0_6
 10
0.9621774059001984
 20
66.13564986572754
 30
0.0
  0
VERTEX
  5
404
  8
T9_COUNTERSINK_0_6
 10
0.95893967768034
 20
66.15440132311053
 30
0.0
  0
VERTEX
  5
405
  8
T9_COUNTERSINK_0_6
 10
0.9560828586628178
 20
66.1738147489131
 30
0.0
  0
VERTEX
  5
406
  8
T9_COUNTERSINK_0_6
 10
0.953606948847632
 20
66.19389014313526
 30
0.0
  0
VERTEX
  5
407
  8
T9_COUNTERSINK_0_6
 10
0.9515119482347825
 20
66.214627505777
 30
0.0
  0
VERTEX
  5
408
  8
T9_COUNTERSINK_0_6
 10
0.9497978568242692
 20
66.23602683683836
 30
0.0
  0
VERTEX
  5
409
  8
T9_COUNTERSINK_0_6
 10
0.9484646746160921
 20
66.25808813631929
 30
0.0
  0
VERTEX
  5
40A
  8
T9_COUNTERSINK_0_6
 10
0.9475124016102514
 20
66.28081140421983
 30
0.0
  0
VERTEX
  5
40B
  8
T9_COUNTERSINK_0_6
 10
0.946941037806747
 20
66.30419664053997
 30
0.0
  0
VERTEX
  5
40C
  8
T9_COUNTERSINK_0_6
 10
0.9467505832055789
 20
66.3282438452797
 30
0.0
  0
VERTEX
  5
40D
  8
T9_COUNTERSINK_0_6
 10
0.9469317924377584
 20
66.35333392764136
 30
0.0
  0
VERTEX
  5
40E
  8
T9_COUNTERSINK_0_6
 10
0.9474754201342965
 20
66.37771766381226
 30
0.0
  0
VERTEX
  5
40F
  8
T9_COUNTERSINK_0_6
 10
0.9483814662951936
 20
66.40139505379244
 30
0.0
  0
VERTEX
  5
410
  8
T9_COUNTERSINK_0_6
 10
0.9496499309204494
 20
66.42436609758187
 30
0.0
  0
VERTEX
  5
411
  8
T9_COUNTERSINK_0_6
 10
0.951280814010064
 20
66.44663079518057
 30
0.0
  0
VERTEX
  5
412
  8
T9_COUNTERSINK_0_6
 10
0.9532741155640374
 20
66.46818914658851
 30
0.0
  0
VERTEX
  5
413
  8
T9_COUNTERSINK_0_6
 10
0.9556298355823697
 20
66.48904115180574
 30
0.0
  0
VERTEX
  5
414
  8
T9_COUNTERSINK_0_6
 10
0.9583479740650606
 20
66.50918681083222
 30
0.0
  0
VERTEX
  5
415
  8
T9_COUNTERSINK_0_6
 10
0.9614285310121103
 20
66.52862612366795
 30
0.0
  0
VERTEX
  5
416
  8
T9_COUNTERSINK_0_6
 10
0.9648715064235189
 20
66.54735909031294
 30
0.0
  0
VERTEX
  5
417
  8
T9_COUNTERSINK_0_6
 10
0.9686769002992864
 20
66.5653857107672
 30
0.0
  0
VERTEX
  5
418
  8
T9_COUNTERSINK_0_6
 10
0.9728447126394125
 20
66.58270598503071
 30
0.0
  0
VERTEX
  5
419
  8
T9_COUNTERSINK_0_6
 10
0.9773749434438975
 20
66.59931991310349
 30
0.0
  0
VERTEX
  5
41A
  8
T9_COUNTERSINK_0_6
 10
0.9822675927127413
 20
66.61522749498552
 30
0.0
  0
VERTEX
  5
41B
  8
T9_COUNTERSINK_0_6
 10
0.987522660445944
 20
66.63042873067683
 30
0.0
  0
VERTEX
  5
41C
  8
T9_COUNTERSINK_0_6
 10
0.9931401466435053
 20
66.64492362017738
 30
0.0
  0
VERTEX
  5
41D
  8
T9_COUNTERSINK_0_6
 10
0.9991329948220097
 20
66.65887673105519
 30
0.0
  0
VERTEX
  5
41E
  8
T9_COUNTERSINK_0_6
 10
1.005514148498041
 20
66.67245263087827
 30
0.0
  0
VERTEX
  5
41F
  8
T9_COUNTERSINK_0_6
 10
1.0122836076716
 20
66.6856513196466
 30
0.0
  0
VERTEX
  5
420
  8
T9_COUNTERSINK_0_6
 10
1.019441372342687
 20
66.69847279736018
 30
0.0
  0
VERTEX
  5
421
  8
T9_COUNTERSINK_0_6
 10
1.0269874425113
 20
66.71091706401901
 30
0.0
  0
VERTEX
  5
422
  8
T9_COUNTERSINK_0_6
 10
1.034921818177441
 20
66.72298411962313
 30
0.0
  0
VERTEX
  5
423
  8
T9_COUNTERSINK_0_6
 10
1.043244499341109
 20
66.73467396417252
 30
0.0
  0
VERTEX
  5
424
  8
T9_COUNTERSINK_0_6
 10
1.051955486002305
 20
66.74598659766716
 30
0.0
  0
VERTEX
  5
425
  8
T9_COUNTERSINK_0_6
 10
1.061054778161027
 20
66.75692202010704
 30
0.0
  0
VERTEX
  5
426
  8
T9_COUNTERSINK_0_6
 10
1.070542375817277
 20
66.76748023149219
 30
0.0
  0
VERTEX
  5
427
  8
T9_COUNTERSINK_0_6
 10
1.080418278971055
 20
66.77766123182258
 30
0.0
  0
VERTEX
  5
428
  8
T9_COUNTERSINK_0_6
 10
1.090682487622359
 20
66.78746502109826
 30
0.0
  0
VERTEX
  5
429
  8
T9_COUNTERSINK_0_6
 10
1.101335001771191
 20
66.79689159931917
 30
0.0
  0
VERTEX
  5
42A
  8
T9_COUNTERSINK_0_6
 10
1.11237582141755
 20
66.80594096648535
 30
0.0
  0
VERTEX
  5
42B
  8
T9_COUNTERSINK_0_6
 10
1.123804946561437
 20
66.81461312259678
 30
0.0
  0
VERTEX
  5
42C
  8
T9_COUNTERSINK_0_6
 10
1.13562237720285
 20
66.8229080676535
 30
0.0
  0
VERTEX
  5
42D
  8
T9_COUNTERSINK_0_6
 10
1.147724565209117
 20
66.83076108407255
 30
0.0
  0
VERTEX
  5
42E
  8
T9_COUNTERSINK_0_6
 10
1.160007962447564
 20
66.83810745427101
 30
0.0
  0
VERTEX
  5
42F
  8
T9_COUNTERSINK_0_6
 10
1.17247256891819
 20
66.84494717824887
 30
0.0
  0
VERTEX
  5
430
  8
T9_COUNTERSINK_0_6
 10
1.185118384620995
 20
66.85128025600618
 30
0.0
  0
VERTEX
  5
431
  8
T9_COUNTERSINK_0_6
 10
1.19794540955598
 20
66.8571066875429
 30
0.0
  0
VERTEX
  5
432
  8
T9_COUNTERSINK_0_6
 10
1.210953643723144
 20
66.86242647285901
 30
0.0
  0
VERTEX
  5
433
  8
T9_COUNTERSINK_0_6
 10
1.224143087122487
 20
66.86723961195455
 30
0.0
  0
VERTEX
  5
434
  8
T9_COUNTERSINK_0_6
 10
1.23751373975401
 20
66.8715461048295
 30
0.0
  0
VERTEX
  5
435
  8
T9_COUNTERSINK_0_6
 10
1.251065601617712
 20
66.8753459514839
 30
0.0
  0
VERTEX
  5
436
  8
T9_COUNTERSINK_0_6
 10
1.264798672713594
 20
66.87863915191768
 30
0.0
  0
VERTEX
  5
437
  8
T9_COUNTERSINK_0_6
 10
1.278712953041655
 20
66.88142570613088
 30
0.0
  0
VERTEX
  5
438
  8
T9_COUNTERSINK_0_6
 10
1.292808442601895
 20
66.8837056141235
 30
0.0
  0
VERTEX
  5
439
  8
T9_COUNTERSINK_0_6
 10
1.307085141394315
 20
66.88547887589554
 30
0.0
  0
VERTEX
  5
43A
  8
T9_COUNTERSINK_0_6
 10
1.321543049418914
 20
66.886745491447
 30
0.0
  0
VERTEX
  5
43B
  8
T9_COUNTERSINK_0_6
 10
1.336182166675693
 20
66.88750546077787
 30
0.0
  0
VERTEX
  5
43C
  8
T9_COUNTERSINK_0_6
 10
1.351002493164651
 20
66.88775878388816
 30
0.0
  0
VERTEX
  5
43D
  8
T9_COUNTERSINK_0_6
 10
1.366815772283
 20
66.8874684793019
 30
0.0
  0
VERTEX
  5
43E
  8
T9_COUNTERSINK_0_6
 10
1.382540295859058
 20
66.88659756554317
 30
0.0
  0
VERTEX
  5
43F
  8
T9_COUNTERSINK_0_6
 10
1.398176063892823
 20
66.88514604261192
 30
0.0
  0
VERTEX
  5
440
  8
T9_COUNTERSINK_0_6
 10
1.413723076384297
 20
66.8831139105082
 30
0.0
  0
VERTEX
  5
441
  8
T9_COUNTERSINK_0_6
 10
1.429181333333478
 20
66.88050116923198
 30
0.0
  0
VERTEX
  5
442
  8
T9_COUNTERSINK_0_6
 10
1.444550834740367
 20
66.87730781878328
 30
0.0
  0
VERTEX
  5
443
  8
T9_COUNTERSINK_0_6
 10
1.459831580604965
 20
66.87353385916208
 30
0.0
  0
VERTEX
  5
444
  8
T9_COUNTERSINK_0_6
 10
1.475023570927271
 20
66.86917929036838
 30
0.0
  0
VERTEX
  5
445
  8
T9_COUNTERSINK_0_6
 10
1.490126805707284
 20
66.86424411240218
 30
0.0
  0
VERTEX
  5
446
  8
T9_COUNTERSINK_0_6
 10
1.505141284945006
 20
66.8587283252635
 30
0.0
  0
VERTEX
  5
447
  8
T9_COUNTERSINK_0_6
 10
1.520067008640436
 20
66.85263192895232
 30
0.0
  0
VERTEX
  5
448
  8
T9_COUNTERSINK_0_6
 10
1.534903976793573
 20
66.84595492346864
 30
0.0
  0
VERTEX
  5
449
  8
T9_COUNTERSINK_0_6
 10
1.549652189404419
 20
66.83869730881247
 30
0.0
  0
VERTEX
  5
44A
  8
T9_COUNTERSINK_0_6
 10
1.564311646472973
 20
66.83085908498381
 30
0.0
  0
VERTEX
  5
44B
  8
T9_COUNTERSINK_0_6
 10
1.578882347999235
 20
66.82244025198267
 30
0.0
  0
VERTEX
  5
44C
  8
T9_COUNTERSINK_0_6
 10
1.593364293983205
 20
66.81344080980902
 30
0.0
  0
VERTEX
  5
44D
  8
T9_COUNTERSINK_0_6
 10
1.607890617738321
 20
66.80367585108311
 30
0.0
  0
VERTEX
  5
44E
  8
T9_COUNTERSINK_0_6
 10
1.622594452578021
 20
66.79296046842515
 30
0.0
  0
VERTEX
  5
44F
  8
T9_COUNTERSINK_0_6
 10
1.637475798502305
 20
66.78129466183515
 30
0.0
  0
VERTEX
  5
450
  8
T9_COUNTERSINK_0_6
 10
1.652534655511172
 20
66.7686784313131
 30
0.0
  0
VERTEX
  5
451
  8
T9_COUNTERSINK_0_6
 10
1.667771023604624
 20
66.75511177685902
 30
0.0
  0
VERTEX
  5
452
  8
T9_COUNTERSINK_0_6
 10
1.68318490278266
 20
66.7405946984729
 30
0.0
  0
VERTEX
  5
453
  8
T9_COUNTERSINK_0_6
 10
1.698776293045279
 20
66.72512719615473
 30
0.0
  0
VERTEX
  5
454
  8
T9_COUNTERSINK_0_6
 10
1.714545194392482
 20
66.70870926990452
 30
0.0
  0
VERTEX
  5
455
  8
T9_COUNTERSINK_0_6
 10
1.730491606824269
 20
66.69134091972228
 30
0.0
  0
VERTEX
  5
456
  8
T9_COUNTERSINK_0_6
 10
1.74661553034064
 20
66.67302214560797
 30
0.0
  0
VERTEX
  5
457
  8
T9_COUNTERSINK_0_6
 10
1.762916964941595
 20
66.65375294756163
 30
0.0
  0
VERTEX
  5
458
  8
T9_COUNTERSINK_0_6
 10
1.779395910627134
 20
66.63353332558324
 30
0.0
  0
VERTEX
  5
459
  8
T9_COUNTERSINK_0_6
 10
1.796052367397257
 20
66.61236327967282
 30
0.0
  0
VERTEX
  5
45A
  8
T9_COUNTERSINK_0_6
 10
1.812886335251964
 20
66.59024280983036
 30
0.0
  0
VERTEX
  5
45B
  8
T9_COUNTERSINK_0_6
 10
1.829897814191254
 20
66.56717191605583
 30
0.0
  0
VERTEX
  5
45C
  8
T9_COUNTERSINK_0_6
 10
1.847086804215129
 20
66.54315059834927
 30
0.0
  0
VERTEX
  5
45D
  8
T9_COUNTERSINK_0_6
 10
1.88430496161622
 20
66.48974934707029
 30
0.0
  0
VERTEX
  5
45E
  8
T9_COUNTERSINK_0_6
 10
1.915487742141459
 20
66.44599286472035
 30
0.0
  0
VERTEX
  5
45F
  8
T9_COUNTERSINK_0_6
 10
1.940635145790845
 20
66.41188115129948
 30
0.0
  0
VERTEX
  5
460
  8
T9_COUNTERSINK_0_6
 10
1.959747172564378
 20
66.38741420680766
 30
0.0
  0
VERTEX
  5
461
  8
T9_COUNTERSINK_0_6
 10
1.977084088492073
 20
66.36691167653821
 30
0.0
  0
VERTEX
  5
462
  8
T9_COUNTERSINK_0_6
 10
1.996906159603942
 20
66.34469320578447
 30
0.0
  0
VERTEX
  5
463
  8
T9_COUNTERSINK_0_6
 10
2.019213385899985
 20
66.32075879454639
 30
0.0
  0
VERTEX
  5
464
  8
T9_COUNTERSINK_0_6
 10
2.044005767380204
 20
66.29510844282403
 30
0.0
  0
VERTEX
  5
465
  8
T9_COUNTERSINK_0_6
 10
2.044005767380204
 20
66.89722604173264
 30
0.0
  0
SEQEND
  5
E87
  8
T9_COUNTERSINK_0_6
  0
POLYLINE
  5
7B
  8
T9_COUNTERSINK_0_6
 66
     1
 10
0.0
 20
0.0
 30
0.0
 70
     1
  0
VERTEX
  5
466
  8
T9_COUNTERSINK_0_6
 10
0.9704187278167657
 20
67.86477979343795
 30
0.0
  0
VERTEX
  5
467
  8
T9_COUNTERSINK_0_6
 10
0.9704187278167657
 20
68.78026362699866
 30
0.0
  0
VERTEX
  5
468
  8
T9_COUNTERSINK_0_6
 10
1.278104607762195
 20
68.78026362699866
 30
0.0
  0
VERTEX
  5
469
  8
T9_COUNTERSINK_0_6
 10
1.278104607762195
 20
68.16015823818556
 30
0.0
  0
VERTEX
  5
46A
  8
T9_COUNTERSINK_0_6
 10
1.48638428034064
 20
68.1270228357299
 30
0.0
  0
VERTEX
  5
46B
  8
T9_COUNTERSINK_0_6
 10
1.479047155511172
 20
68.14309498517994
 30
0.0
  0
VERTEX
  5
46C
  8
T9_COUNTERSINK_0_6
 10
1.472183393573928
 20
68.15912275685882
 30
0.0
  0
VERTEX
  5
46D
  8
T9_COUNTERSINK_0_6
 10
1.465792994528907
 20
68.17510615076657
 30
0.0
  0
VERTEX
  5
46E
  8
T9_COUNTERSINK_0_6
 10
1.459875958376111
 20
68.19104516690315
 30
0.0
  0
VERTEX
  5
46F
  8
T9_COUNTERSINK_0_6
 10
1.454432285115538
 20
68.2069398052686
 30
0.0
  0
VERTEX
  5
470
  8
T9_COUNTERSINK_0_6
 10
1.449461974747189
 20
68.22279006586291
 30
0.0
  0
VERTEX
  5
471
  8
T9_COUNTERSINK_0_6
 10
1.444965027271063
 20
68.23859594868607
 30
0.0
  0
VERTEX
  5
472
  8
T9_COUNTERSINK_0_6
 10
1.440941442687161
 20
68.25435745373808
 30
0.0
  0
VERTEX
  5
473
  8
T9_COUNTERSINK_0_6
 10
1.437391220995483
 20
68.27007458101895
 30
0.0
  0
VERTEX
  5
474
  8
T9_COUNTERSINK_0_6
 10
1.434314362196029
 20
68.28574733052866
 30
0.0
  0
VERTEX
  5
475
  8
T9_COUNTERSINK_0_6
 10
1.431710866288799
 20
68.30137570226722
 30
0.0
  0
VERTEX
  5
476
  8
T9_COUNTERSINK_0_6
 10
1.429580733273792
 20
68.31695969623466
 30
0.0
  0
VERTEX
  5
477
  8
T9_COUNTERSINK_0_6
 10
1.427923963151009
 20
68.33249931243095
 30
0.0
  0
VERTEX
  5
478
  8
T9_COUNTERSINK_0_6
 10
1.426740555920449
 20
68.34799455085609
 30
0.0
  0
VERTEX
  5
479
  8
T9_COUNTERSINK_0_6
 10
1.426030511582114
 20
68.36344541151007
 30
0.0
  0
VERTEX
  5
47A
  8
T9_COUNTERSINK_0_6
 10
1.425793830136002
 20
68.37885189439292
 30
0.0
  0
VERTEX
  5
47B
  8
T9_COUNTERSINK_0_6
 10
1.426285683766203
 20
68.4045799072148
 30
0.0
  0
VERTEX
  5
47C
  8
T9_COUNTERSINK_0_6
 10
1.427761244656807
 20
68.42969402753582
 30
0.0
  0
VERTEX
  5
47D
  8
T9_COUNTERSINK_0_6
 10
1.430220512807813
 20
68.454194255356
 30
0.0
  0
VERTEX
  5
47E
  8
T9_COUNTERSINK_0_6
 10
1.433663488219221
 20
68.47808059067532
 30
0.0
  0
VERTEX
  5
47F
  8
T9_COUNTERSINK_0_6
 10
1.438090170891033
 20
68.50135303349379
 30
0.0
  0
VERTEX
  5
480
  8
T9_COUNTERSINK_0_6
 10
1.443500560823246
 20
68.5240115838114
 30
0.0
  0
VERTEX
  5
481
  8
T9_COUNTERSINK_0_6
 10
1.449894658015862
 20
68.54605624162816
 30
0.0
  0
VERTEX
  5
482
  8
T9_COUNTERSINK_0_6
 10
1.45727246246888
 20
68.56748700694409
 30
0.0
  0
VERTEX
  5
483
  8
T9_COUNTERSINK_0_6
 10
1.465633974182301
 20
68.58830387975915
 30
0.0
  0
VERTEX
  5
484
  8
T9_COUNTERSINK_0_6
 10
1.474979193156124
 20
68.60850686007335
 30
0.0
  0
VERTEX
  5
485
  8
T9_COUNTERSINK_0_6
 10
1.48530811939035
 20
68.6280959478867
 30
0.0
  0
VERTEX
  5
486
  8
T9_COUNTERSINK_0_6
 10
1.496620752884978
 20
68.6470711431992
 30
0.0
  0
VERTEX
  5
487
  8
T9_COUNTERSINK_0_6
 10
1.508917093640009
 20
68.66543244601084
 30
0.0
  0
VERTEX
  5
488
  8
T9_COUNTERSINK_0_6
 10
1.522197141655442
 20
68.68317985632163
 30
0.0
  0
VERTEX
  5
489
  8
T9_COUNTERSINK_0_6
 10
1.536460896931278
 20
68.70031337413158
 30
0.0
  0
VERTEX
  5
48A
  8
T9_COUNTERSINK_0_6
 10
1.551708359467516
 20
68.71683299944067
 30
0.0
  0
VERTEX
  5
48B
  8
T9_COUNTERSINK_0_6
 10
1.567702847818045
 20
68.73253903227874
 30
0.0
  0
VERTEX
  5
48C
  8
T9_COUNTERSINK_0_6
 10
1.584207680536752
 20
68.74723177267566
 30
0.0
  0
VERTEX
  5
48D
  8
T9_COUNTERSINK_0_6
 10
1.601222857623638
 20
68.76091122063141
 30
0.0
  0
VERTEX
  5
48E
  8
T9_COUNTERSINK_0_6
 10
1.618748379078703
 20
68.773577376146
 30
0.0
  0
VERTEX
  5
48F
  8
T9_COUNTERSINK_0_6
 10
1.636784244901947
 20
68.7852302392194
 30
0.0
  0
VERTEX
  5
490
  8
T9_COUNTERSINK_0_6
 10
1.655330455093369
 20
68.79586980985165
 30
0.0
  0
VERTEX
  5
491
  8
T9_COUNTERSINK_0_6
 10
1.67438700965297
 20
68.80549608804274
 30
0.0
  0
VERTEX
  5
492
  8
T9_COUNTERSINK_0_6
 10
1.69395390858075
 20
68.81410907379265
 30
0.0
  0
VERTEX
  5
493
  8
T9_COUNTERSINK_0_6
 10
1.714031151876708
 20
68.8217087671014
 30
0.0
  0
VERTEX
  5
494
  8
T9_COUNTERSINK_0_6
 10
1.734618739540845
 20
68.82829516796897
 30
0.0
  0
VERTEX
  5
495
  8
T9_COUNTERSINK_0_6
 10
1.755716671573161
 20
68.8338682763954
 30
0.0
  0
VERTEX
  5
496
  8
T9_COUNTERSINK_0_6
 10
1.777324947973655
 20
68.83842809238064
 30
0.0
  0
VERTEX
  5
497
  8
T9_COUNTERSINK_0_6
 10
1.799443568742329
 20
68.84197461592473
 30
0.0
  0
VERTEX
  5
498
  8
T9_COUNTERSINK_0_6
 10
1.822072533879181
 20
68.84450784702764
 30
0.0
  0
VERTEX
  5
499
  8
T9_COUNTERSINK_0_6
 10
1.845211843384211
 20
68.84602778568939
 30
0.0
  0
VERTEX
  5
49A
  8
T9_COUNTERSINK_0_6
 10
1.868861497257421
 20
68.84653443190997
 30
0.0
  0
VERTEX
  5
49B
  8
T9_COUNTERSINK_0_6
 10
1.885625200307813
 20
68.84627371250448
 30
0.0
  0
VERTEX
  5
49C
  8
T9_COUNTERSINK_0_6
 10
1.902307544111104
 20
68.84549155428805
 30
0.0
  0
VERTEX
  5
49D
  8
T9_COUNTERSINK_0_6
 10
1.918908528667295
 20
68.84418795726063
 30
0.0
  0
VERTEX
  5
49E
  8
T9_COUNTERSINK_0_6
 10
1.935428153976384
 20
68.84236292142225
 30
0.0
  0
VERTEX
  5
49F
  8
T9_COUNTERSINK_0_6
 10
1.951866420038372
 20
68.8400164467729
 30
0.0
  0
VERTEX
  5
4A0
  8
T9_COUNTERSINK_0_6
 10
1.96822332685326
 20
68.83714853331259
 30
0.0
  0
VERTEX
  5
4A1
  8
T9_COUNTERSINK_0_6
 10
1.984498874421046
 20
68.83375918104132
 30
0.0
  0
VERTEX
  5
4A2
  8
T9_COUNTERSINK_0_6
 10
2.000693062741732
 20
68.82984838995908
 30
0.0
  0
VERTEX
  5
4A3
  8
T9_COUNTERSINK_0_6
 10
2.016805891815316
 20
68.82541616006588
 30
0.0
  0
VERTEX
  5
4A4
  8
T9_COUNTERSINK_0_6
 10
2.0328373616418
 20
68.8204624913617
 30
0.0
  0
VERTEX
  5
4A5
  8
T9_COUNTERSINK_0_6
 10
2.048787472221183
 20
68.81498738384657
 30
0.0
  0
VERTEX
  5
4A6
  8
T9_COUNTERSINK_0_6
 10
2.064656223553464
 20
68.80899083752047
 30
0.0
  0
VERTEX
  5
4A7
  8
T9_COUNTERSINK_0_6
 10
2.080443615638646
 20
68.8024728523834
 30
0.0
  0
VERTEX
  5
4A8
  8
T9_COUNTERSINK_0_6
 10
2.096149648476725
 20
68.79543342843536
 30
0.0
  0
VERTEX
  5
4A9
  8
T9_COUNTERSINK_0_6
 10
2.111774322067704
 20
68.78787256567638
 30
0.0
  0
VERTEX
  5
4AA
  8
T9_COUNTERSINK_0_6
 10
2.127317636411581
 20
68.77979026410642
 30
0.0
  0
VERTEX
  5
4AB
  8
T9_COUNTERSINK_0_6
 10
2.142590985980987
 20
68.77122905242285
 30
0.0
  0
VERTEX
  5
4AC
  8
T9_COUNTERSINK_0_6
 10
2.157405765248552
 20
68.762231459323
 30
0.0
  0
VERTEX
  5
4AD
  8
T9_COUNTERSINK_0_6
 10
2.171761974214275
 20
68.75279748480688
 30
0.0
  0
VERTEX
  5
4AE
  8
T9_COUNTERSINK_0_6
 10
2.185659612878157
 20
68.7429271288745
 30
0.0
  0
VERTEX
  5
4AF
  8
T9_COUNTERSINK_0_6
 10
2.199098681240196
 20
68.73262039152584
 30
0.0
  0
VERTEX
  5
4B0
  8
T9_COUNTERSINK_0_6
 10
2.212079179300395
 20
68.72187727276093
 30
0.0
  0
VERTEX
  5
4B1
  8
T9_COUNTERSINK_0_6
 10
2.224601107058751
 20
68.71069777257975
 30
0.0
  0
VERTEX
  5
4B2
  8
T9_COUNTERSINK_0_6
 10
2.236664464515265
 20
68.69908189098228
 30
0.0
  0
VERTEX
  5
4B3
  8
T9_COUNTERSINK_0_6
 10
2.248269251669937
 20
68.68702962796856
 30
0.0
  0
VERTEX
  5
4B4
  8
T9_COUNTERSINK_0_6
 10
2.259415468522768
 20
68.67454098353856
 30
0.0
  0
VERTEX
  5
4B5
  8
T9_COUNTERSINK_0_6
 10
2.270103115073757
 20
68.6616159576923
 30
0.0
  0
VERTEX
  5
4B6
  8
T9_COUNTERSINK_0_6
 10
2.280332191322905
 20
68.64825455042975
 30
0.0
  0
VERTEX
  5
4B7
  8
T9_COUNTERSINK_0_6
 10
2.290102697270211
 20
68.63445676175095
 30
0.0
  0
VERTEX
  5
4B8
  8
T9_COUNTERSINK_0_6
 10
2.299414632915674
 20
68.62022259165589
 30
0.0
  0
VERTEX
  5
4B9
  8
T9_COUNTERSINK_0_6
 10
2.308267998259296
 20
68.60555204014454
 30
0.0
  0
VERTEX
  5
4BA
  8
T9_COUNTERSINK_0_6
 10
2.316662793301077
 20
68.59044510721694
 30
0.0
  0
VERTEX
  5
4BB
  8
T9_COUNTERSINK_0_6
 10
2.324573131007847
 20
68.57485186788051
 30
0.0
  0
VERTEX
  5
4BC
  8
T9_COUNTERSINK_0_6
 10
2.331973124346439
 20
68.55872239714276
 30
0.0
  0
VERTEX
  5
4BD
  8
T9_COUNTERSINK_0_6
 10
2.338862773316851
 20
68.54205669500365
 30
0.0
  0
VERTEX
  5
4BE
  8
T9_COUNTERSINK_0_6
 10
2.345242077919085
 20
68.52485476146319
 30
0.0
  0
VERTEX
  5
4BF
  8
T9_COUNTERSINK_0_6
 10
2.351111038153141
 20
68.50711659652137
 30
0.0
  0
VERTEX
  5
4C0
  8
T9_COUNTERSINK_0_6
 10
2.356469654019017
 20
68.48884220017823
 30
0.0
  0
VERTEX
  5
4C1
  8
T9_COUNTERSINK_0_6
 10
2.361317925516714
 20
68.47003157243373
 30
0.0
  0
VERTEX
  5
4C2
  8
T9_COUNTERSINK_0_6
 10
2.365655852646233
 20
68.45068471328788
 30
0.0
  0
VERTEX
  5
4C3
  8
T9_COUNTERSINK_0_6
 10
2.369483435407574
 20
68.43080162274069
 30
0.0
  0
VERTEX
  5
4C4
  8
T9_COUNTERSINK_0_6
 10
2.372800673800735
 20
68.41038230079215
 30
0.0
  0
VERTEX
  5
4C5
  8
T9_COUNTERSINK_0_6
 10
2.375607567825718
 20
68.38942674744226
 30
0.0
  0
VERTEX
  5
4C6
  8
T9_COUNTERSINK_0_6
 10
2.377904117482523
 20
68.36793496269102
 30
0.0
  0
VERTEX
  5
4C7
  8
T9_COUNTERSINK_0_6
 10
2.379690322771149
 20
68.34590694653843
 30
0.0
  0
VERTEX
  5
4C8
  8
T9_COUNTERSINK_0_6
 10
2.380966183691595
 20
68.3233426989845
 30
0.0
  0
VERTEX
  5
4C9
  8
T9_COUNTERSINK_0_6
 10
2.381731700243863
 20
68.30024222002922
 30
0.0
  0
VERTEX
  5
4CA
  8
T9_COUNTERSINK_0_6
 10
2.381986872427952
 20
68.27660550967259
 30
0.0
  0
VERTEX
  5
4CB
  8
T9_COUNTERSINK_0_6
 10
2.381580076192447
 20
68.24290059248722
 30
0.0
  0
VERTEX
  5
4CC
  8
T9_COUNTERSINK_0_6
 10
2.380359687485933
 20
68.21042346030356
 30
0.0
  0
VERTEX
  5
4CD
  8
T9_COUNTERSINK_0_6
 10
2.37832570630841
 20
68.17917411312162
 30
0.0
  0
VERTEX
  5
4CE
  8
T9_COUNTERSINK_0_6
 10
2.375478132659876
 20
68.14915255094135
 30
0.0
  0
VERTEX
  5
4CF
  8
T9_COUNTERSINK_0_6
 10
2.371816966540333
 20
68.1203587737628
 30
0.0
  0
VERTEX
  5
4D0
  8
T9_COUNTERSINK_0_6
 10
2.367342207949781
 20
68.09279278158596
 30
0.0
  0
VERTEX
  5
4D1
  8
T9_COUNTERSINK_0_6
 10
2.362053856888219
 20
68.06645457441084
 30
0.0
  0
VERTEX
  5
4D2
  8
T9_COUNTERSINK_0_6
 10
2.355951913355647
 20
68.0413441522374
 30
0.0
  0
VERTEX
  5
4D3
  8
T9_COUNTERSINK_0_6
 10
2.349043773647257
 20
68.01730619286666
 30
0.0
  0
VERTEX
  5
4D4
  8
T9_COUNTERSINK_0_6
 10
2.341336834058239
 20
67.9941853740996
 30
0.0
  0
VERTEX
  5
4D5
  8
T9_COUNTERSINK_0_6
 10
2.332831094588594
 20
67.97198169593622
 30
0.0
  0
VERTEX
  5
4D6
  8
T9_COUNTERSINK_0_6
 10
2.323526555238321
 20
67.95069515837656
 30
0.0
  0
VERTEX
  5
4D7
  8
T9_COUNTERSINK_0_6
 10
2.31342321600742
 20
67.93032576142053
 30
0.0
  0
VERTEX
  5
4D8
  8
T9_COUNTERSINK_0_6
 10
2.302521076895892
 20
67.91087350506822
 30
0.0
  0
VERTEX
  5
4D9
  8
T9_COUNTERSINK_0_6
 10
2.290820137903737
 20
67.89233838931958
 30
0.0
  0
VERTEX
  5
4DA
  8
T9_COUNTERSINK_0_6
 10
2.278320399030954
 20
67.87472041417465
 30
0.0
  0
VERTEX
  5
4DB
  8
T9_COUNTERSINK_0_6
 10
2.265206767657318
 20
67.85796780556706
 30
0.0
  0
VERTEX
  5
4DC
  8
T9_COUNTERSINK_0_6
 10
2.251664151162605
 20
67.84202878943044
 30
0.0
  0
VERTEX
  5
4DD
  8
T9_COUNTERSINK_0_6
 10
2.237692549546813
 20
67.82690336576486
 30
0.0
  0
VERTEX
  5
4DE
  8
T9_COUNTERSINK_0_6
 10
2.223291962809944
 20
67.81259153457027
 30
0.0
  0
VERTEX
  5
4DF
  8
T9_COUNTERSINK_0_6
 10
2.208462390951997
 20
67.7990932958467
 30
0.0
  0
VERTEX
  5
4E0
  8
T9_COUNTERSINK_0_6
 10
2.193203833972973
 20
67.78640864959414
 30
0.0
  0
VERTEX
  5
4E1
  8
T9_COUNTERSINK_0_6
 10
2.177516291872871
 20
67.7745375958126
 30
0.0
  0
VERTEX
  5
4E2
  8
T9_COUNTERSINK_0_6
 10
2.161399764651691
 20
67.76348013450206
 30
0.0
  0
VERTEX
  5
4E3
  8
T9_COUNTERSINK_0_6
 10
2.144565796796984
 20
67.75305135828276
 30
0.0
  0
VERTEX
  5
4E4
  8
T9_COUNTERSINK_0_6
 10
2.126725932796302
 20
67.74306635977491
 30
0.0
  0
VERTEX
  5
4E5
  8
T9_COUNTERSINK_0_6
 10
2.107880172649645
 20
67.73352513897854
 30
0.0
  0
VERTEX
  5
4E6
  8
T9_COUNTERSINK_0_6
 10
2.088028516357012
 20
67.72442769589361
 30
0.0
  0
VERTEX
  5
4E7
  8
T9_COUNTERSINK_0_6
 10
2.067170963918403
 20
67.71577403052015
 30
0.0
  0
VERTEX
  5
4E8
  8
T9_COUNTERSINK_0_6
 10
2.045307515333819
 20
67.70756414285813
 30
0.0
  0
VERTEX
  5
4E9
  8
T9_COUNTERSINK_0_6
 10
2.02243817060326
 20
67.69979803290761
 30
0.0
  0
VERTEX
  5
4EA
  8
T9_COUNTERSINK_0_6
 10
1.998562929726725
 20
67.69247570066851
 30
0.0
  0
VERTEX
  5
4EB
  8
T9_COUNTERSINK_0_6
 10
1.955960269426588
 20
68.08252672386087
 30
0.0
  0
VERTEX
  5
4EC
  8
T9_COUNTERSINK_0_6
 10
1.96750033899834
 20
68.08444976061051
 30
0.0
  0
VERTEX
  5
4ED
  8
T9_COUNTERSINK_0_6
 10
1.978689084548519
 20
68.08666864916782
 30
0.0
  0
VERTEX
  5
4EE
  8
T9_COUNTERSINK_0_6
 10
1.989526506077125
 20
68.08918338953275
 30
0.0
  0
VERTEX
  5
4EF
  8
T9_COUNTERSINK_0_6
 10
2.00001260358416
 20
68.09199398170534
 30
0.0
  0
VERTEX
  5
4F0
  8
T9_COUNTERSINK_0_6
 10
2.010147377069623
 20
68.09510042568556
 30
0.0
  0
VERTEX
  5
4F1
  8
T9_COUNTERSINK_0_6
 10
2.019930826533512
 20
68.09850272147341
 30
0.0
  0
VERTEX
  5
4F2
  8
T9_COUNTERSINK_0_6
 10
2.02936295197583
 20
68.1022008690689
 30
0.0
  0
VERTEX
  5
4F3
  8
T9_COUNTERSINK_0_6
 10
2.038443753396574
 20
68.10619486847204
 30
0.0
  0
VERTEX
  5
4F4
  8
T9_COUNTERSINK_0_6
 10
2.047173230795748
 20
68.11048471968283
 30
0.0
  0
VERTEX
  5
4F5
  8
T9_COUNTERSINK_0_6
 10
2.055551384173349
 20
68.11507042270125
 30
0.0
  0
VERTEX
  5
4F6
  8
T9_COUNTERSINK_0_6
 10
2.063578213529377
 20
68.1199519775273
 30
0.0
  0
VERTEX
  5
4F7
  8
T9_COUNTERSINK_0_6
 10
2.071253718863832
 20
68.125129384161
 30
0.0
  0
VERTEX
  5
4F8
  8
T9_COUNTERSINK_0_6
 10
2.078577900176716
 20
68.13060264260234
 30
0.0
  0
VERTEX
  5
4F9
  8
T9_COUNTERSINK_0_6
 10
2.085550757468027
 20
68.13637175285133
 30
0.0
  0
VERTEX
  5
4FA
  8
T9_COUNTERSINK_0_6
 10
2.092172290737767
 20
68.14243671490794
 30
0.0
  0
VERTEX
  5
4FB
  8
T9_COUNTERSINK_0_6
 10
2.098442499985933
 20
68.14879752877219
 30
0.0
  0
VERTEX
  5
4FC
  8
T9_COUNTERSINK_0_6
 10
2.104346592622147
 20
68.15538392963975
 30
0.0
  0
VERTEX
  5
4FD
  8
T9_COUNTERSINK_0_6
 10
2.109869776056023
 20
68.16212565270635
 30
0.0
  0
VERTEX
  5
4FE
  8
T9_COUNTERSINK_0_6
 10
2.115012050287563
 20
68.16902269797194
 30
0.0
  0
VERTEX
  5
4FF
  8
T9_COUNTERSINK_0_6
 10
2.119773415316766
 20
68.17607506543658
 30
0.0
  0
VERTEX
  5
500
  8
T9_COUNTERSINK_0_6
 10
2.124153871143633
 20
68.18328275510018
 30
0.0
  0
VERTEX
  5
501
  8
T9_COUNTERSINK_0_6
 10
2.128153417768164
 20
68.19064576696283
 30
0.0
  0
VERTEX
  5
502
  8
T9_COUNTERSINK_0_6
 10
2.131772055190359
 20
68.19816410102447
 30
0.0
  0
VERTEX
  5
503
  8
T9_COUNTERSINK_0_6
 10
2.135009783410217
 20
68.20583775728514
 30
0.0
  0
VERTEX
  5
504
  8
T9_COUNTERSINK_0_6
 10
2.13786660242774
 20
68.21366673574481
 30
0.0
  0
VERTEX
  5
505
  8
T9_COUNTERSINK_0_6
 10
2.140342512242926
 20
68.2216510364035
 30
0.0
  0
VERTEX
  5
506
  8
T9_COUNTERSINK_0_6
 10
2.142437512855776
 20
68.22979065926118
 30
0.0
  0
VERTEX
  5
507
  8
T9_COUNTERSINK_0_6
 10
2.144151604266288
 20
68.23808560431789
 30
0.0
  0
VERTEX
  5
508
  8
T9_COUNTERSINK_0_6
 10
2.145484786474466
 20
68.24653587157358
 30
0.0
  0
VERTEX
  5
509
  8
T9_COUNTERSINK_0_6
 10
2.146437059480306
 20
68.25514146102832
 30
0.0
  0
VERTEX
  5
50A
  8
T9_COUNTERSINK_0_6
 10
2.147008423283811
 20
68.26390237268205
 30
0.0
  0
VERTEX
  5
50B
  8
T9_COUNTERSINK_0_6
 10
2.147198877884978
 20
68.27281860653481
 30
0.0
  0
VERTEX
  5
50C
  8
T9_COUNTERSINK_0_6
 10
2.146960347365069
 20
68.28276847264051
 30
0.0
  0
VERTEX
  5
50D
  8
T9_COUNTERSINK_0_6
 10
2.14624475580534
 20
68.29250014803806
 30
0.0
  0
VERTEX
  5
50E
  8
T9_COUNTERSINK_0_6
 10
2.145052103205792
 20
68.30201363272747
 30
0.0
  0
VERTEX
  5
50F
  8
T9_COUNTERSINK_0_6
 10
2.143382389566424
 20
68.31130892670875
 30
0.0
  0
VERTEX
  5
510
  8
T9_COUNTERSINK_0_6
 10
2.141235614887238
 20
68.3203860299819
 30
0.0
  0
VERTEX
  5
511
  8
T9_COUNTERSINK_0_6
 10
2.138611779168232
 20
68.32924494254692
 30
0.0
  0
VERTEX
  5
512
  8
T9_COUNTERSINK_0_6
 10
2.135510882409407
 20
68.33788566440379
 30
0.0
  0
VERTEX
  5
513
  8
T9_COUNTERSINK_0_6
 10
2.131932924610763
 20
68.34630819555254
 30
0.0
  0
VERTEX
  5
514
  8
T9_COUNTERSINK_0_6
 10
2.1278779057723
 20
68.35451253599315
 30
0.0
  0
VERTEX
  5
515
  8
T9_COUNTERSINK_0_6
 10
2.123345825894016
 20
68.36249868572563
 30
0.0
  0
VERTEX
  5
516
  8
T9_COUNTERSINK_0_6
 10
2.118336684975914
 20
68.37026664474996
 30
0.0
  0
VERTEX
  5
517
  8
T9_COUNTERSINK_0_6
 10
2.112850483017993
 20
68.37781641306617
 30
0.0
  0
VERTEX
  5
518
  8
T9_COUNTERSINK_0_6
 10
2.106887220020253
 20
68.38514799067426
 30
0.0
  0
VERTEX
  5
519
  8
T9_COUNTERSINK_0_6
 10
2.100446895982693
 20
68.39226137757421
 30
0.0
  0
VERTEX
  5
51A
  8
T9_COUNTERSINK_0_6
 10
2.093529510905314
 20
68.399156573766
 30
0.0
  0
VERTEX
  5
51B
  8
T9_COUNTERSINK_0_6
 10
2.086135064788116
 20
68.40583357924967
 30
0.0
  0
VERTEX
  5
51C
  8
T9_COUNTERSINK_0_6
 10
2.078267255778695
 20
68.41219624218775
 30
0.0
  0
VERTEX
  5
51D
  8
T9_COUNTERSINK_0_6
 10
2.069929782024644
 20
68.41814841074267
 30
0.0
  0
VERTEX
  5
51E
  8
T9_COUNTERSINK_0_6
 10
2.061122643525966
 20
68.42369008491454
 30
0.0
  0
VERTEX
  5
51F
  8
T9_COUNTERSINK_0_6
 10
2.05184584028266
 20
68.42882126470329
 30
0.0
  0
VERTEX
  5
520
  8
T9_COUNTERSINK_0_6
 10
2.042099372294725
 20
68.43354195010895
 30
0.0
  0
VERTEX
  5
521
  8
T9_COUNTERSINK_0_6
 10
2.031883239562161
 20
68.43785214113149
 30
0.0
  0
VERTEX
  5
522
  8
T9_COUNTERSINK_0_6
 10
2.02119744208497
 20
68.44175183777097
 30
0.0
  0
VERTEX
  5
523
  8
T9_COUNTERSINK_0_6
 10
2.01004197986315
 20
68.4452410400273
 30
0.0
  0
VERTEX
  5
524
  8
T9_COUNTERSINK_0_6
 10
1.998416852896703
 20
68.44831974790057
 30
0.0
  0
VERTEX
  5
525
  8
T9_COUNTERSINK_0_6
 10
1.986322061185626
 20
68.45098796139071
 30
0.0
  0
VERTEX
  5
526
  8
T9_COUNTERSINK_0_6
 10
1.973757604729922
 20
68.45324568049776
 30
0.0
  0
VERTEX
  5
527
  8
T9_COUNTERSINK_0_6
 10
1.960723483529589
 20
68.4550929052217
 30
0.0
  0
VERTEX
  5
528
  8
T9_COUNTERSINK_0_6
 10
1.947219697584629
 20
68.45652963556256
 30
0.0
  0
VERTEX
  5
529
  8
T9_COUNTERSINK_0_6
 10
1.93324624689504
 20
68.4575558715203
 30
0.0
  0
VERTEX
  5
52A
  8
T9_COUNTERSINK_0_6
 10
1.918803131460822
 20
68.45817161309496
 30
0.0
  0
VERTEX
  5
52B
  8
T9_COUNTERSINK_0_6
 10
1.903890351281977
 20
68.4583768602865
 30
0.0
  0
VERTEX
  5
52C
  8
T9_COUNTERSINK_0_6
 10
1.888646586893335
 20
68.45816976402116
 30
0.0
  0
VERTEX
  5
52D
  8
T9_COUNTERSINK_0_6
 10
1.873920563168062
 20
68.45754847522512
 30
0.0
  0
VERTEX
  5
52E
  8
T9_COUNTERSINK_0_6
 10
1.859712280106159
 20
68.45651299389839
 30
0.0
  0
VERTEX
  5
52F
  8
T9_COUNTERSINK_0_6
 10
1.846021737707625
 20
68.45506332004095
 30
0.0
  0
VERTEX
  5
530
  8
T9_COUNTERSINK_0_6
 10
1.832848935972462
 20
68.45319945365281
 30
0.0
  0
VERTEX
  5
531
  8
T9_COUNTERSINK_0_6
 10
1.820193874900668
 20
68.450921394734
 30
0.0
  0
VERTEX
  5
532
  8
T9_COUNTERSINK_0_6
 10
1.808056554492243
 20
68.44822914328446
 30
0.0
  0
VERTEX
  5
533
  8
T9_COUNTERSINK_0_6
 10
1.796436974747189
 20
68.44512269930425
 30
0.0
  0
VERTEX
  5
534
  8
T9_COUNTERSINK_0_6
 10
1.785335135665504
 20
68.44160206279335
 30
0.0
  0
VERTEX
  5
535
  8
T9_COUNTERSINK_0_6
 10
1.774751037247189
 20
68.43766723375174
 30
0.0
  0
VERTEX
  5
536
  8
T9_COUNTERSINK_0_6
 10
1.764684679492243
 20
68.43331821217943
 30
0.0
  0
VERTEX
  5
537
  8
T9_COUNTERSINK_0_6
 10
1.755136062400668
 20
68.42855499807642
 30
0.0
  0
VERTEX
  5
538
  8
T9_COUNTERSINK_0_6
 10
1.746105185972462
 20
68.42337759144272
 30
0.0
  0
VERTEX
  5
539
  8
T9_COUNTERSINK_0_6
 10
1.737592050207625
 20
68.41778599227834
 30
0.0
  0
VERTEX
  5
53A
  8
T9_COUNTERSINK_0_6
 10
1.729596655106159
 20
68.41178020058325
 30
0.0
  0
VERTEX
  5
53B
  8
T9_COUNTERSINK_0_6
 10
1.722119000668062
 20
68.40536021635745
 30
0.0
  0
VERTEX
  5
53C
  8
T9_COUNTERSINK_0_6
 10
1.715125803564975
 20
68.39859630440529
 30
0.0
  0
VERTEX
  5
53D
  8
T9_COUNTERSINK_0_6
 10
1.708583780468539
 20
68.39155872953104
 30
0.0
  0
VERTEX
  5
53E
  8
T9_COUNTERSINK_0_6
 10
1.702492931378754
 20
68.38424749173475
 30
0.0
  0
VERTEX
  5
53F
  8
T9_COUNTERSINK_0_6
 10
1.69685325629562
 20
68.37666259101638
 30
0.0
  0
VERTEX
  5
540
  8
T9_COUNTERSINK_0_6
 10
1.691664755219136
 20
68.36880402737594
 30
0.0
  0
VERTEX
  5
541
  8
T9_COUNTERSINK_0_6
 10
1.686927428149303
 20
68.36067180081344
 30
0.0
  0
VERTEX
  5
542
  8
T9_COUNTERSINK_0_6
 10
1.682641275086121
 20
68.35226591132889
 30
0.0
  0
VERTEX
  5
543
  8
T9_COUNTERSINK_0_6
 10
1.67880629602959
 20
68.34358635892224
 30
0.0
  0
VERTEX
  5
544
  8
T9_COUNTERSINK_0_6
 10
1.675422490979709
 20
68.33463314359355
 30
0.0
  0
VERTEX
  5
545
  8
T9_COUNTERSINK_0_6
 10
1.672489859936479
 20
68.32540626534278
 30
0.0
  0
VERTEX
  5
546
  8
T9_COUNTERSINK_0_6
 10
1.6700084028999
 20
68.31590572416995
 30
0.0
  0
VERTEX
  5
547
  8
T9_COUNTERSINK_0_6
 10
1.667978119869972
 20
68.30613152007504
 30
0.0
  0
VERTEX
  5
548
  8
T9_COUNTERSINK_0_6
 10
1.666399010846694
 20
68.29608365305808
 30
0.0
  0
VERTEX
  5
549
  8
T9_COUNTERSINK_0_6
 10
1.665271075830067
 20
68.28576212311904
 30
0.0
  0
VERTEX
  5
54A
  8
T9_COUNTERSINK_0_6
 10
1.664594314820091
 20
68.27516693025797
 30
0.0
  0
VERTEX
  5
54B
  8
T9_COUNTERSINK_0_6
 10
1.664368727816766
 20
68.26429807447478
 30
0.0
  0
VERTEX
  5
54C
  8
T9_COUNTERSINK_0_6
 10
1.664797712937844
 20
68.25039303951573
 30
0.0
  0
VERTEX
  5
54D
  8
T9_COUNTERSINK_0_6
 10
1.666084668301077
 20
68.2366063452797
 30
0.0
  0
VERTEX
  5
54E
  8
T9_COUNTERSINK_0_6
 10
1.668229593906466
 20
68.22293799176674
 30
0.0
  0
VERTEX
  5
54F
  8
T9_COUNTERSINK_0_6
 10
1.67123248975401
 20
68.20938797897682
 30
0.0
  0
VERTEX
  5
550
  8
T9_COUNTERSINK_0_6
 10
1.67509335584371
 20
68.19595630690998
 30
0.0
  0
VERTEX
  5
551
  8
T9_COUNTERSINK_0_6
 10
1.679812192175565
 20
68.18264297556618
 30
0.0
  0
VERTEX
  5
552
  8
T9_COUNTERSINK_0_6
 10
1.685388998749576
 20
68.16944798494546
 30
0.0
  0
VERTEX
  5
553
  8
T9_COUNTERSINK_0_6
 10
1.691823775565743
 20
68.15637133504777
 30
0.0
  0
VERTEX
  5
554
  8
T9_COUNTERSINK_0_6
 10
1.69729703400708
 20
68.14654905503411
 30
0.0
  0
VERTEX
  5
555
  8
T9_COUNTERSINK_0_6
 10
1.703776188594392
 20
68.13649009357437
 30
0.0
  0
VERTEX
  5
556
  8
T9_COUNTERSINK_0_6
 10
1.71126123932768
 20
68.12619445066849
 30
0.0
  0
VERTEX
  5
557
  8
T9_COUNTERSINK_0_6
 10
1.719752186206943
 20
68.11566212631652
 30
0.0
  0
VERTEX
  5
558
  8
T9_COUNTERSINK_0_6
 10
1.729249029232182
 20
68.10489312051843
 30
0.0
  0
VERTEX
  5
559
  8
T9_COUNTERSINK_0_6
 10
1.739751768403396
 20
68.09388743327423
 30
0.0
  0
VERTEX
  5
55A
  8
T9_COUNTERSINK_0_6
 10
1.751260403720586
 20
68.08264506458391
 30
0.0
  0
VERTEX
  5
55B
  8
T9_COUNTERSINK_0_6
 10
1.763774935183751
 20
68.0711660144475
 30
0.0
  0
VERTEX
  5
55C
  8
T9_COUNTERSINK_0_6
 10
1.716438645961377
 20
67.74265216724422
 30
0.0
  0
SEQEND
  5
E88
  8
T9_COUNTERSINK_0_6
  0
POLYLINE
  5
7C
  8
T9_COUNTERSINK_0_6
 66
     1
 10
0.0
 20
0.0
 30
0.0
 70
     1
  0
VERTEX
  5
55D
  8
T9_COUNTERSINK_0_6
 10
1.658688373110081
 20
69.00179746055937
 30
0.0
  0
VERTEX
  5
55E
  8
T9_COUNTERSINK_0_6
 10
1.61015018591917
 20
69.0023540317725
 30
0.0
  0
VERTEX
  5
55F
  8
T9_COUNTERSINK_0_6
 10
1.563468468821199
 20
69.00402374541186
 30
0.0
  0
VERTEX
  5
560
  8
T9_COUNTERSINK_0_6
 10
1.540823786557067
 20
69.0052760306414
 30
0.0
  0
VERTEX
  5
561
  8
T9_COUNTERSINK_0_6
 10
1.518643221816169
 20
69.00680660147748
 30
0.0
  0
VERTEX
  5
562
  8
T9_COUNTERSINK_0_6
 10
1.496926774598506
 20
69.00861545792014
 30
0.0
  0
VERTEX
  5
563
  8
T9_COUNTERSINK_0_6
 10
1.475674444904078
 20
69.01070259996933
 30
0.0
  0
VERTEX
  5
564
  8
T9_COUNTERSINK_0_6
 10
1.454886232732885
 20
69.01306802762511
 30
0.0
  0
VERTEX
  5
565
  8
T9_COUNTERSINK_0_6
 10
1.434562138084927
 20
69.01571174088744
 30
0.0
  0
VERTEX
  5
566
  8
T9_COUNTERSINK_0_6
 10
1.414702160960205
 20
69.01863373975634
 30
0.0
  0
VERTEX
  5
567
  8
T9_COUNTERSINK_0_6
 10
1.395306301358717
 20
69.02183402423178
 30
0.0
  0
VERTEX
  5
568
  8
T9_COUNTERSINK_0_6
 10
1.376374559280464
 20
69.0253125943138
 30
0.0
  0
VERTEX
  5
569
  8
T9_COUNTERSINK_0_6
 10
1.357906934725446
 20
69.02906945000238
 30
0.0
  0
VERTEX
  5
56A
  8
T9_COUNTERSINK_0_6
 10
1.339903427693663
 20
69.03310459129753
 30
0.0
  0
VERTEX
  5
56B
  8
T9_COUNTERSINK_0_6
 10
1.322364038185115
 20
69.03741801819922
 30
0.0
  0
VERTEX
  5
56C
  8
T9_COUNTERSINK_0_6
 10
1.305288766199802
 20
69.04200973070749
 30
0.0
  0
VERTEX
  5
56D
  8
T9_COUNTERSINK_0_6
 10
1.288677611737724
 20
69.0468797288223
 30
0.0
  0
VERTEX
  5
56E
  8
T9_COUNTERSINK_0_6
 10
1.272530574798881
 20
69.05202801254369
 30
0.0
  0
VERTEX
  5
56F
  8
T9_COUNTERSINK_0_6
 10
1.256847655383273
 20
69.05745458187161
 30
0.0
  0
VERTEX
  5
570
  8
T9_COUNTERSINK_0_6
 10
1.2416288534909
 20
69.06315943680612
 30
0.0
  0
VERTEX
  5
571
  8
T9_COUNTERSINK_0_6
 10
1.226874169121762
 20
69.06914257734718
 30
0.0
  0
VERTEX
  5
572
  8
T9_COUNTERSINK_0_6
 10
1.212583602275859
 20
69.07540400349481
 30
0.0
  0
VERTEX
  5
573
  8
T9_COUNTERSINK_0_6
 10
1.198757152953192
 20
69.081943715249
 30
0.0
  0
VERTEX
  5
574
  8
T9_COUNTERSINK_0_6
 10
1.185394821153758
 20
69.08876171260977
 30
0.0
  0
VERTEX
  5
575
  8
T9_COUNTERSINK_0_6
 10
1.17249660687756
 20
69.09585799557706
 30
0.0
  0
VERTEX
  5
576
  8
T9_COUNTERSINK_0_6
 10
1.160062510124597
 20
69.10323256415094
 30
0.0
  0
VERTEX
  5
577
  8
T9_COUNTERSINK_0_6
 10
1.14809253089487
 20
69.11088541833136
 30
0.0
  0
VERTEX
  5
578
  8
T9_COUNTERSINK_0_6
 10
1.136586669188377
 20
69.11881655811837
 30
0.0
  0
VERTEX
  5
579
  8
T9_COUNTERSINK_0_6
 10
1.125544925005118
 20
69.12702598351193
 30
0.0
  0
VERTEX
  5
57A
  8
T9_COUNTERSINK_0_6
 10
1.114967298345095
 20
69.13551369451206
 30
0.0
  0
VERTEX
  5
57B
  8
T9_COUNTERSINK_0_6
 10
1.104853789208307
 20
69.14427969111871
 30
0.0
  0
VERTEX
  5
57C
  8
T9_COUNTERSINK_0_6
 10
1.095126736495249
 20
69.15333044509023
 30
0.0
  0
VERTEX
  5
57D
  8
T9_COUNTERSINK_0_6
 10
1.085708479106414
 20
69.1626724281849
 30
0.0
  0
VERTEX
  5
57E
  8
T9_COUNTERSINK_0_6
 10
1.076599017041804
 20
69.17230564040273
 30
0.0
  0
VERTEX
  5
57F
  8
T9_COUNTERSINK_0_6
 10
1.067798350301418
 20
69.1822300817437
 30
0.0
  0
VERTEX
  5
580
  8
T9_COUNTERSINK_0_6
 10
1.059306478885256
 20
69.19244575220782
 30
0.0
  0
VERTEX
  5
581
  8
T9_COUNTERSINK_0_6
 10
1.051123402793318
 20
69.20295265179507
 30
0.0
  0
VERTEX
  5
582
  8
T9_COUNTERSINK_0_6
 10
1.043249122025604
 20
69.21375078050548
 30
0.0
  0
VERTEX
  5
583
  8
T9_COUNTERSINK_0_6
 10
1.035683636582114
 20
69.22484013833903
 30
0.0
  0
VERTEX
  5
584
  8
T9_COUNTERSINK_0_6
 10
1.028426946462848
 20
69.23622072529572
 30
0.0
  0
VERTEX
  5
585
  8
T9_COUNTERSINK_0_6
 10
1.021479051667806
 20
69.24789254137556
 30
0.0
  0
VERTEX
  5
586
  8
T9_COUNTERSINK_0_6
 10
1.014839952196988
 20
69.25985558657855
 30
0.0
  0
VERTEX
  5
587
  8
T9_COUNTERSINK_0_6
 10
1.008509648050395
 20
69.27210986090468
 30
0.0
  0
VERTEX
  5
588
  8
T9_COUNTERSINK_0_6
 10
1.002488139228025
 20
69.28465536435395
 30
0.0
  0
VERTEX
  5
589
  8
T9_COUNTERSINK_0_6
 10
0.9967754257298798
 20
69.29749209692638
 30
0.0
  0
VERTEX
  5
58A
  8
T9_COUNTERSINK_0_6
 10
0.9913715075559584
 20
69.31062005862195
 30
0.0
  0
VERTEX
  5
58B
  8
T9_COUNTERSINK_0_6
 10
0.9862763847062611
 20
69.32403924944067
 30
0.0
  0
VERTEX
  5
58C
  8
T9_COUNTERSINK_0_6
 10
0.981490057180788
 20
69.33774966938253
 30
0.0
  0
VERTEX
  5
58D
  8
T9_COUNTERSINK_0_6
 10
0.9770125249795387
 20
69.35175131844754
 30
0.0
  0
VERTEX
  5
58E
  8
T9_COUNTERSINK_0_6
 10
0.9728437881025136
 20
69.36604419663568
 30
0.0
  0
VERTEX
  5
58F
  8
T9_COUNTERSINK_0_6
 10
0.9689838465497127
 20
69.38062830394698
 30
0.0
  0
VERTEX
  5
590
  8
T9_COUNTERSINK_0_6
 10
0.9654327003211358
 20
69.39550364038142
 30
0.0
  0
VERTEX
  5
591
  8
T9_COUNTERSINK_0_6
 10
0.9621903494167829
 20
69.41067020593901
 30
0.0
  0
VERTEX
  5
592
  8
T9_COUNTERSINK_0_6
 10
0.9592567938366543
 20
69.42612800061976
 30
0.0
  0
VERTEX
  5
593
  8
T9_COUNTERSINK_0_6
 10
0.9566320335807496
 20
69.44187702442362
 30
0.0
  0
VERTEX
  5
594
  8
T9_COUNTERSINK_0_6
 10
0.9543160686490689
 20
69.45791727735065
 30
0.0
  0
VERTEX
  5
595
  8
T9_COUNTERSINK_0_6
 10
0.9523088990416124
 20
69.47424875940081
 30
0.0
  0
VERTEX
  5
596
  8
T9_COUNTERSINK_0_6
 10
0.95061052475838
 20
69.49087147057412
 30
0.0
  0
VERTEX
  5
597
  8
T9_COUNTERSINK_0_6
 10
0.9492209457993716
 20
69.50778541087058
 30
0.0
  0
VERTEX
  5
598
  8
T9_COUNTERSINK_0_6
 10
0.9481401621645873
 20
69.5249905802902
 30
0.0
  0
VERTEX
  5
599
  8
T9_COUNTERSINK_0_6
 10
0.947368173854027
 20
69.54248697883294
 30
0.0
  0
VERTEX
  5
59A
  8
T9_COUNTERSINK_0_6
 10
0.946904980867691
 20
69.56027460649884
 30
0.0
  0
VERTEX
  5
59B
  8
T9_COUNTERSINK_0_6
 10
0.9467505832055789
 20
69.57835346328788
 30
0.0
  0
VERTEX
  5
59C
  8
T9_COUNTERSINK_0_6
 10
0.9472905127545216
 20
69.61259831002221
 30
0.0
  0
VERTEX
  5
59D
  8
T9_COUNTERSINK_0_6
 10
0.9489103014013498
 20
69.64527514217602
 30
0.0
  0
VERTEX
  5
59E
  8
T9_COUNTERSINK_0_6
 10
0.9501251428864709
 20
69.66102555278525
 30
0.0
  0
VERTEX
  5
59F
  8
T9_COUNTERSINK_0_6
 10
0.9516099491460632
 20
69.67638395974934
 30
0.0
  0
VERTEX
  5
5A0
  8
T9_COUNTERSINK_0_6
 10
0.953364720180127
 20
69.69135036306832
 30
0.0
  0
VERTEX
  5
5A1
  8
T9_COUNTERSINK_0_6
 10
0.9553894559886622
 20
69.70592476274217
 30
0.0
  0
VERTEX
  5
5A2
  8
T9_COUNTERSINK_0_6
 10
0.9576841565716687
 20
69.7201071587709
 30
0.0
  0
VERTEX
  5
5A3
  8
T9_COUNTERSINK_0_6
 10
0.9602488219291465
 20
69.73389755115451
 30
0.0
  0
VERTEX
  5
5A4
  8
T9_COUNTERSINK_0_6
 10
0.9630834520610956
 20
69.74729593989301
 30
0.0
  0
VERTEX
  5
5A5
  8
T9_COUNTERSINK_0_6
 10
0.9661880469675161
 20
69.76030232498638
 30
0.0
  0
VERTEX
  5
5A6
  8
T9_COUNTERSINK_0_6
 10
0.9695626066484081
 20
69.77291670643461
 30
0.0
  0
VERTEX
  5
5A7
  8
T9_COUNTERSINK_0_6
 10
0.9732071311037713
 20
69.78513908423774
 30
0.0
  0
VERTEX
  5
5A8
  8
T9_COUNTERSINK_0_6
 10
0.977121620333606
 20
69.79696945839574
 30
0.0
  0
VERTEX
  5
5A9
  8
T9_COUNTERSINK_0_6
 10
0.9813060743379118
 20
69.80840782890861
 30
0.0
  0
VERTEX
  5
5AA
  8
T9_COUNTERSINK_0_6
 10
0.9902703841093987
 20
69.83037482562588
 30
0.0
  0
VERTEX
  5
5AB
  8
T9_COUNTERSINK_0_6
 10
0.9998855678576934
 20
69.8513063410164
 30
0.0
  0
VERTEX
  5
5AC
  8
T9_COUNTERSINK_0_6
 10
1.010151625582796
 20
69.87120237508017
 30
0.0
  0
VERTEX
  5
5AD
  8
T9_COUNTERSINK_0_6
 10
1.021068557284706
 20
69.89006292781721
 30
0.0
  0
VERTEX
  5
5AE
  8
T9_COUNTERSINK_0_6
 10
1.032636362963424
 20
69.90788799922753
 30
0.0
  0
VERTEX
  5
5AF
  8
T9_COUNTERSINK_0_6
 10
1.044855042618949
 20
69.92467758931107
 30
0.0
  0
VERTEX
  5
5B0
  8
T9_COUNTERSINK_0_6
 10
1.057724596251282
 20
69.9404316980679
 30
0.0
  0
VERTEX
  5
5B1
  8
T9_COUNTERSINK_0_6
 10
1.071245023860422
 20
69.95515032549798
 30
0.0
  0
VERTEX
  5
5B2
  8
T9_COUNTERSINK_0_6
 10
1.085179644000258
 20
69.96897400120997
 30
0.0
  0
VERTEX
  5
5B3
  8
T9_COUNTERSINK_0_6
 10
1.099291775224678
 20
69.98204325481245
 30
0.0
  0
VERTEX
  5
5B4
  8
T9_COUNTERSINK_0_6
 10
1.113581417533682
 20
69.99435808630545
 30
0.0
  0
VERTEX
  5
5B5
  8
T9_COUNTERSINK_0_6
 10
1.128048570927271
 20
70.00591849568897
 30
0.0
  0
VERTEX
  5
5B6
  8
T9_COUNTERSINK_0_6
 10
1.142693235405442
 20
70.01672448296303
 30
0.0
  0
VERTEX
  5
5B7
  8
T9_COUNTERSINK_0_6
 10
1.157515410968198
 20
70.02677604812759
 30
0.0
  0
VERTEX
  5
5B8
  8
T9_COUNTERSINK_0_6
 10
1.172515097615538
 20
70.03607319118267
 30
0.0
  0
VERTEX
  5
5B9
  8
T9_COUNTERSINK_0_6
 10
1.187692295347462
 20
70.04461591212826
 30
0.0
  0
VERTEX
  5
5BA
  8
T9_COUNTERSINK_0_6
 10
1.20327628931489
 20
70.05258172204897
 30
0.0
  0
VERTEX
  5
5BB
  8
T9_COUNTERSINK_0_6
 10
1.219496364668744
 20
70.06014813202935
 30
0.0
  0
VERTEX
  5
5BC
  8
T9_COUNTERSINK_0_6
 10
1.236352521409023
 20
70.06731514206942
 30
0.0
  0
VERTEX
  5
5BD
  8
T9_COUNTERSINK_0_6
 10
1.253844759535729
 20
70.07408275216919
 30
0.0
  0
VERTEX
  5
5BE
  8
T9_COUNTERSINK_0_6
 10
1.27197307904886
 20
70.08045096232863
 30
0.0
  0
VERTEX
  5
5BF
  8
T9_COUNTERSINK_0_6
 10
1.290737479948416
 20
70.08641977254777
 30
0.0
  0
VERTEX
  5
5C0
  8
T9_COUNTERSINK_0_6
 10
1.310137962234399
 20
70.09198918282658
 30
0.0
  0
VERTEX
  5
5C1
  8
T9_COUNTERSINK_0_6
 10
1.330174525906807
 20
70.0971591931651
 30
0.0
  0
VERTEX
  5
5C2
  8
T9_COUNTERSINK_0_6
 10
1.349634178554317
 20
70.10185953875896
 30
0.0
  0
VERTEX
  5
5C3
  8
T9_COUNTERSINK_0_6
 10
1.369197379334501
 20
70.10625663625002
 30
0.0
  0
VERTEX
  5
5C4
  8
T9_COUNTERSINK_0_6
 10
1.388864128247359
 20
70.11035048563824
 30
0.0
  0
VERTEX
  5
5C5
  8
T9_COUNTERSINK_0_6
 10
1.408634425292891
 20
70.11414108692362
 30
0.0
  0
VERTEX
  5
5C6
  8
T9_COUNTERSINK_0_6
 10
1.428508270471097
 20
70.11762844010616
 30
0.0
  0
VERTEX
  5
5C7
  8
T9_COUNTERSINK_0_6
 10
1.448485663781977
 20
70.1208125451859
 30
0.0
  0
VERTEX
  5
5C8
  8
T9_COUNTERSINK_0_6
 10
1.468566605225531
 20
70.12369340216279
 30
0.0
  0
VERTEX
  5
5C9
  8
T9_COUNTERSINK_0_6
 10
1.488751094801759
 20
70.12627101103685
 30
0.0
  0
VERTEX
  5
5CA
  8
T9_COUNTERSINK_0_6
 10
1.509039132510661
 20
70.12854537180806
 30
0.0
  0
VERTEX
  5
5CB
  8
T9_COUNTERSINK_0_6
 10
1.529430718352236
 20
70.13051648447647
 30
0.0
  0
VERTEX
  5
5CC
  8
T9_COUNTERSINK_0_6
 10
1.549925852326486
 20
70.13218434904203
 30
0.0
  0
VERTEX
  5
5CD
  8
T9_COUNTERSINK_0_6
 10
1.57052453443341
 20
70.13354896550479
 30
0.0
  0
VERTEX
  5
5CE
  8
T9_COUNTERSINK_0_6
 10
1.591226764673007
 20
70.13461033386469
 30
0.0
  0
VERTEX
  5
5CF
  8
T9_COUNTERSINK_0_6
 10
1.612032543045279
 20
70.13536845412177
 30
0.0
  0
VERTEX
  5
5D0
  8
T9_COUNTERSINK_0_6
 10
1.632941869550224
 20
70.13582332627601
 30
0.0
  0
VERTEX
  5
5D1
  8
T9_COUNTERSINK_0_6
 10
1.653954744187843
 20
70.13597495032744
 30
0.0
  0
VERTEX
  5
5D2
  8
T9_COUNTERSINK_0_6
 10
1.700381289101725
 20
70.13547570040204
 30
0.0
  0
VERTEX
  5
5D3
  8
T9_COUNTERSINK_0_6
 10
1.745225026844733
 20
70.13397795062588
 30
0.0
  0
VERTEX
  5
5D4
  8
T9_COUNTERSINK_0_6
 10
1.788485957416868
 20
70.1314817009989
 30
0.0
  0
VERTEX
  5
5D5
  8
T9_COUNTERSINK_0_6
 10
1.83016408081813
 20
70.12798695152117
 30
0.0
  0
VERTEX
  5
5D6
  8
T9_COUNTERSINK_0_6
 10
1.870259397048519
 20
70.12349370219263
 30
0.0
  0
VERTEX
  5
5D7
  8
T9_COUNTERSINK_0_6
 10
1.889713502474636
 20
70.12087264008431
 30
0.0
  0
VERTEX
  5
5D8
  8
T9_COUNTERSINK_0_6
 10
1.908771906108035
 20
70.11800195301332
 30
0.0
  0
VERTEX
  5
5D9
  8
T9_COUNTERSINK_0_6
 10
1.927434607948715
 20
70.1148816409796
 30
0.0
  0
VERTEX
  5
5DA
  8
T9_COUNTERSINK_0_6
 10
1.945701607996677
 20
70.11151170398321
 30
0.0
  0
VERTEX
  5
5DB
  8
T9_COUNTERSINK_0_6
 10
1.963572906251921
 20
70.10789214202413
 30
0.0
  0
VERTEX
  5
5DC
  8
T9_COUNTERSINK_0_6
 10
1.981048502714447
 20
70.10402295510234
 30
0.0
  0
VERTEX
  5
5DD
  8
T9_COUNTERSINK_0_6
 10
1.998128397384255
 20
70.09990414321784
 30
0.0
  0
VERTEX
  5
5DE
  8
T9_COUNTERSINK_0_6
 10
2.014812590261343
 20
70.09553570637067
 30
0.0
  0
VERTEX
  5
5DF
  8
T9_COUNTERSINK_0_6
 10
2.031101081345714
 20
70.09091764456079
 30
0.0
  0
VERTEX
  5
5E0
  8
T9_COUNTERSINK_0_6
 10
2.046993870637367
 20
70.08604995778822
 30
0.0
  0
VERTEX
  5
5E1
  8
T9_COUNTERSINK_0_6
 10
2.062490958136301
 20
70.08093264605293
 30
0.0
  0
VERTEX
  5
5E2
  8
T9_COUNTERSINK_0_6
 10
2.077592343842517
 20
70.07556570935498
 30
0.0
  0
VERTEX
  5
5E3
  8
T9_COUNTERSINK_0_6
 10
2.092298027756014
 20
70.0699491476943
 30
0.0
  0
VERTEX
  5
5E4
  8
T9_COUNTERSINK_0_6
 10
2.106608009876793
 20
70.06408296107097
 30
0.0
  0
VERTEX
  5
5E5
  8
T9_COUNTERSINK_0_6
 10
2.120522290204854
 20
70.05796714948491
 30
0.0
  0
VERTEX
  5
5E6
  8
T9_COUNTERSINK_0_6
 10
2.134040868740197
 20
70.05160171293616
 30
0.0
  0
VERTEX
  5
5E7
  8
T9_COUNTERSINK_0_6
 10
2.147163745482822
 20
70.04498665142471
 30
0.0
  0
VERTEX
  5
5E8
  8
T9_COUNTERSINK_0_6
 10
2.159890920432728
 20
70.03812196495056
 30
0.0
  0
VERTEX
  5
5E9
  8
T9_COUNTERSINK_0_6
 10
2.172222393589915
 20
70.03100765351371
 30
0.0
  0
VERTEX
  5
5EA
  8
T9_COUNTERSINK_0_6
 10
2.184158164954385
 20
70.0236437171142
 30
0.0
  0
VERTEX
  5
5EB
  8
T9_COUNTERSINK_0_6
 10
2.195698234526136
 20
70.01603015575196
 30
0.0
  0
VERTEX
  5
5EC
  8
T9_COUNTERSINK_0_6
 10
2.20684260230517
 20
70.00816696942704
 30
0.0
  0
VERTEX
  5
5ED
  8
T9_COUNTERSINK_0_6
 10
2.217618079861552
 20
69.99999868592548
 30
0.0
  0
VERTEX
  5
5EE
  8
T9_COUNTERSINK_0_6
 10
2.228051478765351
 20
69.99146983303336
 30
0.0
  0
VERTEX
  5
5EF
  8
T9_COUNTERSINK_0_6
 10
2.238142799016566
 20
69.9825804107507
 30
0.0
  0
VERTEX
  5
5F0
  8
T9_COUNTERSINK_0_6
 10
2.247892040615197
 20
69.97333041907746
 30
0.0
  0
VERTEX
  5
5F1
  8
T9_COUNTERSINK_0_6
 10
2.257299203561245
 20
69.96371985801366
 30
0.0
  0
VERTEX
  5
5F2
  8
T9_COUNTERSINK_0_6
 10
2.26636428785471
 20
69.95374872755929
 30
0.0
  0
VERTEX
  5
5F3
  8
T9_COUNTERSINK_0_6
 10
2.275087293495591
 20
69.94341702771436
 30
0.0
  0
VERTEX
  5
5F4
  8
T9_COUNTERSINK_0_6
 10
2.283468220483888
 20
69.93272475847888
 30
0.0
  0
VERTEX
  5
5F5
  8
T9_COUNTERSINK_0_6
 10
2.291507068819601
 20
69.92167191985284
 30
0.0
  0
VERTEX
  5
5F6
  8
T9_COUNTERSINK_0_6
 10
2.299203838502731
 20
69.91025851183623
 30
0.0
  0
VERTEX
  5
5F7
  8
T9_COUNTERSINK_0_6
 10
2.306558529533278
 20
69.89848453442906
 30
0.0
  0
VERTEX
  5
5F8
  8
T9_COUNTERSINK_0_6
 10
2.313571141911241
 20
69.88634998763135
 30
0.0
  0
VERTEX
  5
5F9
  8
T9_COUNTERSINK_0_6
 10
2.32024167563662
 20
69.87385487144306
 30
0.0
  0
VERTEX
  5
5FA
  8
T9_COUNTERSINK_0_6
 10
2.326570130709416
 20
69.8609991858642
 30
0.0
  0
VERTEX
  5
5FB
  8
T9_COUNTERSINK_0_6
 10
2.332556507129628
 20
69.8477829308948
 30
0.0
  0
VERTEX
  5
5FC
  8
T9_COUNTERSINK_0_6
 10
2.338200804897257
 20
69.83420610653482
 30
0.0
  0
VERTEX
  5
5FD
  8
T9_COUNTERSINK_0_6
 10
2.343503024012302
 20
69.82026871278428
 30
0.0
  0
VERTEX
  5
5FE
  8
T9_COUNTERSINK_0_6
 10
2.348463164474764
 20
69.8059707496432
 30
0.0
  0
VERTEX
  5
5FF
  8
T9_COUNTERSINK_0_6
 10
2.353081226284642
 20
69.79131221711154
 30
0.0
  0
VERTEX
  5
600
  8
T9_COUNTERSINK_0_6
 10
2.357357209441936
 20
69.77629311518933
 30
0.0
  0
VERTEX
  5
601
  8
T9_COUNTERSINK_0_6
 10
2.361291113946647
 20
69.76091344387655
 30
0.0
  0
VERTEX
  5
602
  8
T9_COUNTERSINK_0_6
 10
2.364882939798775
 20
69.74517320317321
 30
0.0
  0
VERTEX
  5
603
  8
T9_COUNTERSINK_0_6
 10
2.368132686998319
 20
69.7290723930793
 30
0.0
  0
VERTEX
  5
604
  8
T9_COUNTERSINK_0_6
 10
2.371040355545279
 20
69.71261101359485
 30
0.0
  0
VERTEX
  5
605
  8
T9_COUNTERSINK_0_6
 10
2.373605945439655
 20
69.69578906471983
 30
0.0
  0
VERTEX
  5
606
  8
T9_COUNTERSINK_0_6
 10
2.375829456681449
 20
69.67860654645423
 30
0.0
  0
VERTEX
  5
607
  8
T9_COUNTERSINK_0_6
 10
2.377710889270658
 20
69.66106345879808
 30
0.0
  0
VERTEX
  5
608
  8
T9_COUNTERSINK_0_6
 10
2.379250243207284
 20
69.64315980175138
 30
0.0
  0
VERTEX
  5
609
  8
T9_COUNTERSINK_0_6
 10
2.380447518491327
 20
69.62489557531413
 30
0.0
  0
VERTEX
  5
60A
  8
T9_COUNTERSINK_0_6
 10
2.381302715122785
 20
69.6062707794863
 30
0.0
  0
VERTEX
  5
60B
  8
T9_COUNTERSINK_0_6
 10
2.381815833101661
 20
69.5872854142679
 30
0.0
  0
VERTEX
  5
60C
  8
T9_COUNTERSINK_0_6
 10
2.381986872427952
 20
69.56793947965896
 30
0.0
  0
VERTEX
  5
60D
  8
T9_COUNTERSINK_0_6
 10
2.381768681719818
 20
69.5463090143729
 30
0.0
  0
VERTEX
  5
60E
  8
T9_COUNTERSINK_0_6
 10
2.381114109595415
 20
69.52520368604539
 30
0.0
  0
VERTEX
  5
60F
  8
T9_COUNTERSINK_0_6
 10
2.380023156054743
 20
69.50462349467642
 30
0.0
  0
VERTEX
  5
610
  8
T9_COUNTERSINK_0_6
 10
2.378495821097802
 20
69.48456844026605
 30
0.0
  0
VERTEX
  5
611
  8
T9_COUNTERSINK_0_6
 10
2.376532104724593
 20
69.46503852281421
 30
0.0
  0
VERTEX
  5
612
  8
T9_COUNTERSINK_0_6
 10
2.374132006935115
 20
69.44603374232095
 30
0.0
  0
VERTEX
  5
613
  8
T9_COUNTERSINK_0_6
 10
2.371295527729368
 20
69.42755409878625
 30
0.0
  0
VERTEX
  5
614
  8
T9_COUNTERSINK_0_6
 10
2.368022667107352
 20
69.40959959221011
 30
0.0
  0
VERTEX
  5
615
  8
T9_COUNTERSINK_0_6
 10
2.364313425069068
 20
69.39217022259253
 30
0.0
  0
VERTEX
  5
616
  8
T9_COUNTERSINK_0_6
 10
2.360167801614515
 20
69.37526598993352
 30
0.0
  0
VERTEX
  5
617
  8
T9_COUNTERSINK_0_6
 10
2.355585796743693
 20
69.35888689423305
 30
0.0
  0
VERTEX
  5
618
  8
T9_COUNTERSINK_0_6
 10
2.350567410456602
 20
69.34303293549115
 30
0.0
  0
VERTEX
  5
619
  8
T9_COUNTERSINK_0_6
 10
2.345112642753242
 20
69.32770411370781
 30
0.0
  0
VERTEX
  5
61A
  8
T9_COUNTERSINK_0_6
 10
2.339221493633614
 20
69.31290042888304
 30
0.0
  0
VERTEX
  5
61B
  8
T9_COUNTERSINK_0_6
 10
2.332893963097717
 20
69.29862188101681
 30
0.0
  0
VERTEX
  5
61C
  8
T9_COUNTERSINK_0_6
 10
2.326130051145551
 20
69.28486847010916
 30
0.0
  0
VERTEX
  5
61D
  8
T9_COUNTERSINK_0_6
 10
2.318944550367499
 20
69.2715292517322
 30
0.0
  0
VERTEX
  5
61E
  8
T9_COUNTERSINK_0_6
 10
2.311352253353942
 20
69.25849328145807
 30
0.0
  0
VERTEX
  5
61F
  8
T9_COUNTERSINK_0_6
 10
2.30335316010488
 20
69.24576055928678
 30
0.0
  0
VERTEX
  5
620
  8
T9_COUNTERSINK_0_6
 10
2.294947270620313
 20
69.23333108521831
 30
0.0
  0
VERTEX
  5
621
  8
T9_COUNTERSINK_0_6
 10
2.286134584900241
 20
69.22120485925268
 30
0.0
  0
VERTEX
  5
622
  8
T9_COUNTERSINK_0_6
 10
2.276915102944665
 20
69.20938188138986
 30
0.0
  0
VERTEX
  5
623
  8
T9_COUNTERSINK_0_6
 10
2.267288824753583
 20
69.19786215162989
 30
0.0
  0
VERTEX
  5
624
  8
T9_COUNTERSINK_0_6
 10
2.257255750326998
 20
69.18664566997273
 30
0.0
  0
VERTEX
  5
625
  8
T9_COUNTERSINK_0_6
 10
2.246815879664907
 20
69.17573243641843
 30
0.0
  0
VERTEX
  5
626
  8
T9_COUNTERSINK_0_6
 10
2.235969212767311
 20
69.16512245096693
 30
0.0
  0
VERTEX
  5
627
  8
T9_COUNTERSINK_0_6
 10
2.224715749634211
 20
69.15481571361829
 30
0.0
  0
VERTEX
  5
628
  8
T9_COUNTERSINK_0_6
 10
2.213055490265607
 20
69.14481222437246
 30
0.0
  0
VERTEX
  5
629
  8
T9_COUNTERSINK_0_6
 10
2.200988434661497
 20
69.13511198322948
 30
0.0
  0
VERTEX
  5
62A
  8
T9_COUNTERSINK_0_6
 10
2.188514582821882
 20
69.12571499018931
 30
0.0
  0
VERTEX
  5
62B
  8
T9_COUNTERSINK_0_6
 10
2.175633934746763
 20
69.11662124525199
 30
0.0
  0
VERTEX
  5
62C
  8
T9_COUNTERSINK_0_6
 10
2.162346490436138
 20
69.10783074841748
 30
0.0
  0
VERTEX
  5
62D
  8
T9_COUNTERSINK_0_6
 10
2.152540852086676
 20
69.10164559656401
 30
0.0
  0
VERTEX
  5
62E
  8
T9_COUNTERSINK_0_6
 10
2.142295134173348
 20
69.09563425764753
 30
0.0
  0
VERTEX
  5
62F
  8
T9_COUNTERSINK_0_6
 10
2.131609336696157
 20
69.08979673166805
 30
0.0
  0
VERTEX
  5
630
  8
T9_COUNTERSINK_0_6
 10
2.120483459655101
 20
69.08413301862554
 30
0.0
  0
VERTEX
  5
631
  8
T9_COUNTERSINK_0_6
 10
2.108917503050181
 20
69.07864311852002
 30
0.0
  0
VERTEX
  5
632
  8
T9_COUNTERSINK_0_6
 10
2.096911466881397
 20
69.0733270313515
 30
0.0
  0
VERTEX
  5
633
  8
T9_COUNTERSINK_0_6
 10
2.084465351148749
 20
69.06818475711995
 30
0.0
  0
VERTEX
  5
634
  8
T9_COUNTERSINK_0_6
 10
2.071579155852236
 20
69.0632162958254
 30
0.0
  0
VERTEX
  5
635
  8
T9_COUNTERSINK_0_6
 10
2.058252880991859
 20
69.05842164746784
 30
0.0
  0
VERTEX
  5
636
  8
T9_COUNTERSINK_0_6
 10
2.044486526567618
 20
69.05380081204726
 30
0.0
  0
VERTEX
  5
637
  8
T9_COUNTERSINK_0_6
 10
2.015633579027543
 20
69.04508058001707
 30
0.0
  0
VERTEX
  5
638
  8
T9_COUNTERSINK_0_6
 10
1.985020313232011
 20
69.03705559973486
 30
0.0
  0
VERTEX
  5
639
  8
T9_COUNTERSINK_0_6
 10
1.952646729181022
 20
69.02972587120057
 30
0.0
  0
VERTEX
  5
63A
  8
T9_COUNTERSINK_0_6
 10
1.918956604586036
 20
69.02318014995652
 30
0.0
  0
VERTEX
  5
63B
  8
T9_COUNTERSINK_0_6
 10
1.884393717158512
 20
69.01750719154504
 30
0.0
  0
VERTEX
  5
63C
  8
T9_COUNTERSINK_0_6
 10
1.84895806689845
 20
69.01270699596608
 30
0.0
  0
VERTEX
  5
63D
  8
T9_COUNTERSINK_0_6
 10
1.812649653805852
 20
69.00877956321966
 30
0.0
  0
VERTEX
  5
63E
  8
T9_COUNTERSINK_0_6
 10
1.775468477880715
 20
69.0057248933058
 30
0.0
  0
VERTEX
  5
63F
  8
T9_COUNTERSINK_0_6
 10
1.737414539123041
 20
69.00354298622446
 30
0.0
  0
VERTEX
  5
640
  8
T9_COUNTERSINK_0_6
 10
1.69848783753283
 20
69.00223384197564
 30
0.0
  0
SEQEND
  5
E89
  8
T9_COUNTERSINK_0_6
  0
POLYLINE
  5
7D
  8
T9_COUNTERSINK_0_6
 66
     1
 10
0.0
 20
0.0
 30
0.0
 70
     1
  0
VERTEX
  5
641
  8
T9_COUNTERSINK_0_6
 10
1.659635098894528
 20
69.38427467747614
 30
0.0
  0
VERTEX
  5
642
  8
T9_COUNTERSINK_0_6
 10
1.692114080151989
 20
69.38445773578212
 30
0.0
  0
VERTEX
  5
643
  8
T9_COUNTERSINK_0_6
 10
1.723280219013048
 20
69.38500691070006
 30
0.0
  0
VERTEX
  5
644
  8
T9_COUNTERSINK_0_6
 10
1.753133515477705
 20
69.38592220222995
 30
0.0
  0
VERTEX
  5
645
  8
T9_COUNTERSINK_0_6
 10
1.781673969545961
 20
69.38720361037178
 30
0.0
  0
VERTEX
  5
646
  8
T9_COUNTERSINK_0_6
 10
1.808901581217814
 20
69.38885113512556
 30
0.0
  0
VERTEX
  5
647
  8
T9_COUNTERSINK_0_6
 10
1.834816350493266
 20
69.39086477649133
 30
0.0
  0
VERTEX
  5
648
  8
T9_COUNTERSINK_0_6
 10
1.859418277372316
 20
69.39324453446903
 30
0.0
  0
VERTEX
  5
649
  8
T9_COUNTERSINK_0_6
 10
1.882707361854965
 20
69.39599040905868
 30
0.0
  0
VERTEX
  5
64A
  8
T9_COUNTERSINK_0_6
 10
1.904683603941212
 20
69.39910240026029
 30
0.0
  0
VERTEX
  5
64B
  8
T9_COUNTERSINK_0_6
 10
1.925347003631056
 20
69.40258050807385
 30
0.0
  0
VERTEX
  5
64C
  8
T9_COUNTERSINK_0_6
 10
1.944697560924499
 20
69.40642473249937
 30
0.0
  0
VERTEX
  5
64D
  8
T9_COUNTERSINK_0_6
 10
1.962735275821541
 20
69.41063507353685
 30
0.0
  0
VERTEX
  5
64E
  8
T9_COUNTERSINK_0_6
 10
1.97946014832218
 20
69.41521153118629
 30
0.0
  0
VERTEX
  5
64F
  8
T9_COUNTERSINK_0_6
 10
1.994872178426418
 20
69.42015410544766
 30
0.0
  0
VERTEX
  5
650
  8
T9_COUNTERSINK_0_6
 10
2.008971366134254
 20
69.425462796321
 30
0.0
  0
VERTEX
  5
651
  8
T9_COUNTERSINK_0_6
 10
2.021757711445688
 20
69.43113760380629
 30
0.0
  0
VERTEX
  5
652
  8
T9_COUNTERSINK_0_6
 10
2.033508575430383
 20
69.43716003716557
 30
0.0
  0
VERTEX
  5
653
  8
T9_COUNTERSINK_0_6
 10
2.044501319158001
 20
69.44351160566083
 30
0.0
  0
VERTEX
  5
654
  8
T9_COUNTERSINK_0_6
 10
2.054735942628541
 20
69.4501923092921
 30
0.0
  0
VERTEX
  5
655
  8
T9_COUNTERSINK_0_6
 10
2.064212445842005
 20
69.45720214805937
 30
0.0
  0
VERTEX
  5
656
  8
T9_COUNTERSINK_0_6
 10
2.072930828798391
 20
69.46454112196264
 30
0.0
  0
VERTEX
  5
657
  8
T9_COUNTERSINK_0_6
 10
2.080891091497701
 20
69.4722092310019
 30
0.0
  0
VERTEX
  5
658
  8
T9_COUNTERSINK_0_6
 10
2.088093233939933
 20
69.48020647517717
 30
0.0
  0
VERTEX
  5
659
  8
T9_COUNTERSINK_0_6
 10
2.094537256125088
 20
69.48853285448843
 30
0.0
  0
VERTEX
  5
65A
  8
T9_COUNTERSINK_0_6
 10
2.100223158053166
 20
69.4971883689357
 30
0.0
  0
VERTEX
  5
65B
  8
T9_COUNTERSINK_0_6
 10
2.105150939724167
 20
69.50617301851895
 30
0.0
  0
VERTEX
  5
65C
  8
T9_COUNTERSINK_0_6
 10
2.109320601138091
 20
69.51548680323822
 30
0.0
  0
VERTEX
  5
65D
  8
T9_COUNTERSINK_0_6
 10
2.112732142294938
 20
69.52512972309347
 30
0.0
  0
VERTEX
  5
65E
  8
T9_COUNTERSINK_0_6
 10
2.115385563194707
 20
69.53510177808474
 30
0.0
  0
VERTEX
  5
65F
  8
T9_COUNTERSINK_0_6
 10
2.1172808638374
 20
69.54540296821199
 30
0.0
  0
VERTEX
  5
660
  8
T9_COUNTERSINK_0_6
 10
2.118418044223016
 20
69.55603329347527
 30
0.0
  0
VERTEX
  5
661
  8
T9_COUNTERSINK_0_6
 10
2.118797104351554
 20
69.56699275387452
 30
0.0
  0
VERTEX
  5
662
  8
T9_COUNTERSINK_0_6
 10
2.11863623493115
 20
69.57426885926864
 30
0.0
  0
VERTEX
  5
663
  8
T9_COUNTERSINK_0_6
 10
2.118153626669938
 20
69.58142292579214
 30
0.0
  0
VERTEX
  5
664
  8
T9_COUNTERSINK_0_6
 10
2.117349279567917
 20
69.58845495344498
 30
0.0
  0
VERTEX
  5
665
  8
T9_COUNTERSINK_0_6
 10
2.116223193625088
 20
69.59536494222716
 30
0.0
  0
VERTEX
  5
666
  8
T9_COUNTERSINK_0_6
 10
2.114775368841451
 20
69.6021528921387
 30
0.0
  0
VERTEX
  5
667
  8
T9_COUNTERSINK_0_6
 10
2.113005805217004
 20
69.60881880317959
 30
0.0
  0
VERTEX
  5
668
  8
T9_COUNTERSINK_0_6
 10
2.110914502751751
 20
69.61536267534981
 30
0.0
  0
VERTEX
  5
669
  8
T9_COUNTERSINK_0_6
 10
2.108501461445688
 20
69.6217845086494
 30
0.0
  0
VERTEX
  5
66A
  8
T9_COUNTERSINK_0_6
 10
2.105766681298817
 20
69.62808430307831
 30
0.0
  0
VERTEX
  5
66B
  8
T9_COUNTERSINK_0_6
 10
2.102710162311138
 20
69.63426205863661
 30
0.0
  0
VERTEX
  5
66C
  8
T9_COUNTERSINK_0_6
 10
2.09933190448265
 20
69.64031777532423
 30
0.0
  0
VERTEX
  5
66D
  8
T9_COUNTERSINK_0_6
 10
2.095631907813355
 20
69.64625145314122
 30
0.0
  0
VERTEX
  5
66E
  8
T9_COUNTERSINK_0_6
 10
2.091610172303251
 20
69.65206309208753
 30
0.0
  0
VERTEX
  5
66F
  8
T9_COUNTERSINK_0_6
 10
2.087266697952338
 20
69.65775269216323
 30
0.0
  0
VERTEX
  5
670
  8
T9_COUNTERSINK_0_6
 10
2.082601484760618
 20
69.66332025336823
 30
0.0
  0
VERTEX
  5
671
  8
T9_COUNTERSINK_0_6
 10
2.077614532728089
 20
69.66876577570261
 30
0.0
  0
VERTEX
  5
672
  8
T9_COUNTERSINK_0_6
 10
2.072279954821583
 20
69.67406152305938
 30
0.0
  0
VERTEX
  5
673
  8
T9_COUNTERSINK_0_6
 10
2.066571864007932
 20
69.67917975933153
 30
0.0
  0
VERTEX
  5
674
  8
T9_COUNTERSINK_0_6
 10
2.060490260287136
 20
69.68412048451913
 30
0.0
  0
VERTEX
  5
675
  8
T9_COUNTERSINK_0_6
 10
2.054035143659194
 20
69.68888369862213
 30
0.0
  0
VERTEX
  5
676
  8
T9_COUNTERSINK_0_6
 10
2.047206514124107
 20
69.69346940164056
 30
0.0
  0
VERTEX
  5
677
  8
T9_COUNTERSINK_0_6
 10
2.040004371681875
 20
69.69787759357439
 30
0.0
  0
VERTEX
  5
678
  8
T9_COUNTERSINK_0_6
 10
2.032428716332497
 20
69.70210827442364
 30
0.0
  0
VERTEX
  5
679
  8
T9_COUNTERSINK_0_6
 10
2.024479548075974
 20
69.7061614441883
 30
0.0
  0
VERTEX
  5
67A
  8
T9_COUNTERSINK_0_6
 10
2.016156866912306
 20
69.7100371028684
 30
0.0
  0
VERTEX
  5
67B
  8
T9_COUNTERSINK_0_6
 10
2.007460672841493
 20
69.71373525046388
 30
0.0
  0
VERTEX
  5
67C
  8
T9_COUNTERSINK_0_6
 10
1.98894774597843
 20
69.72059901240112
 30
0.0
  0
VERTEX
  5
67D
  8
T9_COUNTERSINK_0_6
 10
1.968940767486786
 20
69.72675273000004
 30
0.0
  0
VERTEX
  5
67E
  8
T9_COUNTERSINK_0_6
 10
1.947439737366561
 20
69.7321964032606
 30
0.0
  0
VERTEX
  5
67F
  8
T9_COUNTERSINK_0_6
 10
1.935927403901776
 20
69.73466121863301
 30
0.0
  0
VERTEX
  5
680
  8
T9_COUNTERSINK_0_6
 10
1.923638459441936
 20
69.73696701365878
 30
0.0
  0
VERTEX
  5
681
  8
T9_COUNTERSINK_0_6
 10
1.896730737537093
 20
69.74110154267055
 30
0.0
  0
VERTEX
  5
682
  8
T9_COUNTERSINK_0_6
 10
1.866716571652032
 20
69.7445999902959
 30
0.0
  0
VERTEX
  5
683
  8
T9_COUNTERSINK_0_6
 10
1.833595961786752
 20
69.74746235653481
 30
0.0
  0
VERTEX
  5
684
  8
T9_COUNTERSINK_0_6
 10
1.797368907941254
 20
69.7496886413873
 30
0.0
  0
VERTEX
  5
685
  8
T9_COUNTERSINK_0_6
 10
1.758035410115538
 20
69.75127884485335
 30
0.0
  0
VERTEX
  5
686
  8
T9_COUNTERSINK_0_6
 10
1.715595468309603
 20
69.752232966933
 30
0.0
  0
VERTEX
  5
687
  8
T9_COUNTERSINK_0_6
 10
1.67004908252345
 20
69.75255100762621
 30
0.0
  0
VERTEX
  5
688
  8
T9_COUNTERSINK_0_6
 10
1.636201786655656
 20
69.75236794932025
 30
0.0
  0
VERTEX
  5
689
  8
T9_COUNTERSINK_0_6
 10
1.603770881316936
 20
69.7518187744023
 30
0.0
  0
VERTEX
  5
68A
  8
T9_COUNTERSINK_0_6
 10
1.572756366507293
 20
69.75090348287242
 30
0.0
  0
VERTEX
  5
68B
  8
T9_COUNTERSINK_0_6
 10
1.543158242226724
 20
69.74962207473058
 30
0.0
  0
VERTEX
  5
68C
  8
T9_COUNTERSINK_0_6
 10
1.514976508475232
 20
69.74797454997679
 30
0.0
  0
VERTEX
  5
68D
  8
T9_COUNTERSINK_0_6
 10
1.488211165252816
 20
69.74596090861104
 30
0.0
  0
VERTEX
  5
68E
  8
T9_COUNTERSINK_0_6
 10
1.462862212559475
 20
69.74358115063333
 30
0.0
  0
VERTEX
  5
68F
  8
T9_COUNTERSINK_0_6
 10
1.43892965039521
 20
69.74083527604367
 30
0.0
  0
VERTEX
  5
690
  8
T9_COUNTERSINK_0_6
 10
1.416413478760021
 20
69.73772328484206
 30
0.0
  0
VERTEX
  5
691
  8
T9_COUNTERSINK_0_6
 10
1.395313697653907
 20
69.7342451770285
 30
0.0
  0
VERTEX
  5
692
  8
T9_COUNTERSINK_0_6
 10
1.37563030707687
 20
69.73040095260298
 30
0.0
  0
VERTEX
  5
693
  8
T9_COUNTERSINK_0_6
 10
1.357363307028907
 20
69.7261906115655
 30
0.0
  0
VERTEX
  5
694
  8
T9_COUNTERSINK_0_6
 10
1.340512697510021
 20
69.72161415391608
 30
0.0
  0
VERTEX
  5
695
  8
T9_COUNTERSINK_0_6
 10
1.32507847852021
 20
69.71667157965469
 30
0.0
  0
VERTEX
  5
696
  8
T9_COUNTERSINK_0_6
 10
1.311060650059475
 20
69.71136288878135
 30
0.0
  0
VERTEX
  5
697
  8
T9_COUNTERSINK_0_6
 10
1.298459212127816
 20
69.70568808129606
 30
0.0
  0
VERTEX
  5
698
  8
T9_COUNTERSINK_0_6
 10
1.286937633294042
 20
69.69964715719883
 30
0.0
  0
VERTEX
  5
699
  8
T9_COUNTERSINK_0_6
 10
1.276159382126964
 20
69.69324011648962
 30
0.0
  0
VERTEX
  5
69A
  8
T9_COUNTERSINK_0_6
 10
1.26612445862658
 20
69.68646695916846
 30
0.0
  0
VERTEX
  5
69B
  8
T9_COUNTERSINK_0_6
 10
1.256832862792891
 20
69.67932768523535
 30
0.0
  0
VERTEX
  5
69C
  8
T9_COUNTERSINK_0_6
 10
1.248284594625898
 20
69.67182229469029
 30
0.0
  0
VERTEX
  5
69D
  8
T9_COUNTERSINK_0_6
 10
1.240479654125599
 20
69.66395078753327
 30
0.0
  0
VERTEX
  5
69E
  8
T9_COUNTERSINK_0_6
 10
1.233418041291996
 20
69.65571316376429
 30
0.0
  0
VERTEX
  5
69F
  8
T9_COUNTERSINK_0_6
 10
1.227099756125088
 20
69.64710942338337
 30
0.0
  0
VERTEX
  5
6A0
  8
T9_COUNTERSINK_0_6
 10
1.221524798624874
 20
69.63813956639049
 30
0.0
  0
VERTEX
  5
6A1
  8
T9_COUNTERSINK_0_6
 10
1.216693168791356
 20
69.62880359278566
 30
0.0
  0
VERTEX
  5
6A2
  8
T9_COUNTERSINK_0_6
 10
1.212604866624533
 20
69.61910150256887
 30
0.0
  0
VERTEX
  5
6A3
  8
T9_COUNTERSINK_0_6
 10
1.209259892124406
 20
69.60903329574013
 30
0.0
  0
VERTEX
  5
6A4
  8
T9_COUNTERSINK_0_6
 10
1.206658245290973
 20
69.59859897229944
 30
0.0
  0
VERTEX
  5
6A5
  8
T9_COUNTERSINK_0_6
 10
1.204799926124235
 20
69.58779853224678
 30
0.0
  0
VERTEX
  5
6A6
  8
T9_COUNTERSINK_0_6
 10
1.203684934624192
 20
69.57663197558217
 30
0.0
  0
VERTEX
  5
6A7
  8
T9_COUNTERSINK_0_6
 10
1.203313270790845
 20
69.56509930230561
 30
0.0
  0
VERTEX
  5
6A8
  8
T9_COUNTERSINK_0_6
 10
1.203692330919383
 20
69.55335398554232
 30
0.0
  0
VERTEX
  5
6A9
  8
T9_COUNTERSINK_0_6
 10
1.204829511304999
 20
69.5420228613097
 30
0.0
  0
VERTEX
  5
6AA
  8
T9_COUNTERSINK_0_6
 10
1.206724811947692
 20
69.5311059296078
 30
0.0
  0
VERTEX
  5
6AB
  8
T9_COUNTERSINK_0_6
 10
1.209378232847461
 20
69.52060319043659
 30
0.0
  0
VERTEX
  5
6AC
  8
T9_COUNTERSINK_0_6
 10
1.212789774004308
 20
69.51051464379607
 30
0.0
  0
VERTEX
  5
6AD
  8
T9_COUNTERSINK_0_6
 10
1.216959435418232
 20
69.50084028968624
 30
0.0
  0
VERTEX
  5
6AE
  8
T9_COUNTERSINK_0_6
 10
1.221887217089233
 20
69.4915801281071
 30
0.0
  0
VERTEX
  5
6AF
  8
T9_COUNTERSINK_0_6
 10
1.227573119017311
 20
69.48273415905868
 30
0.0
  0
VERTEX
  5
6B0
  8
T9_COUNTERSINK_0_6
 10
1.234017141202466
 20
69.47430238254094
 30
0.0
  0
VERTEX
  5
6B1
  8
T9_COUNTERSINK_0_6
 10
1.241219283644698
 20
69.4662847985539
 30
0.0
  0
VERTEX
  5
6B2
  8
T9_COUNTERSINK_0_6
 10
1.249179546344008
 20
69.45868140709756
 30
0.0
  0
VERTEX
  5
6B3
  8
T9_COUNTERSINK_0_6
 10
1.257897929300394
 20
69.45149220817191
 30
0.0
  0
VERTEX
  5
6B4
  8
T9_COUNTERSINK_0_6
 10
1.267374432513858
 20
69.44471720177697
 30
0.0
  0
VERTEX
  5
6B5
  8
T9_COUNTERSINK_0_6
 10
1.277609055984398
 20
69.4383563879127
 30
0.0
  0
VERTEX
  5
6B6
  8
T9_COUNTERSINK_0_6
 10
1.288601799712016
 20
69.43240976657916
 30
0.0
  0
VERTEX
  5
6B7
  8
T9_COUNTERSINK_0_6
 10
1.300352663696711
 20
69.42687733777629
 30
0.0
  0
VERTEX
  5
6B8
  8
T9_COUNTERSINK_0_6
 10
1.313127914565359
 20
69.42171842188057
 30
0.0
  0
VERTEX
  5
6B9
  8
T9_COUNTERSINK_0_6
 10
1.327193818944835
 20
69.41689233926843
 30
0.0
  0
VERTEX
  5
6BA
  8
T9_COUNTERSINK_0_6
 10
1.34255037683514
 20
69.41239908993991
 30
0.0
  0
VERTEX
  5
6BB
  8
T9_COUNTERSINK_0_6
 10
1.359197588236274
 20
69.40823867389497
 30
0.0
  0
VERTEX
  5
6BC
  8
T9_COUNTERSINK_0_6
 10
1.377135453148237
 20
69.40441109113364
 30
0.0
  0
VERTEX
  5
6BD
  8
T9_COUNTERSINK_0_6
 10
1.396363971571029
 20
69.40091634165589
 30
0.0
  0
VERTEX
  5
6BE
  8
T9_COUNTERSINK_0_6
 10
1.416883143504649
 20
69.39775442546174
 30
0.0
  0
VERTEX
  5
6BF
  8
T9_COUNTERSINK_0_6
 10
1.438692968949098
 20
69.39492534255118
 30
0.0
  0
VERTEX
  5
6C0
  8
T9_COUNTERSINK_0_6
 10
1.461793447904376
 20
69.39242909292422
 30
0.0
  0
VERTEX
  5
6C1
  8
T9_COUNTERSINK_0_6
 10
1.486184580370483
 20
69.39026567658084
 30
0.0
  0
VERTEX
  5
6C2
  8
T9_COUNTERSINK_0_6
 10
1.511866366347419
 20
69.38843509352108
 30
0.0
  0
VERTEX
  5
6C3
  8
T9_COUNTERSINK_0_6
 10
1.538838805835183
 20
69.3869373437449
 30
0.0
  0
VERTEX
  5
6C4
  8
T9_COUNTERSINK_0_6
 10
1.567101898833776
 20
69.38577242725232
 30
0.0
  0
VERTEX
  5
6C5
  8
T9_COUNTERSINK_0_6
 10
1.596655645343198
 20
69.38494034404333
 30
0.0
  0
VERTEX
  5
6C6
  8
T9_COUNTERSINK_0_6
 10
1.627500045363449
 20
69.38444109411793
 30
0.0
  0
SEQEND
  5
E8A
  8
T9_COUNTERSINK_0_6
  0
POLYLINE
  5
7E
  8
T9_COUNTERSINK_0_6
 66
     1
 10
0.0
 20
0.0
 30
0.0
 70
     1
  0
VERTEX
  5
6C7
  8
T9_COUNTERSINK_0_6
 10
1.703184484979112
 20
70.25810257652117
 30
0.0
  0
VERTEX
  5
6C8
  8
T9_COUNTERSINK_0_6
 10
1.703184484979112
 20
70.81856424091407
 30
0.0
  0
VERTEX
  5
6C9
  8
T9_COUNTERSINK_0_6
 10
2.001403107080067
 20
70.81856424091407
 30
0.0
  0
VERTEX
  5
6CA
  8
T9_COUNTERSINK_0_6
 10
2.001403107080067
 20
70.25810257652117
 30
0.0
  0
SEQEND
  5
E8B
  8
T9_COUNTERSINK_0_6
  0
POLYLINE
  5
7F
  8
T9_COUNTERSINK_0_6
 66
     1
 10
0.0
 20
0.0
 30
0.0
 70
     1
  0
VERTEX
  5
6CB
  8
T9_COUNTERSINK_0_6
 10
1.282838236684433
 20
72.05688156697138
 30
0.0
  0
VERTEX
  5
6CC
  8
T9_COUNTERSINK_0_6
 10
1.330174525906807
 20
71.67345762427016
 30
0.0
  0
VERTEX
  5
6CD
  8
T9_COUNTERSINK_0_6
 10
1.310796232506397
 20
71.66935268043916
 30
0.0
  0
VERTEX
  5
6CE
  8
T9_COUNTERSINK_0_6
 10
1.292897198144187
 20
71.66461165522173
 30
0.0
  0
VERTEX
  5
6CF
  8
T9_COUNTERSINK_0_6
 10
1.276477422820176
 20
71.65923454861787
 30
0.0
  0
VERTEX
  5
6D0
  8
T9_COUNTERSINK_0_6
 10
1.261536906534364
 20
71.65322136062758
 30
0.0
  0
VERTEX
  5
6D1
  8
T9_COUNTERSINK_0_6
 10
1.254621370530783
 20
71.64997623611254
 30
0.0
  0
VERTEX
  5
6D2
  8
T9_COUNTERSINK_0_6
 10
1.248075649286752
 20
71.64657209125087
 30
0.0
  0
VERTEX
  5
6D3
  8
T9_COUNTERSINK_0_6
 10
1.24189974280227
 20
71.64300892604263
 30
0.0
  0
VERTEX
  5
6D4
  8
T9_COUNTERSINK_0_6
 10
1.236093651077339
 20
71.63928674048775
 30
0.0
  0
VERTEX
  5
6D5
  8
T9_COUNTERSINK_0_6
 10
1.230657374111957
 20
71.63540553458628
 30
0.0
  0
VERTEX
  5
6D6
  8
T9_COUNTERSINK_0_6
 10
1.225590911906125
 20
71.63136530833819
 30
0.0
  0
VERTEX
  5
6D7
  8
T9_COUNTERSINK_0_6
 10
1.220894264459842
 20
71.62716606174351
 30
0.0
  0
VERTEX
  5
6D8
  8
T9_COUNTERSINK_0_6
 10
1.216567431773109
 20
71.62280779480221
 30
0.0
  0
VERTEX
  5
6D9
  8
T9_COUNTERSINK_0_6
 10
1.208801321822564
 20
71.61367337024133
 30
0.0
  0
VERTEX
  5
6DA
  8
T9_COUNTERSINK_0_6
 10
1.202070693198757
 20
71.60402120501709
 30
0.0
  0
VERTEX
  5
6DB
  8
T9_COUNTERSINK_0_6
 10
1.196375545901691
 20
71.59385129912947
 30
0.0
  0
VERTEX
  5
6DC
  8
T9_COUNTERSINK_0_6
 10
1.191715879931363
 20
71.58316365257848
 30
0.0
  0
VERTEX
  5
6DD
  8
T9_COUNTERSINK_0_6
 10
1.188091695287775
 20
71.57195826536412
 30
0.0
  0
VERTEX
  5
6DE
  8
T9_COUNTERSINK_0_6
 10
1.185502991970927
 20
71.56023513748639
 30
0.0
  0
VERTEX
  5
6DF
  8
T9_COUNTERSINK_0_6
 10
1.183949769980817
 20
71.54799426894527
 30
0.0
  0
VERTEX
  5
6E0
  8
T9_COUNTERSINK_0_6
 10
1.183432029317448
 20
71.53523565974082
 30
0.0
  0
VERTEX
  5
6E1
  8
T9_COUNTERSINK_0_6
 10
1.183801844076998
 20
71.52368264665247
 30
0.0
  0
VERTEX
  5
6E2
  8
T9_COUNTERSINK_0_6
 10
1.184911288355647
 20
71.51245507055256
 30
0.0
  0
VERTEX
  5
6E3
  8
T9_COUNTERSINK_0_6
 10
1.186760362153396
 20
71.50155293144104
 30
0.0
  0
VERTEX
  5
6E4
  8
T9_COUNTERSINK_0_6
 10
1.189349065470245
 20
71.49097622931791
 30
0.0
  0
VERTEX
  5
6E5
  8
T9_COUNTERSINK_0_6
 10
1.192677398306193
 20
71.48072496418318
 30
0.0
  0
VERTEX
  5
6E6
  8
T9_COUNTERSINK_0_6
 10
1.196745360661241
 20
71.47079913603687
 30
0.0
  0
VERTEX
  5
6E7
  8
T9_COUNTERSINK_0_6
 10
1.201552952535388
 20
71.46119874487897
 30
0.0
  0
VERTEX
  5
6E8
  8
T9_COUNTERSINK_0_6
 10
1.207100173928635
 20
71.45192379070944
 30
0.0
  0
VERTEX
  5
6E9
  8
T9_COUNTERSINK_0_6
 10
1.213387024840981
 20
71.44297427352834
 30
0.0
  0
VERTEX
  5
6EA
  8
T9_COUNTERSINK_0_6
 10
1.220413505272427
 20
71.43435019333563
 30
0.0
  0
VERTEX
  5
6EB
  8
T9_COUNTERSINK_0_6
 10
1.228179615222973
 20
71.42605155013133
 30
0.0
  0
VERTEX
  5
6EC
  8
T9_COUNTERSINK_0_6
 10
1.236685354692618
 20
71.41807834391544
 30
0.0
  0
VERTEX
  5
6ED
  8
T9_COUNTERSINK_0_6
 10
1.245930723681363
 20
71.41043057468795
 30
0.0
  0
VERTEX
  5
6EE
  8
T9_COUNTERSINK_0_6
 10
1.255915722189208
 20
71.40310824244887
 30
0.0
  0
VERTEX
  5
6EF
  8
T9_COUNTERSINK_0_6
 10
1.266640350216152
 20
71.39611134719817
 30
0.0
  0
VERTEX
  5
6F0
  8
T9_COUNTERSINK_0_6
 10
1.278104607762195
 20
71.38943988893591
 30
0.0
  0
VERTEX
  5
6F1
  8
T9_COUNTERSINK_0_6
 10
1.287231636027884
 20
71.38478392111317
 30
0.0
  0
VERTEX
  5
6F2
  8
T9_COUNTERSINK_0_6
 10
1.297571656704897
 20
71.38028327548946
 30
0.0
  0
VERTEX
  5
6F3
  8
T9_COUNTERSINK_0_6
 10
1.309124669793232
 20
71.37593795206475
 30
0.0
  0
VERTEX
  5
6F4
  8
T9_COUNTERSINK_0_6
 10
1.321890675292891
 20
71.37174795083905
 30
0.0
  0
VERTEX
  5
6F5
  8
T9_COUNTERSINK_0_6
 10
1.335869673203873
 20
71.36771327181235
 30
0.0
  0
VERTEX
  5
6F6
  8
T9_COUNTERSINK_0_6
 10
1.351061663526179
 20
71.36383391498468
 30
0.0
  0
VERTEX
  5
6F7
  8
T9_COUNTERSINK_0_6
 10
1.367466646259808
 20
71.36010988035602
 30
0.0
  0
VERTEX
  5
6F8
  8
T9_COUNTERSINK_0_6
 10
1.38508462140476
 20
71.35654116792637
 30
0.0
  0
VERTEX
  5
6F9
  8
T9_COUNTERSINK_0_6
 10
1.403915588961036
 20
71.3531277776957
 30
0.0
  0
VERTEX
  5
6FA
  8
T9_COUNTERSINK_0_6
 10
1.423959548928635
 20
71.34986970966409
 30
0.0
  0
VERTEX
  5
6FB
  8
T9_COUNTERSINK_0_6
 10
1.445216501307557
 20
71.34676696383144
 30
0.0
  0
VERTEX
  5
6FC
  8
T9_COUNTERSINK_0_6
 10
1.467686446097803
 20
71.34381954019784
 30
0.0
  0
VERTEX
  5
6FD
  8
T9_COUNTERSINK_0_6
 10
1.516265312912264
 20
71.33839065952765
 30
0.0
  0
VERTEX
  5
6FE
  8
T9_COUNTERSINK_0_6
 10
1.569696149372018
 20
71.3335830676535
 30
0.0
  0
VERTEX
  5
6FF
  8
T9_COUNTERSINK_0_6
 10
1.552751237089446
 20
71.3509199835812
 30
0.0
  0
VERTEX
  5
700
  8
T9_COUNTERSINK_0_6
 10
1.536945354266288
 20
71.36837524023196
 30
0.0
  0
VERTEX
  5
701
  8
T9_COUNTERSINK_0_6
 10
1.522278500902543
 20
71.38594883760577
 30
0.0
  0
VERTEX
  5
702
  8
T9_COUNTERSINK_0_6
 10
1.508750676998212
 20
71.40364077570263
 30
0.0
  0
VERTEX
  5
703
  8
T9_COUNTERSINK_0_6
 10
1.496361882553293
 20
71.42145105452255
 30
0.0
  0
VERTEX
  5
704
  8
T9_COUNTERSINK_0_6
 10
1.485112117567789
 20
71.43937967406552
 30
0.0
  0
VERTEX
  5
705
  8
T9_COUNTERSINK_0_6
 10
1.475001382041697
 20
71.45742663433155
 30
0.0
  0
VERTEX
  5
706
  8
T9_COUNTERSINK_0_6
 10
1.466029675975019
 20
71.47559193532064
 30
0.0
  0
VERTEX
  5
707
  8
T9_COUNTERSINK_0_6
 10
1.461959864546174
 20
71.48479292653822
 30
0.0
  0
VERTEX
  5
708
  8
T9_COUNTERSINK_0_6
 10
1.458152621596609
 20
71.4941714288404
 30
0.0
  0
VERTEX
  5
709
  8
T9_COUNTERSINK_0_6
 10
1.454607947126324
 20
71.50372744222716
 30
0.0
  0
VERTEX
  5
70A
  8
T9_COUNTERSINK_0_6
 10
1.451325841135319
 20
71.51346096669852
 30
0.0
  0
VERTEX
  5
70B
  8
T9_COUNTERSINK_0_6
 10
1.448306303623595
 20
71.52337200225443
 30
0.0
  0
VERTEX
  5
70C
  8
T9_COUNTERSINK_0_6
 10
1.445549334591152
 20
71.53346054889496
 30
0.0
  0
VERTEX
  5
70D
  8
T9_COUNTERSINK_0_6
 10
1.440823101964105
 20
71.55417017542976
 30
0.0
  0
VERTEX
  5
70E
  8
T9_COUNTERSINK_0_6
 10
1.43714714325418
 20
71.57558984630288
 30
0.0
  0
VERTEX
  5
70F
  8
T9_COUNTERSINK_0_6
 10
1.434521458461377
 20
71.59771956151435
 30
0.0
  0
VERTEX
  5
710
  8
T9_COUNTERSINK_0_6
 10
1.432946047585695
 20
71.62055932106415
 30
0.0
  0
VERTEX
  5
711
  8
T9_COUNTERSINK_0_6
 10
1.432420910627134
 20
71.64410912495228
 30
0.0
  0
VERTEX
  5
712
  8
T9_COUNTERSINK_0_6
 10
1.432938651290504
 20
71.66708016874172
 30
0.0
  0
VERTEX
  5
713
  8
T9_COUNTERSINK_0_6
 10
1.434491873280613
 20
71.6896037366721
 30
0.0
  0
VERTEX
  5
714
  8
T9_COUNTERSINK_0_6
 10
1.437080576597461
 20
71.71167982874343
 30
0.0
  0
VERTEX
  5
715
  8
T9_COUNTERSINK_0_6
 10
1.44070476124105
 20
71.7333084449557
 30
0.0
  0
VERTEX
  5
716
  8
T9_COUNTERSINK_0_6
 10
1.445364427211377
 20
71.75448958530892
 30
0.0
  0
VERTEX
  5
717
  8
T9_COUNTERSINK_0_6
 10
1.451059574508444
 20
71.77522324980308
 30
0.0
  0
VERTEX
  5
718
  8
T9_COUNTERSINK_0_6
 10
1.45779020313225
 20
71.79550943843817
 30
0.0
  0
VERTEX
  5
719
  8
T9_COUNTERSINK_0_6
 10
1.465556313082796
 20
71.81534815121422
 30
0.0
  0
VERTEX
  5
71A
  8
T9_COUNTERSINK_0_6
 10
1.474357904360081
 20
71.83473938813121
 30
0.0
  0
VERTEX
  5
71B
  8
T9_COUNTERSINK_0_6
 10
1.484194976964105
 20
71.85368314918915
 30
0.0
  0
VERTEX
  5
71C
  8
T9_COUNTERSINK_0_6
 10
1.495067530894869
 20
71.87217943438803
 30
0.0
  0
VERTEX
  5
71D
  8
T9_COUNTERSINK_0_6
 10
1.506975566152373
 20
71.89022824372786
 30
0.0
  0
VERTEX
  5
71E
  8
T9_COUNTERSINK_0_6
 10
1.519919082736616
 20
71.90782957720863
 30
0.0
  0
VERTEX
  5
71F
  8
T9_COUNTERSINK_0_6
 10
1.533898080647598
 20
71.92498343483035
 30
0.0
  0
VERTEX
  5
720
  8
T9_COUNTERSINK_0_6
 10
1.54891255988532
 20
71.94168981659301
 30
0.0
  0
VERTEX
  5
721
  8
T9_COUNTERSINK_0_6
 10
1.564962520449781
 20
71.95794872249662
 30
0.0
  0
VERTEX
  5
722
  8
T9_COUNTERSINK_0_6
 10
1.581807582747274
 20
71.97348279147151
 30
0.0
  0
VERTEX
  5
723
  8
T9_COUNTERSINK_0_6
 10
1.599207367184091
 20
71.98801466244802
 30
0.0
  0
VERTEX
  5
724
  8
T9_COUNTERSINK_0_6
 10
1.617161873760234
 20
72.00154433542613
 30
0.0
  0
VERTEX
  5
725
  8
T9_COUNTERSINK_0_6
 10
1.635671102475702
 20
72.01407181040588
 30
0.0
  0
VERTEX
  5
726
  8
T9_COUNTERSINK_0_6
 10
1.654735053330493
 20
72.02559708738725
 30
0.0
  0
VERTEX
  5
727
  8
T9_COUNTERSINK_0_6
 10
1.67435372632461
 20
72.03612016637024
 30
0.0
  0
VERTEX
  5
728
  8
T9_COUNTERSINK_0_6
 10
1.694527121458052
 20
72.04564104735485
 30
0.0
  0
VERTEX
  5
729
  8
T9_COUNTERSINK_0_6
 10
1.715255238730818
 20
72.05415973034108
 30
0.0
  0
VERTEX
  5
72A
  8
T9_COUNTERSINK_0_6
 10
1.736538078142908
 20
72.06167621532893
 30
0.0
  0
VERTEX
  5
72B
  8
T9_COUNTERSINK_0_6
 10
1.758375639694324
 20
72.0681905023184
 30
0.0
  0
VERTEX
  5
72C
  8
T9_COUNTERSINK_0_6
 10
1.780767923385064
 20
72.07370259130948
 30
0.0
  0
VERTEX
  5
72D
  8
T9_COUNTERSINK_0_6
 10
1.803714929215129
 20
72.0782124823022
 30
0.0
  0
VERTEX
  5
72E
  8
T9_COUNTERSINK_0_6
 10
1.827216657184518
 20
72.08172017529654
 30
0.0
  0
VERTEX
  5
72F
  8
T9_COUNTERSINK_0_6
 10
1.851273107293232
 20
72.08422567029248
 30
0.0
  0
VERTEX
  5
730
  8
T9_COUNTERSINK_0_6
 10
1.875884279541271
 20
72.08572896729005
 30
0.0
  0
VERTEX
  5
731
  8
T9_COUNTERSINK_0_6
 10
1.901050173928635
 20
72.08623006628925
 30
0.0
  0
VERTEX
  5
732
  8
T9_COUNTERSINK_0_6
 10
1.918117125081857
 20
72.08597674317895
 30
0.0
  0
VERTEX
  5
733
  8
T9_COUNTERSINK_0_6
 10
1.934999168855306
 20
72.08521677384807
 30
0.0
  0
VERTEX
  5
734
  8
T9_COUNTERSINK_0_6
 10
1.951696305248979
 20
72.08395015829662
 30
0.0
  0
VERTEX
  5
735
  8
T9_COUNTERSINK_0_6
 10
1.968208534262878
 20
72.08217689652457
 30
0.0
  0
VERTEX
  5
736
  8
T9_COUNTERSINK_0_6
 10
1.984535855897001
 20
72.07989698853196
 30
0.0
  0
VERTEX
  5
737
  8
T9_COUNTERSINK_0_6
 10
2.00067827015135
 20
72.07711043431875
 30
0.0
  0
VERTEX
  5
738
  8
T9_COUNTERSINK_0_6
 10
2.016635777025924
 20
72.07381723388497
 30
0.0
  0
VERTEX
  5
739
  8
T9_COUNTERSINK_0_6
 10
2.032408376520722
 20
72.07001738723058
 30
0.0
  0
VERTEX
  5
73A
  8
T9_COUNTERSINK_0_6
 10
2.047996068635746
 20
72.06571089435562
 30
0.0
  0
VERTEX
  5
73B
  8
T9_COUNTERSINK_0_6
 10
2.063398853370995
 20
72.06089775526009
 30
0.0
  0
VERTEX
  5
73C
  8
T9_COUNTERSINK_0_6
 10
2.078616730726469
 20
72.05557796994397
 30
0.0
  0
VERTEX
  5
73D
  8
T9_COUNTERSINK_0_6
 10
2.093649700702168
 20
72.04975153840726
 30
0.0
  0
VERTEX
  5
73E
  8
T9_COUNTERSINK_0_6
 10
2.108497763298092
 20
72.04341846064997
 30
0.0
  0
VERTEX
  5
73F
  8
T9_COUNTERSINK_0_6
 10
2.123160918514242
 20
72.03657873667211
 30
0.0
  0
VERTEX
  5
740
  8
T9_COUNTERSINK_0_6
 10
2.137639166350616
 20
72.02923236647365
 30
0.0
  0
VERTEX
  5
741
  8
T9_COUNTERSINK_0_6
 10
2.151932506807216
 20
72.0213793500546
 30
0.0
  0
VERTEX
  5
742
  8
T9_COUNTERSINK_0_6
 10
2.165917051939591
 20
72.01307700870271
 30
0.0
  0
VERTEX
  5
743
  8
T9_COUNTERSINK_0_6
 10
2.179468913803293
 20
72.0043826637057
 30
0.0
  0
VERTEX
  5
744
  8
T9_COUNTERSINK_0_6
 10
2.192588092398323
 20
71.99529631506356
 30
0.0
  0
VERTEX
  5
745
  8
T9_COUNTERSINK_0_6
 10
2.205274587724678
 20
71.98581796277628
 30
0.0
  0
VERTEX
  5
746
  8
T9_COUNTERSINK_0_6
 10
2.217528399782361
 20
71.97594760684389
 30
0.0
  0
VERTEX
  5
747
  8
T9_COUNTERSINK_0_6
 10
2.22934952857137
 20
71.96568524726638
 30
0.0
  0
VERTEX
  5
748
  8
T9_COUNTERSINK_0_6
 10
2.240737974091705
 20
71.95503088404375
 30
0.0
  0
VERTEX
  5
749
  8
T9_COUNTERSINK_0_6
 10
2.251693736343368
 20
71.943984517176
 30
0.0
  0
VERTEX
  5
74A
  8
T9_COUNTERSINK_0_6
 10
2.262216815326358
 20
71.93254614666314
 30
0.0
  0
VERTEX
  5
74B
  8
T9_COUNTERSINK_0_6
 10
2.272307211040674
 20
71.92071577250515
 30
0.0
  0
VERTEX
  5
74C
  8
T9_COUNTERSINK_0_6
 10
2.281964923486317
 20
71.90849339470202
 30
0.0
  0
VERTEX
  5
74D
  8
T9_COUNTERSINK_0_6
 10
2.291189952663287
 20
71.89587901325378
 30
0.0
  0
VERTEX
  5
74E
  8
T9_COUNTERSINK_0_6
 10
2.299982298571583
 20
71.88287262816041
 30
0.0
  0
VERTEX
  5
74F
  8
T9_COUNTERSINK_0_6
 10
2.308341961211207
 20
71.86947423942192
 30
0.0
  0
VERTEX
  5
750
  8
T9_COUNTERSINK_0_6
 10
2.316268940582156
 20
71.8556838470383
 30
0.0
  0
VERTEX
  5
751
  8
T9_COUNTERSINK_0_6
 10
2.323763236684433
 20
71.84150145100958
 30
0.0
  0
VERTEX
  5
752
  8
T9_COUNTERSINK_0_6
 10
2.330813755075249
 20
71.82689561708116
 30
0.0
  0
VERTEX
  5
753
  8
T9_COUNTERSINK_0_6
 10
2.33740940131182
 20
71.8118349109985
 30
0.0
  0
VERTEX
  5
754
  8
T9_COUNTERSINK_0_6
 10
2.343550175394144
 20
71.79631933276158
 30
0.0
  0
VERTEX
  5
755
  8
T9_COUNTERSINK_0_6
 10
2.349236077322222
 20
71.78034888237042
 30
0.0
  0
VERTEX
  5
756
  8
T9_COUNTERSINK_0_6
 10
2.354467107096054
 20
71.76392355982503
 30
0.0
  0
VERTEX
  5
757
  8
T9_COUNTERSINK_0_6
 10
2.35924326471564
 20
71.74704336512538
 30
0.0
  0
VERTEX
  5
758
  8
T9_COUNTERSINK_0_6
 10
2.363564550180979
 20
71.72970829827149
 30
0.0
  0
VERTEX
  5
759
  8
T9_COUNTERSINK_0_6
 10
2.367430963492072
 20
71.71191835926334
 30
0.0
  0
VERTEX
  5
75A
  8
T9_COUNTERSINK_0_6
 10
2.37084250464892
 20
71.69367354810096
 30
0.0
  0
VERTEX
  5
75B
  8
T9_COUNTERSINK_0_6
 10
2.37379917365152
 20
71.67497386478432
 30
0.0
  0
VERTEX
  5
75C
  8
T9_COUNTERSINK_0_6
 10
2.376300970499874
 20
71.65581930931344
 30
0.0
  0
VERTEX
  5
75D
  8
T9_COUNTERSINK_0_6
 10
2.378347895193982
 20
71.6362098816883
 30
0.0
  0
VERTEX
  5
75E
  8
T9_COUNTERSINK_0_6
 10
2.379939947733844
 20
71.61614558190894
 30
0.0
  0
VERTEX
  5
75F
  8
T9_COUNTERSINK_0_6
 10
2.38107712811946
 20
71.59562640997531
 30
0.0
  0
VERTEX
  5
760
  8
T9_COUNTERSINK_0_6
 10
2.381759436350829
 20
71.57465236588745
 30
0.0
  0
VERTEX
  5
761
  8
T9_COUNTERSINK_0_6
 10
2.381986872427952
 20
71.55322344964532
 30
0.0
  0
VERTEX
  5
762
  8
T9_COUNTERSINK_0_6
 10
2.38170951135829
 20
71.52751022941382
 30
0.0
  0
VERTEX
  5
763
  8
T9_COUNTERSINK_0_6
 10
2.380877428149303
 20
71.50244048686395
 30
0.0
  0
VERTEX
  5
764
  8
T9_COUNTERSINK_0_6
 10
2.379490622800992
 20
71.47801422199569
 30
0.0
  0
VERTEX
  5
765
  8
T9_COUNTERSINK_0_6
 10
2.377549095313355
 20
71.45423143480903
 30
0.0
  0
VERTEX
  5
766
  8
T9_COUNTERSINK_0_6
 10
2.375052845686394
 20
71.431092125304
 30
0.0
  0
VERTEX
  5
767
  8
T9_COUNTERSINK_0_6
 10
2.372001873920109
 20
71.4085962934806
 30
0.0
  0
VERTEX
  5
768
  8
T9_COUNTERSINK_0_6
 10
2.368396180014498
 20
71.3867439393388
 30
0.0
  0
VERTEX
  5
769
  8
T9_COUNTERSINK_0_6
 10
2.364235763969563
 20
71.3655350628786
 30
0.0
  0
VERTEX
  5
76A
  8
T9_COUNTERSINK_0_6
 10
2.359520625785303
 20
71.34496966410003
 30
0.0
  0
VERTEX
  5
76B
  8
T9_COUNTERSINK_0_6
 10
2.354250765461718
 20
71.32504774300308
 30
0.0
  0
VERTEX
  5
76C
  8
T9_COUNTERSINK_0_6
 10
2.348426182998809
 20
71.30576929958775
 30
0.0
  0
VERTEX
  5
76D
  8
T9_COUNTERSINK_0_6
 10
2.342046878396575
 20
71.28713433385404
 30
0.0
  0
VERTEX
  5
76E
  8
T9_COUNTERSINK_0_6
 10
2.335112851655016
 20
71.26914284580195
 30
0.0
  0
VERTEX
  5
76F
  8
T9_COUNTERSINK_0_6
 10
2.327624102774132
 20
71.25179483543147
 30
0.0
  0
VERTEX
  5
770
  8
T9_COUNTERSINK_0_6
 10
2.319580631753924
 20
71.2350903027426
 30
0.0
  0
VERTEX
  5
771
  8
T9_COUNTERSINK_0_6
 10
2.310982438594392
 20
71.21902924773536
 30
0.0
  0
VERTEX
  5
772
  8
T9_COUNTERSINK_0_6
 10
2.3017759001554
 20
71.20348778246529
 30
0.0
  0
VERTEX
  5
773
  8
T9_COUNTERSINK_0_6
 10
2.291907393296814
 20
71.18834201898792
 30
0.0
  0
VERTEX
  5
774
  8
T9_COUNTERSINK_0_6
 10
2.281376918018633
 20
71.17359195730327
 30
0.0
  0
VERTEX
  5
775
  8
T9_COUNTERSINK_0_6
 10
2.270184474320859
 20
71.15923759741136
 30
0.0
  0
VERTEX
  5
776
  8
T9_COUNTERSINK_0_6
 10
2.258330062203489
 20
71.14527893931215
 30
0.0
  0
VERTEX
  5
777
  8
T9_COUNTERSINK_0_6
 10
2.245813681666527
 20
71.13171598300566
 30
0.0
  0
VERTEX
  5
778
  8
T9_COUNTERSINK_0_6
 10
2.23263533270997
 20
71.1185487284919
 30
0.0
  0
VERTEX
  5
779
  8
T9_COUNTERSINK_0_6
 10
2.218795015333819
 20
71.10577717577084
 30
0.0
  0
VERTEX
  5
77A
  8
T9_COUNTERSINK_0_6
 10
2.204292729538074
 20
71.0934013248425
 30
0.0
  0
VERTEX
  5
77B
  8
T9_COUNTERSINK_0_6
 10
2.189128475322734
 20
71.08142117570688
 30
0.0
  0
VERTEX
  5
77C
  8
T9_COUNTERSINK_0_6
 10
2.173302252687801
 20
71.06983672836398
 30
0.0
  0
VERTEX
  5
77D
  8
T9_COUNTERSINK_0_6
 10
2.156814061633273
 20
71.05864798281381
 30
0.0
  0
VERTEX
  5
77E
  8
T9_COUNTERSINK_0_6
 10
2.139663902159151
 20
71.04785493905635
 30
0.0
  0
VERTEX
  5
77F
  8
T9_COUNTERSINK_0_6
 10
2.121851774265435
 20
71.0374575970916
 30
0.0
  0
VERTEX
  5
780
  8
T9_COUNTERSINK_0_6
 10
2.103377677952126
 20
71.02745595691957
 30
0.0
  0
VERTEX
  5
781
  8
T9_COUNTERSINK_0_6
 10
2.084241613219221
 20
71.01785001854027
 30
0.0
  0
VERTEX
  5
782
  8
T9_COUNTERSINK_0_6
 10
2.064380711557599
 20
71.00873593379117
 30
0.0
  0
VERTEX
  5
783
  8
T9_COUNTERSINK_0_6
 10
2.043732104458137
 20
71.00020985450975
 30
0.0
  0
VERTEX
  5
784
  8
T9_COUNTERSINK_0_6
 10
2.022295791920833
 20
70.99227178069602
 30
0.0
  0
VERTEX
  5
785
  8
T9_COUNTERSINK_0_6
 10
2.000071773945688
 20
70.98492171234997
 30
0.0
  0
VERTEX
  5
786
  8
T9_COUNTERSINK_0_6
 10
1.977060050532702
 20
70.9781596494716
 30
0.0
  0
VERTEX
  5
787
  8
T9_COUNTERSINK_0_6
 10
1.953260621681875
 20
70.97198559206092
 30
0.0
  0
VERTEX
  5
788
  8
T9_COUNTERSINK_0_6
 10
1.928673487393207
 20
70.96639954011792
 30
0.0
  0
VERTEX
  5
789
  8
T9_COUNTERSINK_0_6
 10
1.903298647666697
 20
70.9614014936426
 30
0.0
  0
VERTEX
  5
78A
  8
T9_COUNTERSINK_0_6
 10
1.877136102502347
 20
70.95699145263497
 30
0.0
  0
VERTEX
  5
78B
  8
T9_COUNTERSINK_0_6
 10
1.850185851900156
 20
70.95316941709501
 30
0.0
  0
VERTEX
  5
78C
  8
T9_COUNTERSINK_0_6
 10
1.822447895860123
 20
70.94993538702275
 30
0.0
  0
VERTEX
  5
78D
  8
T9_COUNTERSINK_0_6
 10
1.79392223438225
 20
70.94728936241818
 30
0.0
  0
VERTEX
  5
78E
  8
T9_COUNTERSINK_0_6
 10
1.764608867466535
 20
70.94523134328128
 30
0.0
  0
VERTEX
  5
78F
  8
T9_COUNTERSINK_0_6
 10
1.73450779511298
 20
70.94376132961207
 30
0.0
  0
VERTEX
  5
790
  8
T9_COUNTERSINK_0_6
 10
1.703619017321583
 20
70.94287932141054
 30
0.0
  0
VERTEX
  5
791
  8
T9_COUNTERSINK_0_6
 10
1.671942534092346
 20
70.9425853186767
 30
0.0
  0
VERTEX
  5
792
  8
T9_COUNTERSINK_0_6
 10
1.648648364656753
 20
70.94273971633882
 30
0.0
  0
VERTEX
  5
793
  8
T9_COUNTERSINK_0_6
 10
1.625747123403183
 20
70.94320290932515
 30
0.0
  0
VERTEX
  5
794
  8
T9_COUNTERSINK_0_6
 10
1.603238810331634
 20
70.94397489763571
 30
0.0
  0
VERTEX
  5
795
  8
T9_COUNTERSINK_0_6
 10
1.581123425442107
 20
70.9450556812705
 30
0.0
  0
VERTEX
  5
796
  8
T9_COUNTERSINK_0_6
 10
1.559400968734601
 20
70.9464452602295
 30
0.0
  0
VERTEX
  5
797
  8
T9_COUNTERSINK_0_6
 10
1.538071440209117
 20
70.94814363451275
 30
0.0
  0
VERTEX
  5
798
  8
T9_COUNTERSINK_0_6
 10
1.517134839865655
 20
70.9501508041202
 30
0.0
  0
VERTEX
  5
799
  8
T9_COUNTERSINK_0_6
 10
1.496591167704215
 20
70.95246676905188
 30
0.0
  0
VERTEX
  5
79A
  8
T9_COUNTERSINK_0_6
 10
1.476440423724795
 20
70.95509152930777
 30
0.0
  0
VERTEX
  5
79B
  8
T9_COUNTERSINK_0_6
 10
1.456682607927398
 20
70.95802508488791
 30
0.0
  0
VERTEX
  5
79C
  8
T9_COUNTERSINK_0_6
 10
1.437317720312023
 20
70.96126743579225
 30
0.0
  0
VERTEX
  5
79D
  8
T9_COUNTERSINK_0_6
 10
1.418345760878669
 20
70.96481858202083
 30
0.0
  0
VERTEX
  5
79E
  8
T9_COUNTERSINK_0_6
 10
1.399766729627337
 20
70.96867852357363
 30
0.0
  0
VERTEX
  5
79F
  8
T9_COUNTERSINK_0_6
 10
1.381580626558026
 20
70.97284726045066
 30
0.0
  0
VERTEX
  5
7A0
  8
T9_COUNTERSINK_0_6
 10
1.363787451670737
 20
70.9773247926519
 30
0.0
  0
VERTEX
  5
7A1
  8
T9_COUNTERSINK_0_6
 10
1.34638720496547
 20
70.98211112017738
 30
0.0
  0
VERTEX
  5
7A2
  8
T9_COUNTERSINK_0_6
 10
1.329379886442224
 20
70.98720624302707
 30
0.0
  0
VERTEX
  5
7A3
  8
T9_COUNTERSINK_0_6
 10
1.312765496101
 20
70.99261016120099
 30
0.0
  0
VERTEX
  5
7A4
  8
T9_COUNTERSINK_0_6
 10
1.296544033941798
 20
70.99832287469914
 30
0.0
  0
VERTEX
  5
7A5
  8
T9_COUNTERSINK_0_6
 10
1.280715499964617
 20
71.0043443835215
 30
0.0
  0
VERTEX
  5
7A6
  8
T9_COUNTERSINK_0_6
 10
1.265279894169458
 20
71.0106746876681
 30
0.0
  0
VERTEX
  5
7A7
  8
T9_COUNTERSINK_0_6
 10
1.250237216556321
 20
71.01731378713892
 30
0.0
  0
VERTEX
  5
7A8
  8
T9_COUNTERSINK_0_6
 10
1.235587467125205
 20
71.02426168193395
 30
0.0
  0
VERTEX
  5
7A9
  8
T9_COUNTERSINK_0_6
 10
1.221330645876111
 20
71.03151837205323
 30
0.0
  0
VERTEX
  5
7AA
  8
T9_COUNTERSINK_0_6
 10
1.207466752809039
 20
71.03908385749672
 30
0.0
  0
VERTEX
  5
7AB
  8
T9_COUNTERSINK_0_6
 10
1.193995787923988
 20
71.04695813826444
 30
0.0
  0
VERTEX
  5
7AC
  8
T9_COUNTERSINK_0_6
 10
1.180917751220959
 20
71.05514121435638
 30
0.0
  0
VERTEX
  5
7AD
  8
T9_COUNTERSINK_0_6
 10
1.168232642699951
 20
71.06363308577254
 30
0.0
  0
VERTEX
  5
7AE
  8
T9_COUNTERSINK_0_6
 10
1.155940462360965
 20
71.07243375251292
 30
0.0
  0
VERTEX
  5
7AF
  8
T9_COUNTERSINK_0_6
 10
1.144041210204001
 20
71.08154321457754
 30
0.0
  0
VERTEX
  5
7B0
  8
T9_COUNTERSINK_0_6
 10
1.132534886229059
 20
71.09096147196638
 30
0.0
  0
VERTEX
  5
7B1
  8
T9_COUNTERSINK_0_6
 10
1.121421490436138
 20
71.10068852467943
 30
0.0
  0
VERTEX
  5
7B2
  8
T9_COUNTERSINK_0_6
 10
1.110675135792071
 20
71.11068924031454
 30
0.0
  0
VERTEX
  5
7B3
  8
T9_COUNTERSINK_0_6
 10
1.100269935263687
 20
71.1209284864696
 30
0.0
  0
VERTEX
  5
7B4
  8
T9_COUNTERSINK_0_6
 10
1.090205888850989
 20
71.13140626314454
 30
0.0
  0
VERTEX
  5
7B5
  8
T9_COUNTERSINK_0_6
 10
1.080482996553976
 20
71.1421225703394
 30
0.0
  0
VERTEX
  5
7B6
  8
T9_COUNTERSINK_0_6
 10
1.071101258372647
 20
71.15307740805414
 30
0.0
  0
VERTEX
  5
7B7
  8
T9_COUNTERSINK_0_6
 10
1.062060674307002
 20
71.16427077628884
 30
0.0
  0
VERTEX
  5
7B8
  8
T9_COUNTERSINK_0_6
 10
1.053361244357043
 20
71.17570267504342
 30
0.0
  0
VERTEX
  5
7B9
  8
T9_COUNTERSINK_0_6
 10
1.045002968522768
 20
71.18737310431791
 30
0.0
  0
VERTEX
  5
7BA
  8
T9_COUNTERSINK_0_6
 10
1.036985846804178
 20
71.19928206411231
 30
0.0
  0
VERTEX
  5
7BB
  8
T9_COUNTERSINK_0_6
 10
1.029309879201273
 20
71.21142955442664
 30
0.0
  0
VERTEX
  5
7BC
  8
T9_COUNTERSINK_0_6
 10
1.021975065714052
 20
71.22381557526086
 30
0.0
  0
VERTEX
  5
7BD
  8
T9_COUNTERSINK_0_6
 10
1.014981406342516
 20
71.23644012661498
 30
0.0
  0
VERTEX
  5
7BE
  8
T9_COUNTERSINK_0_6
 10
1.008328901086665
 20
71.24930320848901
 30
0.0
  0
VERTEX
  5
7BF
  8
T9_COUNTERSINK_0_6
 10
1.002017549946498
 20
71.26240482088296
 30
0.0
  0
VERTEX
  5
7C0
  8
T9_COUNTERSINK_0_6
 10
0.9960473529220161
 20
71.27574496379683
 30
0.0
  0
VERTEX
  5
7C1
  8
T9_COUNTERSINK_0_6
 10
0.9904183100132187
 20
71.2893236372306
 30
0.0
  0
VERTEX
  5
7C2
  8
T9_COUNTERSINK_0_6
 10
0.9851304212201061
 20
71.30314084118427
 30
0.0
  0
VERTEX
  5
7C3
  8
T9_COUNTERSINK_0_6
 10
0.9801836865426781
 20
71.31719657565786
 30
0.0
  0
VERTEX
  5
7C4
  8
T9_COUNTERSINK_0_6
 10
0.9755781059809349
 20
71.33149084065136
 30
0.0
  0
VERTEX
  5
7C5
  8
T9_COUNTERSINK_0_6
 10
0.9713136795348762
 20
71.34602363616477
 30
0.0
  0
VERTEX
  5
7C6
  8
T9_COUNTERSINK_0_6
 10
0.9673904072045024
 20
71.3607949621981
 30
0.0
  0
VERTEX
  5
7C7
  8
T9_COUNTERSINK_0_6
 10
0.9638082889898132
 20
71.37580481875133
 30
0.0
  0
VERTEX
  5
7C8
  8
T9_COUNTERSINK_0_6
 10
0.9605673248908088
 20
71.39105320582445
 30
0.0
  0
VERTEX
  5
7C9
  8
T9_COUNTERSINK_0_6
 10
0.9576675149074889
 20
71.4065401234175
 30
0.0
  0
VERTEX
  5
7CA
  8
T9_COUNTERSINK_0_6
 10
0.9551088590398538
 20
71.42226557153046
 30
0.0
  0
VERTEX
  5
7CB
  8
T9_COUNTERSINK_0_6
 10
0.9528913572879032
 20
71.43822955016333
 30
0.0
  0
VERTEX
  5
7CC
  8
T9_COUNTERSINK_0_6
 10
0.9510150096516374
 20
71.4544320593161
 30
0.0
  0
VERTEX
  5
7CD
  8
T9_COUNTERSINK_0_6
 10
0.9494798161310564
 20
71.47087309898879
 30
0.0
  0
VERTEX
  5
7CE
  8
T9_COUNTERSINK_0_6
 10
0.94828577672616
 20
71.48755266918137
 30
0.0
  0
VERTEX
  5
7CF
  8
T9_COUNTERSINK_0_6
 10
0.9474328914369482
 20
71.50447076989389
 30
0.0
  0
VERTEX
  5
7D0
  8
T9_COUNTERSINK_0_6
 10
0.9469211602634212
 20
71.5216274011263
 30
0.0
  0
VERTEX
  5
7D1
  8
T9_COUNTERSINK_0_6
 10
0.9467505832055789
 20
71.53902256287861
 30
0.0
  0
VERTEX
  5
7D2
  8
T9_COUNTERSINK_0_6
 10
0.9469003581831965
 20
71.55946037556514
 30
0.0
  0
VERTEX
  5
7D3
  8
T9_COUNTERSINK_0_6
 10
0.9473496831160496
 20
71.57935456055512
 30
0.0
  0
VERTEX
  5
7D4
  8
T9_COUNTERSINK_0_6
 10
0.9480985580041379
 20
71.59870511784855
 30
0.0
  0
VERTEX
  5
7D5
  8
T9_COUNTERSINK_0_6
 10
0.9491469828474616
 20
71.61751204744546
 30
0.0
  0
VERTEX
  5
7D6
  8
T9_COUNTERSINK_0_6
 10
0.9504949576460204
 20
71.63577534934582
 30
0.0
  0
VERTEX
  5
7D7
  8
T9_COUNTERSINK_0_6
 10
0.9521424823998148
 20
71.65349502354964
 30
0.0
  0
VERTEX
  5
7D8
  8
T9_COUNTERSINK_0_6
 10
0.9540895571088445
 20
71.67067107005693
 30
0.0
  0
VERTEX
  5
7D9
  8
T9_COUNTERSINK_0_6
 10
0.9563361817731095
 20
71.68730348886768
 30
0.0
  0
VERTEX
  5
7DA
  8
T9_COUNTERSINK_0_6
 10
0.9588823563926099
 20
71.7033922799819
 30
0.0
  0
VERTEX
  5
7DB
  8
T9_COUNTERSINK_0_6
 10
0.9617280809673455
 20
71.71893744339957
 30
0.0
  0
VERTEX
  5
7DC
  8
T9_COUNTERSINK_0_6
 10
0.9648733554973166
 20
71.73393897912072
 30
0.0
  0
VERTEX
  5
7DD
  8
T9_COUNTERSINK_0_6
 10
0.9683181799825229
 20
71.74839688714532
 30
0.0
  0
VERTEX
  5
7DE
  8
T9_COUNTERSINK_0_6
 10
0.9720625544229646
 20
71.76231116747337
 30
0.0
  0
VERTEX
  5
7DF
  8
T9_COUNTERSINK_0_6
 10
0.9761064788186415
 20
71.7756818201049
 30
0.0
  0
VERTEX
  5
7E0
  8
T9_COUNTERSINK_0_6
 10
0.9804499531695539
 20
71.78850884503989
 30
0.0
  0
VERTEX
  5
7E1
  8
T9_COUNTERSINK_0_6
 10
0.9850929774757016
 20
71.80079224227833
 30
0.0
  0
VERTEX
  5
7E2
  8
T9_COUNTERSINK_0_6
 10
0.990024457294298
 20
71.81267623957646
 30
0.0
  0
VERTEX
  5
7E3
  8
T9_COUNTERSINK_0_6
 10
0.9952332981825569
 20
71.8243050646905
 30
0.0
  0
VERTEX
  5
7E4
  8
T9_COUNTERSINK_0_6
 10
1.000719500140478
 20
71.83567871762047
 30
0.0
  0
VERTEX
  5
7E5
  8
T9_COUNTERSINK_0_6
 10
1.006483063168062
 20
71.84679719836633
 30
0.0
  0
VERTEX
  5
7E6
  8
T9_COUNTERSINK_0_6
 10
1.012523987265308
 20
71.8576605069281
 30
0.0
  0
VERTEX
  5
7E7
  8
T9_COUNTERSINK_0_6
 10
1.018842272432216
 20
71.86826864330578
 30
0.0
  0
VERTEX
  5
7E8
  8
T9_COUNTERSINK_0_6
 10
1.025437918668787
 20
71.87862160749938
 30
0.0
  0
VERTEX
  5
7E9
  8
T9_COUNTERSINK_0_6
 10
1.032310925975019
 20
71.88871939950889
 30
0.0
  0
VERTEX
  5
7EA
  8
T9_COUNTERSINK_0_6
 10
1.039461294350914
 20
71.89856201933429
 30
0.0
  0
VERTEX
  5
7EB
  8
T9_COUNTERSINK_0_6
 10
1.046889023796472
 20
71.90814946697563
 30
0.0
  0
VERTEX
  5
7EC
  8
T9_COUNTERSINK_0_6
 10
1.054594114311692
 20
71.91748174243287
 30
0.0
  0
VERTEX
  5
7ED
  8
T9_COUNTERSINK_0_6
 10
1.062576565896575
 20
71.92655884570603
 30
0.0
  0
VERTEX
  5
7EE
  8
T9_COUNTERSINK_0_6
 10
1.070836378551119
 20
71.93538077679509
 30
0.0
  0
VERTEX
  5
7EF
  8
T9_COUNTERSINK_0_6
 10
1.079373552275326
 20
71.94394753570006
 30
0.0
  0
VERTEX
  5
7F0
  8
T9_COUNTERSINK_0_6
 10
1.088188087069196
 20
71.95225912242094
 30
0.0
  0
VERTEX
  5
7F1
  8
T9_COUNTERSINK_0_6
 10
1.097279982932728
 20
71.96031553695774
 30
0.0
  0
VERTEX
  5
7F2
  8
T9_COUNTERSINK_0_6
 10
1.10665848523491
 20
71.9681260246794
 30
0.0
  0
VERTEX
  5
7F3
  8
T9_COUNTERSINK_0_6
 10
1.116332839344733
 20
71.975699830955
 30
0.0
  0
VERTEX
  5
7F4
  8
T9_COUNTERSINK_0_6
 10
1.126303045262195
 20
71.98303695578446
 30
0.0
  0
VERTEX
  5
7F5
  8
T9_COUNTERSINK_0_6
 10
1.136569102987298
 20
71.99013739916782
 30
0.0
  0
VERTEX
  5
7F6
  8
T9_COUNTERSINK_0_6
 10
1.14713101252004
 20
71.99700116110506
 30
0.0
  0
VERTEX
  5
7F7
  8
T9_COUNTERSINK_0_6
 10
1.157988773860422
 20
72.0036282415962
 30
0.0
  0
VERTEX
  5
7F8
  8
T9_COUNTERSINK_0_6
 10
1.169142387008444
 20
72.01001864064122
 30
0.0
  0
VERTEX
  5
7F9
  8
T9_COUNTERSINK_0_6
 10
1.180591851964105
 20
72.01617235824014
 30
0.0
  0
VERTEX
  5
7FA
  8
T9_COUNTERSINK_0_6
 10
1.192337168727407
 20
72.02208939439294
 30
0.0
  0
VERTEX
  5
7FB
  8
T9_COUNTERSINK_0_6
 10
1.204378337298348
 20
72.02776974909963
 30
0.0
  0
VERTEX
  5
7FC
  8
T9_COUNTERSINK_0_6
 10
1.216715357676929
 20
72.03321342236018
 30
0.0
  0
VERTEX
  5
7FD
  8
T9_COUNTERSINK_0_6
 10
1.229348229863151
 20
72.03842041417465
 30
0.0
  0
VERTEX
  5
7FE
  8
T9_COUNTERSINK_0_6
 10
1.242276953857011
 20
72.043390724543
 30
0.0
  0
VERTEX
  5
7FF
  8
T9_COUNTERSINK_0_6
 10
1.255501529658512
 20
72.04812435346525
 30
0.0
  0
VERTEX
  5
800
  8
T9_COUNTERSINK_0_6
 10
1.269021957267652
 20
72.05262130094135
 30
0.0
  0
SEQEND
  5
E8C
  8
T9_COUNTERSINK_0_6
  0
POLYLINE
  5
80
  8
T9_COUNTERSINK_0_6
 66
     1
 10
0.0
 20
0.0
 30
0.0
 70
     1
  0
VERTEX
  5
801
  8
T9_COUNTERSINK_0_6
 10
1.901050173928635
 20
71.34683722863578
 30
0.0
  0
VERTEX
  5
802
  8
T9_COUNTERSINK_0_6
 10
1.914942265371123
 20
71.34705911749151
 30
0.0
  0
VERTEX
  5
803
  8
T9_COUNTERSINK_0_6
 10
1.928453447611274
 20
71.3477247840587
 30
0.0
  0
VERTEX
  5
804
  8
T9_COUNTERSINK_0_6
 10
1.94158372064909
 20
71.34883422833735
 30
0.0
  0
VERTEX
  5
805
  8
T9_COUNTERSINK_0_6
 10
1.954333084484569
 20
71.35038745032746
 30
0.0
  0
VERTEX
  5
806
  8
T9_COUNTERSINK_0_6
 10
1.966701539117712
 20
71.35238445002904
 30
0.0
  0
VERTEX
  5
807
  8
T9_COUNTERSINK_0_6
 10
1.978689084548519
 20
71.35482522744206
 30
0.0
  0
VERTEX
  5
808
  8
T9_COUNTERSINK_0_6
 10
1.990295720776989
 20
71.35770978256656
 30
0.0
  0
VERTEX
  5
809
  8
T9_COUNTERSINK_0_6
 10
2.001521447803123
 20
71.3610381154025
 30
0.0
  0
VERTEX
  5
80A
  8
T9_COUNTERSINK_0_6
 10
2.012366265626921
 20
71.3648102259499
 30
0.0
  0
VERTEX
  5
80B
  8
T9_COUNTERSINK_0_6
 10
2.022830174248383
 20
71.36902611420875
 30
0.0
  0
VERTEX
  5
80C
  8
T9_COUNTERSINK_0_6
 10
2.032913173667508
 20
71.37368578017909
 30
0.0
  0
VERTEX
  5
80D
  8
T9_COUNTERSINK_0_6
 10
2.042615263884296
 20
71.37878922386088
 30
0.0
  0
VERTEX
  5
80E
  8
T9_COUNTERSINK_0_6
 10
2.051936444898749
 20
71.38433644525414
 30
0.0
  0
VERTEX
  5
80F
  8
T9_COUNTERSINK_0_6
 10
2.060876716710865
 20
71.39032744435883
 30
0.0
  0
VERTEX
  5
810
  8
T9_COUNTERSINK_0_6
 10
2.069436079320646
 20
71.39676222117501
 30
0.0
  0
VERTEX
  5
811
  8
T9_COUNTERSINK_0_6
 10
2.077614532728089
 20
71.40364077570263
 30
0.0
  0
VERTEX
  5
812
  8
T9_COUNTERSINK_0_6
 10
2.085352906571668
 20
71.41084106907105
 30
0.0
  0
VERTEX
  5
813
  8
T9_COUNTERSINK_0_6
 10
2.092592030489856
 20
71.41824106240965
 30
0.0
  0
VERTEX
  5
814
  8
T9_COUNTERSINK_0_6
 10
2.099331904482651
 20
71.4258407557184
 30
0.0
  0
VERTEX
  5
815
  8
T9_COUNTERSINK_0_6
 10
2.105572528550054
 20
71.43364014899731
 30
0.0
  0
VERTEX
  5
816
  8
T9_COUNTERSINK_0_6
 10
2.111313902692064
 20
71.44163924224637
 30
0.0
  0
VERTEX
  5
817
  8
T9_COUNTERSINK_0_6
 10
2.116556026908682
 20
71.44983803546559
 30
0.0
  0
VERTEX
  5
818
  8
T9_COUNTERSINK_0_6
 10
2.121298901199909
 20
71.45823652865496
 30
0.0
  0
VERTEX
  5
819
  8
T9_COUNTERSINK_0_6
 10
2.125542525565742
 20
71.46683472181451
 30
0.0
  0
VERTEX
  5
81A
  8
T9_COUNTERSINK_0_6
 10
2.129286900006184
 20
71.47563261494419
 30
0.0
  0
VERTEX
  5
81B
  8
T9_COUNTERSINK_0_6
 10
2.132532024521233
 20
71.48463020804404
 30
0.0
  0
VERTEX
  5
81C
  8
T9_COUNTERSINK_0_6
 10
2.135277899110891
 20
71.49382750111404
 30
0.0
  0
VERTEX
  5
81D
  8
T9_COUNTERSINK_0_6
 10
2.137524523775156
 20
71.50322449415421
 30
0.0
  0
VERTEX
  5
81E
  8
T9_COUNTERSINK_0_6
 10
2.139271898514028
 20
71.51282118716452
 30
0.0
  0
VERTEX
  5
81F
  8
T9_COUNTERSINK_0_6
 10
2.140520023327509
 20
71.52261758014498
 30
0.0
  0
VERTEX
  5
820
  8
T9_COUNTERSINK_0_6
 10
2.141268898215598
 20
71.5326136730956
 30
0.0
  0
VERTEX
  5
821
  8
T9_COUNTERSINK_0_6
 10
2.141518523178294
 20
71.5428094660164
 30
0.0
  0
VERTEX
  5
822
  8
T9_COUNTERSINK_0_6
 10
2.141292936174969
 20
71.55218057202336
 30
0.0
  0
VERTEX
  5
823
  8
T9_COUNTERSINK_0_6
 10
2.140616175164992
 20
71.56135937435539
 30
0.0
  0
VERTEX
  5
824
  8
T9_COUNTERSINK_0_6
 10
2.139488240148365
 20
71.57034587301246
 30
0.0
  0
VERTEX
  5
825
  8
T9_COUNTERSINK_0_6
 10
2.137909131125088
 20
71.57914006799456
 30
0.0
  0
VERTEX
  5
826
  8
T9_COUNTERSINK_0_6
 10
2.135878848095159
 20
71.58774195930168
 30
0.0
  0
VERTEX
  5
827
  8
T9_COUNTERSINK_0_6
 10
2.13339739105858
 20
71.59615154693385
 30
0.0
  0
VERTEX
  5
828
  8
T9_COUNTERSINK_0_6
 10
2.13046476001535
 20
71.60436883089105
 30
0.0
  0
VERTEX
  5
829
  8
T9_COUNTERSINK_0_6
 10
2.12708095496547
 20
71.61239381117329
 30
0.0
  0
VERTEX
  5
82A
  8
T9_COUNTERSINK_0_6
 10
2.123245975908938
 20
71.62022648778054
 30
0.0
  0
VERTEX
  5
82B
  8
T9_COUNTERSINK_0_6
 10
2.118959822845756
 20
71.62786686071284
 30
0.0
  0
VERTEX
  5
82C
  8
T9_COUNTERSINK_0_6
 10
2.114222495775923
 20
71.63531492997016
 30
0.0
  0
VERTEX
  5
82D
  8
T9_COUNTERSINK_0_6
 10
2.109033994699439
 20
71.64257069555255
 30
0.0
  0
VERTEX
  5
82E
  8
T9_COUNTERSINK_0_6
 10
2.103394319616305
 20
71.64963415745996
 30
0.0
  0
VERTEX
  5
82F
  8
T9_COUNTERSINK_0_6
 10
2.09730347052652
 20
71.65650531569239
 30
0.0
  0
VERTEX
  5
830
  8
T9_COUNTERSINK_0_6
 10
2.090761447430084
 20
71.66318417024985
 30
0.0
  0
VERTEX
  5
831
  8
T9_COUNTERSINK_0_6
 10
2.083768250326997
 20
71.66967072113236
 30
0.0
  0
VERTEX
  5
832
  8
T9_COUNTERSINK_0_6
 10
2.076327577364856
 20
71.67586142020721
 30
0.0
  0
VERTEX
  5
833
  8
T9_COUNTERSINK_0_6
 10
2.068443126691254
 20
71.68165271934177
 30
0.0
  0
VERTEX
  5
834
  8
T9_COUNTERSINK_0_6
 10
2.060114898306193
 20
71.687044618536
 30
0.0
  0
VERTEX
  5
835
  8
T9_COUNTERSINK_0_6
 10
2.051342892209671
 20
71.69203711778994
 30
0.0
  0
VERTEX
  5
836
  8
T9_COUNTERSINK_0_6
 10
2.042127108401691
 20
71.69663021710353
 30
0.0
  0
VERTEX
  5
837
  8
T9_COUNTERSINK_0_6
 10
2.03246754688225
 20
71.70082391647684
 30
0.0
  0
VERTEX
  5
838
  8
T9_COUNTERSINK_0_6
 10
2.022364207651349
 20
71.70461821590982
 30
0.0
  0
VERTEX
  5
839
  8
T9_COUNTERSINK_0_6
 10
2.011817090708989
 20
71.70801311540248
 30
0.0
  0
VERTEX
  5
83A
  8
T9_COUNTERSINK_0_6
 10
2.000826196055169
 20
71.71100861495484
 30
0.0
  0
VERTEX
  5
83B
  8
T9_COUNTERSINK_0_6
 10
1.98939152368989
 20
71.71360471456688
 30
0.0
  0
VERTEX
  5
83C
  8
T9_COUNTERSINK_0_6
 10
1.97751307361315
 20
71.7158014142386
 30
0.0
  0
VERTEX
  5
83D
  8
T9_COUNTERSINK_0_6
 10
1.965190845824951
 20
71.71759871397002
 30
0.0
  0
VERTEX
  5
83E
  8
T9_COUNTERSINK_0_6
 10
1.952424840325292
 20
71.7189966137611
 30
0.0
  0
VERTEX
  5
83F
  8
T9_COUNTERSINK_0_6
 10
1.939215057114173
 20
71.7199951136119
 30
0.0
  0
VERTEX
  5
840
  8
T9_COUNTERSINK_0_6
 10
1.925561496191595
 20
71.72059421352238
 30
0.0
  0
VERTEX
  5
841
  8
T9_COUNTERSINK_0_6
 10
1.911464157557557
 20
71.72079391349253
 30
0.0
  0
VERTEX
  5
842
  8
T9_COUNTERSINK_0_6
 10
1.897008098606755
 20
71.72058681722717
 30
0.0
  0
VERTEX
  5
843
  8
T9_COUNTERSINK_0_6
 10
1.882988421072223
 20
71.71996552843113
 30
0.0
  0
VERTEX
  5
844
  8
T9_COUNTERSINK_0_6
 10
1.869405124953958
 20
71.7189300471044
 30
0.0
  0
VERTEX
  5
845
  8
T9_COUNTERSINK_0_6
 10
1.856258210251963
 20
71.71748037324696
 30
0.0
  0
VERTEX
  5
846
  8
T9_COUNTERSINK_0_6
 10
1.843547676966237
 20
71.71561650685882
 30
0.0
  0
VERTEX
  5
847
  8
T9_COUNTERSINK_0_6
 10
1.83127352509678
 20
71.71333844794
 30
0.0
  0
VERTEX
  5
848
  8
T9_COUNTERSINK_0_6
 10
1.819435754643591
 20
71.71064619649047
 30
0.0
  0
VERTEX
  5
849
  8
T9_COUNTERSINK_0_6
 10
1.80803436560667
 20
71.70753975251026
 30
0.0
  0
VERTEX
  5
84A
  8
T9_COUNTERSINK_0_6
 10
1.797069357986019
 20
71.70401911599936
 30
0.0
  0
VERTEX
  5
84B
  8
T9_COUNTERSINK_0_6
 10
1.786540731781636
 20
71.70008428695775
 30
0.0
  0
VERTEX
  5
84C
  8
T9_COUNTERSINK_0_6
 10
1.776448486993522
 20
71.69573526538544
 30
0.0
  0
VERTEX
  5
84D
  8
T9_COUNTERSINK_0_6
 10
1.766792623621677
 20
71.69097205128243
 30
0.0
  0
VERTEX
  5
84E
  8
T9_COUNTERSINK_0_6
 10
1.757573141666101
 20
71.68579464464872
 30
0.0
  0
VERTEX
  5
84F
  8
T9_COUNTERSINK_0_6
 10
1.748790041126793
 20
71.68020304548435
 30
0.0
  0
VERTEX
  5
850
  8
T9_COUNTERSINK_0_6
 10
1.740443322003754
 20
71.67419725378926
 30
0.0
  0
VERTEX
  5
851
  8
T9_COUNTERSINK_0_6
 10
1.732532984296984
 20
71.66777726956347
 30
0.0
  0
VERTEX
  5
852
  8
T9_COUNTERSINK_0_6
 10
1.725081216892056
 20
71.66105033908727
 30
0.0
  0
VERTEX
  5
853
  8
T9_COUNTERSINK_0_6
 10
1.718110208674542
 20
71.6541237086409
 30
0.0
  0
VERTEX
  5
854
  8
T9_COUNTERSINK_0_6
 10
1.711619959644443
 20
71.64699737822437
 30
0.0
  0
VERTEX
  5
855
  8
T9_COUNTERSINK_0_6
 10
1.705610469801759
 20
71.63967134783769
 30
0.0
  0
VERTEX
  5
856
  8
T9_COUNTERSINK_0_6
 10
1.700081739146489
 20
71.63214561748086
 30
0.0
  0
VERTEX
  5
857
  8
T9_COUNTERSINK_0_6
 10
1.695033767678635
 20
71.62442018715386
 30
0.0
  0
VERTEX
  5
858
  8
T9_COUNTERSINK_0_6
 10
1.690466555398195
 20
71.6164950568567
 30
0.0
  0
VERTEX
  5
859
  8
T9_COUNTERSINK_0_6
 10
1.686380102305169
 20
71.60837022658939
 30
0.0
  0
VERTEX
  5
85A
  8
T9_COUNTERSINK_0_6
 10
1.682774408399559
 20
71.60004569635193
 30
0.0
  0
VERTEX
  5
85B
  8
T9_COUNTERSINK_0_6
 10
1.679649473681363
 20
71.5915214661443
 30
0.0
  0
VERTEX
  5
85C
  8
T9_COUNTERSINK_0_6
 10
1.677005298150582
 20
71.58279753596652
 30
0.0
  0
VERTEX
  5
85D
  8
T9_COUNTERSINK_0_6
 10
1.674841881807216
 20
71.57387390581857
 30
0.0
  0
VERTEX
  5
85E
  8
T9_COUNTERSINK_0_6
 10
1.673159224651264
 20
71.56475057570049
 30
0.0
  0
VERTEX
  5
85F
  8
T9_COUNTERSINK_0_6
 10
1.671957326682727
 20
71.55542754561225
 30
0.0
  0
VERTEX
  5
860
  8
T9_COUNTERSINK_0_6
 10
1.671236187901605
 20
71.54590481555384
 30
0.0
  0
VERTEX
  5
861
  8
T9_COUNTERSINK_0_6
 10
1.670995808307898
 20
71.53618238552527
 30
0.0
  0
VERTEX
  5
862
  8
T9_COUNTERSINK_0_6
 10
1.671228791606414
 20
71.52622512312438
 30
0.0
  0
VERTEX
  5
863
  8
T9_COUNTERSINK_0_6
 10
1.671927741501964
 20
71.51647125884126
 30
0.0
  0
VERTEX
  5
864
  8
T9_COUNTERSINK_0_6
 10
1.673092657994546
 20
71.50692079267588
 30
0.0
  0
VERTEX
  5
865
  8
T9_COUNTERSINK_0_6
 10
1.67472354108416
 20
71.49757372462827
 30
0.0
  0
VERTEX
  5
866
  8
T9_COUNTERSINK_0_6
 10
1.676820390770807
 20
71.4884300546984
 30
0.0
  0
VERTEX
  5
867
  8
T9_COUNTERSINK_0_6
 10
1.679383207054488
 20
71.47948978288629
 30
0.0
  0
VERTEX
  5
868
  8
T9_COUNTERSINK_0_6
 10
1.6824119899352
 20
71.47075290919192
 30
0.0
  0
VERTEX
  5
869
  8
T9_COUNTERSINK_0_6
 10
1.685906739412946
 20
71.4622194336153
 30
0.0
  0
VERTEX
  5
86A
  8
T9_COUNTERSINK_0_6
 10
1.689867455487724
 20
71.45388935615644
 30
0.0
  0
VERTEX
  5
86B
  8
T9_COUNTERSINK_0_6
 10
1.694294138159535
 20
71.44576267681535
 30
0.0
  0
VERTEX
  5
86C
  8
T9_COUNTERSINK_0_6
 10
1.699186787428379
 20
71.437839395592
 30
0.0
  0
VERTEX
  5
86D
  8
T9_COUNTERSINK_0_6
 10
1.704545403294256
 20
71.43011951248639
 30
0.0
  0
VERTEX
  5
86E
  8
T9_COUNTERSINK_0_6
 10
1.710369985757165
 20
71.42260302749852
 30
0.0
  0
VERTEX
  5
86F
  8
T9_COUNTERSINK_0_6
 10
1.716660534817107
 20
71.41528994062844
 30
0.0
  0
VERTEX
  5
870
  8
T9_COUNTERSINK_0_6
 10
1.723417050474082
 20
71.40818025187608
 30
0.0
  0
VERTEX
  5
871
  8
T9_COUNTERSINK_0_6
 10
1.730639532728089
 20
71.4012739612415
 30
0.0
  0
VERTEX
  5
872
  8
T9_COUNTERSINK_0_6
 10
1.73829469825077
 20
71.39468201315253
 30
0.0
  0
VERTEX
  5
873
  8
T9_COUNTERSINK_0_6
 10
1.746349263713764
 20
71.38851535203703
 30
0.0
  0
VERTEX
  5
874
  8
T9_COUNTERSINK_0_6
 10
1.754803229117073
 20
71.38277397789503
 30
0.0
  0
VERTEX
  5
875
  8
T9_COUNTERSINK_0_6
 10
1.763656594460695
 20
71.37745789072649
 30
0.0
  0
VERTEX
  5
876
  8
T9_COUNTERSINK_0_6
 10
1.772909359744631
 20
71.37256709053143
 30
0.0
  0
VERTEX
  5
877
  8
T9_COUNTERSINK_0_6
 10
1.78256152496888
 20
71.36810157730987
 30
0.0
  0
VERTEX
  5
878
  8
T9_COUNTERSINK_0_6
 10
1.792613090133444
 20
71.3640613510618
 30
0.0
  0
VERTEX
  5
879
  8
T9_COUNTERSINK_0_6
 10
1.803064055238321
 20
71.36044641178721
 30
0.0
  0
VERTEX
  5
87A
  8
T9_COUNTERSINK_0_6
 10
1.813914420283512
 20
71.35725675948609
 30
0.0
  0
VERTEX
  5
87B
  8
T9_COUNTERSINK_0_6
 10
1.825164185269017
 20
71.35449239415846
 30
0.0
  0
VERTEX
  5
87C
  8
T9_COUNTERSINK_0_6
 10
1.836813350194835
 20
71.35215331580432
 30
0.0
  0
VERTEX
  5
87D
  8
T9_COUNTERSINK_0_6
 10
1.848861915060968
 20
71.35023952442364
 30
0.0
  0
VERTEX
  5
87E
  8
T9_COUNTERSINK_0_6
 10
1.861309879867414
 20
71.34875102001645
 30
0.0
  0
VERTEX
  5
87F
  8
T9_COUNTERSINK_0_6
 10
1.874157244614174
 20
71.34768780258274
 30
0.0
  0
VERTEX
  5
880
  8
T9_COUNTERSINK_0_6
 10
1.887404009301247
 20
71.34704987212251
 30
0.0
  0
SEQEND
  5
E8D
  8
T9_COUNTERSINK_0_6
  0
POLYLINE
  5
81
  8
T9_COUNTERSINK_0_6
 66
     1
 10
0.0
 20
0.0
 30
0.0
 70
     1
  0
VERTEX
  5
881
  8
T9_COUNTERSINK_0_6
 10
1.658688373110081
 20
72.23391928866306
 30
0.0
  0
VERTEX
  5
882
  8
T9_COUNTERSINK_0_6
 10
1.61015018591917
 20
72.23447585987618
 30
0.0
  0
VERTEX
  5
883
  8
T9_COUNTERSINK_0_6
 10
1.563468468821199
 20
72.23614557351554
 30
0.0
  0
VERTEX
  5
884
  8
T9_COUNTERSINK_0_6
 10
1.540823786557067
 20
72.23739785874508
 30
0.0
  0
VERTEX
  5
885
  8
T9_COUNTERSINK_0_6
 10
1.518643221816169
 20
72.23892842958116
 30
0.0
  0
VERTEX
  5
886
  8
T9_COUNTERSINK_0_6
 10
1.496926774598506
 20
72.24073728602383
 30
0.0
  0
VERTEX
  5
887
  8
T9_COUNTERSINK_0_6
 10
1.475674444904078
 20
72.24282442807302
 30
0.0
  0
VERTEX
  5
888
  8
T9_COUNTERSINK_0_6
 10
1.454886232732885
 20
72.2451898557288
 30
0.0
  0
VERTEX
  5
889
  8
T9_COUNTERSINK_0_6
 10
1.434562138084927
 20
72.24783356899113
 30
0.0
  0
VERTEX
  5
88A
  8
T9_COUNTERSINK_0_6
 10
1.414702160960205
 20
72.25075556786003
 30
0.0
  0
VERTEX
  5
88B
  8
T9_COUNTERSINK_0_6
 10
1.395306301358717
 20
72.25395585233547
 30
0.0
  0
VERTEX
  5
88C
  8
T9_COUNTERSINK_0_6
 10
1.376374559280464
 20
72.25743442241749
 30
0.0
  0
VERTEX
  5
88D
  8
T9_COUNTERSINK_0_6
 10
1.357906934725446
 20
72.26119127810607
 30
0.0
  0
VERTEX
  5
88E
  8
T9_COUNTERSINK_0_6
 10
1.339903427693663
 20
72.26522641940122
 30
0.0
  0
VERTEX
  5
88F
  8
T9_COUNTERSINK_0_6
 10
1.322364038185115
 20
72.2695398463029
 30
0.0
  0
VERTEX
  5
890
  8
T9_COUNTERSINK_0_6
 10
1.305288766199802
 20
72.27413155881118
 30
0.0
  0
VERTEX
  5
891
  8
T9_COUNTERSINK_0_6
 10
1.288677611737724
 20
72.27900155692599
 30
0.0
  0
VERTEX
  5
892
  8
T9_COUNTERSINK_0_6
 10
1.272530574798881
 20
72.28414984064737
 30
0.0
  0
VERTEX
  5
893
  8
T9_COUNTERSINK_0_6
 10
1.256847655383273
 20
72.2895764099753
 30
0.0
  0
VERTEX
  5
894
  8
T9_COUNTERSINK_0_6
 10
1.2416288534909
 20
72.2952812649098
 30
0.0
  0
VERTEX
  5
895
  8
T9_COUNTERSINK_0_6
 10
1.226874169121762
 20
72.30126440545087
 30
0.0
  0
VERTEX
  5
896
  8
T9_COUNTERSINK_0_6
 10
1.212583602275859
 20
72.3075258315985
 30
0.0
  0
VERTEX
  5
897
  8
T9_COUNTERSINK_0_6
 10
1.198757152953192
 20
72.31406554335268
 30
0.0
  0
VERTEX
  5
898
  8
T9_COUNTERSINK_0_6
 10
1.185394821153758
 20
72.32088354071345
 30
0.0
  0
VERTEX
  5
899
  8
T9_COUNTERSINK_0_6
 10
1.17249660687756
 20
72.32797982368075
 30
0.0
  0
VERTEX
  5
89A
  8
T9_COUNTERSINK_0_6
 10
1.160062510124597
 20
72.33535439225463
 30
0.0
  0
VERTEX
  5
89B
  8
T9_COUNTERSINK_0_6
 10
1.14809253089487
 20
72.34300724643505
 30
0.0
  0
VERTEX
  5
89C
  8
T9_COUNTERSINK_0_6
 10
1.136586669188377
 20
72.35093838622205
 30
0.0
  0
VERTEX
  5
89D
  8
T9_COUNTERSINK_0_6
 10
1.125544925005118
 20
72.35914781161561
 30
0.0
  0
VERTEX
  5
89E
  8
T9_COUNTERSINK_0_6
 10
1.114967298345095
 20
72.36763552261574
 30
0.0
  0
VERTEX
  5
89F
  8
T9_COUNTERSINK_0_6
 10
1.104853789208307
 20
72.3764015192224
 30
0.0
  0
VERTEX
  5
8A0
  8
T9_COUNTERSINK_0_6
 10
1.095126736495249
 20
72.38545227319392
 30
0.0
  0
VERTEX
  5
8A1
  8
T9_COUNTERSINK_0_6
 10
1.085708479106414
 20
72.39479425628859
 30
0.0
  0
VERTEX
  5
8A2
  8
T9_COUNTERSINK_0_6
 10
1.076599017041804
 20
72.40442746850641
 30
0.0
  0
VERTEX
  5
8A3
  8
T9_COUNTERSINK_0_6
 10
1.067798350301418
 20
72.41435190984738
 30
0.0
  0
VERTEX
  5
8A4
  8
T9_COUNTERSINK_0_6
 10
1.059306478885256
 20
72.4245675803115
 30
0.0
  0
VERTEX
  5
8A5
  8
T9_COUNTERSINK_0_6
 10
1.051123402793318
 20
72.43507447989876
 30
0.0
  0
VERTEX
  5
8A6
  8
T9_COUNTERSINK_0_6
 10
1.043249122025604
 20
72.44587260860916
 30
0.0
  0
VERTEX
  5
8A7
  8
T9_COUNTERSINK_0_6
 10
1.035683636582114
 20
72.45696196644272
 30
0.0
  0
VERTEX
  5
8A8
  8
T9_COUNTERSINK_0_6
 10
1.028426946462848
 20
72.46834255339941
 30
0.0
  0
VERTEX
  5
8A9
  8
T9_COUNTERSINK_0_6
 10
1.021479051667806
 20
72.48001436947925
 30
0.0
  0
VERTEX
  5
8AA
  8
T9_COUNTERSINK_0_6
 10
1.014839952196988
 20
72.49197741468224
 30
0.0
  0
VERTEX
  5
8AB
  8
T9_COUNTERSINK_0_6
 10
1.008509648050395
 20
72.50423168900836
 30
0.0
  0
VERTEX
  5
8AC
  8
T9_COUNTERSINK_0_6
 10
1.002488139228025
 20
72.51677719245764
 30
0.0
  0
VERTEX
  5
8AD
  8
T9_COUNTERSINK_0_6
 10
0.9967754257298798
 20
72.52961392503006
 30
0.0
  0
VERTEX
  5
8AE
  8
T9_COUNTERSINK_0_6
 10
0.9913715075559584
 20
72.54274188672564
 30
0.0
  0
VERTEX
  5
8AF
  8
T9_COUNTERSINK_0_6
 10
0.9862763847062611
 20
72.55616107754436
 30
0.0
  0
VERTEX
  5
8B0
  8
T9_COUNTERSINK_0_6
 10
0.981490057180788
 20
72.56987149748622
 30
0.0
  0
VERTEX
  5
8B1
  8
T9_COUNTERSINK_0_6
 10
0.9770125249795387
 20
72.58387314655123
 30
0.0
  0
VERTEX
  5
8B2
  8
T9_COUNTERSINK_0_6
 10
0.9728437881025136
 20
72.59816602473937
 30
0.0
  0
VERTEX
  5
8B3
  8
T9_COUNTERSINK_0_6
 10
0.9689838465497127
 20
72.61275013205066
 30
0.0
  0
VERTEX
  5
8B4
  8
T9_COUNTERSINK_0_6
 10
0.9654327003211358
 20
72.6276254684851
 30
0.0
  0
VERTEX
  5
8B5
  8
T9_COUNTERSINK_0_6
 10
0.9621903494167829
 20
72.6427920340427
 30
0.0
  0
VERTEX
  5
8B6
  8
T9_COUNTERSINK_0_6
 10
0.9592567938366543
 20
72.65824982872344
 30
0.0
  0
VERTEX
  5
8B7
  8
T9_COUNTERSINK_0_6
 10
0.9566320335807496
 20
72.6739988525273
 30
0.0
  0
VERTEX
  5
8B8
  8
T9_COUNTERSINK_0_6
 10
0.9543160686490689
 20
72.69003910545433
 30
0.0
  0
VERTEX
  5
8B9
  8
T9_COUNTERSINK_0_6
 10
0.9523088990416124
 20
72.7063705875045
 30
0.0
  0
VERTEX
  5
8BA
  8
T9_COUNTERSINK_0_6
 10
0.95061052475838
 20
72.7229932986778
 30
0.0
  0
VERTEX
  5
8BB
  8
T9_COUNTERSINK_0_6
 10
0.9492209457993716
 20
72.73990723897427
 30
0.0
  0
VERTEX
  5
8BC
  8
T9_COUNTERSINK_0_6
 10
0.9481401621645873
 20
72.75711240839388
 30
0.0
  0
VERTEX
  5
8BD
  8
T9_COUNTERSINK_0_6
 10
0.947368173854027
 20
72.77460880693663
 30
0.0
  0
VERTEX
  5
8BE
  8
T9_COUNTERSINK_0_6
 10
0.946904980867691
 20
72.79239643460252
 30
0.0
  0
VERTEX
  5
8BF
  8
T9_COUNTERSINK_0_6
 10
0.9467505832055789
 20
72.81047529139157
 30
0.0
  0
VERTEX
  5
8C0
  8
T9_COUNTERSINK_0_6
 10
0.9472905127545216
 20
72.8447201381259
 30
0.0
  0
VERTEX
  5
8C1
  8
T9_COUNTERSINK_0_6
 10
0.9489103014013498
 20
72.8773969702797
 30
0.0
  0
VERTEX
  5
8C2
  8
T9_COUNTERSINK_0_6
 10
0.9501251428864709
 20
72.89314738088893
 30
0.0
  0
VERTEX
  5
8C3
  8
T9_COUNTERSINK_0_6
 10
0.9516099491460632
 20
72.90850578785303
 30
0.0
  0
VERTEX
  5
8C4
  8
T9_COUNTERSINK_0_6
 10
0.953364720180127
 20
72.92347219117201
 30
0.0
  0
VERTEX
  5
8C5
  8
T9_COUNTERSINK_0_6
 10
0.9553894559886622
 20
72.93804659084586
 30
0.0
  0
VERTEX
  5
8C6
  8
T9_COUNTERSINK_0_6
 10
0.9576841565716687
 20
72.95222898687459
 30
0.0
  0
VERTEX
  5
8C7
  8
T9_COUNTERSINK_0_6
 10
0.9602488219291465
 20
72.9660193792582
 30
0.0
  0
VERTEX
  5
8C8
  8
T9_COUNTERSINK_0_6
 10
0.9630834520610956
 20
72.9794177679967
 30
0.0
  0
VERTEX
  5
8C9
  8
T9_COUNTERSINK_0_6
 10
0.9661880469675161
 20
72.99242415309007
 30
0.0
  0
VERTEX
  5
8CA
  8
T9_COUNTERSINK_0_6
 10
0.9695626066484081
 20
73.0050385345383
 30
0.0
  0
VERTEX
  5
8CB
  8
T9_COUNTERSINK_0_6
 10
0.9732071311037713
 20
73.01726091234143
 30
0.0
  0
VERTEX
  5
8CC
  8
T9_COUNTERSINK_0_6
 10
0.977121620333606
 20
73.02909128649942
 30
0.0
  0
VERTEX
  5
8CD
  8
T9_COUNTERSINK_0_6
 10
0.9813060743379118
 20
73.0405296570123
 30
0.0
  0
VERTEX
  5
8CE
  8
T9_COUNTERSINK_0_6
 10
0.9902703841093987
 20
73.06249665372957
 30
0.0
  0
VERTEX
  5
8CF
  8
T9_COUNTERSINK_0_6
 10
0.9998855678576934
 20
73.08342816912008
 30
0.0
  0
VERTEX
  5
8D0
  8
T9_COUNTERSINK_0_6
 10
1.010151625582796
 20
73.10332420318386
 30
0.0
  0
VERTEX
  5
8D1
  8
T9_COUNTERSINK_0_6
 10
1.021068557284706
 20
73.1221847559209
 30
0.0
  0
VERTEX
  5
8D2
  8
T9_COUNTERSINK_0_6
 10
1.032636362963424
 20
73.14000982733121
 30
0.0
  0
VERTEX
  5
8D3
  8
T9_COUNTERSINK_0_6
 10
1.044855042618949
 20
73.15679941741476
 30
0.0
  0
VERTEX
  5
8D4
  8
T9_COUNTERSINK_0_6
 10
1.057724596251282
 20
73.17255352617158
 30
0.0
  0
VERTEX
  5
8D5
  8
T9_COUNTERSINK_0_6
 10
1.071245023860422
 20
73.18727215360167
 30
0.0
  0
VERTEX
  5
8D6
  8
T9_COUNTERSINK_0_6
 10
1.085179644000258
 20
73.20109582931366
 30
0.0
  0
VERTEX
  5
8D7
  8
T9_COUNTERSINK_0_6
 10
1.099291775224678
 20
73.21416508291614
 30
0.0
  0
VERTEX
  5
8D8
  8
T9_COUNTERSINK_0_6
 10
1.113581417533682
 20
73.22647991440914
 30
0.0
  0
VERTEX
  5
8D9
  8
T9_COUNTERSINK_0_6
 10
1.128048570927271
 20
73.23804032379266
 30
0.0
  0
VERTEX
  5
8DA
  8
T9_COUNTERSINK_0_6
 10
1.142693235405442
 20
73.24884631106671
 30
0.0
  0
VERTEX
  5
8DB
  8
T9_COUNTERSINK_0_6
 10
1.157515410968198
 20
73.25889787623127
 30
0.0
  0
VERTEX
  5
8DC
  8
T9_COUNTERSINK_0_6
 10
1.172515097615538
 20
73.26819501928635
 30
0.0
  0
VERTEX
  5
8DD
  8
T9_COUNTERSINK_0_6
 10
1.187692295347462
 20
73.27673774023195
 30
0.0
  0
VERTEX
  5
8DE
  8
T9_COUNTERSINK_0_6
 10
1.20327628931489
 20
73.28470355015266
 30
0.0
  0
VERTEX
  5
8DF
  8
T9_COUNTERSINK_0_6
 10
1.219496364668744
 20
73.29226996013304
 30
0.0
  0
VERTEX
  5
8E0
  8
T9_COUNTERSINK_0_6
 10
1.236352521409023
 20
73.2994369701731
 30
0.0
  0
VERTEX
  5
8E1
  8
T9_COUNTERSINK_0_6
 10
1.253844759535729
 20
73.30620458027288
 30
0.0
  0
VERTEX
  5
8E2
  8
T9_COUNTERSINK_0_6
 10
1.27197307904886
 20
73.31257279043231
 30
0.0
  0
VERTEX
  5
8E3
  8
T9_COUNTERSINK_0_6
 10
1.290737479948416
 20
73.31854160065146
 30
0.0
  0
VERTEX
  5
8E4
  8
T9_COUNTERSINK_0_6
 10
1.310137962234399
 20
73.32411101093027
 30
0.0
  0
VERTEX
  5
8E5
  8
T9_COUNTERSINK_0_6
 10
1.330174525906807
 20
73.32928102126878
 30
0.0
  0
VERTEX
  5
8E6
  8
T9_COUNTERSINK_0_6
 10
1.349634178554317
 20
73.33398136686264
 30
0.0
  0
VERTEX
  5
8E7
  8
T9_COUNTERSINK_0_6
 10
1.369197379334501
 20
73.33837846435371
 30
0.0
  0
VERTEX
  5
8E8
  8
T9_COUNTERSINK_0_6
 10
1.388864128247359
 20
73.34247231374192
 30
0.0
  0
VERTEX
  5
8E9
  8
T9_COUNTERSINK_0_6
 10
1.408634425292891
 20
73.34626291502731
 30
0.0
  0
VERTEX
  5
8EA
  8
T9_COUNTERSINK_0_6
 10
1.428508270471097
 20
73.34975026820985
 30
0.0
  0
VERTEX
  5
8EB
  8
T9_COUNTERSINK_0_6
 10
1.448485663781977
 20
73.35293437328959
 30
0.0
  0
VERTEX
  5
8EC
  8
T9_COUNTERSINK_0_6
 10
1.468566605225531
 20
73.35581523026647
 30
0.0
  0
VERTEX
  5
8ED
  8
T9_COUNTERSINK_0_6
 10
1.488751094801759
 20
73.35839283914054
 30
0.0
  0
VERTEX
  5
8EE
  8
T9_COUNTERSINK_0_6
 10
1.509039132510661
 20
73.36066719991175
 30
0.0
  0
VERTEX
  5
8EF
  8
T9_COUNTERSINK_0_6
 10
1.529430718352236
 20
73.36263831258016
 30
0.0
  0
VERTEX
  5
8F0
  8
T9_COUNTERSINK_0_6
 10
1.549925852326486
 20
73.36430617714572
 30
0.0
  0
VERTEX
  5
8F1
  8
T9_COUNTERSINK_0_6
 10
1.57052453443341
 20
73.36567079360847
 30
0.0
  0
VERTEX
  5
8F2
  8
T9_COUNTERSINK_0_6
 10
1.591226764673007
 20
73.36673216196837
 30
0.0
  0
VERTEX
  5
8F3
  8
T9_COUNTERSINK_0_6
 10
1.612032543045279
 20
73.36749028222546
 30
0.0
  0
VERTEX
  5
8F4
  8
T9_COUNTERSINK_0_6
 10
1.632941869550224
 20
73.3679451543797
 30
0.0
  0
VERTEX
  5
8F5
  8
T9_COUNTERSINK_0_6
 10
1.653954744187843
 20
73.36809677843112
 30
0.0
  0
VERTEX
  5
8F6
  8
T9_COUNTERSINK_0_6
 10
1.700381289101725
 20
73.36759752850573
 30
0.0
  0
VERTEX
  5
8F7
  8
T9_COUNTERSINK_0_6
 10
1.745225026844733
 20
73.36609977872956
 30
0.0
  0
VERTEX
  5
8F8
  8
T9_COUNTERSINK_0_6
 10
1.788485957416868
 20
73.36360352910259
 30
0.0
  0
VERTEX
  5
8F9
  8
T9_COUNTERSINK_0_6
 10
1.83016408081813
 20
73.36010877962485
 30
0.0
  0
VERTEX
  5
8FA
  8
T9_COUNTERSINK_0_6
 10
1.870259397048519
 20
73.35561553029632
 30
0.0
  0
VERTEX
  5
8FB
  8
T9_COUNTERSINK_0_6
 10
1.889713502474636
 20
73.352994468188
 30
0.0
  0
VERTEX
  5
8FC
  8
T9_COUNTERSINK_0_6
 10
1.908771906108035
 20
73.350123781117
 30
0.0
  0
VERTEX
  5
8FD
  8
T9_COUNTERSINK_0_6
 10
1.927434607948715
 20
73.34700346908329
 30
0.0
  0
VERTEX
  5
8FE
  8
T9_COUNTERSINK_0_6
 10
1.945701607996677
 20
73.3436335320869
 30
0.0
  0
VERTEX
  5
8FF
  8
T9_COUNTERSINK_0_6
 10
1.963572906251921
 20
73.34001397012781
 30
0.0
  0
VERTEX
  5
900
  8
T9_COUNTERSINK_0_6
 10
1.981048502714447
 20
73.33614478320602
 30
0.0
  0
VERTEX
  5
901
  8
T9_COUNTERSINK_0_6
 10
1.998128397384255
 20
73.33202597132153
 30
0.0
  0
VERTEX
  5
902
  8
T9_COUNTERSINK_0_6
 10
2.014812590261343
 20
73.32765753447435
 30
0.0
  0
VERTEX
  5
903
  8
T9_COUNTERSINK_0_6
 10
2.031101081345714
 20
73.32303947266448
 30
0.0
  0
VERTEX
  5
904
  8
T9_COUNTERSINK_0_6
 10
2.046993870637367
 20
73.3181717858919
 30
0.0
  0
VERTEX
  5
905
  8
T9_COUNTERSINK_0_6
 10
2.062490958136301
 20
73.31305447415662
 30
0.0
  0
VERTEX
  5
906
  8
T9_COUNTERSINK_0_6
 10
2.077592343842517
 20
73.30768753745866
 30
0.0
  0
VERTEX
  5
907
  8
T9_COUNTERSINK_0_6
 10
2.092298027756014
 20
73.30207097579799
 30
0.0
  0
VERTEX
  5
908
  8
T9_COUNTERSINK_0_6
 10
2.106608009876793
 20
73.29620478917465
 30
0.0
  0
VERTEX
  5
909
  8
T9_COUNTERSINK_0_6
 10
2.120522290204854
 20
73.2900889775886
 30
0.0
  0
VERTEX
  5
90A
  8
T9_COUNTERSINK_0_6
 10
2.134040868740197
 20
73.28372354103985
 30
0.0
  0
VERTEX
  5
90B
  8
T9_COUNTERSINK_0_6
 10
2.147163745482822
 20
73.2771084795284
 30
0.0
  0
VERTEX
  5
90C
  8
T9_COUNTERSINK_0_6
 10
2.159890920432728
 20
73.27024379305425
 30
0.0
  0
VERTEX
  5
90D
  8
T9_COUNTERSINK_0_6
 10
2.172222393589915
 20
73.2631294816174
 30
0.0
  0
VERTEX
  5
90E
  8
T9_COUNTERSINK_0_6
 10
2.184158164954385
 20
73.25576554521788
 30
0.0
  0
VERTEX
  5
90F
  8
T9_COUNTERSINK_0_6
 10
2.195698234526136
 20
73.24815198385565
 30
0.0
  0
VERTEX
  5
910
  8
T9_COUNTERSINK_0_6
 10
2.20684260230517
 20
73.24028879753072
 30
0.0
  0
VERTEX
  5
911
  8
T9_COUNTERSINK_0_6
 10
2.217618079861552
 20
73.23212051402916
 30
0.0
  0
VERTEX
  5
912
  8
T9_COUNTERSINK_0_6
 10
2.228051478765351
 20
73.22359166113705
 30
0.0
  0
VERTEX
  5
913
  8
T9_COUNTERSINK_0_6
 10
2.238142799016566
 20
73.21470223885439
 30
0.0
  0
VERTEX
  5
914
  8
T9_COUNTERSINK_0_6
 10
2.247892040615197
 20
73.20545224718114
 30
0.0
  0
VERTEX
  5
915
  8
T9_COUNTERSINK_0_6
 10
2.257299203561245
 20
73.19584168611735
 30
0.0
  0
VERTEX
  5
916
  8
T9_COUNTERSINK_0_6
 10
2.26636428785471
 20
73.18587055566297
 30
0.0
  0
VERTEX
  5
917
  8
T9_COUNTERSINK_0_6
 10
2.275087293495591
 20
73.17553885581805
 30
0.0
  0
VERTEX
  5
918
  8
T9_COUNTERSINK_0_6
 10
2.283468220483888
 20
73.16484658658257
 30
0.0
  0
VERTEX
  5
919
  8
T9_COUNTERSINK_0_6
 10
2.291507068819601
 20
73.15379374795653
 30
0.0
  0
VERTEX
  5
91A
  8
T9_COUNTERSINK_0_6
 10
2.299203838502731
 20
73.14238033993992
 30
0.0
  0
VERTEX
  5
91B
  8
T9_COUNTERSINK_0_6
 10
2.306558529533278
 20
73.13060636253275
 30
0.0
  0
VERTEX
  5
91C
  8
T9_COUNTERSINK_0_6
 10
2.313571141911241
 20
73.11847181573503
 30
0.0
  0
VERTEX
  5
91D
  8
T9_COUNTERSINK_0_6
 10
2.32024167563662
 20
73.10597669954674
 30
0.0
  0
VERTEX
  5
91E
  8
T9_COUNTERSINK_0_6
 10
2.326570130709416
 20
73.09312101396789
 30
0.0
  0
VERTEX
  5
91F
  8
T9_COUNTERSINK_0_6
 10
2.332556507129628
 20
73.07990475899848
 30
0.0
  0
VERTEX
  5
920
  8
T9_COUNTERSINK_0_6
 10
2.338200804897257
 20
73.06632793463851
 30
0.0
  0
VERTEX
  5
921
  8
T9_COUNTERSINK_0_6
 10
2.343503024012302
 20
73.05239054088797
 30
0.0
  0
VERTEX
  5
922
  8
T9_COUNTERSINK_0_6
 10
2.348463164474764
 20
73.03809257774688
 30
0.0
  0
VERTEX
  5
923
  8
T9_COUNTERSINK_0_6
 10
2.353081226284642
 20
73.02343404521523
 30
0.0
  0
VERTEX
  5
924
  8
T9_COUNTERSINK_0_6
 10
2.357357209441936
 20
73.00841494329302
 30
0.0
  0
VERTEX
  5
925
  8
T9_COUNTERSINK_0_6
 10
2.361291113946647
 20
72.99303527198023
 30
0.0
  0
VERTEX
  5
926
  8
T9_COUNTERSINK_0_6
 10
2.364882939798775
 20
72.9772950312769
 30
0.0
  0
VERTEX
  5
927
  8
T9_COUNTERSINK_0_6
 10
2.368132686998319
 20
72.96119422118299
 30
0.0
  0
VERTEX
  5
928
  8
T9_COUNTERSINK_0_6
 10
2.371040355545279
 20
72.94473284169854
 30
0.0
  0
VERTEX
  5
929
  8
T9_COUNTERSINK_0_6
 10
2.373605945439655
 20
72.92791089282352
 30
0.0
  0
VERTEX
  5
92A
  8
T9_COUNTERSINK_0_6
 10
2.375829456681449
 20
72.91072837455792
 30
0.0
  0
VERTEX
  5
92B
  8
T9_COUNTERSINK_0_6
 10
2.377710889270658
 20
72.89318528690177
 30
0.0
  0
VERTEX
  5
92C
  8
T9_COUNTERSINK_0_6
 10
2.379250243207284
 20
72.87528162985507
 30
0.0
  0
VERTEX
  5
92D
  8
T9_COUNTERSINK_0_6
 10
2.380447518491327
 20
72.85701740341781
 30
0.0
  0
VERTEX
  5
92E
  8
T9_COUNTERSINK_0_6
 10
2.381302715122785
 20
72.83839260758998
 30
0.0
  0
VERTEX
  5
92F
  8
T9_COUNTERSINK_0_6
 10
2.381815833101661
 20
72.81940724237158
 30
0.0
  0
VERTEX
  5
930
  8
T9_COUNTERSINK_0_6
 10
2.381986872427952
 20
72.80006130776265
 30
0.0
  0
VERTEX
  5
931
  8
T9_COUNTERSINK_0_6
 10
2.381768681719818
 20
72.77843084247658
 30
0.0
  0
VERTEX
  5
932
  8
T9_COUNTERSINK_0_6
 10
2.381114109595415
 20
72.75732551414907
 30
0.0
  0
VERTEX
  5
933
  8
T9_COUNTERSINK_0_6
 10
2.380023156054743
 20
72.73674532278011
 30
0.0
  0
VERTEX
  5
934
  8
T9_COUNTERSINK_0_6
 10
2.378495821097802
 20
72.71669026836973
 30
0.0
  0
VERTEX
  5
935
  8
T9_COUNTERSINK_0_6
 10
2.376532104724593
 20
72.6971603509179
 30
0.0
  0
VERTEX
  5
936
  8
T9_COUNTERSINK_0_6
 10
2.374132006935115
 20
72.67815557042464
 30
0.0
  0
VERTEX
  5
937
  8
T9_COUNTERSINK_0_6
 10
2.371295527729368
 20
72.65967592688993
 30
0.0
  0
VERTEX
  5
938
  8
T9_COUNTERSINK_0_6
 10
2.368022667107352
 20
72.6417214203138
 30
0.0
  0
VERTEX
  5
939
  8
T9_COUNTERSINK_0_6
 10
2.364313425069068
 20
72.62429205069621
 30
0.0
  0
VERTEX
  5
93A
  8
T9_COUNTERSINK_0_6
 10
2.360167801614515
 20
72.60738781803721
 30
0.0
  0
VERTEX
  5
93B
  8
T9_COUNTERSINK_0_6
 10
2.355585796743693
 20
72.59100872233674
 30
0.0
  0
VERTEX
  5
93C
  8
T9_COUNTERSINK_0_6
 10
2.350567410456602
 20
72.57515476359484
 30
0.0
  0
VERTEX
  5
93D
  8
T9_COUNTERSINK_0_6
 10
2.345112642753242
 20
72.5598259418115
 30
0.0
  0
VERTEX
  5
93E
  8
T9_COUNTERSINK_0_6
 10
2.339221493633614
 20
72.54502225698673
 30
0.0
  0
VERTEX
  5
93F
  8
T9_COUNTERSINK_0_6
 10
2.332893963097717
 20
72.5307437091205
 30
0.0
  0
VERTEX
  5
940
  8
T9_COUNTERSINK_0_6
 10
2.326130051145551
 20
72.51699029821285
 30
0.0
  0
VERTEX
  5
941
  8
T9_COUNTERSINK_0_6
 10
2.318944550367499
 20
72.50365107983589
 30
0.0
  0
VERTEX
  5
942
  8
T9_COUNTERSINK_0_6
 10
2.311352253353942
 20
72.49061510956176
 30
0.0
  0
VERTEX
  5
943
  8
T9_COUNTERSINK_0_6
 10
2.30335316010488
 20
72.47788238739047
 30
0.0
  0
VERTEX
  5
944
  8
T9_COUNTERSINK_0_6
 10
2.294947270620313
 20
72.465452913322
 30
0.0
  0
VERTEX
  5
945
  8
T9_COUNTERSINK_0_6
 10
2.286134584900241
 20
72.45332668735637
 30
0.0
  0
VERTEX
  5
946
  8
T9_COUNTERSINK_0_6
 10
2.276915102944665
 20
72.44150370949355
 30
0.0
  0
VERTEX
  5
947
  8
T9_COUNTERSINK_0_6
 10
2.267288824753583
 20
72.42998397973358
 30
0.0
  0
VERTEX
  5
948
  8
T9_COUNTERSINK_0_6
 10
2.257255750326998
 20
72.41876749807642
 30
0.0
  0
VERTEX
  5
949
  8
T9_COUNTERSINK_0_6
 10
2.246815879664907
 20
72.40785426452211
 30
0.0
  0
VERTEX
  5
94A
  8
T9_COUNTERSINK_0_6
 10
2.235969212767311
 20
72.39724427907062
 30
0.0
  0
VERTEX
  5
94B
  8
T9_COUNTERSINK_0_6
 10
2.224715749634211
 20
72.38693754172198
 30
0.0
  0
VERTEX
  5
94C
  8
T9_COUNTERSINK_0_6
 10
2.213055490265607
 20
72.37693405247614
 30
0.0
  0
VERTEX
  5
94D
  8
T9_COUNTERSINK_0_6
 10
2.200988434661497
 20
72.36723381133316
 30
0.0
  0
VERTEX
  5
94E
  8
T9_COUNTERSINK_0_6
 10
2.188514582821882
 20
72.357836818293
 30
0.0
  0
VERTEX
  5
94F
  8
T9_COUNTERSINK_0_6
 10
2.175633934746763
 20
72.34874307335568
 30
0.0
  0
VERTEX
  5
950
  8
T9_COUNTERSINK_0_6
 10
2.162346490436138
 20
72.33995257652117
 30
0.0
  0
VERTEX
  5
951
  8
T9_COUNTERSINK_0_6
 10
2.152540852086676
 20
72.3337674246677
 30
0.0
  0
VERTEX
  5
952
  8
T9_COUNTERSINK_0_6
 10
2.142295134173348
 20
72.32775608575122
 30
0.0
  0
VERTEX
  5
953
  8
T9_COUNTERSINK_0_6
 10
2.131609336696157
 20
72.32191855977173
 30
0.0
  0
VERTEX
  5
954
  8
T9_COUNTERSINK_0_6
 10
2.120483459655101
 20
72.31625484672922
 30
0.0
  0
VERTEX
  5
955
  8
T9_COUNTERSINK_0_6
 10
2.108917503050181
 20
72.3107649466237
 30
0.0
  0
VERTEX
  5
956
  8
T9_COUNTERSINK_0_6
 10
2.096911466881397
 20
72.30544885945518
 30
0.0
  0
VERTEX
  5
957
  8
T9_COUNTERSINK_0_6
 10
2.084465351148749
 20
72.30030658522364
 30
0.0
  0
VERTEX
  5
958
  8
T9_COUNTERSINK_0_6
 10
2.071579155852236
 20
72.29533812392908
 30
0.0
  0
VERTEX
  5
959
  8
T9_COUNTERSINK_0_6
 10
2.058252880991859
 20
72.29054347557152
 30
0.0
  0
VERTEX
  5
95A
  8
T9_COUNTERSINK_0_6
 10
2.044486526567618
 20
72.28592264015094
 30
0.0
  0
VERTEX
  5
95B
  8
T9_COUNTERSINK_0_6
 10
2.015633579027543
 20
72.27720240812076
 30
0.0
  0
VERTEX
  5
95C
  8
T9_COUNTERSINK_0_6
 10
1.985020313232011
 20
72.26917742783854
 30
0.0
  0
VERTEX
  5
95D
  8
T9_COUNTERSINK_0_6
 10
1.952646729181022
 20
72.26184769930425
 30
0.0
  0
VERTEX
  5
95E
  8
T9_COUNTERSINK_0_6
 10
1.918956604586036
 20
72.2553019780602
 30
0.0
  0
VERTEX
  5
95F
  8
T9_COUNTERSINK_0_6
 10
1.884393717158512
 20
72.24962901964872
 30
0.0
  0
VERTEX
  5
960
  8
T9_COUNTERSINK_0_6
 10
1.84895806689845
 20
72.24482882406977
 30
0.0
  0
VERTEX
  5
961
  8
T9_COUNTERSINK_0_6
 10
1.812649653805852
 20
72.24090139132335
 30
0.0
  0
VERTEX
  5
962
  8
T9_COUNTERSINK_0_6
 10
1.775468477880715
 20
72.23784672140948
 30
0.0
  0
VERTEX
  5
963
  8
T9_COUNTERSINK_0_6
 10
1.737414539123041
 20
72.23566481432815
 30
0.0
  0
VERTEX
  5
964
  8
T9_COUNTERSINK_0_6
 10
1.69848783753283
 20
72.23435567007932
 30
0.0
  0
SEQEND
  5
E8E
  8
T9_COUNTERSINK_0_6
  0
POLYLINE
  5
82
  8
T9_COUNTERSINK_0_6
 66
     1
 10
0.0
 20
0.0
 30
0.0
 70
     1
  0
VERTEX
  5
965
  8
T9_COUNTERSINK_0_6
 10
1.659635098894528
 20
72.61639650557983
 30
0.0
  0
VERTEX
  5
966
  8
T9_COUNTERSINK_0_6
 10
1.692114080151989
 20
72.61657956388581
 30
0.0
  0
VERTEX
  5
967
  8
T9_COUNTERSINK_0_6
 10
1.723280219013048
 20
72.61712873880374
 30
0.0
  0
VERTEX
  5
968
  8
T9_COUNTERSINK_0_6
 10
1.753133515477705
 20
72.61804403033364
 30
0.0
  0
VERTEX
  5
969
  8
T9_COUNTERSINK_0_6
 10
1.781673969545961
 20
72.61932543847547
 30
0.0
  0
VERTEX
  5
96A
  8
T9_COUNTERSINK_0_6
 10
1.808901581217814
 20
72.62097296322925
 30
0.0
  0
VERTEX
  5
96B
  8
T9_COUNTERSINK_0_6
 10
1.834816350493266
 20
72.62298660459501
 30
0.0
  0
VERTEX
  5
96C
  8
T9_COUNTERSINK_0_6
 10
1.859418277372316
 20
72.62536636257272
 30
0.0
  0
VERTEX
  5
96D
  8
T9_COUNTERSINK_0_6
 10
1.882707361854965
 20
72.62811223716237
 30
0.0
  0
VERTEX
  5
96E
  8
T9_COUNTERSINK_0_6
 10
1.904683603941212
 20
72.63122422836398
 30
0.0
  0
VERTEX
  5
96F
  8
T9_COUNTERSINK_0_6
 10
1.925347003631056
 20
72.63470233617754
 30
0.0
  0
VERTEX
  5
970
  8
T9_COUNTERSINK_0_6
 10
1.944697560924499
 20
72.63854656060306
 30
0.0
  0
VERTEX
  5
971
  8
T9_COUNTERSINK_0_6
 10
1.962735275821541
 20
72.64275690164054
 30
0.0
  0
VERTEX
  5
972
  8
T9_COUNTERSINK_0_6
 10
1.97946014832218
 20
72.64733335928997
 30
0.0
  0
VERTEX
  5
973
  8
T9_COUNTERSINK_0_6
 10
1.994872178426418
 20
72.65227593355135
 30
0.0
  0
VERTEX
  5
974
  8
T9_COUNTERSINK_0_6
 10
2.008971366134254
 20
72.65758462442469
 30
0.0
  0
VERTEX
  5
975
  8
T9_COUNTERSINK_0_6
 10
2.021757711445688
 20
72.66325943190998
 30
0.0
  0
VERTEX
  5
976
  8
T9_COUNTERSINK_0_6
 10
2.033508575430383
 20
72.66928186526926
 30
0.0
  0
VERTEX
  5
977
  8
T9_COUNTERSINK_0_6
 10
2.044501319158001
 20
72.67563343376452
 30
0.0
  0
VERTEX
  5
978
  8
T9_COUNTERSINK_0_6
 10
2.054735942628541
 20
72.68231413739579
 30
0.0
  0
VERTEX
  5
979
  8
T9_COUNTERSINK_0_6
 10
2.064212445842005
 20
72.68932397616305
 30
0.0
  0
VERTEX
  5
97A
  8
T9_COUNTERSINK_0_6
 10
2.072930828798391
 20
72.69666295006633
 30
0.0
  0
VERTEX
  5
97B
  8
T9_COUNTERSINK_0_6
 10
2.080891091497701
 20
72.70433105910558
 30
0.0
  0
VERTEX
  5
97C
  8
T9_COUNTERSINK_0_6
 10
2.088093233939933
 20
72.71232830328086
 30
0.0
  0
VERTEX
  5
97D
  8
T9_COUNTERSINK_0_6
 10
2.094537256125088
 20
72.72065468259211
 30
0.0
  0
VERTEX
  5
97E
  8
T9_COUNTERSINK_0_6
 10
2.100223158053166
 20
72.72931019703938
 30
0.0
  0
VERTEX
  5
97F
  8
T9_COUNTERSINK_0_6
 10
2.105150939724167
 20
72.73829484662264
 30
0.0
  0
VERTEX
  5
980
  8
T9_COUNTERSINK_0_6
 10
2.109320601138091
 20
72.7476086313419
 30
0.0
  0
VERTEX
  5
981
  8
T9_COUNTERSINK_0_6
 10
2.112732142294938
 20
72.75725155119716
 30
0.0
  0
VERTEX
  5
982
  8
T9_COUNTERSINK_0_6
 10
2.115385563194707
 20
72.76722360618842
 30
0.0
  0
VERTEX
  5
983
  8
T9_COUNTERSINK_0_6
 10
2.1172808638374
 20
72.77752479631567
 30
0.0
  0
VERTEX
  5
984
  8
T9_COUNTERSINK_0_6
 10
2.118418044223016
 20
72.78815512157895
 30
0.0
  0
VERTEX
  5
985
  8
T9_COUNTERSINK_0_6
 10
2.118797104351554
 20
72.7991145819782
 30
0.0
  0
VERTEX
  5
986
  8
T9_COUNTERSINK_0_6
 10
2.11863623493115
 20
72.80639068737233
 30
0.0
  0
VERTEX
  5
987
  8
T9_COUNTERSINK_0_6
 10
2.118153626669938
 20
72.81354475389583
 30
0.0
  0
VERTEX
  5
988
  8
T9_COUNTERSINK_0_6
 10
2.117349279567917
 20
72.82057678154867
 30
0.0
  0
VERTEX
  5
989
  8
T9_COUNTERSINK_0_6
 10
2.116223193625088
 20
72.82748677033085
 30
0.0
  0
VERTEX
  5
98A
  8
T9_COUNTERSINK_0_6
 10
2.114775368841451
 20
72.83427472024239
 30
0.0
  0
VERTEX
  5
98B
  8
T9_COUNTERSINK_0_6
 10
2.113005805217004
 20
72.84094063128327
 30
0.0
  0
VERTEX
  5
98C
  8
T9_COUNTERSINK_0_6
 10
2.110914502751751
 20
72.8474845034535
 30
0.0
  0
VERTEX
  5
98D
  8
T9_COUNTERSINK_0_6
 10
2.108501461445688
 20
72.85390633675308
 30
0.0
  0
VERTEX
  5
98E
  8
T9_COUNTERSINK_0_6
 10
2.105766681298817
 20
72.860206131182
 30
0.0
  0
VERTEX
  5
98F
  8
T9_COUNTERSINK_0_6
 10
2.102710162311138
 20
72.8663838867403
 30
0.0
  0
VERTEX
  5
990
  8
T9_COUNTERSINK_0_6
 10
2.09933190448265
 20
72.87243960342792
 30
0.0
  0
VERTEX
  5
991
  8
T9_COUNTERSINK_0_6
 10
2.095631907813355
 20
72.8783732812449
 30
0.0
  0
VERTEX
  5
992
  8
T9_COUNTERSINK_0_6
 10
2.091610172303251
 20
72.88418492019122
 30
0.0
  0
VERTEX
  5
993
  8
T9_COUNTERSINK_0_6
 10
2.087266697952338
 20
72.88987452026691
 30
0.0
  0
VERTEX
  5
994
  8
T9_COUNTERSINK_0_6
 10
2.082601484760618
 20
72.89544208147191
 30
0.0
  0
VERTEX
  5
995
  8
T9_COUNTERSINK_0_6
 10
2.077614532728089
 20
72.9008876038063
 30
0.0
  0
VERTEX
  5
996
  8
T9_COUNTERSINK_0_6
 10
2.072279954821583
 20
72.90618335116307
 30
0.0
  0
VERTEX
  5
997
  8
T9_COUNTERSINK_0_6
 10
2.066571864007932
 20
72.91130158743522
 30
0.0
  0
VERTEX
  5
998
  8
T9_COUNTERSINK_0_6
 10
2.060490260287136
 20
72.91624231262281
 30
0.0
  0
VERTEX
  5
999
  8
T9_COUNTERSINK_0_6
 10
2.054035143659194
 20
72.92100552672582
 30
0.0
  0
VERTEX
  5
99A
  8
T9_COUNTERSINK_0_6
 10
2.047206514124107
 20
72.92559122974424
 30
0.0
  0
VERTEX
  5
99B
  8
T9_COUNTERSINK_0_6
 10
2.040004371681875
 20
72.92999942167808
 30
0.0
  0
VERTEX
  5
99C
  8
T9_COUNTERSINK_0_6
 10
2.032428716332497
 20
72.93423010252732
 30
0.0
  0
VERTEX
  5
99D
  8
T9_COUNTERSINK_0_6
 10
2.024479548075974
 20
72.93828327229198
 30
0.0
  0
VERTEX
  5
99E
  8
T9_COUNTERSINK_0_6
 10
2.016156866912306
 20
72.94215893097208
 30
0.0
  0
VERTEX
  5
99F
  8
T9_COUNTERSINK_0_6
 10
2.007460672841493
 20
72.94585707856757
 30
0.0
  0
VERTEX
  5
9A0
  8
T9_COUNTERSINK_0_6
 10
1.98894774597843
 20
72.95272084050481
 30
0.0
  0
VERTEX
  5
9A1
  8
T9_COUNTERSINK_0_6
 10
1.968940767486786
 20
72.95887455810373
 30
0.0
  0
VERTEX
  5
9A2
  8
T9_COUNTERSINK_0_6
 10
1.947439737366561
 20
72.96431823136429
 30
0.0
  0
VERTEX
  5
9A3
  8
T9_COUNTERSINK_0_6
 10
1.935927403901776
 20
72.9667830467367
 30
0.0
  0
VERTEX
  5
9A4
  8
T9_COUNTERSINK_0_6
 10
1.923638459441936
 20
72.96908884176247
 30
0.0
  0
VERTEX
  5
9A5
  8
T9_COUNTERSINK_0_6
 10
1.896730737537093
 20
72.97322337077424
 30
0.0
  0
VERTEX
  5
9A6
  8
T9_COUNTERSINK_0_6
 10
1.866716571652032
 20
72.97672181839958
 30
0.0
  0
VERTEX
  5
9A7
  8
T9_COUNTERSINK_0_6
 10
1.833595961786752
 20
72.9795841846385
 30
0.0
  0
VERTEX
  5
9A8
  8
T9_COUNTERSINK_0_6
 10
1.797368907941254
 20
72.98181046949098
 30
0.0
  0
VERTEX
  5
9A9
  8
T9_COUNTERSINK_0_6
 10
1.758035410115538
 20
72.98340067295703
 30
0.0
  0
VERTEX
  5
9AA
  8
T9_COUNTERSINK_0_6
 10
1.715595468309603
 20
72.98435479503668
 30
0.0
  0
VERTEX
  5
9AB
  8
T9_COUNTERSINK_0_6
 10
1.67004908252345
 20
72.9846728357299
 30
0.0
  0
VERTEX
  5
9AC
  8
T9_COUNTERSINK_0_6
 10
1.636201786655656
 20
72.98448977742393
 30
0.0
  0
VERTEX
  5
9AD
  8
T9_COUNTERSINK_0_6
 10
1.603770881316936
 20
72.98394060250598
 30
0.0
  0
VERTEX
  5
9AE
  8
T9_COUNTERSINK_0_6
 10
1.572756366507293
 20
72.9830253109761
 30
0.0
  0
VERTEX
  5
9AF
  8
T9_COUNTERSINK_0_6
 10
1.543158242226724
 20
72.98174390283427
 30
0.0
  0
VERTEX
  5
9B0
  8
T9_COUNTERSINK_0_6
 10
1.514976508475232
 20
72.98009637808048
 30
0.0
  0
VERTEX
  5
9B1
  8
T9_COUNTERSINK_0_6
 10
1.488211165252816
 20
72.97808273671473
 30
0.0
  0
VERTEX
  5
9B2
  8
T9_COUNTERSINK_0_6
 10
1.462862212559475
 20
72.97570297873702
 30
0.0
  0
VERTEX
  5
9B3
  8
T9_COUNTERSINK_0_6
 10
1.43892965039521
 20
72.97295710414735
 30
0.0
  0
VERTEX
  5
9B4
  8
T9_COUNTERSINK_0_6
 10
1.416413478760021
 20
72.96984511294575
 30
0.0
  0
VERTEX
  5
9B5
  8
T9_COUNTERSINK_0_6
 10
1.395313697653907
 20
72.96636700513218
 30
0.0
  0
VERTEX
  5
9B6
  8
T9_COUNTERSINK_0_6
 10
1.37563030707687
 20
72.96252278070666
 30
0.0
  0
VERTEX
  5
9B7
  8
T9_COUNTERSINK_0_6
 10
1.357363307028907
 20
72.95831243966919
 30
0.0
  0
VERTEX
  5
9B8
  8
T9_COUNTERSINK_0_6
 10
1.340512697510021
 20
72.95373598201977
 30
0.0
  0
VERTEX
  5
9B9
  8
T9_COUNTERSINK_0_6
 10
1.32507847852021
 20
72.94879340775837
 30
0.0
  0
VERTEX
  5
9BA
  8
T9_COUNTERSINK_0_6
 10
1.311060650059475
 20
72.94348471688504
 30
0.0
  0
VERTEX
  5
9BB
  8
T9_COUNTERSINK_0_6
 10
1.298459212127816
 20
72.93780990939975
 30
0.0
  0
VERTEX
  5
9BC
  8
T9_COUNTERSINK_0_6
 10
1.286937633294042
 20
72.93176898530251
 30
0.0
  0
VERTEX
  5
9BD
  8
T9_COUNTERSINK_0_6
 10
1.276159382126964
 20
72.9253619445933
 30
0.0
  0
VERTEX
  5
9BE
  8
T9_COUNTERSINK_0_6
 10
1.26612445862658
 20
72.91858878727214
 30
0.0
  0
VERTEX
  5
9BF
  8
T9_COUNTERSINK_0_6
 10
1.256832862792891
 20
72.91144951333904
 30
0.0
  0
VERTEX
  5
9C0
  8
T9_COUNTERSINK_0_6
 10
1.248284594625898
 20
72.90394412279397
 30
0.0
  0
VERTEX
  5
9C1
  8
T9_COUNTERSINK_0_6
 10
1.240479654125599
 20
72.89607261563695
 30
0.0
  0
VERTEX
  5
9C2
  8
T9_COUNTERSINK_0_6
 10
1.233418041291996
 20
72.88783499186798
 30
0.0
  0
VERTEX
  5
9C3
  8
T9_COUNTERSINK_0_6
 10
1.227099756125088
 20
72.87923125148706
 30
0.0
  0
VERTEX
  5
9C4
  8
T9_COUNTERSINK_0_6
 10
1.221524798624874
 20
72.87026139449418
 30
0.0
  0
VERTEX
  5
9C5
  8
T9_COUNTERSINK_0_6
 10
1.216693168791356
 20
72.86092542088934
 30
0.0
  0
VERTEX
  5
9C6
  8
T9_COUNTERSINK_0_6
 10
1.212604866624533
 20
72.85122333067255
 30
0.0
  0
VERTEX
  5
9C7
  8
T9_COUNTERSINK_0_6
 10
1.209259892124406
 20
72.84115512384382
 30
0.0
  0
VERTEX
  5
9C8
  8
T9_COUNTERSINK_0_6
 10
1.206658245290973
 20
72.83072080040313
 30
0.0
  0
VERTEX
  5
9C9
  8
T9_COUNTERSINK_0_6
 10
1.204799926124235
 20
72.81992036035047
 30
0.0
  0
VERTEX
  5
9CA
  8
T9_COUNTERSINK_0_6
 10
1.203684934624192
 20
72.80875380368586
 30
0.0
  0
VERTEX
  5
9CB
  8
T9_COUNTERSINK_0_6
 10
1.203313270790845
 20
72.7972211304093
 30
0.0
  0
VERTEX
  5
9CC
  8
T9_COUNTERSINK_0_6
 10
1.203692330919383
 20
72.785475813646
 30
0.0
  0
VERTEX
  5
9CD
  8
T9_COUNTERSINK_0_6
 10
1.204829511304999
 20
72.77414468941339
 30
0.0
  0
VERTEX
  5
9CE
  8
T9_COUNTERSINK_0_6
 10
1.206724811947692
 20
72.76322775771149
 30
0.0
  0
VERTEX
  5
9CF
  8
T9_COUNTERSINK_0_6
 10
1.209378232847461
 20
72.75272501854027
 30
0.0
  0
VERTEX
  5
9D0
  8
T9_COUNTERSINK_0_6
 10
1.212789774004308
 20
72.74263647189976
 30
0.0
  0
VERTEX
  5
9D1
  8
T9_COUNTERSINK_0_6
 10
1.216959435418232
 20
72.73296211778992
 30
0.0
  0
VERTEX
  5
9D2
  8
T9_COUNTERSINK_0_6
 10
1.221887217089233
 20
72.72370195621079
 30
0.0
  0
VERTEX
  5
9D3
  8
T9_COUNTERSINK_0_6
 10
1.227573119017311
 20
72.71485598716237
 30
0.0
  0
VERTEX
  5
9D4
  8
T9_COUNTERSINK_0_6
 10
1.234017141202466
 20
72.70642421064463
 30
0.0
  0
VERTEX
  5
9D5
  8
T9_COUNTERSINK_0_6
 10
1.241219283644698
 20
72.69840662665759
 30
0.0
  0
VERTEX
  5
9D6
  8
T9_COUNTERSINK_0_6
 10
1.249179546344008
 20
72.69080323520124
 30
0.0
  0
VERTEX
  5
9D7
  8
T9_COUNTERSINK_0_6
 10
1.257897929300394
 20
72.6836140362756
 30
0.0
  0
VERTEX
  5
9D8
  8
T9_COUNTERSINK_0_6
 10
1.267374432513858
 20
72.67683902988065
 30
0.0
  0
VERTEX
  5
9D9
  8
T9_COUNTERSINK_0_6
 10
1.277609055984398
 20
72.67047821601639
 30
0.0
  0
VERTEX
  5
9DA
  8
T9_COUNTERSINK_0_6
 10
1.288601799712016
 20
72.66453159468284
 30
0.0
  0
VERTEX
  5
9DB
  8
T9_COUNTERSINK_0_6
 10
1.300352663696711
 20
72.65899916587998
 30
0.0
  0
VERTEX
  5
9DC
  8
T9_COUNTERSINK_0_6
 10
1.313127914565359
 20
72.65384024998426
 30
0.0
  0
VERTEX
  5
9DD
  8
T9_COUNTERSINK_0_6
 10
1.327193818944835
 20
72.64901416737212
 30
0.0
  0
VERTEX
  5
9DE
  8
T9_COUNTERSINK_0_6
 10
1.34255037683514
 20
72.6445209180436
 30
0.0
  0
VERTEX
  5
9DF
  8
T9_COUNTERSINK_0_6
 10
1.359197588236274
 20
72.64036050199866
 30
0.0
  0
VERTEX
  5
9E0
  8
T9_COUNTERSINK_0_6
 10
1.377135453148237
 20
72.63653291923733
 30
0.0
  0
VERTEX
  5
9E1
  8
T9_COUNTERSINK_0_6
 10
1.396363971571029
 20
72.63303816975957
 30
0.0
  0
VERTEX
  5
9E2
  8
T9_COUNTERSINK_0_6
 10
1.416883143504649
 20
72.62987625356543
 30
0.0
  0
VERTEX
  5
9E3
  8
T9_COUNTERSINK_0_6
 10
1.438692968949098
 20
72.62704717065486
 30
0.0
  0
VERTEX
  5
9E4
  8
T9_COUNTERSINK_0_6
 10
1.461793447904376
 20
72.6245509210279
 30
0.0
  0
VERTEX
  5
9E5
  8
T9_COUNTERSINK_0_6
 10
1.486184580370483
 20
72.62238750468453
 30
0.0
  0
VERTEX
  5
9E6
  8
T9_COUNTERSINK_0_6
 10
1.511866366347419
 20
72.62055692162477
 30
0.0
  0
VERTEX
  5
9E7
  8
T9_COUNTERSINK_0_6
 10
1.538838805835183
 20
72.61905917184859
 30
0.0
  0
VERTEX
  5
9E8
  8
T9_COUNTERSINK_0_6
 10
1.567101898833776
 20
72.617894255356
 30
0.0
  0
VERTEX
  5
9E9
  8
T9_COUNTERSINK_0_6
 10
1.596655645343198
 20
72.61706217214702
 30
0.0
  0
VERTEX
  5
9EA
  8
T9_COUNTERSINK_0_6
 10
1.627500045363449
 20
72.61656292222162
 30
0.0
  0
SEQEND
  5
E8F
  8
T9_COUNTERSINK_0_6
  0
POLYLINE
  5
83
  8
T9_COUNTERSINK_0_6
 66
     1
 10
0.0
 20
0.0
 30
0.0
 70
     1
  0
VERTEX
  5
9EB
  8
T9_COUNTERSINK_0_6
 10
1.703184484979112
 20
73.49022440462485
 30
0.0
  0
VERTEX
  5
9EC
  8
T9_COUNTERSINK_0_6
 10
1.703184484979112
 20
74.05068606901776
 30
0.0
  0
VERTEX
  5
9ED
  8
T9_COUNTERSINK_0_6
 10
2.001403107080067
 20
74.05068606901776
 30
0.0
  0
VERTEX
  5
9EE
  8
T9_COUNTERSINK_0_6
 10
2.001403107080067
 20
73.49022440462485
 30
0.0
  0
SEQEND
  5
E90
  8
T9_COUNTERSINK_0_6
  0
POLYLINE
  5
84
  8
T9_COUNTERSINK_0_6
 66
     1
 10
0.0
 20
0.0
 30
0.0
 70
     1
  0
VERTEX
  5
9EF
  8
T9_COUNTERSINK_0_6
 10
0.9704187278167657
 20
74.17944077570262
 30
0.0
  0
VERTEX
  5
9F0
  8
T9_COUNTERSINK_0_6
 10
0.9704187278167657
 20
75.30509773341068
 30
0.0
  0
VERTEX
  5
9F1
  8
T9_COUNTERSINK_0_6
 10
1.230768318539822
 20
75.30509773341068
 30
0.0
  0
VERTEX
  5
9F2
  8
T9_COUNTERSINK_0_6
 10
1.247421077162349
 20
75.28694352686439
 30
0.0
  0
VERTEX
  5
9F3
  8
T9_COUNTERSINK_0_6
 10
1.264243950574269
 20
75.26916653137283
 30
0.0
  0
VERTEX
  5
9F4
  8
T9_COUNTERSINK_0_6
 10
1.281236938775582
 20
75.25176674693603
 30
0.0
  0
VERTEX
  5
9F5
  8
T9_COUNTERSINK_0_6
 10
1.298400041766288
 20
75.23474417355393
 30
0.0
  0
VERTEX
  5
9F6
  8
T9_COUNTERSINK_0_6
 10
1.315733259546387
 20
75.21809881122661
 30
0.0
  0
VERTEX
  5
9F7
  8
T9_COUNTERSINK_0_6
 10
1.333236592115879
 20
75.201830659954
 30
0.0
  0
VERTEX
  5
9F8
  8
T9_COUNTERSINK_0_6
 10
1.350910039474764
 20
75.18593971973614
 30
0.0
  0
VERTEX
  5
9F9
  8
T9_COUNTERSINK_0_6
 10
1.368753601623041
 20
75.17042599057302
 30
0.0
  0
VERTEX
  5
9FA
  8
T9_COUNTERSINK_0_6
 10
1.386767278560712
 20
75.15528947246466
 30
0.0
  0
VERTEX
  5
9FB
  8
T9_COUNTERSINK_0_6
 10
1.404951070287775
 20
75.14053016541104
 30
0.0
  0
VERTEX
  5
9FC
  8
T9_COUNTERSINK_0_6
 10
1.423304976804232
 20
75.12614806941215
 30
0.0
  0
VERTEX
  5
9FD
  8
T9_COUNTERSINK_0_6
 10
1.441828998110081
 20
75.11214318446798
 30
0.0
  0
VERTEX
  5
9FE
  8
T9_COUNTERSINK_0_6
 10
1.460523134205323
 20
75.09851551057857
 30
0.0
  0
VERTEX
  5
9FF
  8
T9_COUNTERSINK_0_6
 10
1.479387385089958
 20
75.08526504774389
 30
0.0
  0
VERTEX
  5
A00
  8
T9_COUNTERSINK_0_6
 10
1.498421750763986
 20
75.07239179596397
 30
0.0
  0
VERTEX
  5
A01
  8
T9_COUNTERSINK_0_6
 10
1.517626231227407
 20
75.05989575523877
 30
0.0
  0
VERTEX
  5
A02
  8
T9_COUNTERSINK_0_6
 10
1.541224111034279
 20
75.0451808259563
 30
0.0
  0
VERTEX
  5
A03
  8
T9_COUNTERSINK_0_6
 10
1.565154824124747
 20
75.03085790031892
 30
0.0
  0
VERTEX
  5
A04
  8
T9_COUNTERSINK_0_6
 10
1.589418370498809
 20
75.0169269783267
 30
0.0
  0
VERTEX
  5
A05
  8
T9_COUNTERSINK_0_6
 10
1.614014750156466
 20
75.00338805997957
 30
0.0
  0
VERTEX
  5
A06
  8
T9_COUNTERSINK_0_6
 10
1.638943963097717
 20
74.99024114527757
 30
0.0
  0
VERTEX
  5
A07
  8
T9_COUNTERSINK_0_6
 10
1.664206009322564
 20
74.97748623422069
 30
0.0
  0
VERTEX
  5
A08
  8
T9_COUNTERSINK_0_6
 10
1.689800888831005
 20
74.96512332680895
 30
0.0
  0
VERTEX
  5
A09
  8
T9_COUNTERSINK_0_6
 10
1.715728601623041
 20
74.95315242304233
 30
0.0
  0
VERTEX
  5
A0A
  8
T9_COUNTERSINK_0_6
 10
1.741989147698672
 20
74.94157352292082
 30
0.0
  0
VERTEX
  5
A0B
  8
T9_COUNTERSINK_0_6
 10
1.768582527057898
 20
74.93038662644443
 30
0.0
  0
VERTEX
  5
A0C
  8
T9_COUNTERSINK_0_6
 10
1.795508739700719
 20
74.91959173361317
 30
0.0
  0
VERTEX
  5
A0D
  8
T9_COUNTERSINK_0_6
 10
1.822767785627134
 20
74.90918884442705
 30
0.0
  0
VERTEX
  5
A0E
  8
T9_COUNTERSINK_0_6
 10
1.850359664837145
 20
74.89917795888604
 30
0.0
  0
VERTEX
  5
A0F
  8
T9_COUNTERSINK_0_6
 10
1.878284377330749
 20
74.88955907699014
 30
0.0
  0
VERTEX
  5
A10
  8
T9_COUNTERSINK_0_6
 10
1.906541923107949
 20
74.88033219873938
 30
0.0
  0
VERTEX
  5
A11
  8
T9_COUNTERSINK_0_6
 10
1.935132302168744
 20
74.87149732413373
 30
0.0
  0
VERTEX
  5
A12
  8
T9_COUNTERSINK_0_6
 10
1.957753871010405
 20
74.86477409180512
 30
0.0
  0
VERTEX
  5
A13
  8
T9_COUNTERSINK_0_6
 10
1.980885784220245
 20
74.85833191869375
 30
0.0
  0
VERTEX
  5
A14
  8
T9_COUNTERSINK_0_6
 10
2.004528041798263
 20
74.85217080479967
 30
0.0
  0
VERTEX
  5
A15
  8
T9_COUNTERSINK_0_6
 10
2.02868064374446
 20
74.84629075012282
 30
0.0
  0
VERTEX
  5
A16
  8
T9_COUNTERSINK_0_6
 10
2.053343590058835
 20
74.84069175466324
 30
0.0
  0
VERTEX
  5
A17
  8
T9_COUNTERSINK_0_6
 10
2.078516880741391
 20
74.8353738184209
 30
0.0
  0
VERTEX
  5
A18
  8
T9_COUNTERSINK_0_6
 10
2.104200515792123
 20
74.83033694139584
 30
0.0
  0
VERTEX
  5
A19
  8
T9_COUNTERSINK_0_6
 10
2.130394495211036
 20
74.82558112358802
 30
0.0
  0
VERTEX
  5
A1A
  8
T9_COUNTERSINK_0_6
 10
2.157098818998127
 20
74.82110636499746
 30
0.0
  0
VERTEX
  5
A1B
  8
T9_COUNTERSINK_0_6
 10
2.184313487153396
 20
74.81691266562416
 30
0.0
  0
VERTEX
  5
A1C
  8
T9_COUNTERSINK_0_6
 10
2.212038499676844
 20
74.81300002546814
 30
0.0
  0
VERTEX
  5
A1D
  8
T9_COUNTERSINK_0_6
 10
2.240273856568471
 20
74.80936844452935
 30
0.0
  0
VERTEX
  5
A1E
  8
T9_COUNTERSINK_0_6
 10
2.269019557828276
 20
74.80601792280785
 30
0.0
  0
VERTEX
  5
A1F
  8
T9_COUNTERSINK_0_6
 10
2.29827560345626
 20
74.80294846030358
 30
0.0
  0
VERTEX
  5
A20
  8
T9_COUNTERSINK_0_6
 10
2.328041993452424
 20
74.8001600570166
 30
0.0
  0
VERTEX
  5
A21
  8
T9_COUNTERSINK_0_6
 10
2.358318727816766
 20
74.79765271294683
 30
0.0
  0
VERTEX
  5
A22
  8
T9_COUNTERSINK_0_6
 10
2.358318727816766
 20
74.41328204446116
 30
0.0
  0
VERTEX
  5
A23
  8
T9_COUNTERSINK_0_6
 10
2.316263393360763
 20
74.41916579728559
 30
0.0
  0
VERTEX
  5
A24
  8
T9_COUNTERSINK_0_6
 10
2.275066029146916
 20
74.42545634634553
 30
0.0
  0
VERTEX
  5
A25
  8
T9_COUNTERSINK_0_6
 10
2.234726635175224
 20
74.43215369164098
 30
0.0
  0
VERTEX
  5
A26
  8
T9_COUNTERSINK_0_6
 10
2.195245211445688
 20
74.43925783317192
 30
0.0
  0
VERTEX
  5
A27
  8
T9_COUNTERSINK_0_6
 10
2.156621757958307
 20
74.44676877093838
 30
0.0
  0
VERTEX
  5
A28
  8
T9_COUNTERSINK_0_6
 10
2.118856274713083
 20
74.45468650494036
 30
0.0
  0
VERTEX
  5
A29
  8
T9_COUNTERSINK_0_6
 10
2.081948761710013
 20
74.46301103517781
 30
0.0
  0
VERTEX
  5
A2A
  8
T9_COUNTERSINK_0_6
 10
2.045899218949098
 20
74.47174236165078
 30
0.0
  0
VERTEX
  5
A2B
  8
T9_COUNTERSINK_0_6
 10
2.01070764643034
 20
74.48088048435926
 30
0.0
  0
VERTEX
  5
A2C
  8
T9_COUNTERSINK_0_6
 10
1.976374044153737
 20
74.49042540330323
 30
0.0
  0
VERTEX
  5
A2D
  8
T9_COUNTERSINK_0_6
 10
1.942898412119289
 20
74.50037711848272
 30
0.0
  0
VERTEX
  5
A2E
  8
T9_COUNTERSINK_0_6
 10
1.910280750326998
 20
74.51073562989771
 30
0.0
  0
VERTEX
  5
A2F
  8
T9_COUNTERSINK_0_6
 10
1.878521058776861
 20
74.5215009375482
 30
0.0
  0
VERTEX
  5
A30
  8
T9_COUNTERSINK_0_6
 10
1.84761933746888
 20
74.53267304143421
 30
0.0
  0
VERTEX
  5
A31
  8
T9_COUNTERSINK_0_6
 10
1.817575586403055
 20
74.5442519415557
 30
0.0
  0
VERTEX
  5
A32
  8
T9_COUNTERSINK_0_6
 10
1.788389805579385
 20
74.55623763791272
 30
0.0
  0
VERTEX
  5
A33
  8
T9_COUNTERSINK_0_6
 10
1.759507272858546
 20
74.56887051009893
 30
0.0
  0
VERTEX
  5
A34
  8
T9_COUNTERSINK_0_6
 10
1.730373266101213
 20
74.58239093770806
 30
0.0
  0
VERTEX
  5
A35
  8
T9_COUNTERSINK_0_6
 10
1.700987785307386
 20
74.59679892074013
 30
0.0
  0
VERTEX
  5
A36
  8
T9_COUNTERSINK_0_6
 10
1.671350830477066
 20
74.6120944591951
 30
0.0
  0
VERTEX
  5
A37
  8
T9_COUNTERSINK_0_6
 10
1.641462401610251
 20
74.628277553073
 30
0.0
  0
VERTEX
  5
A38
  8
T9_COUNTERSINK_0_6
 10
1.611322498706943
 20
74.64534820237381
 30
0.0
  0
VERTEX
  5
A39
  8
T9_COUNTERSINK_0_6
 10
1.580931121767141
 20
74.66330640709756
 30
0.0
  0
VERTEX
  5
A3A
  8
T9_COUNTERSINK_0_6
 10
1.550288270790845
 20
74.68215216724423
 30
0.0
  0
VERTEX
  5
A3B
  8
T9_COUNTERSINK_0_6
 10
1.519393945778055
 20
74.70188548281381
 30
0.0
  0
VERTEX
  5
A3C
  8
T9_COUNTERSINK_0_6
 10
1.488248146728771
 20
74.7225063538063
 30
0.0
  0
VERTEX
  5
A3D
  8
T9_COUNTERSINK_0_6
 10
1.456850873642994
 20
74.74401478022172
 30
0.0
  0
VERTEX
  5
A3E
  8
T9_COUNTERSINK_0_6
 10
1.425202126520722
 20
74.76641076206005
 30
0.0
  0
VERTEX
  5
A3F
  8
T9_COUNTERSINK_0_6
 10
1.393301905361957
 20
74.78969429932131
 30
0.0
  0
VERTEX
  5
A40
  8
T9_COUNTERSINK_0_6
 10
1.361150210166697
 20
74.81386539200548
 30
0.0
  0
VERTEX
  5
A41
  8
T9_COUNTERSINK_0_6
 10
1.328747040934944
 20
74.83892404011259
 30
0.0
  0
VERTEX
  5
A42
  8
T9_COUNTERSINK_0_6
 10
1.296092397666697
 20
74.8648702436426
 30
0.0
  0
VERTEX
  5
A43
  8
T9_COUNTERSINK_0_6
 10
1.296092397666697
 20
74.17944077570262
 30
0.0
  0
SEQEND
  5
E91
  8
T9_COUNTERSINK_0_6
  0
POLYLINE
  5
85
  8
T9_COUNTERSINK_0_6
 66
     1
 10
0.0
 20
0.0
 30
0.0
 70
     1
  0
VERTEX
  5
A44
  8
T9_COUNTERSINK_0_6
 10
2.358318727816766
 20
76.59453825182813
 30
0.0
  0
VERTEX
  5
A45
  8
T9_COUNTERSINK_0_6
 10
2.358318727816766
 20
75.4376393432333
 30
0.0
  0
VERTEX
  5
A46
  8
T9_COUNTERSINK_0_6
 10
2.336978567116945
 20
75.4404406900369
 30
0.0
  0
VERTEX
  5
A47
  8
T9_COUNTERSINK_0_6
 10
2.31579742676373
 20
75.44387442007931
 30
0.0
  0
VERTEX
  5
A48
  8
T9_COUNTERSINK_0_6
 10
2.294775306757122
 20
75.44794053336057
 30
0.0
  0
VERTEX
  5
A49
  8
T9_COUNTERSINK_0_6
 10
2.27391220709712
 20
75.45263902988064
 30
0.0
  0
VERTEX
  5
A4A
  8
T9_COUNTERSINK_0_6
 10
2.253208127783725
 20
75.45796990963956
 30
0.0
  0
VERTEX
  5
A4B
  8
T9_COUNTERSINK_0_6
 10
2.232663068816936
 20
75.4639331726373
 30
0.0
  0
VERTEX
  5
A4C
  8
T9_COUNTERSINK_0_6
 10
2.212277030196754
 20
75.47052881887387
 30
0.0
  0
VERTEX
  5
A4D
  8
T9_COUNTERSINK_0_6
 10
2.192050011923177
 20
75.47775684834927
 30
0.0
  0
VERTEX
  5
A4E
  8
T9_COUNTERSINK_0_6
 10
2.171982013996208
 20
75.48561726106351
 30
0.0
  0
VERTEX
  5
A4F
  8
T9_COUNTERSINK_0_6
 10
2.152073036415844
 20
75.49411005701657
 30
0.0
  0
VERTEX
  5
A50
  8
T9_COUNTERSINK_0_6
 10
2.132323079182088
 20
75.50323523620845
 30
0.0
  0
VERTEX
  5
A51
  8
T9_COUNTERSINK_0_6
 10
2.112732142294937
 20
75.51299279863917
 30
0.0
  0
VERTEX
  5
A52
  8
T9_COUNTERSINK_0_6
 10
2.093300225754394
 20
75.52338274430872
 30
0.0
  0
VERTEX
  5
A53
  8
T9_COUNTERSINK_0_6
 10
2.074027329560456
 20
75.5344050732171
 30
0.0
  0
VERTEX
  5
A54
  8
T9_COUNTERSINK_0_6
 10
2.054913453713125
 20
75.54605978536432
 30
0.0
  0
VERTEX
  5
A55
  8
T9_COUNTERSINK_0_6
 10
2.0359585982124
 20
75.55834688075036
 30
0.0
  0
VERTEX
  5
A56
  8
T9_COUNTERSINK_0_6
 10
2.016870609398238
 20
75.57163987228238
 30
0.0
  0
VERTEX
  5
A57
  8
T9_COUNTERSINK_0_6
 10
1.997357333610592
 20
75.58631227286753
 30
0.0
  0
VERTEX
  5
A58
  8
T9_COUNTERSINK_0_6
 10
1.977418770849465
 20
75.60236408250579
 30
0.0
  0
VERTEX
  5
A59
  8
T9_COUNTERSINK_0_6
 10
1.957054921114856
 20
75.61979530119716
 30
0.0
  0
VERTEX
  5
A5A
  8
T9_COUNTERSINK_0_6
 10
1.936265784406764
 20
75.63860592894166
 30
0.0
  0
VERTEX
  5
A5B
  8
T9_COUNTERSINK_0_6
 10
1.91505136072519
 20
75.65879596573927
 30
0.0
  0
VERTEX
  5
A5C
  8
T9_COUNTERSINK_0_6
 10
1.893411650070133
 20
75.68036541159
 30
0.0
  0
VERTEX
  5
A5D
  8
T9_COUNTERSINK_0_6
 10
1.871346652441595
 20
75.70331426649388
 30
0.0
  0
VERTEX
  5
A5E
  8
T9_COUNTERSINK_0_6
 10
1.848856367839574
 20
75.72764253045085
 30
0.0
  0
VERTEX
  5
A5F
  8
T9_COUNTERSINK_0_6
 10
1.825940796264071
 20
75.75335020346097
 30
0.0
  0
VERTEX
  5
A60
  8
T9_COUNTERSINK_0_6
 10
1.802599937715086
 20
75.78043728552419
 30
0.0
  0
VERTEX
  5
A61
  8
T9_COUNTERSINK_0_6
 10
1.778833792192619
 20
75.80890377664053
 30
0.0
  0
VERTEX
  5
A62
  8
T9_COUNTERSINK_0_6
 10
1.754642359696668
 20
75.83874967680998
 30
0.0
  0
VERTEX
  5
A63
  8
T9_COUNTERSINK_0_6
 10
1.730025640227236
 20
75.86997498603259
 30
0.0
  0
VERTEX
  5
A64
  8
T9_COUNTERSINK_0_6
 10
1.704983633784322
 20
75.9025797043083
 30
0.0
  0
VERTEX
  5
A65
  8
T9_COUNTERSINK_0_6
 10
1.679516340367925
 20
75.93656383163713
 30
0.0
  0
VERTEX
  5
A66
  8
T9_COUNTERSINK_0_6
 10
1.648984433819495
 20
75.97702156633187
 30
0.0
  0
VERTEX
  5
A67
  8
T9_COUNTERSINK_0_6
 10
1.620345978839958
 20
76.01366281270806
 30
0.0
  0
VERTEX
  5
A68
  8
T9_COUNTERSINK_0_6
 10
1.593600975429317
 20
76.04648757076569
 30
0.0
  0
VERTEX
  5
A69
  8
T9_COUNTERSINK_0_6
 10
1.568749423587571
 20
76.07549584050479
 30
0.0
  0
VERTEX
  5
A6A
  8
T9_COUNTERSINK_0_6
 10
1.545791323314719
 20
76.10068762192532
 30
0.0
  0
VERTEX
  5
A6B
  8
T9_COUNTERSINK_0_6
 10
1.535022317516629
 20
76.11185232951613
 30
0.0
  0
VERTEX
  5
A6C
  8
T9_COUNTERSINK_0_6
 10
1.524726674610763
 20
76.1220629150273
 30
0.0
  0
VERTEX
  5
A6D
  8
T9_COUNTERSINK_0_6
 10
1.51490439459712
 20
76.13131937845881
 30
0.0
  0
VERTEX
  5
A6E
  8
T9_COUNTERSINK_0_6
 10
1.505555477475702
 20
76.13962171981072
 30
0.0
  0
VERTEX
  5
A6F
  8
T9_COUNTERSINK_0_6
 10
1.496679923246507
 20
76.14696993908296
 30
0.0
  0
VERTEX
  5
A70
  8
T9_COUNTERSINK_0_6
 10
1.488277731909535
 20
76.15336403627559
 30
0.0
  0
VERTEX
  5
A71
  8
T9_COUNTERSINK_0_6
 10
1.47205026026049
 20
76.16445847906208
 30
0.0
  0
VERTEX
  5
A72
  8
T9_COUNTERSINK_0_6
 10
1.456029884876793
 20
76.17407366281037
 30
0.0
  0
VERTEX
  5
A73
  8
T9_COUNTERSINK_0_6
 10
1.44809735828445
 20
76.17832653254521
 30
0.0
  0
VERTEX
  5
A74
  8
T9_COUNTERSINK_0_6
 10
1.440216605758444
 20
76.18220958752048
 30
0.0
  0
VERTEX
  5
A75
  8
T9_COUNTERSINK_0_6
 10
1.432387627298774
 20
76.18572282773621
 30
0.0
  0
VERTEX
  5
A76
  8
T9_COUNTERSINK_0_6
 10
1.424610422905442
 20
76.18886625319237
 30
0.0
  0
VERTEX
  5
A77
  8
T9_COUNTERSINK_0_6
 10
1.416884992578447
 20
76.19163986388901
 30
0.0
  0
VERTEX
  5
A78
  8
T9_COUNTERSINK_0_6
 10
1.409211336317789
 20
76.19404365982606
 30
0.0
  0
VERTEX
  5
A79
  8
T9_COUNTERSINK_0_6
 10
1.401589454123468
 20
76.1960776410036
 30
0.0
  0
VERTEX
  5
A7A
  8
T9_COUNTERSINK_0_6
 10
1.394019345995483
 20
76.19774180742158
 30
0.0
  0
VERTEX
  5
A7B
  8
T9_COUNTERSINK_0_6
 10
1.386501011933836
 20
76.19903615908001
 30
0.0
  0
VERTEX
  5
A7C
  8
T9_COUNTERSINK_0_6
 10
1.379034451938526
 20
76.19996069597889
 30
0.0
  0
VERTEX
  5
A7D
  8
T9_COUNTERSINK_0_6
 10
1.371619666009552
 20
76.20051541811821
 30
0.0
  0
VERTEX
  5
A7E
  8
T9_COUNTERSINK_0_6
 10
1.364256654146916
 20
76.20070032549798
 30
0.0
  0
VERTEX
  5
A7F
  8
T9_COUNTERSINK_0_6
 10
1.35639993958028
 20
76.200517267192
 30
0.0
  0
VERTEX
  5
A80
  8
T9_COUNTERSINK_0_6
 10
1.348687452769869
 20
76.19996809227406
 30
0.0
  0
VERTEX
  5
A81
  8
T9_COUNTERSINK_0_6
 10
1.341119193715683
 20
76.19905280074417
 30
0.0
  0
VERTEX
  5
A82
  8
T9_COUNTERSINK_0_6
 10
1.333695162417721
 20
76.19777139260233
 30
0.0
  0
VERTEX
  5
A83
  8
T9_COUNTERSINK_0_6
 10
1.326415358875983
 20
76.19612386784856
 30
0.0
  0
VERTEX
  5
A84
  8
T9_COUNTERSINK_0_6
 10
1.31927978309047
 20
76.19411022648279
 30
0.0
  0
VERTEX
  5
A85
  8
T9_COUNTERSINK_0_6
 10
1.312288435061181
 20
76.19173046850509
 30
0.0
  0
VERTEX
  5
A86
  8
T9_COUNTERSINK_0_6
 10
1.305441314788116
 20
76.18898459391544
 30
0.0
  0
VERTEX
  5
A87
  8
T9_COUNTERSINK_0_6
 10
1.298738422271276
 20
76.18587260271383
 30
0.0
  0
VERTEX
  5
A88
  8
T9_COUNTERSINK_0_6
 10
1.292179757510661
 20
76.18239449490027
 30
0.0
  0
VERTEX
  5
A89
  8
T9_COUNTERSINK_0_6
 10
1.28576532050627
 20
76.17855027047474
 30
0.0
  0
VERTEX
  5
A8A
  8
T9_COUNTERSINK_0_6
 10
1.279495111258103
 20
76.17433992943727
 30
0.0
  0
VERTEX
  5
A8B
  8
T9_COUNTERSINK_0_6
 10
1.27336912976616
 20
76.16976347178783
 30
0.0
  0
VERTEX
  5
A8C
  8
T9_COUNTERSINK_0_6
 10
1.267387376030443
 20
76.16482089752645
 30
0.0
  0
VERTEX
  5
A8D
  8
T9_COUNTERSINK_0_6
 10
1.261549850050949
 20
76.15951220665312
 30
0.0
  0
VERTEX
  5
A8E
  8
T9_COUNTERSINK_0_6
 10
1.25585655182768
 20
76.15383739916783
 30
0.0
  0
VERTEX
  5
A8F
  8
T9_COUNTERSINK_0_6
 10
1.250411029493309
 20
76.14788523061287
 30
0.0
  0
VERTEX
  5
A90
  8
T9_COUNTERSINK_0_6
 10
1.245316831180511
 20
76.14174445653055
 30
0.0
  0
VERTEX
  5
A91
  8
T9_COUNTERSINK_0_6
 10
1.240573956889285
 20
76.13541507692085
 30
0.0
  0
VERTEX
  5
A92
  8
T9_COUNTERSINK_0_6
 10
1.236182406619631
 20
76.12889709178378
 30
0.0
  0
VERTEX
  5
A93
  8
T9_COUNTERSINK_0_6
 10
1.232142180371549
 20
76.12219050111935
 30
0.0
  0
VERTEX
  5
A94
  8
T9_COUNTERSINK_0_6
 10
1.22845327814504
 20
76.11529530492754
 30
0.0
  0
VERTEX
  5
A95
  8
T9_COUNTERSINK_0_6
 10
1.225115699940103
 20
76.10821150320837
 30
0.0
  0
VERTEX
  5
A96
  8
T9_COUNTERSINK_0_6
 10
1.222129445756738
 20
76.10093909596182
 30
0.0
  0
VERTEX
  5
A97
  8
T9_COUNTERSINK_0_6
 10
1.219494515594946
 20
76.0934780831879
 30
0.0
  0
VERTEX
  5
A98
  8
T9_COUNTERSINK_0_6
 10
1.217210909454726
 20
76.08582846488662
 30
0.0
  0
VERTEX
  5
A99
  8
T9_COUNTERSINK_0_6
 10
1.215278627336078
 20
76.07799024105796
 30
0.0
  0
VERTEX
  5
A9A
  8
T9_COUNTERSINK_0_6
 10
1.213697669239003
 20
76.06996341170193
 30
0.0
  0
VERTEX
  5
A9B
  8
T9_COUNTERSINK_0_6
 10
1.2124680351635
 20
76.06174797681854
 30
0.0
  0
VERTEX
  5
A9C
  8
T9_COUNTERSINK_0_6
 10
1.211589725109569
 20
76.05334393640777
 30
0.0
  0
VERTEX
  5
A9D
  8
T9_COUNTERSINK_0_6
 10
1.211062739077211
 20
76.04475129046963
 30
0.0
  0
VERTEX
  5
A9E
  8
T9_COUNTERSINK_0_6
 10
1.210887077066425
 20
76.03597003900411
 30
0.0
  0
VERTEX
  5
A9F
  8
T9_COUNTERSINK_0_6
 10
1.211068286298604
 20
76.02684485981223
 30
0.0
  0
VERTEX
  5
AA0
  8
T9_COUNTERSINK_0_6
 10
1.211611913995142
 20
76.01793047503327
 30
0.0
  0
VERTEX
  5
AA1
  8
T9_COUNTERSINK_0_6
 10
1.212517960156039
 20
76.00922688466727
 30
0.0
  0
VERTEX
  5
AA2
  8
T9_COUNTERSINK_0_6
 10
1.213786424781295
 20
76.00073408871421
 30
0.0
  0
VERTEX
  5
AA3
  8
T9_COUNTERSINK_0_6
 10
1.21541730787091
 20
75.99245208717409
 30
0.0
  0
VERTEX
  5
AA4
  8
T9_COUNTERSINK_0_6
 10
1.217410609424883
 20
75.98438088004691
 30
0.0
  0
VERTEX
  5
AA5
  8
T9_COUNTERSINK_0_6
 10
1.219766329443215
 20
75.97652046733268
 30
0.0
  0
VERTEX
  5
AA6
  8
T9_COUNTERSINK_0_6
 10
1.222484467925906
 20
75.96887084903139
 30
0.0
  0
VERTEX
  5
AA7
  8
T9_COUNTERSINK_0_6
 10
1.225565024872956
 20
75.96143202514304
 30
0.0
  0
VERTEX
  5
AA8
  8
T9_COUNTERSINK_0_6
 10
1.229008000284365
 20
75.95420399566765
 30
0.0
  0
VERTEX
  5
AA9
  8
T9_COUNTERSINK_0_6
 10
1.232813394160132
 20
75.9471867606052
 30
0.0
  0
VERTEX
  5
AAA
  8
T9_COUNTERSINK_0_6
 10
1.236981206500258
 20
75.9403803199557
 30
0.0
  0
VERTEX
  5
AAB
  8
T9_COUNTERSINK_0_6
 10
1.241511437304743
 20
75.93378467371912
 30
0.0
  0
VERTEX
  5
AAC
  8
T9_COUNTERSINK_0_6
 10
1.246404086573587
 20
75.92739982189549
 30
0.0
  0
VERTEX
  5
AAD
  8
T9_COUNTERSINK_0_6
 10
1.25165915430679
 20
75.9212257644848
 30
0.0
  0
VERTEX
  5
AAE
  8
T9_COUNTERSINK_0_6
 10
1.257276640504351
 20
75.91526250148706
 30
0.0
  0
VERTEX
  5
AAF
  8
T9_COUNTERSINK_0_6
 10
1.263352697003754
 20
75.90952482549265
 30
0.0
  0
VERTEX
  5
AB0
  8
T9_COUNTERSINK_0_6
 10
1.269983475642482
 20
75.90402752909193
 30
0.0
  0
VERTEX
  5
AB1
  8
T9_COUNTERSINK_0_6
 10
1.277168976420535
 20
75.89877061228495
 30
0.0
  0
VERTEX
  5
AB2
  8
T9_COUNTERSINK_0_6
 10
1.284909199337912
 20
75.89375407507164
 30
0.0
  0
VERTEX
  5
AB3
  8
T9_COUNTERSINK_0_6
 10
1.293204144394614
 20
75.88897791745205
 30
0.0
  0
VERTEX
  5
AB4
  8
T9_COUNTERSINK_0_6
 10
1.30205381159064
 20
75.88444213942617
 30
0.0
  0
VERTEX
  5
AB5
  8
T9_COUNTERSINK_0_6
 10
1.311458200925991
 20
75.88014674099401
 30
0.0
  0
VERTEX
  5
AB6
  8
T9_COUNTERSINK_0_6
 10
1.321417312400667
 20
75.87609172215554
 30
0.0
  0
VERTEX
  5
AB7
  8
T9_COUNTERSINK_0_6
 10
1.331931146014668
 20
75.87227708291078
 30
0.0
  0
VERTEX
  5
AB8
  8
T9_COUNTERSINK_0_6
 10
1.342999701767993
 20
75.86870282325972
 30
0.0
  0
VERTEX
  5
AB9
  8
T9_COUNTERSINK_0_6
 10
1.354622979660643
 20
75.8653689432024
 30
0.0
  0
VERTEX
  5
ABA
  8
T9_COUNTERSINK_0_6
 10
1.366800979692618
 20
75.86227544273876
 30
0.0
  0
VERTEX
  5
ABB
  8
T9_COUNTERSINK_0_6
 10
1.379533701863918
 20
75.85942232186883
 30
0.0
  0
VERTEX
  5
ABC
  8
T9_COUNTERSINK_0_6
 10
1.392821146174542
 20
75.85680958059261
 30
0.0
  0
VERTEX
  5
ABD
  8
T9_COUNTERSINK_0_6
 10
1.406663312624491
 20
75.85443721891009
 30
0.0
  0
VERTEX
  5
ABE
  8
T9_COUNTERSINK_0_6
 10
1.421060201213764
 20
75.8523052368213
 30
0.0
  0
VERTEX
  5
ABF
  8
T9_COUNTERSINK_0_6
 10
1.389818250326998
 20
75.46604111676673
 30
0.0
  0
VERTEX
  5
AC0
  8
T9_COUNTERSINK_0_6
 10
1.369742856104837
 20
75.4690292200239
 30
0.0
  0
VERTEX
  5
AC1
  8
T9_COUNTERSINK_0_6
 10
1.350225882169596
 20
75.4723131750887
 30
0.0
  0
VERTEX
  5
AC2
  8
T9_COUNTERSINK_0_6
 10
1.331267328521276
 20
75.47589298196112
 30
0.0
  0
VERTEX
  5
AC3
  8
T9_COUNTERSINK_0_6
 10
1.312867195159876
 20
75.47976864064121
 30
0.0
  0
VERTEX
  5
AC4
  8
T9_COUNTERSINK_0_6
 10
1.295025482085396
 20
75.48394015112893
 30
0.0
  0
VERTEX
  5
AC5
  8
T9_COUNTERSINK_0_6
 10
1.277742189297836
 20
75.4884075134243
 30
0.0
  0
VERTEX
  5
AC6
  8
T9_COUNTERSINK_0_6
 10
1.261017316797197
 20
75.49317072752729
 30
0.0
  0
VERTEX
  5
AC7
  8
T9_COUNTERSINK_0_6
 10
1.244850864583478
 20
75.49822979343794
 30
0.0
  0
VERTEX
  5
AC8
  8
T9_COUNTERSINK_0_6
 10
1.229242832656678
 20
75.50358471115622
 30
0.0
  0
VERTEX
  5
AC9
  8
T9_COUNTERSINK_0_6
 10
1.214193221016799
 20
75.50923548068215
 30
0.0
  0
VERTEX
  5
ACA
  8
T9_COUNTERSINK_0_6
 10
1.199702029663841
 20
75.5151821020157
 30
0.0
  0
VERTEX
  5
ACB
  8
T9_COUNTERSINK_0_6
 10
1.185769258597802
 20
75.52142457515691
 30
0.0
  0
VERTEX
  5
ACC
  8
T9_COUNTERSINK_0_6
 10
1.172394907818684
 20
75.52796290010576
 30
0.0
  0
VERTEX
  5
ACD
  8
T9_COUNTERSINK_0_6
 10
1.159578977326486
 20
75.53479707686225
 30
0.0
  0
VERTEX
  5
ACE
  8
T9_COUNTERSINK_0_6
 10
1.147321467121208
 20
75.54192710542634
 30
0.0
  0
VERTEX
  5
ACF
  8
T9_COUNTERSINK_0_6
 10
1.13562237720285
 20
75.54935298579811
 30
0.0
  0
VERTEX
  5
AD0
  8
T9_COUNTERSINK_0_6
 10
1.12436891406975
 20
75.55712094482246
 30
0.0
  0
VERTEX
  5
AD1
  8
T9_COUNTERSINK_0_6
 10
1.113448284220245
 20
75.56527720934434
 30
0.0
  0
VERTEX
  5
AD2
  8
T9_COUNTERSINK_0_6
 10
1.102860487654334
 20
75.57382177936373
 30
0.0
  0
VERTEX
  5
AD3
  8
T9_COUNTERSINK_0_6
 10
1.092605524372018
 20
75.58275465488066
 30
0.0
  0
VERTEX
  5
AD4
  8
T9_COUNTERSINK_0_6
 10
1.082683394373297
 20
75.59207583589512
 30
0.0
  0
VERTEX
  5
AD5
  8
T9_COUNTERSINK_0_6
 10
1.073094097658171
 20
75.6017853224071
 30
0.0
  0
VERTEX
  5
AD6
  8
T9_COUNTERSINK_0_6
 10
1.06383763422664
 20
75.6118831144166
 30
0.0
  0
VERTEX
  5
AD7
  8
T9_COUNTERSINK_0_6
 10
1.054914004078703
 20
75.62236921192363
 30
0.0
  0
VERTEX
  5
AD8
  8
T9_COUNTERSINK_0_6
 10
1.046323207214361
 20
75.63324361492818
 30
0.0
  0
VERTEX
  5
AD9
  8
T9_COUNTERSINK_0_6
 10
1.038065243633614
 20
75.64450632343028
 30
0.0
  0
VERTEX
  5
ADA
  8
T9_COUNTERSINK_0_6
 10
1.030140113336462
 20
75.65615733742987
 30
0.0
  0
VERTEX
  5
ADB
  8
T9_COUNTERSINK_0_6
 10
1.022547816322905
 20
75.66819665692702
 30
0.0
  0
VERTEX
  5
ADC
  8
T9_COUNTERSINK_0_6
 10
1.015288352592943
 20
75.6806242819217
 30
0.0
  0
VERTEX
  5
ADD
  8
T9_COUNTERSINK_0_6
 10
1.008361722146575
 20
75.69344021241392
 30
0.0
  0
VERTEX
  5
ADE
  8
T9_COUNTERSINK_0_6
 10
1.001767924983802
 20
75.70664444840364
 30
0.0
  0
VERTEX
  5
ADF
  8
T9_COUNTERSINK_0_6
 10
0.9955069611046239
 20
75.72023698989088
 30
0.0
  0
VERTEX
  5
AE0
  8
T9_COUNTERSINK_0_6
 10
0.9896028684684114
 20
75.73435466833669
 30
0.0
  0
VERTEX
  5
AE1
  8
T9_COUNTERSINK_0_6
 10
0.9840796850345352
 20
75.7491343152021
 30
0.0
  0
VERTEX
  5
AE2
  8
T9_COUNTERSINK_0_6
 10
0.9789374108029952
 20
75.7645759304871
 30
0.0
  0
VERTEX
  5
AE3
  8
T9_COUNTERSINK_0_6
 10
0.9741760457737917
 20
75.78067951419169
 30
0.0
  0
VERTEX
  5
AE4
  8
T9_COUNTERSINK_0_6
 10
0.9697955899469243
 20
75.79744506631587
 30
0.0
  0
VERTEX
  5
AE5
  8
T9_COUNTERSINK_0_6
 10
0.9657960433223932
 20
75.81487258685966
 30
0.0
  0
VERTEX
  5
AE6
  8
T9_COUNTERSINK_0_6
 10
0.9621774059001984
 20
75.83296207582305
 30
0.0
  0
VERTEX
  5
AE7
  8
T9_COUNTERSINK_0_6
 10
0.95893967768034
 20
75.85171353320602
 30
0.0
  0
VERTEX
  5
AE8
  8
T9_COUNTERSINK_0_6
 10
0.9560828586628178
 20
75.87112695900858
 30
0.0
  0
VERTEX
  5
AE9
  8
T9_COUNTERSINK_0_6
 10
0.953606948847632
 20
75.89120235323075
 30
0.0
  0
VERTEX
  5
AEA
  8
T9_COUNTERSINK_0_6
 10
0.9515119482347825
 20
75.9119397158725
 30
0.0
  0
VERTEX
  5
AEB
  8
T9_COUNTERSINK_0_6
 10
0.9497978568242692
 20
75.93333904693385
 30
0.0
  0
VERTEX
  5
AEC
  8
T9_COUNTERSINK_0_6
 10
0.9484646746160921
 20
75.95540034641479
 30
0.0
  0
VERTEX
  5
AED
  8
T9_COUNTERSINK_0_6
 10
0.9475124016102514
 20
75.97812361431534
 30
0.0
  0
VERTEX
  5
AEE
  8
T9_COUNTERSINK_0_6
 10
0.946941037806747
 20
76.00150885063546
 30
0.0
  0
VERTEX
  5
AEF
  8
T9_COUNTERSINK_0_6
 10
0.9467505832055789
 20
76.02555605537519
 30
0.0
  0
VERTEX
  5
AF0
  8
T9_COUNTERSINK_0_6
 10
0.9469317924377584
 20
76.05064613773686
 30
0.0
  0
VERTEX
  5
AF1
  8
T9_COUNTERSINK_0_6
 10
0.9474754201342965
 20
76.07502987390777
 30
0.0
  0
VERTEX
  5
AF2
  8
T9_COUNTERSINK_0_6
 10
0.9483814662951936
 20
76.09870726388795
 30
0.0
  0
VERTEX
  5
AF3
  8
T9_COUNTERSINK_0_6
 10
0.9496499309204494
 20
76.12167830767737
 30
0.0
  0
VERTEX
  5
AF4
  8
T9_COUNTERSINK_0_6
 10
0.951280814010064
 20
76.14394300527607
 30
0.0
  0
VERTEX
  5
AF5
  8
T9_COUNTERSINK_0_6
 10
0.9532741155640374
 20
76.16550135668402
 30
0.0
  0
VERTEX
  5
AF6
  8
T9_COUNTERSINK_0_6
 10
0.9556298355823697
 20
76.18635336190124
 30
0.0
  0
VERTEX
  5
AF7
  8
T9_COUNTERSINK_0_6
 10
0.9583479740650606
 20
76.20649902092771
 30
0.0
  0
VERTEX
  5
AF8
  8
T9_COUNTERSINK_0_6
 10
0.9614285310121103
 20
76.22593833376344
 30
0.0
  0
VERTEX
  5
AF9
  8
T9_COUNTERSINK_0_6
 10
0.9648715064235189
 20
76.24467130040841
 30
0.0
  0
VERTEX
  5
AFA
  8
T9_COUNTERSINK_0_6
 10
0.9686769002992864
 20
76.26269792086268
 30
0.0
  0
VERTEX
  5
AFB
  8
T9_COUNTERSINK_0_6
 10
0.9728447126394125
 20
76.28001819512619
 30
0.0
  0
VERTEX
  5
AFC
  8
T9_COUNTERSINK_0_6
 10
0.9773749434438975
 20
76.29663212319898
 30
0.0
  0
VERTEX
  5
AFD
  8
T9_COUNTERSINK_0_6
 10
0.9822675927127413
 20
76.31253970508101
 30
0.0
  0
VERTEX
  5
AFE
  8
T9_COUNTERSINK_0_6
 10
0.987522660445944
 20
76.32774094077232
 30
0.0
  0
VERTEX
  5
AFF
  8
T9_COUNTERSINK_0_6
 10
0.9931401466435053
 20
76.34223583027287
 30
0.0
  0
VERTEX
  5
B00
  8
T9_COUNTERSINK_0_6
 10
0.9991329948220097
 20
76.35618894115066
 30
0.0
  0
VERTEX
  5
B01
  8
T9_COUNTERSINK_0_6
 10
1.005514148498041
 20
76.36976484097374
 30
0.0
  0
VERTEX
  5
B02
  8
T9_COUNTERSINK_0_6
 10
1.0122836076716
 20
76.38296352974209
 30
0.0
  0
VERTEX
  5
B03
  8
T9_COUNTERSINK_0_6
 10
1.019441372342687
 20
76.39578500745569
 30
0.0
  0
VERTEX
  5
B04
  8
T9_COUNTERSINK_0_6
 10
1.0269874425113
 20
76.40822927411452
 30
0.0
  0
VERTEX
  5
B05
  8
T9_COUNTERSINK_0_6
 10
1.034921818177441
 20
76.42029632971864
 30
0.0
  0
VERTEX
  5
B06
  8
T9_COUNTERSINK_0_6
 10
1.043244499341109
 20
76.43198617426799
 30
0.0
  0
VERTEX
  5
B07
  8
T9_COUNTERSINK_0_6
 10
1.051955486002305
 20
76.44329880776263
 30
0.0
  0
VERTEX
  5
B08
  8
T9_COUNTERSINK_0_6
 10
1.061054778161027
 20
76.45423423020252
 30
0.0
  0
VERTEX
  5
B09
  8
T9_COUNTERSINK_0_6
 10
1.070542375817277
 20
76.46479244158766
 30
0.0
  0
VERTEX
  5
B0A
  8
T9_COUNTERSINK_0_6
 10
1.080418278971055
 20
76.47497344191805
 30
0.0
  0
VERTEX
  5
B0B
  8
T9_COUNTERSINK_0_6
 10
1.090682487622359
 20
76.48477723119373
 30
0.0
  0
VERTEX
  5
B0C
  8
T9_COUNTERSINK_0_6
 10
1.101335001771191
 20
76.49420380941464
 30
0.0
  0
VERTEX
  5
B0D
  8
T9_COUNTERSINK_0_6
 10
1.11237582141755
 20
76.50325317658084
 30
0.0
  0
VERTEX
  5
B0E
  8
T9_COUNTERSINK_0_6
 10
1.123804946561437
 20
76.51192533269229
 30
0.0
  0
VERTEX
  5
B0F
  8
T9_COUNTERSINK_0_6
 10
1.13562237720285
 20
76.52022027774899
 30
0.0
  0
VERTEX
  5
B10
  8
T9_COUNTERSINK_0_6
 10
1.147724565209117
 20
76.52807329416802
 30
0.0
  0
VERTEX
  5
B11
  8
T9_COUNTERSINK_0_6
 10
1.160007962447564
 20
76.53541966436649
 30
0.0
  0
VERTEX
  5
B12
  8
T9_COUNTERSINK_0_6
 10
1.17247256891819
 20
76.54225938834435
 30
0.0
  0
VERTEX
  5
B13
  8
T9_COUNTERSINK_0_6
 10
1.185118384620995
 20
76.54859246610165
 30
0.0
  0
VERTEX
  5
B14
  8
T9_COUNTERSINK_0_6
 10
1.19794540955598
 20
76.55441889763837
 30
0.0
  0
VERTEX
  5
B15
  8
T9_COUNTERSINK_0_6
 10
1.210953643723144
 20
76.55973868295449
 30
0.0
  0
VERTEX
  5
B16
  8
T9_COUNTERSINK_0_6
 10
1.224143087122487
 20
76.56455182205002
 30
0.0
  0
VERTEX
  5
B17
  8
T9_COUNTERSINK_0_6
 10
1.23751373975401
 20
76.56885831492498
 30
0.0
  0
VERTEX
  5
B18
  8
T9_COUNTERSINK_0_6
 10
1.251065601617712
 20
76.57265816157937
 30
0.0
  0
VERTEX
  5
B19
  8
T9_COUNTERSINK_0_6
 10
1.264798672713594
 20
76.57595136201316
 30
0.0
  0
VERTEX
  5
B1A
  8
T9_COUNTERSINK_0_6
 10
1.278712953041655
 20
76.57873791622636
 30
0.0
  0
VERTEX
  5
B1B
  8
T9_COUNTERSINK_0_6
 10
1.292808442601895
 20
76.58101782421897
 30
0.0
  0
VERTEX
  5
B1C
  8
T9_COUNTERSINK_0_6
 10
1.307085141394315
 20
76.58279108599102
 30
0.0
  0
VERTEX
  5
B1D
  8
T9_COUNTERSINK_0_6
 10
1.321543049418914
 20
76.58405770154248
 30
0.0
  0
VERTEX
  5
B1E
  8
T9_COUNTERSINK_0_6
 10
1.336182166675693
 20
76.58481767087335
 30
0.0
  0
VERTEX
  5
B1F
  8
T9_COUNTERSINK_0_6
 10
1.351002493164651
 20
76.58507099398365
 30
0.0
  0
VERTEX
  5
B20
  8
T9_COUNTERSINK_0_6
 10
1.366815772283
 20
76.5847806893974
 30
0.0
  0
VERTEX
  5
B21
  8
T9_COUNTERSINK_0_6
 10
1.382540295859058
 20
76.58390977563866
 30
0.0
  0
VERTEX
  5
B22
  8
T9_COUNTERSINK_0_6
 10
1.398176063892823
 20
76.58245825270743
 30
0.0
  0
VERTEX
  5
B23
  8
T9_COUNTERSINK_0_6
 10
1.413723076384297
 20
76.5804261206037
 30
0.0
  0
VERTEX
  5
B24
  8
T9_COUNTERSINK_0_6
 10
1.429181333333478
 20
76.57781337932748
 30
0.0
  0
VERTEX
  5
B25
  8
T9_COUNTERSINK_0_6
 10
1.444550834740367
 20
76.57462002887877
 30
0.0
  0
VERTEX
  5
B26
  8
T9_COUNTERSINK_0_6
 10
1.459831580604965
 20
76.57084606925756
 30
0.0
  0
VERTEX
  5
B27
  8
T9_COUNTERSINK_0_6
 10
1.475023570927271
 20
76.56649150046387
 30
0.0
  0
VERTEX
  5
B28
  8
T9_COUNTERSINK_0_6
 10
1.490126805707284
 20
76.56155632249768
 30
0.0
  0
VERTEX
  5
B29
  8
T9_COUNTERSINK_0_6
 10
1.505141284945006
 20
76.55604053535899
 30
0.0
  0
VERTEX
  5
B2A
  8
T9_COUNTERSINK_0_6
 10
1.520067008640436
 20
76.54994413904782
 30
0.0
  0
VERTEX
  5
B2B
  8
T9_COUNTERSINK_0_6
 10
1.534903976793573
 20
76.54326713356414
 30
0.0
  0
VERTEX
  5
B2C
  8
T9_COUNTERSINK_0_6
 10
1.549652189404419
 20
76.53600951890797
 30
0.0
  0
VERTEX
  5
B2D
  8
T9_COUNTERSINK_0_6
 10
1.564311646472973
 20
76.52817129507932
 30
0.0
  0
VERTEX
  5
B2E
  8
T9_COUNTERSINK_0_6
 10
1.578882347999235
 20
76.51975246207817
 30
0.0
  0
VERTEX
  5
B2F
  8
T9_COUNTERSINK_0_6
 10
1.593364293983205
 20
76.51075301990451
 30
0.0
  0
VERTEX
  5
B30
  8
T9_COUNTERSINK_0_6
 10
1.607890617738321
 20
76.5009880611786
 30
0.0
  0
VERTEX
  5
B31
  8
T9_COUNTERSINK_0_6
 10
1.622594452578021
 20
76.49027267852065
 30
0.0
  0
VERTEX
  5
B32
  8
T9_COUNTERSINK_0_6
 10
1.637475798502305
 20
76.47860687193065
 30
0.0
  0
VERTEX
  5
B33
  8
T9_COUNTERSINK_0_6
 10
1.652534655511172
 20
76.46599064140861
 30
0.0
  0
VERTEX
  5
B34
  8
T9_COUNTERSINK_0_6
 10
1.667771023604624
 20
76.45242398695453
 30
0.0
  0
VERTEX
  5
B35
  8
T9_COUNTERSINK_0_6
 10
1.68318490278266
 20
76.43790690856841
 30
0.0
  0
VERTEX
  5
B36
  8
T9_COUNTERSINK_0_6
 10
1.698776293045279
 20
76.42243940625023
 30
0.0
  0
VERTEX
  5
B37
  8
T9_COUNTERSINK_0_6
 10
1.714545194392482
 20
76.40602148000002
 30
0.0
  0
VERTEX
  5
B38
  8
T9_COUNTERSINK_0_6
 10
1.730491606824269
 20
76.38865312981775
 30
0.0
  0
VERTEX
  5
B39
  8
T9_COUNTERSINK_0_6
 10
1.74661553034064
 20
76.37033435570346
 30
0.0
  0
VERTEX
  5
B3A
  8
T9_COUNTERSINK_0_6
 10
1.762916964941595
 20
76.3510651576571
 30
0.0
  0
VERTEX
  5
B3B
  8
T9_COUNTERSINK_0_6
 10
1.779395910627134
 20
76.33084553567872
 30
0.0
  0
VERTEX
  5
B3C
  8
T9_COUNTERSINK_0_6
 10
1.796052367397257
 20
76.3096754897683
 30
0.0
  0
VERTEX
  5
B3D
  8
T9_COUNTERSINK_0_6
 10
1.812886335251964
 20
76.28755501992583
 30
0.0
  0
VERTEX
  5
B3E
  8
T9_COUNTERSINK_0_6
 10
1.829897814191254
 20
76.2644841261513
 30
0.0
  0
VERTEX
  5
B3F
  8
T9_COUNTERSINK_0_6
 10
1.847086804215129
 20
76.24046280844476
 30
0.0
  0
VERTEX
  5
B40
  8
T9_COUNTERSINK_0_6
 10
1.88430496161622
 20
76.18706155716576
 30
0.0
  0
VERTEX
  5
B41
  8
T9_COUNTERSINK_0_6
 10
1.915487742141459
 20
76.14330507481583
 30
0.0
  0
VERTEX
  5
B42
  8
T9_COUNTERSINK_0_6
 10
1.940635145790845
 20
76.10919336139496
 30
0.0
  0
VERTEX
  5
B43
  8
T9_COUNTERSINK_0_6
 10
1.959747172564378
 20
76.08472641690315
 30
0.0
  0
VERTEX
  5
B44
  8
T9_COUNTERSINK_0_6
 10
1.977084088492073
 20
76.06422388663371
 30
0.0
  0
VERTEX
  5
B45
  8
T9_COUNTERSINK_0_6
 10
1.996906159603942
 20
76.04200541587997
 30
0.0
  0
VERTEX
  5
B46
  8
T9_COUNTERSINK_0_6
 10
2.019213385899985
 20
76.0180710046419
 30
0.0
  0
VERTEX
  5
B47
  8
T9_COUNTERSINK_0_6
 10
2.044005767380204
 20
75.99242065291952
 30
0.0
  0
VERTEX
  5
B48
  8
T9_COUNTERSINK_0_6
 10
2.044005767380204
 20
76.59453825182813
 30
0.0
  0
SEQEND
  5
E92
  8
T9_COUNTERSINK_0_6
  0
POLYLINE
  5
87
  8
PART_P
 66
     1
 10
0.0
 20
0.0
 30
0.0
 70
     1
  0
VERTEX
  5
B49
  8
PART_P
 10
0.7366236064088554
 20
4.318471181041621
 30
0.0
 42
-0.4142135623730951
  0
VERTEX
  5
B4A
  8
PART_P
 10
0.9370222502658336
 20
4.14482532436694
 30
0.0
 42
-0.4142135623730951
  0
VERTEX
  5
B4B
  8
PART_P
 10
0.7633763935911517
 20
3.944426680509962
 30
0.0
 42
-0.4142135623730951
  0
VERTEX
  5
B4C
  8
PART_P
 10
0.5629777497341735
 20
4.118072537184641
 30
0.0
 42
-0.4142135623730951
  0
SEQEND
  5
E93
  8
PART_P
  0
POLYLINE
  5
89
  8
MIDDLE_STEP_3
 66
     1
 10
0.0
 20
0.0
 30
0.0
  0
VERTEX
  5
B4D
  8
MIDDLE_STEP_3
 10
0.0
 20
90.5259489307758
 30
0.0
  0
VERTEX
  5
B4E
  8
MIDDLE_STEP_3
 10
3.500000000000007
 20
90.5259489307758
 30
0.0
  0
SEQEND
  5
E94
  8
MIDDLE_STEP_3
  0
POLYLINE
  5
8A
  8
MIDDLE_STEP_3
 66
     1
 10
0.0
 20
0.0
 30
0.0
  0
VERTEX
  5
B4F
  8
MIDDLE_STEP_3
 10
3.553637014808647
 20
50.67386073268445
 30
0.0
  0
VERTEX
  5
B50
  8
MIDDLE_STEP_3
 10
0.049832418179097
 20
50.93639364194202
 30
0.0
  0
SEQEND
  5
E95
  8
MIDDLE_STEP_3
  0
POLYLINE
  5
8C
  8
FRONT_LEG
 66
     1
 10
0.0
 20
0.0
 30
0.0
 70
     1
  0
VERTEX
  5
B51
  8
FRONT_LEG
 10
1.750000000000004
 20
80.37124893077579
 30
0.0
 42
0.4142135623730951
  0
VERTEX
  5
B52
  8
FRONT_LEG
 10
1.937500000000004
 20
80.55874893077579
 30
0.0
 42
0.4142135623730951
  0
VERTEX
  5
B53
  8
FRONT_LEG
 10
1.750000000000004
 20
80.74624893077579
 30
0.0
 42
0.4142135623730951
  0
VERTEX
  5
B54
  8
FRONT_LEG
 10
1.562500000000004
 20
80.55874893077579
 30
0.0
 42
0.4142135623730951
  0
SEQEND
  5
E96
  8
FRONT_LEG
  0
POLYLINE
  5
8E
  8
T9-T3_POCKET
 66
     1
 10
0.0
 20
0.0
 30
0.0
 70
     1
  0
VERTEX
  5
B55
  8
T9-T3_POCKET
 10
0.5799472087411761
 20
40.11343440443238
 30
0.0
  0
VERTEX
  5
B56
  8
T9-T3_POCKET
 10
0.5799472087411761
 20
41.50133440443238
 30
0.0
  0
VERTEX
  5
B57
  8
T9-T3_POCKET
 10
1.294725175999021
 20
41.50133440443238
 30
0.0
  0
VERTEX
  5
B58
  8
T9-T3_POCKET
 10
1.342963813234696
 20
41.50080187117862
 30
0.0
  0
VERTEX
  5
B59
  8
T9-T3_POCKET
 10
1.388273517574737
 20
41.49920427141737
 30
0.0
  0
VERTEX
  5
B5A
  8
T9-T3_POCKET
 10
1.409830019908895
 20
41.49800607159643
 30
0.0
  0
VERTEX
  5
B5B
  8
T9-T3_POCKET
 10
1.430654289019143
 20
41.49654160514861
 30
0.0
  0
VERTEX
  5
B5C
  8
T9-T3_POCKET
 10
1.450746324905484
 20
41.49481087207391
 30
0.0
  0
VERTEX
  5
B5D
  8
T9-T3_POCKET
 10
1.470106127567916
 20
41.49281387237235
 30
0.0
  0
VERTEX
  5
B5E
  8
T9-T3_POCKET
 10
1.488733697006439
 20
41.4905506060439
 30
0.0
  0
VERTEX
  5
B5F
  8
T9-T3_POCKET
 10
1.506629033221053
 20
41.48802107308858
 30
0.0
  0
VERTEX
  5
B60
  8
T9-T3_POCKET
 10
1.523792136211759
 20
41.48522527350639
 30
0.0
  0
VERTEX
  5
B61
  8
T9-T3_POCKET
 10
1.540223005978557
 20
41.48216320729732
 30
0.0
  0
VERTEX
  5
B62
  8
T9-T3_POCKET
 10
1.555921642521446
 20
41.47883487446137
 30
0.0
  0
VERTEX
  5
B63
  8
T9-T3_POCKET
 10
1.570888045840426
 20
41.47524027499854
 30
0.0
  0
VERTEX
  5
B64
  8
T9-T3_POCKET
 10
1.585122215935497
 20
41.47137940890885
 30
0.0
  0
VERTEX
  5
B65
  8
T9-T3_POCKET
 10
1.59862415280666
 20
41.46725227619227
 30
0.0
  0
VERTEX
  5
B66
  8
T9-T3_POCKET
 10
1.611600952719263
 20
41.46276457408513
 30
0.0
  0
VERTEX
  5
B67
  8
T9-T3_POCKET
 10
1.624259711938653
 20
41.45782199982375
 30
0.0
  0
VERTEX
  5
B68
  8
T9-T3_POCKET
 10
1.636600430464829
 20
41.45242455340812
 30
0.0
  0
VERTEX
  5
B69
  8
T9-T3_POCKET
 10
1.648623108297793
 20
41.44657223483824
 30
0.0
  0
VERTEX
  5
B6A
  8
T9-T3_POCKET
 10
1.660327745437544
 20
41.44026504411412
 30
0.0
  0
VERTEX
  5
B6B
  8
T9-T3_POCKET
 10
1.671714341884082
 20
41.43350298123575
 30
0.0
  0
VERTEX
  5
B6C
  8
T9-T3_POCKET
 10
1.682782897637407
 20
41.42628604620314
 30
0.0
  0
VERTEX
  5
B6D
  8
T9-T3_POCKET
 10
1.69353341269752
 20
41.41861423901628
 30
0.0
  0
VERTEX
  5
B6E
  8
T9-T3_POCKET
 10
1.703965887064419
 20
41.41048755967518
 30
0.0
  0
VERTEX
  5
B6F
  8
T9-T3_POCKET
 10
1.714080320738107
 20
41.40190600817982
 30
0.0
  0
VERTEX
  5
B70
  8
T9-T3_POCKET
 10
1.723876713718581
 20
41.39286958453022
 30
0.0
  0
VERTEX
  5
B71
  8
T9-T3_POCKET
 10
1.733355066005842
 20
41.38337828872638
 30
0.0
  0
VERTEX
  5
B72
  8
T9-T3_POCKET
 10
1.74251537759989
 20
41.37343212076829
 30
0.0
  0
VERTEX
  5
B73
  8
T9-T3_POCKET
 10
1.751357648500726
 20
41.36303108065594
 30
0.0
  0
VERTEX
  5
B74
  8
T9-T3_POCKET
 10
1.759881878708349
 20
41.35217516838936
 30
0.0
  0
VERTEX
  5
B75
  8
T9-T3_POCKET
 10
1.768088068222759
 20
41.34086438396853
 30
0.0
  0
VERTEX
  5
B76
  8
T9-T3_POCKET
 10
1.775883763354068
 20
41.32916899219776
 30
0.0
  0
VERTEX
  5
B77
  8
T9-T3_POCKET
 10
1.78317651041239
 20
41.31715925788139
 30
0.0
  0
VERTEX
  5
B78
  8
T9-T3_POCKET
 10
1.789966309397724
 20
41.30483518101939
 30
0.0
  0
VERTEX
  5
B79
  8
T9-T3_POCKET
 10
1.796253160310071
 20
41.29219676161178
 30
0.0
  0
VERTEX
  5
B7A
  8
T9-T3_POCKET
 10
1.80203706314943
 20
41.27924399965853
 30
0.0
  0
VERTEX
  5
B7B
  8
T9-T3_POCKET
 10
1.807318017915801
 20
41.2659768951597
 30
0.0
  0
VERTEX
  5
B7C
  8
T9-T3_POCKET
 10
1.812096024609184
 20
41.25239544811522
 30
0.0
  0
VERTEX
  5
B7D
  8
T9-T3_POCKET
 10
1.81637108322958
 20
41.23849965852514
 30
0.0
  0
VERTEX
  5
B7E
  8
T9-T3_POCKET
 10
1.820143193776988
 20
41.22428952638944
 30
0.0
  0
VERTEX
  5
B7F
  8
T9-T3_POCKET
 10
1.823412356251408
 20
41.20976505170813
 30
0.0
  0
VERTEX
  5
B80
  8
T9-T3_POCKET
 10
1.82617857065284
 20
41.19492623448119
 30
0.0
  0
VERTEX
  5
B81
  8
T9-T3_POCKET
 10
1.828441836981285
 20
41.17977307470863
 30
0.0
  0
VERTEX
  5
B82
  8
T9-T3_POCKET
 10
1.830202155236742
 20
41.16430557239046
 30
0.0
  0
VERTEX
  5
B83
  8
T9-T3_POCKET
 10
1.831459525419211
 20
41.14852372752668
 30
0.0
  0
VERTEX
  5
B84
  8
T9-T3_POCKET
 10
1.832213947528693
 20
41.13242754011727
 30
0.0
  0
VERTEX
  5
B85
  8
T9-T3_POCKET
 10
1.832465421565187
 20
41.11601701016225
 30
0.0
  0
VERTEX
  5
B86
  8
T9-T3_POCKET
 10
1.832273002323108
 20
41.10170332989387
 30
0.0
  0
VERTEX
  5
B87
  8
T9-T3_POCKET
 10
1.831695744596874
 20
41.08763742551439
 30
0.0
  0
VERTEX
  5
B88
  8
T9-T3_POCKET
 10
1.830733648386482
 20
41.07381929702382
 30
0.0
  0
VERTEX
  5
B89
  8
T9-T3_POCKET
 10
1.829386713691935
 20
41.06024894442214
 30
0.0
  0
VERTEX
  5
B8A
  8
T9-T3_POCKET
 10
1.827654940513231
 20
41.04692636770936
 30
0.0
  0
VERTEX
  5
B8B
  8
T9-T3_POCKET
 10
1.82553832885037
 20
41.03385156688547
 30
0.0
  0
VERTEX
  5
B8C
  8
T9-T3_POCKET
 10
1.823036878703352
 20
41.0210245419505
 30
0.0
  0
VERTEX
  5
B8D
  8
T9-T3_POCKET
 10
1.820150590072179
 20
41.00844529290441
 30
0.0
  0
VERTEX
  5
B8E
  8
T9-T3_POCKET
 10
1.816879462956848
 20
40.99611381974722
 30
0.0
  0
VERTEX
  5
B8F
  8
T9-T3_POCKET
 10
1.813223497357362
 20
40.98403012247893
 30
0.0
  0
VERTEX
  5
B90
  8
T9-T3_POCKET
 10
1.809182693273718
 20
40.97219420109954
 30
0.0
  0
VERTEX
  5
B91
  8
T9-T3_POCKET
 10
1.804757050705919
 20
40.96060605560905
 30
0.0
  0
VERTEX
  5
B92
  8
T9-T3_POCKET
 10
1.799946569653962
 20
40.94926568600745
 30
0.0
  0
VERTEX
  5
B93
  8
T9-T3_POCKET
 10
1.794751250117849
 20
40.93817309229475
 30
0.0
  0
VERTEX
  5
B94
  8
T9-T3_POCKET
 10
1.78917109209758
 20
40.92732827447095
 30
0.0
  0
VERTEX
  5
B95
  8
T9-T3_POCKET
 10
1.783206095593154
 20
40.91673123253606
 30
0.0
  0
VERTEX
  5
B96
  8
T9-T3_POCKET
 10
1.776904394306869
 20
40.90638196649006
 30
0.0
  0
VERTEX
  5
B97
  8
T9-T3_POCKET
 10
1.770314121941023
 20
40.89628047633295
 30
0.0
  0
VERTEX
  5
B98
  8
T9-T3_POCKET
 10
1.763435278495616
 20
40.88642676206475
 30
0.0
  0
VERTEX
  5
B99
  8
T9-T3_POCKET
 10
1.756267863970648
 20
40.87682082368545
 30
0.0
  0
VERTEX
  5
B9A
  8
T9-T3_POCKET
 10
1.748811878366119
 20
40.86746266119504
 30
0.0
  0
VERTEX
  5
B9B
  8
T9-T3_POCKET
 10
1.741067321682028
 20
40.85835227459353
 30
0.0
  0
VERTEX
  5
B9C
  8
T9-T3_POCKET
 10
1.733034193918376
 20
40.84948966388092
 30
0.0
  0
VERTEX
  5
B9D
  8
T9-T3_POCKET
 10
1.724712495075163
 20
40.84087482905721
 30
0.0
  0
VERTEX
  5
B9E
  8
T9-T3_POCKET
 10
1.716102225152389
 20
40.83250777012239
 30
0.0
  0
VERTEX
  5
B9F
  8
T9-T3_POCKET
 10
1.707203384150053
 20
40.82438848707648
 30
0.0
  0
VERTEX
  5
BA0
  8
T9-T3_POCKET
 10
1.698015972068157
 20
40.81651697991946
 30
0.0
  0
VERTEX
  5
BA1
  8
T9-T3_POCKET
 10
1.688539988906699
 20
40.80889324865134
 30
0.0
  0
VERTEX
  5
BA2
  8
T9-T3_POCKET
 10
1.67877543466568
 20
40.80151729327212
 30
0.0
  0
VERTEX
  5
BA3
  8
T9-T3_POCKET
 10
1.6687223093451
 20
40.79438911378179
 30
0.0
  0
VERTEX
  5
BA4
  8
T9-T3_POCKET
 10
1.658380612944958
 20
40.78750871018037
 30
0.0
  0
VERTEX
  5
BA5
  8
T9-T3_POCKET
 10
1.647750345465255
 20
40.78087608246785
 30
0.0
  0
VERTEX
  5
BA6
  8
T9-T3_POCKET
 10
1.633378881640701
 20
40.77276974293851
 30
0.0
  0
VERTEX
  5
BA7
  8
T9-T3_POCKET
 10
1.617734330506396
 20
40.76501842557835
 30
0.0
  0
VERTEX
  5
BA8
  8
T9-T3_POCKET
 10
1.600816692062341
 20
40.75762213038735
 30
0.0
  0
VERTEX
  5
BA9
  8
T9-T3_POCKET
 10
1.582625966308536
 20
40.75058085736552
 30
0.0
  0
VERTEX
  5
BAA
  8
T9-T3_POCKET
 10
1.563162153244981
 20
40.74389460651285
 30
0.0
  0
VERTEX
  5
BAB
  8
T9-T3_POCKET
 10
1.542425252871676
 20
40.73756337782937
 30
0.0
  0
VERTEX
  5
BAC
  8
T9-T3_POCKET
 10
1.52041526518862
 20
40.73158717131504
 30
0.0
  0
VERTEX
  5
BAD
  8
T9-T3_POCKET
 10
1.497132190195815
 20
40.72596598696989
 30
0.0
  0
VERTEX
  5
BAE
  8
T9-T3_POCKET
 10
1.51563841416636
 20
40.71956842276391
 30
0.0
  0
VERTEX
  5
BAF
  8
T9-T3_POCKET
 10
1.532844276988639
 20
40.71317132082637
 30
0.0
  0
VERTEX
  5
BB0
  8
T9-T3_POCKET
 10
1.548749778662651
 20
40.70677468115728
 30
0.0
  0
VERTEX
  5
BB1
  8
T9-T3_POCKET
 10
1.563354919188396
 20
40.70037850375664
 30
0.0
  0
VERTEX
  5
BB2
  8
T9-T3_POCKET
 10
1.576659698565875
 20
40.69398278862445
 30
0.0
  0
VERTEX
  5
BB3
  8
T9-T3_POCKET
 10
1.588664116795085
 20
40.68758753576071
 30
0.0
  0
VERTEX
  5
BB4
  8
T9-T3_POCKET
 10
1.59936817387603
 20
40.68119274516543
 30
0.0
  0
VERTEX
  5
BB5
  8
T9-T3_POCKET
 10
1.608771869808707
 20
40.67479841683858
 30
0.0
  0
VERTEX
  5
BB6
  8
T9-T3_POCKET
 10
1.615017809963278
 20
40.66992737861976
 30
0.0
  0
VERTEX
  5
BB7
  8
T9-T3_POCKET
 10
1.62192895441659
 20
40.66384219231847
 30
0.0
  0
VERTEX
  5
BB8
  8
T9-T3_POCKET
 10
1.629505303168642
 20
40.65654285793475
 30
0.0
  0
VERTEX
  5
BB9
  8
T9-T3_POCKET
 10
1.637746856219433
 20
40.64802937546857
 30
0.0
  0
VERTEX
  5
BBA
  8
T9-T3_POCKET
 10
1.646653613568965
 20
40.63830174491996
 30
0.0
  0
VERTEX
  5
BBB
  8
T9-T3_POCKET
 10
1.656225575217238
 20
40.62735996628888
 30
0.0
  0
VERTEX
  5
BBC
  8
T9-T3_POCKET
 10
1.677365111410003
 20
40.60183396477941
 30
0.0
  0
VERTEX
  5
BBD
  8
T9-T3_POCKET
 10
1.697972114349016
 20
40.57547865367165
 30
0.0
  0
VERTEX
  5
BBE
  8
T9-T3_POCKET
 10
1.714853233585565
 20
40.55232131569709
 30
0.0
  0
VERTEX
  5
BBF
  8
T9-T3_POCKET
 10
1.721896586815416
 20
40.54194188663476
 30
0.0
  0
VERTEX
  5
BC0
  8
T9-T3_POCKET
 10
1.72800846911965
 20
40.53236195085573
 30
0.0
  0
VERTEX
  5
BC1
  8
T9-T3_POCKET
 10
1.733188880498269
 20
40.52358150836001
 30
0.0
  0
VERTEX
  5
BC2
  8
T9-T3_POCKET
 10
1.737437820951272
 20
40.51560055914759
 30
0.0
  0
VERTEX
  5
BC3
  8
T9-T3_POCKET
 10
1.945125789914437
 20
40.11343440443238
 30
0.0
  0
VERTEX
  5
BC4
  8
T9-T3_POCKET
 10
1.460535321590767
 20
40.11343440443238
 30
0.0
  0
VERTEX
  5
BC5
  8
T9-T3_POCKET
 10
1.23129454844104
 20
40.53756755586485
 30
0.0
  0
VERTEX
  5
BC6
  8
T9-T3_POCKET
 10
1.220555127823713
 20
40.55725649366327
 30
0.0
  0
VERTEX
  5
BC7
  8
T9-T3_POCKET
 10
1.210111559014027
 20
40.57514073543511
 30
0.0
  0
VERTEX
  5
BC8
  8
T9-T3_POCKET
 10
1.199963842011981
 20
40.59122028118033
 30
0.0
  0
VERTEX
  5
BC9
  8
T9-T3_POCKET
 10
1.190111976817574
 20
40.60549513089895
 30
0.0
  0
VERTEX
  5
BCA
  8
T9-T3_POCKET
 10
1.180555963430807
 20
40.61796528459097
 30
0.0
  0
VERTEX
  5
BCB
  8
T9-T3_POCKET
 10
1.171295801851681
 20
40.62863074225639
 30
0.0
  0
VERTEX
  5
BCC
  8
T9-T3_POCKET
 10
1.162331492080193
 20
40.63749150389519
 30
0.0
  0
VERTEX
  5
BCD
  8
T9-T3_POCKET
 10
1.157960281622315
 20
40.64124512370462
 30
0.0
  0
VERTEX
  5
BCE
  8
T9-T3_POCKET
 10
1.153663034116347
 20
40.64454756950741
 30
0.0
  0
VERTEX
  5
BCF
  8
T9-T3_POCKET
 10
1.141873339581899
 20
40.65209179060223
 30
0.0
  0
VERTEX
  5
BD0
  8
T9-T3_POCKET
 10
1.12969903769752
 20
40.65863011555106
 30
0.0
  0
VERTEX
  5
BD1
  8
T9-T3_POCKET
 10
1.117140128463209
 20
40.66416254435393
 30
0.0
  0
VERTEX
  5
BD2
  8
T9-T3_POCKET
 10
1.104196611878966
 20
40.66868907701082
 30
0.0
  0
VERTEX
  5
BD3
  8
T9-T3_POCKET
 10
1.090868487944791
 20
40.67220971352173
 30
0.0
  0
VERTEX
  5
BD4
  8
T9-T3_POCKET
 10
1.077155756660685
 20
40.67472445388667
 30
0.0
  0
VERTEX
  5
BD5
  8
T9-T3_POCKET
 10
1.063058418026647
 20
40.67623329810563
 30
0.0
  0
VERTEX
  5
BD6
  8
T9-T3_POCKET
 10
1.048576472042677
 20
40.67673624617862
 30
0.0
  0
VERTEX
  5
BD7
  8
T9-T3_POCKET
 10
1.010707440664778
 20
40.67673624617862
 30
0.0
  0
VERTEX
  5
BD8
  8
T9-T3_POCKET
 10
1.010707440664778
 20
40.11343440443238
 30
0.0
  0
SEQEND
  5
E97
  8
T9-T3_POCKET
  0
POLYLINE
  5
8F
  8
T9-T3_POCKET
 66
     1
 10
0.0
 20
0.0
 30
0.0
 70
     1
  0
VERTEX
  5
BD9
  8
T9-T3_POCKET
 10
1.010707440664778
 20
40.93897928847058
 30
0.0
  0
VERTEX
  5
BDA
  8
T9-T3_POCKET
 10
1.191532065494246
 20
40.93897928847058
 30
0.0
  0
VERTEX
  5
BDB
  8
T9-T3_POCKET
 10
1.199727160565869
 20
40.93927514027822
 30
0.0
  0
VERTEX
  5
BDC
  8
T9-T3_POCKET
 10
1.209638196121803
 20
40.94016269570113
 30
0.0
  0
VERTEX
  5
BDD
  8
T9-T3_POCKET
 10
1.221265172162049
 20
40.94164195473933
 30
0.0
  0
VERTEX
  5
BDE
  8
T9-T3_POCKET
 10
1.234608088686606
 20
40.94371291739281
 30
0.0
  0
VERTEX
  5
BDF
  8
T9-T3_POCKET
 10
1.266441743188652
 20
40.9496299535456
 30
0.0
  0
VERTEX
  5
BE0
  8
T9-T3_POCKET
 10
1.305139159627943
 20
40.95791380415952
 30
0.0
  0
VERTEX
  5
BE1
  8
T9-T3_POCKET
 10
1.315545746961674
 20
40.96045812970522
 30
0.0
  0
VERTEX
  5
BE2
  8
T9-T3_POCKET
 10
1.325464178812799
 20
40.96383084031232
 30
0.0
  0
VERTEX
  5
BE3
  8
T9-T3_POCKET
 10
1.334894455181319
 20
40.9680319359808
 30
0.0
  0
VERTEX
  5
BE4
  8
T9-T3_POCKET
 10
1.343836576067233
 20
40.97306141671069
 30
0.0
  0
VERTEX
  5
BE5
  8
T9-T3_POCKET
 10
1.352290541470542
 20
40.97891928250195
 30
0.0
  0
VERTEX
  5
BE6
  8
T9-T3_POCKET
 10
1.360256351391244
 20
40.98560553335462
 30
0.0
  0
VERTEX
  5
BE7
  8
T9-T3_POCKET
 10
1.367734005829341
 20
40.99312016926866
 30
0.0
  0
VERTEX
  5
BE8
  8
T9-T3_POCKET
 10
1.374723504784832
 20
41.00146319024411
 30
0.0
  0
VERTEX
  5
BE9
  8
T9-T3_POCKET
 10
1.381047337173134
 20
41.01038312224445
 30
0.0
  0
VERTEX
  5
BEA
  8
T9-T3_POCKET
 10
1.386527991909662
 20
41.01962849123319
 30
0.0
  0
VERTEX
  5
BEB
  8
T9-T3_POCKET
 10
1.391165468994416
 20
41.02919929721035
 30
0.0
  0
VERTEX
  5
BEC
  8
T9-T3_POCKET
 10
1.394959768427397
 20
41.03909554017589
 30
0.0
  0
VERTEX
  5
BED
  8
T9-T3_POCKET
 10
1.397910890208604
 20
41.04931722012985
 30
0.0
  0
VERTEX
  5
BEE
  8
T9-T3_POCKET
 10
1.400018834338038
 20
41.05986433707221
 30
0.0
  0
VERTEX
  5
BEF
  8
T9-T3_POCKET
 10
1.401283600815698
 20
41.07073689100298
 30
0.0
  0
VERTEX
  5
BF0
  8
T9-T3_POCKET
 10
1.401705189641585
 20
41.08193488192214
 30
0.0
  0
VERTEX
  5
BF1
  8
T9-T3_POCKET
 10
1.401538772999788
 20
41.09021503438846
 30
0.0
  0
VERTEX
  5
BF2
  8
T9-T3_POCKET
 10
1.401039523074396
 20
41.09825110911348
 30
0.0
  0
VERTEX
  5
BF3
  8
T9-T3_POCKET
 10
1.400207439865409
 20
41.10604310609719
 30
0.0
  0
VERTEX
  5
BF4
  8
T9-T3_POCKET
 10
1.399042523372827
 20
41.1135910253396
 30
0.0
  0
VERTEX
  5
BF5
  8
T9-T3_POCKET
 10
1.39754477359665
 20
41.12089486684071
 30
0.0
  0
VERTEX
  5
BF6
  8
T9-T3_POCKET
 10
1.395714190536879
 20
41.12795463060052
 30
0.0
  0
VERTEX
  5
BF7
  8
T9-T3_POCKET
 10
1.393550774193512
 20
41.13477031661903
 30
0.0
  0
VERTEX
  5
BF8
  8
T9-T3_POCKET
 10
1.391054524566551
 20
41.14134192489622
 30
0.0
  0
VERTEX
  5
BF9
  8
T9-T3_POCKET
 10
1.388225441655995
 20
41.14766945543212
 30
0.0
  0
VERTEX
  5
BFA
  8
T9-T3_POCKET
 10
1.385063525461844
 20
41.15375290822671
 30
0.0
  0
VERTEX
  5
BFB
  8
T9-T3_POCKET
 10
1.381568775984099
 20
41.15959228328001
 30
0.0
  0
VERTEX
  5
BFC
  8
T9-T3_POCKET
 10
1.377741193222759
 20
41.16518758059199
 30
0.0
  0
VERTEX
  5
BFD
  8
T9-T3_POCKET
 10
1.373580777177823
 20
41.17053880016267
 30
0.0
  0
VERTEX
  5
BFE
  8
T9-T3_POCKET
 10
1.369087527849294
 20
41.17564594199206
 30
0.0
  0
VERTEX
  5
BFF
  8
T9-T3_POCKET
 10
1.364261445237168
 20
41.18050900608014
 30
0.0
  0
VERTEX
  5
C00
  8
T9-T3_POCKET
 10
1.359102529341449
 20
41.18512799242692
 30
0.0
  0
VERTEX
  5
C01
  8
T9-T3_POCKET
 10
1.353485043143888
 20
41.18948441029441
 30
0.0
  0
VERTEX
  5
C02
  8
T9-T3_POCKET
 10
1.347283249626237
 20
41.19355976894465
 30
0.0
  0
VERTEX
  5
C03
  8
T9-T3_POCKET
 10
1.340497148788499
 20
41.19735406837763
 30
0.0
  0
VERTEX
  5
C04
  8
T9-T3_POCKET
 10
1.333126740630671
 20
41.20086730859336
 30
0.0
  0
VERTEX
  5
C05
  8
T9-T3_POCKET
 10
1.325172025152755
 20
41.20409948959183
 30
0.0
  0
VERTEX
  5
C06
  8
T9-T3_POCKET
 10
1.316633002354751
 20
41.20705061137303
 30
0.0
  0
VERTEX
  5
C07
  8
T9-T3_POCKET
 10
1.307509672236657
 20
41.20972067393699
 30
0.0
  0
VERTEX
  5
C08
  8
T9-T3_POCKET
 10
1.297802034798475
 20
41.21210967728368
 30
0.0
  0
VERTEX
  5
C09
  8
T9-T3_POCKET
 10
1.287510090040204
 20
41.21421762141311
 30
0.0
  0
VERTEX
  5
C0A
  8
T9-T3_POCKET
 10
1.276633837961844
 20
41.21604450632528
 30
0.0
  0
VERTEX
  5
C0B
  8
T9-T3_POCKET
 10
1.265173278563396
 20
41.2175903320202
 30
0.0
  0
VERTEX
  5
C0C
  8
T9-T3_POCKET
 10
1.25312841184486
 20
41.21885509849786
 30
0.0
  0
VERTEX
  5
C0D
  8
T9-T3_POCKET
 10
1.240499237806234
 20
41.21983880575826
 30
0.0
  0
VERTEX
  5
C0E
  8
T9-T3_POCKET
 10
1.22728575644752
 20
41.22054145380141
 30
0.0
  0
VERTEX
  5
C0F
  8
T9-T3_POCKET
 10
1.199105871769826
 20
41.22110357223593
 30
0.0
  0
VERTEX
  5
C10
  8
T9-T3_POCKET
 10
1.010707440664778
 20
41.22110357223593
 30
0.0
  0
SEQEND
  5
E98
  8
T9-T3_POCKET
  0
POLYLINE
  5
90
  8
T9-T3_POCKET
 66
     1
 10
0.0
 20
0.0
 30
0.0
 70
     1
  0
VERTEX
  5
C11
  8
T9-T3_POCKET
 10
2.082401028659321
 20
41.50133440443238
 30
0.0
  0
VERTEX
  5
C12
  8
T9-T3_POCKET
 10
2.511267809014027
 20
41.50133440443238
 30
0.0
  0
VERTEX
  5
C13
  8
T9-T3_POCKET
 10
2.511267809014027
 20
40.45520241261791
 30
0.0
  0
VERTEX
  5
C14
  8
T9-T3_POCKET
 10
3.180602938618393
 20
40.45520241261791
 30
0.0
  0
VERTEX
  5
C15
  8
T9-T3_POCKET
 10
3.180602938618393
 20
40.11343440443238
 30
0.0
  0
VERTEX
  5
C16
  8
T9-T3_POCKET
 10
2.082401028659321
 20
40.11343440443238
 30
0.0
  0
SEQEND
  5
E99
  8
T9-T3_POCKET
  0
POLYLINE
  5
91
  8
T9-T3_POCKET
 66
     1
 10
0.0
 20
0.0
 30
0.0
 70
     1
  0
VERTEX
  5
C17
  8
T9-T3_POCKET
 10
2.271746185548816
 20
38.73026803335461
 30
0.0
  0
VERTEX
  5
C18
  8
T9-T3_POCKET
 10
2.271929243854793
 20
38.69778905209714
 30
0.0
  0
VERTEX
  5
C19
  8
T9-T3_POCKET
 10
2.272478418772724
 20
38.66662291323609
 30
0.0
  0
VERTEX
  5
C1A
  8
T9-T3_POCKET
 10
2.27339371030261
 20
38.63676961677143
 30
0.0
  0
VERTEX
  5
C1B
  8
T9-T3_POCKET
 10
2.27467511844445
 20
38.60822916270318
 30
0.0
  0
VERTEX
  5
C1C
  8
T9-T3_POCKET
 10
2.276322643198244
 20
38.58100155103132
 30
0.0
  0
VERTEX
  5
C1D
  8
T9-T3_POCKET
 10
2.278336284563993
 20
38.55508678175587
 30
0.0
  0
VERTEX
  5
C1E
  8
T9-T3_POCKET
 10
2.280716042541696
 20
38.53048485487681
 30
0.0
  0
VERTEX
  5
C1F
  8
T9-T3_POCKET
 10
2.283461917131353
 20
38.50719577039417
 30
0.0
  0
VERTEX
  5
C20
  8
T9-T3_POCKET
 10
2.286573908332965
 20
38.48521952830792
 30
0.0
  0
VERTEX
  5
C21
  8
T9-T3_POCKET
 10
2.29005201614653
 20
38.46455612861808
 30
0.0
  0
VERTEX
  5
C22
  8
T9-T3_POCKET
 10
2.29389624057205
 20
38.44520557132464
 30
0.0
  0
VERTEX
  5
C23
  8
T9-T3_POCKET
 10
2.298106581609525
 20
38.42716785642759
 30
0.0
  0
VERTEX
  5
C24
  8
T9-T3_POCKET
 10
2.302683039258953
 20
38.41044298392695
 30
0.0
  0
VERTEX
  5
C25
  8
T9-T3_POCKET
 10
2.307625613520336
 20
38.39503095382272
 30
0.0
  0
VERTEX
  5
C26
  8
T9-T3_POCKET
 10
2.312934304393674
 20
38.38093176611488
 30
0.0
  0
VERTEX
  5
C27
  8
T9-T3_POCKET
 10
2.318609111878966
 20
38.36814542080345
 30
0.0
  0
VERTEX
  5
C28
  8
T9-T3_POCKET
 10
2.324631545238234
 20
38.35639455681876
 30
0.0
  0
VERTEX
  5
C29
  8
T9-T3_POCKET
 10
2.330983113733502
 20
38.34540181309114
 30
0.0
  0
VERTEX
  5
C2A
  8
T9-T3_POCKET
 10
2.337663817364769
 20
38.3351671896206
 30
0.0
  0
VERTEX
  5
C2B
  8
T9-T3_POCKET
 10
2.344673656132036
 20
38.32569068640714
 30
0.0
  0
VERTEX
  5
C2C
  8
T9-T3_POCKET
 10
2.352012630035301
 20
38.31697230345075
 30
0.0
  0
VERTEX
  5
C2D
  8
T9-T3_POCKET
 10
2.359680739074566
 20
38.30901204075144
 30
0.0
  0
VERTEX
  5
C2E
  8
T9-T3_POCKET
 10
2.36767798324983
 20
38.30180989830921
 30
0.0
  0
VERTEX
  5
C2F
  8
T9-T3_POCKET
 10
2.376004362561094
 20
38.29536587612405
 30
0.0
  0
VERTEX
  5
C30
  8
T9-T3_POCKET
 10
2.384659877008357
 20
38.28967997419597
 30
0.0
  0
VERTEX
  5
C31
  8
T9-T3_POCKET
 10
2.393644526591619
 20
38.28475219252497
 30
0.0
  0
VERTEX
  5
C32
  8
T9-T3_POCKET
 10
2.402958311310881
 20
38.28058253111104
 30
0.0
  0
VERTEX
  5
C33
  8
T9-T3_POCKET
 10
2.412601231166142
 20
38.2771709899542
 30
0.0
  0
VERTEX
  5
C34
  8
T9-T3_POCKET
 10
2.422573286157402
 20
38.27451756905442
 30
0.0
  0
VERTEX
  5
C35
  8
T9-T3_POCKET
 10
2.432874476284661
 20
38.27262226841174
 30
0.0
  0
VERTEX
  5
C36
  8
T9-T3_POCKET
 10
2.44350480154792
 20
38.27148508802612
 30
0.0
  0
VERTEX
  5
C37
  8
T9-T3_POCKET
 10
2.454464261947178
 20
38.27110602789758
 30
0.0
  0
VERTEX
  5
C38
  8
T9-T3_POCKET
 10
2.461740367341321
 20
38.27126689731799
 30
0.0
  0
VERTEX
  5
C39
  8
T9-T3_POCKET
 10
2.468894433864811
 20
38.27174950557919
 30
0.0
  0
VERTEX
  5
C3A
  8
T9-T3_POCKET
 10
2.475926461517651
 20
38.27255385268121
 30
0.0
  0
VERTEX
  5
C3B
  8
T9-T3_POCKET
 10
2.482836450299839
 20
38.27367993862405
 30
0.0
  0
VERTEX
  5
C3C
  8
T9-T3_POCKET
 10
2.489624400211375
 20
38.27512776340769
 30
0.0
  0
VERTEX
  5
C3D
  8
T9-T3_POCKET
 10
2.49629031125226
 20
38.27689732703213
 30
0.0
  0
VERTEX
  5
C3E
  8
T9-T3_POCKET
 10
2.502834183422494
 20
38.27898862949739
 30
0.0
  0
VERTEX
  5
C3F
  8
T9-T3_POCKET
 10
2.509256016722076
 20
38.28140167080345
 30
0.0
  0
VERTEX
  5
C40
  8
T9-T3_POCKET
 10
2.515555811151007
 20
38.28413645095031
 30
0.0
  0
VERTEX
  5
C41
  8
T9-T3_POCKET
 10
2.521733566709286
 20
38.287192969938
 30
0.0
  0
VERTEX
  5
C42
  8
T9-T3_POCKET
 10
2.527789283396914
 20
38.29057122776648
 30
0.0
  0
VERTEX
  5
C43
  8
T9-T3_POCKET
 10
2.533722961213891
 20
38.29427122443578
 30
0.0
  0
VERTEX
  5
C44
  8
T9-T3_POCKET
 10
2.539534600160215
 20
38.29829295994588
 30
0.0
  0
VERTEX
  5
C45
  8
T9-T3_POCKET
 10
2.545224200235889
 20
38.30263643429679
 30
0.0
  0
VERTEX
  5
C46
  8
T9-T3_POCKET
 10
2.550791761440911
 20
38.30730164748852
 30
0.0
  0
VERTEX
  5
C47
  8
T9-T3_POCKET
 10
2.556237283775282
 20
38.31228859952105
 30
0.0
  0
VERTEX
  5
C48
  8
T9-T3_POCKET
 10
2.561533031132035
 20
38.31762317742756
 30
0.0
  0
VERTEX
  5
C49
  8
T9-T3_POCKET
 10
2.566651267404205
 20
38.3233312682412
 30
0.0
  0
VERTEX
  5
C4A
  8
T9-T3_POCKET
 10
2.57159199259179
 20
38.329412871962
 30
0.0
  0
VERTEX
  5
C4B
  8
T9-T3_POCKET
 10
2.576355206694791
 20
38.33586798858994
 30
0.0
  0
VERTEX
  5
C4C
  8
T9-T3_POCKET
 10
2.580940909713209
 20
38.34269661812503
 30
0.0
  0
VERTEX
  5
C4D
  8
T9-T3_POCKET
 10
2.585349101647043
 20
38.34989876056726
 30
0.0
  0
VERTEX
  5
C4E
  8
T9-T3_POCKET
 10
2.589579782496292
 20
38.35747441591664
 30
0.0
  0
VERTEX
  5
C4F
  8
T9-T3_POCKET
 10
2.593632952260958
 20
38.36542358417316
 30
0.0
  0
VERTEX
  5
C50
  8
T9-T3_POCKET
 10
2.597508610941039
 20
38.37374626533683
 30
0.0
  0
VERTEX
  5
C51
  8
T9-T3_POCKET
 10
2.601206758536537
 20
38.38244245940764
 30
0.0
  0
VERTEX
  5
C52
  8
T9-T3_POCKET
 10
2.608070520473782
 20
38.40095538627071
 30
0.0
  0
VERTEX
  5
C53
  8
T9-T3_POCKET
 10
2.61422423807269
 20
38.42096236476236
 30
0.0
  0
VERTEX
  5
C54
  8
T9-T3_POCKET
 10
2.619667911333263
 20
38.44246339488258
 30
0.0
  0
VERTEX
  5
C55
  8
T9-T3_POCKET
 10
2.622132726705662
 20
38.45397572834737
 30
0.0
  0
VERTEX
  5
C56
  8
T9-T3_POCKET
 10
2.624438521731455
 20
38.46626467280721
 30
0.0
  0
VERTEX
  5
C57
  8
T9-T3_POCKET
 10
2.628573050743222
 20
38.49317239471205
 30
0.0
  0
VERTEX
  5
C58
  8
T9-T3_POCKET
 10
2.632071498368563
 20
38.52318656059711
 30
0.0
  0
VERTEX
  5
C59
  8
T9-T3_POCKET
 10
2.634933864607479
 20
38.55630717046239
 30
0.0
  0
VERTEX
  5
C5A
  8
T9-T3_POCKET
 10
2.637160149459969
 20
38.59253422430788
 30
0.0
  0
VERTEX
  5
C5B
  8
T9-T3_POCKET
 10
2.638750352926033
 20
38.63186772213359
 30
0.0
  0
VERTEX
  5
C5C
  8
T9-T3_POCKET
 10
2.639704475005671
 20
38.67430766393953
 30
0.0
  0
VERTEX
  5
C5D
  8
T9-T3_POCKET
 10
2.640022515698884
 20
38.71985404972569
 30
0.0
  0
VERTEX
  5
C5E
  8
T9-T3_POCKET
 10
2.639839457392906
 20
38.75370134559348
 30
0.0
  0
VERTEX
  5
C5F
  8
T9-T3_POCKET
 10
2.639290282474975
 20
38.7861322509322
 30
0.0
  0
VERTEX
  5
C60
  8
T9-T3_POCKET
 10
2.638374990945089
 20
38.81714676574184
 30
0.0
  0
VERTEX
  5
C61
  8
T9-T3_POCKET
 10
2.637093582803249
 20
38.84674489002241
 30
0.0
  0
VERTEX
  5
C62
  8
T9-T3_POCKET
 10
2.635446058049455
 20
38.8749266237739
 30
0.0
  0
VERTEX
  5
C63
  8
T9-T3_POCKET
 10
2.633432416683707
 20
38.90169196699632
 30
0.0
  0
VERTEX
  5
C64
  8
T9-T3_POCKET
 10
2.631052658706003
 20
38.92704091968967
 30
0.0
  0
VERTEX
  5
C65
  8
T9-T3_POCKET
 10
2.628306784116346
 20
38.95097348185393
 30
0.0
  0
VERTEX
  5
C66
  8
T9-T3_POCKET
 10
2.625194792914735
 20
38.97348965348912
 30
0.0
  0
VERTEX
  5
C67
  8
T9-T3_POCKET
 10
2.621716685101169
 20
38.99458943459523
 30
0.0
  0
VERTEX
  5
C68
  8
T9-T3_POCKET
 10
2.617872460675649
 20
39.01427282517227
 30
0.0
  0
VERTEX
  5
C69
  8
T9-T3_POCKET
 10
2.613662119638175
 20
39.03253982522023
 30
0.0
  0
VERTEX
  5
C6A
  8
T9-T3_POCKET
 10
2.609085661988746
 20
39.04939043473912
 30
0.0
  0
VERTEX
  5
C6B
  8
T9-T3_POCKET
 10
2.604143087727363
 20
39.06482465372893
 30
0.0
  0
VERTEX
  5
C6C
  8
T9-T3_POCKET
 10
2.598834396854026
 20
39.07884248218966
 30
0.0
  0
VERTEX
  5
C6D
  8
T9-T3_POCKET
 10
2.593159589368734
 20
39.09144392012132
 30
0.0
  0
VERTEX
  5
C6E
  8
T9-T3_POCKET
 10
2.587118665271487
 20
39.10296549895509
 30
0.0
  0
VERTEX
  5
C6F
  8
T9-T3_POCKET
 10
2.580711624562288
 20
39.11374375012218
 30
0.0
  0
VERTEX
  5
C70
  8
T9-T3_POCKET
 10
2.573938467241133
 20
39.12377867362256
 30
0.0
  0
VERTEX
  5
C71
  8
T9-T3_POCKET
 10
2.566799193308024
 20
39.13307026945625
 30
0.0
  0
VERTEX
  5
C72
  8
T9-T3_POCKET
 10
2.559293802762961
 20
39.14161853762324
 30
0.0
  0
VERTEX
  5
C73
  8
T9-T3_POCKET
 10
2.551422295605944
 20
39.14942347812354
 30
0.0
  0
VERTEX
  5
C74
  8
T9-T3_POCKET
 10
2.543184671836972
 20
39.15648509095714
 30
0.0
  0
VERTEX
  5
C75
  8
T9-T3_POCKET
 10
2.534580931456047
 20
39.16280337612405
 30
0.0
  0
VERTEX
  5
C76
  8
T9-T3_POCKET
 10
2.525611074463166
 20
39.16837833362426
 30
0.0
  0
VERTEX
  5
C77
  8
T9-T3_POCKET
 10
2.516275100858332
 20
39.17320996345778
 30
0.0
  0
VERTEX
  5
C78
  8
T9-T3_POCKET
 10
2.506573010641542
 20
39.1772982656246
 30
0.0
  0
VERTEX
  5
C79
  8
T9-T3_POCKET
 10
2.496504803812799
 20
39.18064324012473
 30
0.0
  0
VERTEX
  5
C7A
  8
T9-T3_POCKET
 10
2.486070480372102
 20
39.18324488695816
 30
0.0
  0
VERTEX
  5
C7B
  8
T9-T3_POCKET
 10
2.475270040319451
 20
39.18510320612491
 30
0.0
  0
VERTEX
  5
C7C
  8
T9-T3_POCKET
 10
2.464103483654844
 20
39.18621819762495
 30
0.0
  0
VERTEX
  5
C7D
  8
T9-T3_POCKET
 10
2.452570810378284
 20
39.18658986145829
 30
0.0
  0
VERTEX
  5
C7E
  8
T9-T3_POCKET
 10
2.440825493614982
 20
39.18621080132976
 30
0.0
  0
VERTEX
  5
C7F
  8
T9-T3_POCKET
 10
2.429494369382376
 20
39.18507362094414
 30
0.0
  0
VERTEX
  5
C80
  8
T9-T3_POCKET
 10
2.418577437680466
 20
39.18317832030145
 30
0.0
  0
VERTEX
  5
C81
  8
T9-T3_POCKET
 10
2.408074698509252
 20
39.18052489940168
 30
0.0
  0
VERTEX
  5
C82
  8
T9-T3_POCKET
 10
2.397986151868734
 20
39.17711335824483
 30
0.0
  0
VERTEX
  5
C83
  8
T9-T3_POCKET
 10
2.388311797758911
 20
39.17294369683091
 30
0.0
  0
VERTEX
  5
C84
  8
T9-T3_POCKET
 10
2.379051636179784
 20
39.16801591515991
 30
0.0
  0
VERTEX
  5
C85
  8
T9-T3_POCKET
 10
2.370205667131353
 20
39.16233001323182
 30
0.0
  0
VERTEX
  5
C86
  8
T9-T3_POCKET
 10
2.361773890613617
 20
39.15588599104667
 30
0.0
  0
VERTEX
  5
C87
  8
T9-T3_POCKET
 10
2.353756306626578
 20
39.14868384860443
 30
0.0
  0
VERTEX
  5
C88
  8
T9-T3_POCKET
 10
2.346152915170234
 20
39.14072358590513
 30
0.0
  0
VERTEX
  5
C89
  8
T9-T3_POCKET
 10
2.338963716244586
 20
39.13200520294874
 30
0.0
  0
VERTEX
  5
C8A
  8
T9-T3_POCKET
 10
2.332188709849634
 20
39.12252869973528
 30
0.0
  0
VERTEX
  5
C8B
  8
T9-T3_POCKET
 10
2.325827895985378
 20
39.11229407626474
 30
0.0
  0
VERTEX
  5
C8C
  8
T9-T3_POCKET
 10
2.319881274651816
 20
39.10130133253712
 30
0.0
  0
VERTEX
  5
C8D
  8
T9-T3_POCKET
 10
2.314348845848952
 20
39.08955046855242
 30
0.0
  0
VERTEX
  5
C8E
  8
T9-T3_POCKET
 10
2.309189929953233
 20
39.07677521768377
 30
0.0
  0
VERTEX
  5
C8F
  8
T9-T3_POCKET
 10
2.304363847341108
 20
39.0627093133043
 30
0.0
  0
VERTEX
  5
C90
  8
T9-T3_POCKET
 10
2.299870598012578
 20
39.047352755414
 30
0.0
  0
VERTEX
  5
C91
  8
T9-T3_POCKET
 10
2.295710181967643
 20
39.03070554401286
 30
0.0
  0
VERTEX
  5
C92
  8
T9-T3_POCKET
 10
2.291882599206303
 20
39.0127676791009
 30
0.0
  0
VERTEX
  5
C93
  8
T9-T3_POCKET
 10
2.288387849728557
 20
38.99353916067811
 30
0.0
  0
VERTEX
  5
C94
  8
T9-T3_POCKET
 10
2.285225933534406
 20
38.9730199887445
 30
0.0
  0
VERTEX
  5
C95
  8
T9-T3_POCKET
 10
2.28239685062385
 20
38.95121016330004
 30
0.0
  0
VERTEX
  5
C96
  8
T9-T3_POCKET
 10
2.279900600996889
 20
38.92810968434476
 30
0.0
  0
VERTEX
  5
C97
  8
T9-T3_POCKET
 10
2.277737184653523
 20
38.90371855187865
 30
0.0
  0
VERTEX
  5
C98
  8
T9-T3_POCKET
 10
2.275906601593751
 20
38.87803676590173
 30
0.0
  0
VERTEX
  5
C99
  8
T9-T3_POCKET
 10
2.274408851817574
 20
38.85106432641395
 30
0.0
  0
VERTEX
  5
C9A
  8
T9-T3_POCKET
 10
2.273243935324993
 20
38.82280123341536
 30
0.0
  0
VERTEX
  5
C9B
  8
T9-T3_POCKET
 10
2.272411852116006
 20
38.79324748690594
 30
0.0
  0
VERTEX
  5
C9C
  8
T9-T3_POCKET
 10
2.271912602190613
 20
38.7624030868857
 30
0.0
  0
SEQEND
  5
E9A
  8
T9-T3_POCKET
  0
POLYLINE
  5
92
  8
T9-T3_POCKET
 66
     1
 10
0.0
 20
0.0
 30
0.0
 70
     1
  0
VERTEX
  5
C9D
  8
T9-T3_POCKET
 10
1.889268968632035
 20
38.73121475913906
 30
0.0
  0
VERTEX
  5
C9E
  8
T9-T3_POCKET
 10
1.889825539845158
 20
38.77975294632997
 30
0.0
  0
VERTEX
  5
C9F
  8
T9-T3_POCKET
 10
1.891495253484525
 20
38.82643466342793
 30
0.0
  0
VERTEX
  5
CA0
  8
T9-T3_POCKET
 10
1.892747538714051
 20
38.84907934569206
 30
0.0
  0
VERTEX
  5
CA1
  8
T9-T3_POCKET
 10
1.894278109550137
 20
38.87125991043297
 30
0.0
  0
VERTEX
  5
CA2
  8
T9-T3_POCKET
 10
1.896086965992785
 20
38.89297635765062
 30
0.0
  0
VERTEX
  5
CA3
  8
T9-T3_POCKET
 10
1.898174108041994
 20
38.91422868734506
 30
0.0
  0
VERTEX
  5
CA4
  8
T9-T3_POCKET
 10
1.900539535697765
 20
38.93501689951625
 30
0.0
  0
VERTEX
  5
CA5
  8
T9-T3_POCKET
 10
1.903183248960096
 20
38.95534099416421
 30
0.0
  0
VERTEX
  5
CA6
  8
T9-T3_POCKET
 10
1.906105247828989
 20
38.97520097128893
 30
0.0
  0
VERTEX
  5
CA7
  8
T9-T3_POCKET
 10
1.909305532304443
 20
38.99459683089042
 30
0.0
  0
VERTEX
  5
CA8
  8
T9-T3_POCKET
 10
1.912784102386458
 20
39.01352857296867
 30
0.0
  0
VERTEX
  5
CA9
  8
T9-T3_POCKET
 10
1.916540958075035
 20
39.03199619752369
 30
0.0
  0
VERTEX
  5
CAA
  8
T9-T3_POCKET
 10
1.920576099370173
 20
39.04999970455547
 30
0.0
  0
VERTEX
  5
CAB
  8
T9-T3_POCKET
 10
1.924889526271872
 20
39.06753909406402
 30
0.0
  0
VERTEX
  5
CAC
  8
T9-T3_POCKET
 10
1.929481238780132
 20
39.08461436604933
 30
0.0
  0
VERTEX
  5
CAD
  8
T9-T3_POCKET
 10
1.934351236894953
 20
39.10122552051141
 30
0.0
  0
VERTEX
  5
CAE
  8
T9-T3_POCKET
 10
1.939499520616336
 20
39.11737255745025
 30
0.0
  0
VERTEX
  5
CAF
  8
T9-T3_POCKET
 10
1.94492608994428
 20
39.13305547686586
 30
0.0
  0
VERTEX
  5
CB0
  8
T9-T3_POCKET
 10
1.950630944878785
 20
39.14827427875824
 30
0.0
  0
VERTEX
  5
CB1
  8
T9-T3_POCKET
 10
1.956614085419851
 20
39.16302896312738
 30
0.0
  0
VERTEX
  5
CB2
  8
T9-T3_POCKET
 10
1.962875511567479
 20
39.17731952997328
 30
0.0
  0
VERTEX
  5
CB3
  8
T9-T3_POCKET
 10
1.969415223321667
 20
39.19114597929595
 30
0.0
  0
VERTEX
  5
CB4
  8
T9-T3_POCKET
 10
1.976233220682417
 20
39.20450831109537
 30
0.0
  0
VERTEX
  5
CB5
  8
T9-T3_POCKET
 10
1.983329503649728
 20
39.21740652537158
 30
0.0
  0
VERTEX
  5
CB6
  8
T9-T3_POCKET
 10
1.9907040722236
 20
39.22984062212454
 30
0.0
  0
VERTEX
  5
CB7
  8
T9-T3_POCKET
 10
1.998356926404034
 20
39.24181060135427
 30
0.0
  0
VERTEX
  5
CB8
  8
T9-T3_POCKET
 10
2.006288066191028
 20
39.25331646306076
 30
0.0
  0
VERTEX
  5
CB9
  8
T9-T3_POCKET
 10
2.014497491584585
 20
39.26435820724402
 30
0.0
  0
VERTEX
  5
CBA
  8
T9-T3_POCKET
 10
2.022985202584702
 20
39.27493583390405
 30
0.0
  0
VERTEX
  5
CBB
  8
T9-T3_POCKET
 10
2.031751199191381
 20
39.28504934304083
 30
0.0
  0
VERTEX
  5
CBC
  8
T9-T3_POCKET
 10
2.040801953162912
 20
39.29477639575389
 30
0.0
  0
VERTEX
  5
CBD
  8
T9-T3_POCKET
 10
2.050143936257589
 20
39.30419465314273
 30
0.0
  0
VERTEX
  5
CBE
  8
T9-T3_POCKET
 10
2.059777148475412
 20
39.31330411520734
 30
0.0
  0
VERTEX
  5
CBF
  8
T9-T3_POCKET
 10
2.06970158981638
 20
39.32210478194773
 30
0.0
  0
VERTEX
  5
CC0
  8
T9-T3_POCKET
 10
2.079917260280494
 20
39.3305966533639
 30
0.0
  0
VERTEX
  5
CC1
  8
T9-T3_POCKET
 10
2.090424159867753
 20
39.33877972945582
 30
0.0
  0
VERTEX
  5
CC2
  8
T9-T3_POCKET
 10
2.101222288578157
 20
39.34665401022355
 30
0.0
  0
VERTEX
  5
CC3
  8
T9-T3_POCKET
 10
2.112311646411708
 20
39.35421949566702
 30
0.0
  0
VERTEX
  5
CC4
  8
T9-T3_POCKET
 10
2.123692233368403
 20
39.3614761857863
 30
0.0
  0
VERTEX
  5
CC5
  8
T9-T3_POCKET
 10
2.135364049448244
 20
39.36842408058133
 30
0.0
  0
VERTEX
  5
CC6
  8
T9-T3_POCKET
 10
2.147327094651231
 20
39.37506318005217
 30
0.0
  0
VERTEX
  5
CC7
  8
T9-T3_POCKET
 10
2.159581368977363
 20
39.38139348419875
 30
0.0
  0
VERTEX
  5
CC8
  8
T9-T3_POCKET
 10
2.17212687242664
 20
39.38741499302112
 30
0.0
  0
VERTEX
  5
CC9
  8
T9-T3_POCKET
 10
2.184963604999063
 20
39.39312770651927
 30
0.0
  0
VERTEX
  5
CCA
  8
T9-T3_POCKET
 10
2.198091566694631
 20
39.39853162469319
 30
0.0
  0
VERTEX
  5
CCB
  8
T9-T3_POCKET
 10
2.211510757513345
 20
39.40362674754288
 30
0.0
  0
VERTEX
  5
CCC
  8
T9-T3_POCKET
 10
2.225221177455204
 20
39.40841307506835
 30
0.0
  0
VERTEX
  5
CCD
  8
T9-T3_POCKET
 10
2.239222826520209
 20
39.4128906072696
 30
0.0
  0
VERTEX
  5
CCE
  8
T9-T3_POCKET
 10
2.253515704708359
 20
39.41705934414662
 30
0.0
  0
VERTEX
  5
CCF
  8
T9-T3_POCKET
 10
2.268099812019654
 20
39.42091928569943
 30
0.0
  0
VERTEX
  5
CD0
  8
T9-T3_POCKET
 10
2.282975148454096
 20
39.424470431928
 30
0.0
  0
VERTEX
  5
CD1
  8
T9-T3_POCKET
 10
2.298141714011682
 20
39.42771278283235
 30
0.0
  0
VERTEX
  5
CD2
  8
T9-T3_POCKET
 10
2.313599508692414
 20
39.43064633841249
 30
0.0
  0
VERTEX
  5
CD3
  8
T9-T3_POCKET
 10
2.329348532496292
 20
39.43327109866838
 30
0.0
  0
VERTEX
  5
CD4
  8
T9-T3_POCKET
 10
2.345388785423315
 20
39.43558706360007
 30
0.0
  0
VERTEX
  5
CD5
  8
T9-T3_POCKET
 10
2.361720267473483
 20
39.43759423320753
 30
0.0
  0
VERTEX
  5
CD6
  8
T9-T3_POCKET
 10
2.378342978646797
 20
39.43929260749076
 30
0.0
  0
VERTEX
  5
CD7
  8
T9-T3_POCKET
 10
2.395256918943256
 20
39.44068218644977
 30
0.0
  0
VERTEX
  5
CD8
  8
T9-T3_POCKET
 10
2.412462088362861
 20
39.44176297008456
 30
0.0
  0
VERTEX
  5
CD9
  8
T9-T3_POCKET
 10
2.429958486905611
 20
39.44253495839511
 30
0.0
  0
VERTEX
  5
CDA
  8
T9-T3_POCKET
 10
2.447746114571507
 20
39.44299815138145
 30
0.0
  0
VERTEX
  5
CDB
  8
T9-T3_POCKET
 10
2.465824971360548
 20
39.44315254904356
 30
0.0
  0
VERTEX
  5
CDC
  8
T9-T3_POCKET
 10
2.500069818094859
 20
39.44261261949462
 30
0.0
  0
VERTEX
  5
CDD
  8
T9-T3_POCKET
 10
2.532746650248679
 20
39.44099283084779
 30
0.0
  0
VERTEX
  5
CDE
  8
T9-T3_POCKET
 10
2.548497060857905
 20
39.43977798936267
 30
0.0
  0
VERTEX
  5
CDF
  8
T9-T3_POCKET
 10
2.563855467822008
 20
39.43829318310308
 30
0.0
  0
VERTEX
  5
CE0
  8
T9-T3_POCKET
 10
2.578821871140988
 20
39.43653841206901
 30
0.0
  0
VERTEX
  5
CE1
  8
T9-T3_POCKET
 10
2.593396270814845
 20
39.43451367626048
 30
0.0
  0
VERTEX
  5
CE2
  8
T9-T3_POCKET
 10
2.60757866684358
 20
39.43221897567747
 30
0.0
  0
VERTEX
  5
CE3
  8
T9-T3_POCKET
 10
2.621369059227192
 20
39.42965431031999
 30
0.0
  0
VERTEX
  5
CE4
  8
T9-T3_POCKET
 10
2.634767447965681
 20
39.42681968018803
 30
0.0
  0
VERTEX
  5
CE5
  8
T9-T3_POCKET
 10
2.647773833059047
 20
39.42371508528161
 30
0.0
  0
VERTEX
  5
CE6
  8
T9-T3_POCKET
 10
2.660388214507291
 20
39.42034052560072
 30
0.0
  0
VERTEX
  5
CE7
  8
T9-T3_POCKET
 10
2.672610592310412
 20
39.41669600114536
 30
0.0
  0
VERTEX
  5
CE8
  8
T9-T3_POCKET
 10
2.68444096646841
 20
39.41278151191553
 30
0.0
  0
VERTEX
  5
CE9
  8
T9-T3_POCKET
 10
2.695879336981285
 20
39.40859705791122
 30
0.0
  0
VERTEX
  5
CEA
  8
T9-T3_POCKET
 10
2.717846333698543
 20
39.39963274813974
 30
0.0
  0
VERTEX
  5
CEB
  8
T9-T3_POCKET
 10
2.738777849089061
 20
39.39001756439144
 30
0.0
  0
VERTEX
  5
CEC
  8
T9-T3_POCKET
 10
2.75867388315284
 20
39.37975150666634
 30
0.0
  0
VERTEX
  5
CED
  8
T9-T3_POCKET
 10
2.77753443588988
 20
39.36883457496444
 30
0.0
  0
VERTEX
  5
CEE
  8
T9-T3_POCKET
 10
2.79535950730018
 20
39.35726676928572
 30
0.0
  0
VERTEX
  5
CEF
  8
T9-T3_POCKET
 10
2.812149097383741
 20
39.34504808963019
 30
0.0
  0
VERTEX
  5
CF0
  8
T9-T3_POCKET
 10
2.827903206140562
 20
39.33217853599785
 30
0.0
  0
VERTEX
  5
CF1
  8
T9-T3_POCKET
 10
2.842621833570644
 20
39.31865810838872
 30
0.0
  0
VERTEX
  5
CF2
  8
T9-T3_POCKET
 10
2.856445509282615
 20
39.30472348824888
 30
0.0
  0
VERTEX
  5
CF3
  8
T9-T3_POCKET
 10
2.869514762885105
 20
39.29061135702446
 30
0.0
  0
VERTEX
  5
CF4
  8
T9-T3_POCKET
 10
2.881829594378113
 20
39.27632171471545
 30
0.0
  0
VERTEX
  5
CF5
  8
T9-T3_POCKET
 10
2.89339000376164
 20
39.26185456132187
 30
0.0
  0
VERTEX
  5
CF6
  8
T9-T3_POCKET
 10
2.904195991035685
 20
39.24720989684369
 30
0.0
  0
VERTEX
  5
CF7
  8
T9-T3_POCKET
 10
2.914247556200248
 20
39.23238772128094
 30
0.0
  0
VERTEX
  5
CF8
  8
T9-T3_POCKET
 10
2.92354469925533
 20
39.2173880346336
 30
0.0
  0
VERTEX
  5
CF9
  8
T9-T3_POCKET
 10
2.93208742020093
 20
39.20221083690168
 30
0.0
  0
VERTEX
  5
CFA
  8
T9-T3_POCKET
 10
2.940053230121633
 20
39.18662684293425
 30
0.0
  0
VERTEX
  5
CFB
  8
T9-T3_POCKET
 10
2.947619640102022
 20
39.1704067675804
 30
0.0
  0
VERTEX
  5
CFC
  8
T9-T3_POCKET
 10
2.954786650142096
 20
39.15355061084011
 30
0.0
  0
VERTEX
  5
CFD
  8
T9-T3_POCKET
 10
2.961554260241858
 20
39.13605837271341
 30
0.0
  0
VERTEX
  5
CFE
  8
T9-T3_POCKET
 10
2.967922470401305
 20
39.11793005320027
 30
0.0
  0
VERTEX
  5
CFF
  8
T9-T3_POCKET
 10
2.973891280620439
 20
39.09916565230071
 30
0.0
  0
VERTEX
  5
D00
  8
T9-T3_POCKET
 10
2.979460690899259
 20
39.07976517001474
 30
0.0
  0
VERTEX
  5
D01
  8
T9-T3_POCKET
 10
2.984630701237765
 20
39.05972860634233
 30
0.0
  0
VERTEX
  5
D02
  8
T9-T3_POCKET
 10
2.989331046831643
 20
39.04026895369482
 30
0.0
  0
VERTEX
  5
D03
  8
T9-T3_POCKET
 10
2.99372814432269
 20
39.02070575291464
 30
0.0
  0
VERTEX
  5
D04
  8
T9-T3_POCKET
 10
2.997821993710906
 20
39.00103900400178
 30
0.0
  0
VERTEX
  5
D05
  8
T9-T3_POCKET
 10
3.001612594996292
 20
38.98126870695625
 30
0.0
  0
VERTEX
  5
D06
  8
T9-T3_POCKET
 10
3.005099948178846
 20
38.96139486177805
 30
0.0
  0
VERTEX
  5
D07
  8
T9-T3_POCKET
 10
3.00828405325857
 20
38.94141746846717
 30
0.0
  0
VERTEX
  5
D08
  8
T9-T3_POCKET
 10
3.011164910235463
 20
38.92133652702361
 30
0.0
  0
VERTEX
  5
D09
  8
T9-T3_POCKET
 10
3.013742519109525
 20
38.90115203744738
 30
0.0
  0
VERTEX
  5
D0A
  8
T9-T3_POCKET
 10
3.016016879880756
 20
38.88086399973848
 30
0.0
  0
VERTEX
  5
D0B
  8
T9-T3_POCKET
 10
3.017987992549156
 20
38.8604724138969
 30
0.0
  0
VERTEX
  5
D0C
  8
T9-T3_POCKET
 10
3.019655857114726
 20
38.83997727992265
 30
0.0
  0
VERTEX
  5
D0D
  8
T9-T3_POCKET
 10
3.021020473577465
 20
38.81937859781573
 30
0.0
  0
VERTEX
  5
D0E
  8
T9-T3_POCKET
 10
3.022081841937373
 20
38.79867636757614
 30
0.0
  0
VERTEX
  5
D0F
  8
T9-T3_POCKET
 10
3.02283996219445
 20
38.77787058920386
 30
0.0
  0
VERTEX
  5
D10
  8
T9-T3_POCKET
 10
3.023294834348696
 20
38.75696126269892
 30
0.0
  0
VERTEX
  5
D11
  8
T9-T3_POCKET
 10
3.023446458400112
 20
38.7359483880613
 30
0.0
  0
VERTEX
  5
D12
  8
T9-T3_POCKET
 10
3.022947208474719
 20
38.68952184314741
 30
0.0
  0
VERTEX
  5
D13
  8
T9-T3_POCKET
 10
3.021449458698543
 20
38.6446781054044
 30
0.0
  0
VERTEX
  5
D14
  8
T9-T3_POCKET
 10
3.018953209071582
 20
38.60141717483226
 30
0.0
  0
VERTEX
  5
D15
  8
T9-T3_POCKET
 10
3.015458459593836
 20
38.559739051431
 30
0.0
  0
VERTEX
  5
D16
  8
T9-T3_POCKET
 10
3.010965210265306
 20
38.51964373520062
 30
0.0
  0
VERTEX
  5
D17
  8
T9-T3_POCKET
 10
3.008344148156997
 20
38.5001896297745
 30
0.0
  0
VERTEX
  5
D18
  8
T9-T3_POCKET
 10
3.005473461085991
 20
38.4811312261411
 30
0.0
  0
VERTEX
  5
D19
  8
T9-T3_POCKET
 10
3.00235314905229
 20
38.46246852430043
 30
0.0
  0
VERTEX
  5
D1A
  8
T9-T3_POCKET
 10
2.998983212055892
 20
38.44420152425246
 30
0.0
  0
VERTEX
  5
D1B
  8
T9-T3_POCKET
 10
2.995363650096799
 20
38.42633022599722
 30
0.0
  0
VERTEX
  5
D1C
  8
T9-T3_POCKET
 10
2.991494463175009
 20
38.40885462953469
 30
0.0
  0
VERTEX
  5
D1D
  8
T9-T3_POCKET
 10
2.987375651290523
 20
38.39177473486488
 30
0.0
  0
VERTEX
  5
D1E
  8
T9-T3_POCKET
 10
2.983007214443341
 20
38.37509054198779
 30
0.0
  0
VERTEX
  5
D1F
  8
T9-T3_POCKET
 10
2.978389152633463
 20
38.35880205090342
 30
0.0
  0
VERTEX
  5
D20
  8
T9-T3_POCKET
 10
2.973521465860889
 20
38.34290926161177
 30
0.0
  0
VERTEX
  5
D21
  8
T9-T3_POCKET
 10
2.968404154125619
 20
38.32741217411284
 30
0.0
  0
VERTEX
  5
D22
  8
T9-T3_POCKET
 10
2.963037217427652
 20
38.31231078840661
 30
0.0
  0
VERTEX
  5
D23
  8
T9-T3_POCKET
 10
2.95742065576699
 20
38.29760510449312
 30
0.0
  0
VERTEX
  5
D24
  8
T9-T3_POCKET
 10
2.951554469143631
 20
38.28329512237234
 30
0.0
  0
VERTEX
  5
D25
  8
T9-T3_POCKET
 10
2.945438657557577
 20
38.26938084204428
 30
0.0
  0
VERTEX
  5
D26
  8
T9-T3_POCKET
 10
2.939073221008825
 20
38.25586226350894
 30
0.0
  0
VERTEX
  5
D27
  8
T9-T3_POCKET
 10
2.932458159497378
 20
38.24273938676632
 30
0.0
  0
VERTEX
  5
D28
  8
T9-T3_POCKET
 10
2.925593473023236
 20
38.23001221181641
 30
0.0
  0
VERTEX
  5
D29
  8
T9-T3_POCKET
 10
2.918479161586396
 20
38.21768073865923
 30
0.0
  0
VERTEX
  5
D2A
  8
T9-T3_POCKET
 10
2.911115225186861
 20
38.20574496729475
 30
0.0
  0
VERTEX
  5
D2B
  8
T9-T3_POCKET
 10
2.90350166382463
 20
38.194204897723
 30
0.0
  0
VERTEX
  5
D2C
  8
T9-T3_POCKET
 10
2.895638477499702
 20
38.18306052994397
 30
0.0
  0
VERTEX
  5
D2D
  8
T9-T3_POCKET
 10
2.887470193998146
 20
38.17228505238759
 30
0.0
  0
VERTEX
  5
D2E
  8
T9-T3_POCKET
 10
2.878941341106029
 20
38.16185165348379
 30
0.0
  0
VERTEX
  5
D2F
  8
T9-T3_POCKET
 10
2.870051918823351
 20
38.15176033323257
 30
0.0
  0
VERTEX
  5
D30
  8
T9-T3_POCKET
 10
2.860801927150112
 20
38.14201109163394
 30
0.0
  0
VERTEX
  5
D31
  8
T9-T3_POCKET
 10
2.851191366086312
 20
38.13260392868789
 30
0.0
  0
VERTEX
  5
D32
  8
T9-T3_POCKET
 10
2.84122023563195
 20
38.12353884439443
 30
0.0
  0
VERTEX
  5
D33
  8
T9-T3_POCKET
 10
2.830888535787027
 20
38.11481583875354
 30
0.0
  0
VERTEX
  5
D34
  8
T9-T3_POCKET
 10
2.820196266551544
 20
38.10643491176525
 30
0.0
  0
VERTEX
  5
D35
  8
T9-T3_POCKET
 10
2.8091434279255
 20
38.09839606342953
 30
0.0
  0
VERTEX
  5
D36
  8
T9-T3_POCKET
 10
2.797730019908894
 20
38.0906992937464
 30
0.0
  0
VERTEX
  5
D37
  8
T9-T3_POCKET
 10
2.785956042501728
 20
38.08334460271585
 30
0.0
  0
VERTEX
  5
D38
  8
T9-T3_POCKET
 10
2.773821495704
 20
38.07633199033789
 30
0.0
  0
VERTEX
  5
D39
  8
T9-T3_POCKET
 10
2.761326379515711
 20
38.06966145661251
 30
0.0
  0
VERTEX
  5
D3A
  8
T9-T3_POCKET
 10
2.748470693936861
 20
38.06333300153972
 30
0.0
  0
VERTEX
  5
D3B
  8
T9-T3_POCKET
 10
2.735254438967451
 20
38.05734662511951
 30
0.0
  0
VERTEX
  5
D3C
  8
T9-T3_POCKET
 10
2.721677614607479
 20
38.05170232735188
 30
0.0
  0
VERTEX
  5
D3D
  8
T9-T3_POCKET
 10
2.707740220856946
 20
38.04640010823684
 30
0.0
  0
VERTEX
  5
D3E
  8
T9-T3_POCKET
 10
2.693442257715852
 20
38.04143996777438
 30
0.0
  0
VERTEX
  5
D3F
  8
T9-T3_POCKET
 10
2.678783725184197
 20
38.0368219059645
 30
0.0
  0
VERTEX
  5
D40
  8
T9-T3_POCKET
 10
2.663764623261981
 20
38.0325459228072
 30
0.0
  0
VERTEX
  5
D41
  8
T9-T3_POCKET
 10
2.648384951949204
 20
38.0286120183025
 30
0.0
  0
VERTEX
  5
D42
  8
T9-T3_POCKET
 10
2.632644711245866
 20
38.02502019245037
 30
0.0
  0
VERTEX
  5
D43
  8
T9-T3_POCKET
 10
2.616543901151966
 20
38.02177044525082
 30
0.0
  0
VERTEX
  5
D44
  8
T9-T3_POCKET
 10
2.600082521667506
 20
38.01886277670386
 30
0.0
  0
VERTEX
  5
D45
  8
T9-T3_POCKET
 10
2.583260572792485
 20
38.01629718680948
 30
0.0
  0
VERTEX
  5
D46
  8
T9-T3_POCKET
 10
2.566078054526902
 20
38.01407367556769
 30
0.0
  0
VERTEX
  5
D47
  8
T9-T3_POCKET
 10
2.548534966870759
 20
38.01219224297847
 30
0.0
  0
VERTEX
  5
D48
  8
T9-T3_POCKET
 10
2.530631309824054
 20
38.01065288904185
 30
0.0
  0
VERTEX
  5
D49
  8
T9-T3_POCKET
 10
2.512367083386789
 20
38.00945561375781
 30
0.0
  0
VERTEX
  5
D4A
  8
T9-T3_POCKET
 10
2.493742287558963
 20
38.00860041712635
 30
0.0
  0
VERTEX
  5
D4B
  8
T9-T3_POCKET
 10
2.474756922340575
 20
38.00808729914748
 30
0.0
  0
VERTEX
  5
D4C
  8
T9-T3_POCKET
 10
2.455410987731626
 20
38.00791625982119
 30
0.0
  0
VERTEX
  5
D4D
  8
T9-T3_POCKET
 10
2.433780522445558
 20
38.00813445052932
 30
0.0
  0
VERTEX
  5
D4E
  8
T9-T3_POCKET
 10
2.412675194118052
 20
38.00878902265373
 30
0.0
  0
VERTEX
  5
D4F
  8
T9-T3_POCKET
 10
2.392095002749105
 20
38.0098799761944
 30
0.0
  0
VERTEX
  5
D50
  8
T9-T3_POCKET
 10
2.37203994833872
 20
38.01140731115134
 30
0.0
  0
VERTEX
  5
D51
  8
T9-T3_POCKET
 10
2.352510030886895
 20
38.01337102752454
 30
0.0
  0
VERTEX
  5
D52
  8
T9-T3_POCKET
 10
2.333505250393631
 20
38.01577112531403
 30
0.0
  0
VERTEX
  5
D53
  8
T9-T3_POCKET
 10
2.315025606858928
 20
38.01860760451977
 30
0.0
  0
VERTEX
  5
D54
  8
T9-T3_POCKET
 10
2.297071100282785
 20
38.02188046514179
 30
0.0
  0
VERTEX
  5
D55
  8
T9-T3_POCKET
 10
2.279641730665204
 20
38.02558970718007
 30
0.0
  0
VERTEX
  5
D56
  8
T9-T3_POCKET
 10
2.262737498006183
 20
38.02973533063463
 30
0.0
  0
VERTEX
  5
D57
  8
T9-T3_POCKET
 10
2.246358402305722
 20
38.03431733550545
 30
0.0
  0
VERTEX
  5
D58
  8
T9-T3_POCKET
 10
2.230504443563822
 20
38.03933572179254
 30
0.0
  0
VERTEX
  5
D59
  8
T9-T3_POCKET
 10
2.215175621780483
 20
38.0447904894959
 30
0.0
  0
VERTEX
  5
D5A
  8
T9-T3_POCKET
 10
2.200371936955705
 20
38.05068163861553
 30
0.0
  0
VERTEX
  5
D5B
  8
T9-T3_POCKET
 10
2.186093389089487
 20
38.05700916915142
 30
0.0
  0
VERTEX
  5
D5C
  8
T9-T3_POCKET
 10
2.172339978181831
 20
38.06377308110358
 30
0.0
  0
VERTEX
  5
D5D
  8
T9-T3_POCKET
 10
2.159000759804869
 20
38.07095858188163
 30
0.0
  0
VERTEX
  5
D5E
  8
T9-T3_POCKET
 10
2.145964789530739
 20
38.07855087889519
 30
0.0
  0
VERTEX
  5
D5F
  8
T9-T3_POCKET
 10
2.13323206735944
 20
38.08654997214425
 30
0.0
  0
VERTEX
  5
D60
  8
T9-T3_POCKET
 10
2.120802593290971
 20
38.09495586162882
 30
0.0
  0
VERTEX
  5
D61
  8
T9-T3_POCKET
 10
2.108676367325334
 20
38.10376854734889
 30
0.0
  0
VERTEX
  5
D62
  8
T9-T3_POCKET
 10
2.096853389462527
 20
38.11298802930447
 30
0.0
  0
VERTEX
  5
D63
  8
T9-T3_POCKET
 10
2.085333659702551
 20
38.12261430749555
 30
0.0
  0
VERTEX
  5
D64
  8
T9-T3_POCKET
 10
2.074117178045405
 20
38.13264738192214
 30
0.0
  0
VERTEX
  5
D65
  8
T9-T3_POCKET
 10
2.063203944491091
 20
38.14308725258424
 30
0.0
  0
VERTEX
  5
D66
  8
T9-T3_POCKET
 10
2.052593959039607
 20
38.15393391948183
 30
0.0
  0
VERTEX
  5
D67
  8
T9-T3_POCKET
 10
2.042287221690954
 20
38.16518738261493
 30
0.0
  0
VERTEX
  5
D68
  8
T9-T3_POCKET
 10
2.032283732445132
 20
38.17684764198354
 30
0.0
  0
VERTEX
  5
D69
  8
T9-T3_POCKET
 10
2.022583491302141
 20
38.18891469758765
 30
0.0
  0
VERTEX
  5
D6A
  8
T9-T3_POCKET
 10
2.013186498261981
 20
38.20138854942726
 30
0.0
  0
VERTEX
  5
D6B
  8
T9-T3_POCKET
 10
2.004092753324652
 20
38.21426919750238
 30
0.0
  0
VERTEX
  5
D6C
  8
T9-T3_POCKET
 10
1.995302256490153
 20
38.227556641813
 30
0.0
  0
VERTEX
  5
D6D
  8
T9-T3_POCKET
 10
1.989117104636682
 20
38.23736228016247
 30
0.0
  0
VERTEX
  5
D6E
  8
T9-T3_POCKET
 10
1.9831057657202
 20
38.24760799807579
 30
0.0
  0
VERTEX
  5
D6F
  8
T9-T3_POCKET
 10
1.977268239740707
 20
38.25829379555298
 30
0.0
  0
VERTEX
  5
D70
  8
T9-T3_POCKET
 10
1.971604526698202
 20
38.26941967259403
 30
0.0
  0
VERTEX
  5
D71
  8
T9-T3_POCKET
 10
1.966114626592685
 20
38.28098562919895
 30
0.0
  0
VERTEX
  5
D72
  8
T9-T3_POCKET
 10
1.960798539424157
 20
38.29299166536774
 30
0.0
  0
VERTEX
  5
D73
  8
T9-T3_POCKET
 10
1.955656265192617
 20
38.30543778110038
 30
0.0
  0
VERTEX
  5
D74
  8
T9-T3_POCKET
 10
1.950687803898065
 20
38.3183239763969
 30
0.0
  0
VERTEX
  5
D75
  8
T9-T3_POCKET
 10
1.945893155540502
 20
38.33165025125727
 30
0.0
  0
VERTEX
  5
D76
  8
T9-T3_POCKET
 10
1.941272320119928
 20
38.34541660568152
 30
0.0
  0
VERTEX
  5
D77
  8
T9-T3_POCKET
 10
1.932552088089744
 20
38.37426955322159
 30
0.0
  0
VERTEX
  5
D78
  8
T9-T3_POCKET
 10
1.924527107807513
 20
38.40488281901712
 30
0.0
  0
VERTEX
  5
D79
  8
T9-T3_POCKET
 10
1.917197379273236
 20
38.43725640306812
 30
0.0
  0
VERTEX
  5
D7A
  8
T9-T3_POCKET
 10
1.910651658029205
 20
38.4709465276631
 30
0.0
  0
VERTEX
  5
D7B
  8
T9-T3_POCKET
 10
1.904978699617711
 20
38.50550941509063
 30
0.0
  0
VERTEX
  5
D7C
  8
T9-T3_POCKET
 10
1.900178504038754
 20
38.54094506535068
 30
0.0
  0
VERTEX
  5
D7D
  8
T9-T3_POCKET
 10
1.896251071292335
 20
38.57725347844329
 30
0.0
  0
VERTEX
  5
D7E
  8
T9-T3_POCKET
 10
1.893196401378454
 20
38.61443465436843
 30
0.0
  0
VERTEX
  5
D7F
  8
T9-T3_POCKET
 10
1.891014494297111
 20
38.6524885931261
 30
0.0
  0
VERTEX
  5
D80
  8
T9-T3_POCKET
 10
1.889705350048304
 20
38.69141529471631
 30
0.0
  0
SEQEND
  5
E9B
  8
T9-T3_POCKET
  0
POLYLINE
  5
93
  8
T9-T3_POCKET
 66
     1
 10
0.0
 20
0.0
 30
0.0
 70
     1
  0
VERTEX
  5
D81
  8
T9-T3_POCKET
 10
0.7522513015106169
 20
39.41948440443237
 30
0.0
  0
VERTEX
  5
D82
  8
T9-T3_POCKET
 10
1.667735135071326
 20
39.41948440443237
 30
0.0
  0
VERTEX
  5
D83
  8
T9-T3_POCKET
 10
1.667735135071326
 20
39.11179852448694
 30
0.0
  0
VERTEX
  5
D84
  8
T9-T3_POCKET
 10
1.047629746258229
 20
39.11179852448694
 30
0.0
  0
VERTEX
  5
D85
  8
T9-T3_POCKET
 10
1.014494343802568
 20
38.9035188519085
 30
0.0
  0
VERTEX
  5
D86
  8
T9-T3_POCKET
 10
1.030566493252602
 20
38.91085597673797
 30
0.0
  0
VERTEX
  5
D87
  8
T9-T3_POCKET
 10
1.04659426493149
 20
38.91771973867522
 30
0.0
  0
VERTEX
  5
D88
  8
T9-T3_POCKET
 10
1.062577658839232
 20
38.92411013772023
 30
0.0
  0
VERTEX
  5
D89
  8
T9-T3_POCKET
 10
1.078516674975828
 20
38.93002717387303
 30
0.0
  0
VERTEX
  5
D8A
  8
T9-T3_POCKET
 10
1.094411313341279
 20
38.9354708471336
 30
0.0
  0
VERTEX
  5
D8B
  8
T9-T3_POCKET
 10
1.110261573935583
 20
38.94044115750195
 30
0.0
  0
VERTEX
  5
D8C
  8
T9-T3_POCKET
 10
1.126067456758741
 20
38.94493810497808
 30
0.0
  0
VERTEX
  5
D8D
  8
T9-T3_POCKET
 10
1.141828961810753
 20
38.94896168956198
 30
0.0
  0
VERTEX
  5
D8E
  8
T9-T3_POCKET
 10
1.15754608909162
 20
38.95251191125365
 30
0.0
  0
VERTEX
  5
D8F
  8
T9-T3_POCKET
 10
1.17321883860134
 20
38.95558877005311
 30
0.0
  0
VERTEX
  5
D90
  8
T9-T3_POCKET
 10
1.188847210339914
 20
38.95819226596034
 30
0.0
  0
VERTEX
  5
D91
  8
T9-T3_POCKET
 10
1.204431204307343
 20
38.96032239897534
 30
0.0
  0
VERTEX
  5
D92
  8
T9-T3_POCKET
 10
1.219970820503625
 20
38.96197916909813
 30
0.0
  0
VERTEX
  5
D93
  8
T9-T3_POCKET
 10
1.235466058928762
 20
38.96316257632868
 30
0.0
  0
VERTEX
  5
D94
  8
T9-T3_POCKET
 10
1.250916919582752
 20
38.96387262066702
 30
0.0
  0
VERTEX
  5
D95
  8
T9-T3_POCKET
 10
1.266323402465596
 20
38.96410930211314
 30
0.0
  0
VERTEX
  5
D96
  8
T9-T3_POCKET
 10
1.292051415287476
 20
38.96361744848294
 30
0.0
  0
VERTEX
  5
D97
  8
T9-T3_POCKET
 10
1.317165535608502
 20
38.96214188759233
 30
0.0
  0
VERTEX
  5
D98
  8
T9-T3_POCKET
 10
1.341665763428676
 20
38.95968261944132
 30
0.0
  0
VERTEX
  5
D99
  8
T9-T3_POCKET
 10
1.365552098747997
 20
38.95623964402991
 30
0.0
  0
VERTEX
  5
D9A
  8
T9-T3_POCKET
 10
1.388824541566466
 20
38.9518129613581
 30
0.0
  0
VERTEX
  5
D9B
  8
T9-T3_POCKET
 10
1.411483091884082
 20
38.94640257142589
 30
0.0
  0
VERTEX
  5
D9C
  8
T9-T3_POCKET
 10
1.433527749700845
 20
38.94000847423327
 30
0.0
  0
VERTEX
  5
D9D
  8
T9-T3_POCKET
 10
1.454958515016756
 20
38.93263066978025
 30
0.0
  0
VERTEX
  5
D9E
  8
T9-T3_POCKET
 10
1.475775387831814
 20
38.92426915806683
 30
0.0
  0
VERTEX
  5
D9F
  8
T9-T3_POCKET
 10
1.495978368146019
 20
38.91492393909301
 30
0.0
  0
VERTEX
  5
DA0
  8
T9-T3_POCKET
 10
1.515567455959372
 20
38.90459501285878
 30
0.0
  0
VERTEX
  5
DA1
  8
T9-T3_POCKET
 10
1.534542651271872
 20
38.89328237936416
 30
0.0
  0
VERTEX
  5
DA2
  8
T9-T3_POCKET
 10
1.552903954083519
 20
38.88098603860913
 30
0.0
  0
VERTEX
  5
DA3
  8
T9-T3_POCKET
 10
1.570651364394314
 20
38.8677059905937
 30
0.0
  0
VERTEX
  5
DA4
  8
T9-T3_POCKET
 10
1.587784882204256
 20
38.85344223531786
 30
0.0
  0
VERTEX
  5
DA5
  8
T9-T3_POCKET
 10
1.604304507513345
 20
38.83819477278162
 30
0.0
  0
VERTEX
  5
DA6
  8
T9-T3_POCKET
 10
1.620010540351425
 20
38.82220028443109
 30
0.0
  0
VERTEX
  5
DA7
  8
T9-T3_POCKET
 10
1.634703280748338
 20
38.80569545171239
 30
0.0
  0
VERTEX
  5
DA8
  8
T9-T3_POCKET
 10
1.648382728704085
 20
38.7886802746255
 30
0.0
  0
VERTEX
  5
DA9
  8
T9-T3_POCKET
 10
1.661048884218666
 20
38.77115475317044
 30
0.0
  0
VERTEX
  5
DAA
  8
T9-T3_POCKET
 10
1.67270174729208
 20
38.75311888734719
 30
0.0
  0
VERTEX
  5
DAB
  8
T9-T3_POCKET
 10
1.683341317924327
 20
38.73457267715578
 30
0.0
  0
VERTEX
  5
DAC
  8
T9-T3_POCKET
 10
1.692967596115408
 20
38.71551612259617
 30
0.0
  0
VERTEX
  5
DAD
  8
T9-T3_POCKET
 10
1.701580581865323
 20
38.69594922366839
 30
0.0
  0
VERTEX
  5
DAE
  8
T9-T3_POCKET
 10
1.709180275174072
 20
38.67587198037243
 30
0.0
  0
VERTEX
  5
DAF
  8
T9-T3_POCKET
 10
1.715766676041654
 20
38.6552843927083
 30
0.0
  0
VERTEX
  5
DB0
  8
T9-T3_POCKET
 10
1.721339784468069
 20
38.63418646067597
 30
0.0
  0
VERTEX
  5
DB1
  8
T9-T3_POCKET
 10
1.725899600453318
 20
38.61257818427548
 30
0.0
  0
VERTEX
  5
DB2
  8
T9-T3_POCKET
 10
1.729446123997401
 20
38.5904595635068
 30
0.0
  0
VERTEX
  5
DB3
  8
T9-T3_POCKET
 10
1.731979355100317
 20
38.56783059836996
 30
0.0
  0
VERTEX
  5
DB4
  8
T9-T3_POCKET
 10
1.733499293762067
 20
38.54469128886493
 30
0.0
  0
VERTEX
  5
DB5
  8
T9-T3_POCKET
 10
1.73400593998265
 20
38.52104163499172
 30
0.0
  0
VERTEX
  5
DB6
  8
T9-T3_POCKET
 10
1.733745220577167
 20
38.50427793194133
 30
0.0
  0
VERTEX
  5
DB7
  8
T9-T3_POCKET
 10
1.73296306236072
 20
38.48759558813803
 30
0.0
  0
VERTEX
  5
DB8
  8
T9-T3_POCKET
 10
1.731659465333307
 20
38.47099460358184
 30
0.0
  0
VERTEX
  5
DB9
  8
T9-T3_POCKET
 10
1.729834429494928
 20
38.45447497827274
 30
0.0
  0
VERTEX
  5
DBA
  8
T9-T3_POCKET
 10
1.727487954845585
 20
38.43803671221075
 30
0.0
  0
VERTEX
  5
DBB
  8
T9-T3_POCKET
 10
1.724620041385276
 20
38.42167980539587
 30
0.0
  0
VERTEX
  5
DBC
  8
T9-T3_POCKET
 10
1.721230689114002
 20
38.40540425782808
 30
0.0
  0
VERTEX
  5
DBD
  8
T9-T3_POCKET
 10
1.717319898031763
 20
38.3892100695074
 30
0.0
  0
VERTEX
  5
DBE
  8
T9-T3_POCKET
 10
1.712887668138559
 20
38.37309724043382
 30
0.0
  0
VERTEX
  5
DBF
  8
T9-T3_POCKET
 10
1.707933999434389
 20
38.35706577060733
 30
0.0
  0
VERTEX
  5
DC0
  8
T9-T3_POCKET
 10
1.702458891919254
 20
38.34111566002795
 30
0.0
  0
VERTEX
  5
DC1
  8
T9-T3_POCKET
 10
1.696462345593154
 20
38.32524690869567
 30
0.0
  0
VERTEX
  5
DC2
  8
T9-T3_POCKET
 10
1.689944360456089
 20
38.30945951661049
 30
0.0
  0
VERTEX
  5
DC3
  8
T9-T3_POCKET
 10
1.682904936508059
 20
38.29375348377241
 30
0.0
  0
VERTEX
  5
DC4
  8
T9-T3_POCKET
 10
1.675344073749063
 20
38.27812881018144
 30
0.0
  0
VERTEX
  5
DC5
  8
T9-T3_POCKET
 10
1.667261772179103
 20
38.26258549583756
 30
0.0
  0
VERTEX
  5
DC6
  8
T9-T3_POCKET
 10
1.658700560495525
 20
38.24731214626814
 30
0.0
  0
VERTEX
  5
DC7
  8
T9-T3_POCKET
 10
1.649702967395678
 20
38.23249736700058
 30
0.0
  0
VERTEX
  5
DC8
  8
T9-T3_POCKET
 10
1.640268992879563
 20
38.21814115803486
 30
0.0
  0
VERTEX
  5
DC9
  8
T9-T3_POCKET
 10
1.630398636947179
 20
38.20424351937098
 30
0.0
  0
VERTEX
  5
DCA
  8
T9-T3_POCKET
 10
1.620091899598526
 20
38.19080445100894
 30
0.0
  0
VERTEX
  5
DCB
  8
T9-T3_POCKET
 10
1.609348780833605
 20
38.17782395294874
 30
0.0
  0
VERTEX
  5
DCC
  8
T9-T3_POCKET
 10
1.598169280652414
 20
38.16530202519039
 30
0.0
  0
VERTEX
  5
DCD
  8
T9-T3_POCKET
 10
1.586553399054955
 20
38.15323866773387
 30
0.0
  0
VERTEX
  5
DCE
  8
T9-T3_POCKET
 10
1.574501136041227
 20
38.14163388057919
 30
0.0
  0
VERTEX
  5
DCF
  8
T9-T3_POCKET
 10
1.562012491611231
 20
38.13048766372637
 30
0.0
  0
VERTEX
  5
DD0
  8
T9-T3_POCKET
 10
1.549087465764965
 20
38.11980001717538
 30
0.0
  0
VERTEX
  5
DD1
  8
T9-T3_POCKET
 10
1.535726058502431
 20
38.10957094092624
 30
0.0
  0
VERTEX
  5
DD2
  8
T9-T3_POCKET
 10
1.521928269823628
 20
38.09980043497893
 30
0.0
  0
VERTEX
  5
DD3
  8
T9-T3_POCKET
 10
1.507694099728557
 20
38.09048849933347
 30
0.0
  0
VERTEX
  5
DD4
  8
T9-T3_POCKET
 10
1.493023548217216
 20
38.08163513398984
 30
0.0
  0
VERTEX
  5
DD5
  8
T9-T3_POCKET
 10
1.477916615289607
 20
38.07324033894806
 30
0.0
  0
VERTEX
  5
DD6
  8
T9-T3_POCKET
 10
1.46232337595319
 20
38.06533000124129
 30
0.0
  0
VERTEX
  5
DD7
  8
T9-T3_POCKET
 10
1.446193905215426
 20
38.05793000790269
 30
0.0
  0
VERTEX
  5
DD8
  8
T9-T3_POCKET
 10
1.429528203076315
 20
38.05104035893228
 30
0.0
  0
VERTEX
  5
DD9
  8
T9-T3_POCKET
 10
1.412326269535856
 20
38.04466105433005
 30
0.0
  0
VERTEX
  5
DDA
  8
T9-T3_POCKET
 10
1.39458810459405
 20
38.038792094096
 30
0.0
  0
VERTEX
  5
DDB
  8
T9-T3_POCKET
 10
1.376313708250897
 20
38.03343347823012
 30
0.0
  0
VERTEX
  5
DDC
  8
T9-T3_POCKET
 10
1.357503080506397
 20
38.02858520673242
 30
0.0
  0
VERTEX
  5
DDD
  8
T9-T3_POCKET
 10
1.338156221360549
 20
38.0242472796029
 30
0.0
  0
VERTEX
  5
DDE
  8
T9-T3_POCKET
 10
1.318273130813354
 20
38.02041969684156
 30
0.0
  0
VERTEX
  5
DDF
  8
T9-T3_POCKET
 10
1.297853808864812
 20
38.0171024584484
 30
0.0
  0
VERTEX
  5
DE0
  8
T9-T3_POCKET
 10
1.276898255514923
 20
38.01429556442342
 30
0.0
  0
VERTEX
  5
DE1
  8
T9-T3_POCKET
 10
1.255406470763686
 20
38.01199901476662
 30
0.0
  0
VERTEX
  5
DE2
  8
T9-T3_POCKET
 10
1.233378454611103
 20
38.01021280947799
 30
0.0
  0
VERTEX
  5
DE3
  8
T9-T3_POCKET
 10
1.210814207057172
 20
38.00893694855754
 30
0.0
  0
VERTEX
  5
DE4
  8
T9-T3_POCKET
 10
1.187713728101894
 20
38.00817143200528
 30
0.0
  0
VERTEX
  5
DE5
  8
T9-T3_POCKET
 10
1.164077017745269
 20
38.00791625982119
 30
0.0
  0
VERTEX
  5
DE6
  8
T9-T3_POCKET
 10
1.1303721005599
 20
38.00832305605669
 30
0.0
  0
VERTEX
  5
DE7
  8
T9-T3_POCKET
 10
1.097894968376238
 20
38.0095434447632
 30
0.0
  0
VERTEX
  5
DE8
  8
T9-T3_POCKET
 10
1.06664562119428
 20
38.01157742594073
 30
0.0
  0
VERTEX
  5
DE9
  8
T9-T3_POCKET
 10
1.036624059014028
 20
38.01442499958927
 30
0.0
  0
VERTEX
  5
DEA
  8
T9-T3_POCKET
 10
1.007830281835481
 20
38.01808616570881
 30
0.0
  0
VERTEX
  5
DEB
  8
T9-T3_POCKET
 10
0.9802642896586387
 20
38.02256092429936
 30
0.0
  0
VERTEX
  5
DEC
  8
T9-T3_POCKET
 10
0.9539260824835022
 20
38.02784927536092
 30
0.0
  0
VERTEX
  5
DED
  8
T9-T3_POCKET
 10
0.9288156603100711
 20
38.03395121889349
 30
0.0
  0
VERTEX
  5
DEE
  8
T9-T3_POCKET
 10
0.9047777009393345
 20
38.04085935860189
 30
0.0
  0
VERTEX
  5
DEF
  8
T9-T3_POCKET
 10
0.8816568821722812
 20
38.0485662981909
 30
0.0
  0
VERTEX
  5
DF0
  8
T9-T3_POCKET
 10
0.8594532040089116
 20
38.05707203766055
 30
0.0
  0
VERTEX
  5
DF1
  8
T9-T3_POCKET
 10
0.8381666664492253
 20
38.06637657701082
 30
0.0
  0
VERTEX
  5
DF2
  8
T9-T3_POCKET
 10
0.8177972694932225
 20
38.07647991624172
 30
0.0
  0
VERTEX
  5
DF3
  8
T9-T3_POCKET
 10
0.7983450131409033
 20
38.08738205535325
 30
0.0
  0
VERTEX
  5
DF4
  8
T9-T3_POCKET
 10
0.7798098973922677
 20
38.09908299434541
 30
0.0
  0
VERTEX
  5
DF5
  8
T9-T3_POCKET
 10
0.7621919222473155
 20
38.11158273321819
 30
0.0
  0
VERTEX
  5
DF6
  8
T9-T3_POCKET
 10
0.7454393136397097
 20
38.12469636459181
 30
0.0
  0
VERTEX
  5
DF7
  8
T9-T3_POCKET
 10
0.7295002975031135
 20
38.13823898108653
 30
0.0
  0
VERTEX
  5
DF8
  8
T9-T3_POCKET
 10
0.7143748738375268
 20
38.15221058270232
 30
0.0
  0
VERTEX
  5
DF9
  8
T9-T3_POCKET
 10
0.7000630426429497
 20
38.16661116943919
 30
0.0
  0
VERTEX
  5
DFA
  8
T9-T3_POCKET
 10
0.6865648039193823
 20
38.18144074129714
 30
0.0
  0
VERTEX
  5
DFB
  8
T9-T3_POCKET
 10
0.6738801576668243
 20
38.19669929827616
 30
0.0
  0
VERTEX
  5
DFC
  8
T9-T3_POCKET
 10
0.6620091038852758
 20
38.21238684037627
 30
0.0
  0
VERTEX
  5
DFD
  8
T9-T3_POCKET
 10
0.6509516425747369
 20
38.22850336759745
 30
0.0
  0
VERTEX
  5
DFE
  8
T9-T3_POCKET
 10
0.6405228663554328
 20
38.24533733545216
 30
0.0
  0
VERTEX
  5
DFF
  8
T9-T3_POCKET
 10
0.6305378678475883
 20
38.26317719945284
 30
0.0
  0
VERTEX
  5
E00
  8
T9-T3_POCKET
 10
0.6209966470512035
 20
38.28202295959949
 30
0.0
  0
VERTEX
  5
E01
  8
T9-T3_POCKET
 10
0.6118992039662785
 20
38.30187461589213
 30
0.0
  0
VERTEX
  5
E02
  8
T9-T3_POCKET
 10
0.6032455385928133
 20
38.32273216833075
 30
0.0
  0
VERTEX
  5
E03
  8
T9-T3_POCKET
 10
0.5950356509308079
 20
38.34459561691533
 30
0.0
  0
VERTEX
  5
E04
  8
T9-T3_POCKET
 10
0.5872695409802622
 20
38.36746496164588
 30
0.0
  0
VERTEX
  5
E05
  8
T9-T3_POCKET
 10
0.5799472087411762
 20
38.39134020252241
 30
0.0
  0
VERTEX
  5
E06
  8
T9-T3_POCKET
 10
0.9699982319335364
 20
38.43394286282255
 30
0.0
  0
VERTEX
  5
E07
  8
T9-T3_POCKET
 10
0.9719212686831954
 20
38.4224027932508
 30
0.0
  0
VERTEX
  5
E08
  8
T9-T3_POCKET
 10
0.9741401572404942
 20
38.41121404770061
 30
0.0
  0
VERTEX
  5
E09
  8
T9-T3_POCKET
 10
0.9766548976054328
 20
38.400376626172
 30
0.0
  0
VERTEX
  5
E0A
  8
T9-T3_POCKET
 10
0.9794654897780113
 20
38.38989052866497
 30
0.0
  0
VERTEX
  5
E0B
  8
T9-T3_POCKET
 10
0.9825719337582295
 20
38.37975575517951
 30
0.0
  0
VERTEX
  5
E0C
  8
T9-T3_POCKET
 10
0.9859742295460876
 20
38.36997230571561
 30
0.0
  0
VERTEX
  5
E0D
  8
T9-T3_POCKET
 10
0.9896723771415856
 20
38.3605401802733
 30
0.0
  0
VERTEX
  5
E0E
  8
T9-T3_POCKET
 10
0.9936663765447233
 20
38.35145937885256
 30
0.0
  0
VERTEX
  5
E0F
  8
T9-T3_POCKET
 10
0.997956227755501
 20
38.3427299014534
 30
0.0
  0
VERTEX
  5
E10
  8
T9-T3_POCKET
 10
1.002541930773918
 20
38.33435174807579
 30
0.0
  0
VERTEX
  5
E11
  8
T9-T3_POCKET
 10
1.007423485599976
 20
38.32632491871976
 30
0.0
  0
VERTEX
  5
E12
  8
T9-T3_POCKET
 10
1.012600892233673
 20
38.3186494133853
 30
0.0
  0
VERTEX
  5
E13
  8
T9-T3_POCKET
 10
1.01807415067501
 20
38.31132523207242
 30
0.0
  0
VERTEX
  5
E14
  8
T9-T3_POCKET
 10
1.023843260923986
 20
38.3043523747811
 30
0.0
  0
VERTEX
  5
E15
  8
T9-T3_POCKET
 10
1.029908222980603
 20
38.29773084151137
 30
0.0
  0
VERTEX
  5
E16
  8
T9-T3_POCKET
 10
1.03626903684486
 20
38.2914606322632
 30
0.0
  0
VERTEX
  5
E17
  8
T9-T3_POCKET
 10
1.042855437712442
 20
38.28555653962699
 30
0.0
  0
VERTEX
  5
E18
  8
T9-T3_POCKET
 10
1.049597160779034
 20
38.28003335619312
 30
0.0
  0
VERTEX
  5
E19
  8
T9-T3_POCKET
 10
1.056494206044638
 20
38.27489108196158
 30
0.0
  0
VERTEX
  5
E1A
  8
T9-T3_POCKET
 10
1.063546573509253
 20
38.27012971693237
 30
0.0
  0
VERTEX
  5
E1B
  8
T9-T3_POCKET
 10
1.070754263172878
 20
38.2657492611055
 30
0.0
  0
VERTEX
  5
E1C
  8
T9-T3_POCKET
 10
1.078117275035515
 20
38.26174971448097
 30
0.0
  0
VERTEX
  5
E1D
  8
T9-T3_POCKET
 10
1.085635609097162
 20
38.25813107705878
 30
0.0
  0
VERTEX
  5
E1E
  8
T9-T3_POCKET
 10
1.09330926535782
 20
38.25489334883892
 30
0.0
  0
VERTEX
  5
E1F
  8
T9-T3_POCKET
 10
1.101138243817489
 20
38.2520365298214
 30
0.0
  0
VERTEX
  5
E20
  8
T9-T3_POCKET
 10
1.109122544476169
 20
38.24956062000621
 30
0.0
  0
VERTEX
  5
E21
  8
T9-T3_POCKET
 10
1.11726216733386
 20
38.24746561939337
 30
0.0
  0
VERTEX
  5
E22
  8
T9-T3_POCKET
 10
1.125557112390562
 20
38.24575152798285
 30
0.0
  0
VERTEX
  5
E23
  8
T9-T3_POCKET
 10
1.134007379646275
 20
38.24441834577468
 30
0.0
  0
VERTEX
  5
E24
  8
T9-T3_POCKET
 10
1.142612969100999
 20
38.24346607276883
 30
0.0
  0
VERTEX
  5
E25
  8
T9-T3_POCKET
 10
1.151373880754734
 20
38.24289470896532
 30
0.0
  0
VERTEX
  5
E26
  8
T9-T3_POCKET
 10
1.160290114607479
 20
38.24270425436416
 30
0.0
  0
VERTEX
  5
E27
  8
T9-T3_POCKET
 10
1.170239980713166
 20
38.24294278488407
 30
0.0
  0
VERTEX
  5
E28
  8
T9-T3_POCKET
 10
1.179971656110719
 20
38.2436583764438
 30
0.0
  0
VERTEX
  5
E29
  8
T9-T3_POCKET
 10
1.189485140800138
 20
38.24485102904335
 30
0.0
  0
VERTEX
  5
E2A
  8
T9-T3_POCKET
 10
1.198780434781422
 20
38.2465207426827
 30
0.0
  0
VERTEX
  5
E2B
  8
T9-T3_POCKET
 10
1.207857538054572
 20
38.24866751736189
 30
0.0
  0
VERTEX
  5
E2C
  8
T9-T3_POCKET
 10
1.216716450619587
 20
38.2512913530809
 30
0.0
  0
VERTEX
  5
E2D
  8
T9-T3_POCKET
 10
1.225357172476468
 20
38.25439224983973
 30
0.0
  0
VERTEX
  5
E2E
  8
T9-T3_POCKET
 10
1.233779703625214
 20
38.25797020763837
 30
0.0
  0
VERTEX
  5
E2F
  8
T9-T3_POCKET
 10
1.241984044065827
 20
38.26202522647684
 30
0.0
  0
VERTEX
  5
E30
  8
T9-T3_POCKET
 10
1.249970193798305
 20
38.26655730635512
 30
0.0
  0
VERTEX
  5
E31
  8
T9-T3_POCKET
 10
1.257738152822648
 20
38.27156644727323
 30
0.0
  0
VERTEX
  5
E32
  8
T9-T3_POCKET
 10
1.265287921138857
 20
38.27705264923114
 30
0.0
  0
VERTEX
  5
E33
  8
T9-T3_POCKET
 10
1.272619498746932
 20
38.28301591222889
 30
0.0
  0
VERTEX
  5
E34
  8
T9-T3_POCKET
 10
1.279732885646872
 20
38.28945623626645
 30
0.0
  0
VERTEX
  5
E35
  8
T9-T3_POCKET
 10
1.286628081838678
 20
38.29637362134383
 30
0.0
  0
VERTEX
  5
E36
  8
T9-T3_POCKET
 10
1.29330508732235
 20
38.30376806746102
 30
0.0
  0
VERTEX
  5
E37
  8
T9-T3_POCKET
 10
1.299667750260403
 20
38.31163587647043
 30
0.0
  0
VERTEX
  5
E38
  8
T9-T3_POCKET
 10
1.305619918815357
 20
38.31997335022449
 30
0.0
  0
VERTEX
  5
E39
  8
T9-T3_POCKET
 10
1.311161592987211
 20
38.32878048872317
 30
0.0
  0
VERTEX
  5
E3A
  8
T9-T3_POCKET
 10
1.316292772775965
 20
38.33805729196648
 30
0.0
  0
VERTEX
  5
E3B
  8
T9-T3_POCKET
 10
1.321013458181618
 20
38.34780375995441
 30
0.0
  0
VERTEX
  5
E3C
  8
T9-T3_POCKET
 10
1.32532364920417
 20
38.35801989268698
 30
0.0
  0
VERTEX
  5
E3D
  8
T9-T3_POCKET
 10
1.329223345843623
 20
38.36870569016416
 30
0.0
  0
VERTEX
  5
E3E
  8
T9-T3_POCKET
 10
1.332712548099976
 20
38.37986115238598
 30
0.0
  0
VERTEX
  5
E3F
  8
T9-T3_POCKET
 10
1.335791255973227
 20
38.39148627935242
 30
0.0
  0
VERTEX
  5
E40
  8
T9-T3_POCKET
 10
1.338459469463379
 20
38.4035810710635
 30
0.0
  0
VERTEX
  5
E41
  8
T9-T3_POCKET
 10
1.340717188570431
 20
38.41614552751921
 30
0.0
  0
VERTEX
  5
E42
  8
T9-T3_POCKET
 10
1.342564413294382
 20
38.42917964871954
 30
0.0
  0
VERTEX
  5
E43
  8
T9-T3_POCKET
 10
1.344001143635233
 20
38.4426834346645
 30
0.0
  0
VERTEX
  5
E44
  8
T9-T3_POCKET
 10
1.345027379592983
 20
38.45665688535409
 30
0.0
  0
VERTEX
  5
E45
  8
T9-T3_POCKET
 10
1.345643121167634
 20
38.47110000078831
 30
0.0
  0
VERTEX
  5
E46
  8
T9-T3_POCKET
 10
1.345848368359184
 20
38.48601278096716
 30
0.0
  0
VERTEX
  5
E47
  8
T9-T3_POCKET
 10
1.345641272093836
 20
38.5012565453558
 30
0.0
  0
VERTEX
  5
E48
  8
T9-T3_POCKET
 10
1.345019983297792
 20
38.51598256908107
 30
0.0
  0
VERTEX
  5
E49
  8
T9-T3_POCKET
 10
1.343984501971053
 20
38.53019085214297
 30
0.0
  0
VERTEX
  5
E4A
  8
T9-T3_POCKET
 10
1.342534828113618
 20
38.54388139454151
 30
0.0
  0
VERTEX
  5
E4B
  8
T9-T3_POCKET
 10
1.340670961725487
 20
38.55705419627668
 30
0.0
  0
VERTEX
  5
E4C
  8
T9-T3_POCKET
 10
1.33839290280666
 20
38.56970925734846
 30
0.0
  0
VERTEX
  5
E4D
  8
T9-T3_POCKET
 10
1.335700651357138
 20
38.58184657775689
 30
0.0
  0
VERTEX
  5
E4E
  8
T9-T3_POCKET
 10
1.33259420737692
 20
38.59346615750195
 30
0.0
  0
VERTEX
  5
E4F
  8
T9-T3_POCKET
 10
1.329073570866006
 20
38.60456799658364
 30
0.0
  0
VERTEX
  5
E50
  8
T9-T3_POCKET
 10
1.325138741824396
 20
38.61515209500195
 30
0.0
  0
VERTEX
  5
E51
  8
T9-T3_POCKET
 10
1.32078972025209
 20
38.6252184527569
 30
0.0
  0
VERTEX
  5
E52
  8
T9-T3_POCKET
 10
1.316026506149089
 20
38.63476706984847
 30
0.0
  0
VERTEX
  5
E53
  8
T9-T3_POCKET
 10
1.310849099515392
 20
38.64379794627668
 30
0.0
  0
VERTEX
  5
E54
  8
T9-T3_POCKET
 10
1.305257500350999
 20
38.65231108204151
 30
0.0
  0
VERTEX
  5
E55
  8
T9-T3_POCKET
 10
1.29925170865591
 20
38.66030647714299
 30
0.0
  0
VERTEX
  5
E56
  8
T9-T3_POCKET
 10
1.292831724430126
 20
38.66778413158108
 30
0.0
  0
VERTEX
  5
E57
  8
T9-T3_POCKET
 10
1.28606781247796
 20
38.67477732868416
 30
0.0
  0
VERTEX
  5
E58
  8
T9-T3_POCKET
 10
1.279030237603727
 20
38.68131935178059
 30
0.0
  0
VERTEX
  5
E59
  8
T9-T3_POCKET
 10
1.271718999807428
 20
38.68741020087038
 30
0.0
  0
VERTEX
  5
E5A
  8
T9-T3_POCKET
 10
1.264134099089062
 20
38.69304987595352
 30
0.0
  0
VERTEX
  5
E5B
  8
T9-T3_POCKET
 10
1.256275535448628
 20
38.69823837703
 30
0.0
  0
VERTEX
  5
E5C
  8
T9-T3_POCKET
 10
1.248143308886128
 20
38.70297570409983
 30
0.0
  0
VERTEX
  5
E5D
  8
T9-T3_POCKET
 10
1.239737419401562
 20
38.70726185716302
 30
0.0
  0
VERTEX
  5
E5E
  8
T9-T3_POCKET
 10
1.231057866994928
 20
38.71109683621955
 30
0.0
  0
VERTEX
  5
E5F
  8
T9-T3_POCKET
 10
1.222104651666227
 20
38.71448064126943
 30
0.0
  0
VERTEX
  5
E60
  8
T9-T3_POCKET
 10
1.21287777341546
 20
38.71741327231266
 30
0.0
  0
VERTEX
  5
E61
  8
T9-T3_POCKET
 10
1.203377232242626
 20
38.71989472934924
 30
0.0
  0
VERTEX
  5
E62
  8
T9-T3_POCKET
 10
1.193603028147725
 20
38.72192501237917
 30
0.0
  0
VERTEX
  5
E63
  8
T9-T3_POCKET
 10
1.183555161130756
 20
38.72350412140245
 30
0.0
  0
VERTEX
  5
E64
  8
T9-T3_POCKET
 10
1.173233631191722
 20
38.72463205641908
 30
0.0
  0
VERTEX
  5
E65
  8
T9-T3_POCKET
 10
1.16263843833062
 20
38.72530881742905
 30
0.0
  0
VERTEX
  5
E66
  8
T9-T3_POCKET
 10
1.151769582547452
 20
38.72553440443237
 30
0.0
  0
VERTEX
  5
E67
  8
T9-T3_POCKET
 10
1.13786454758838
 20
38.7251054193113
 30
0.0
  0
VERTEX
  5
E68
  8
T9-T3_POCKET
 10
1.124077853352363
 20
38.72381846394806
 30
0.0
  0
VERTEX
  5
E69
  8
T9-T3_POCKET
 10
1.110409499839403
 20
38.72167353834267
 30
0.0
  0
VERTEX
  5
E6A
  8
T9-T3_POCKET
 10
1.096859487049498
 20
38.71867064249513
 30
0.0
  0
VERTEX
  5
E6B
  8
T9-T3_POCKET
 10
1.08342781498265
 20
38.71480977640542
 30
0.0
  0
VERTEX
  5
E6C
  8
T9-T3_POCKET
 10
1.070114483638857
 20
38.71009094007357
 30
0.0
  0
VERTEX
  5
E6D
  8
T9-T3_POCKET
 10
1.05691949301812
 20
38.70451413349956
 30
0.0
  0
VERTEX
  5
E6E
  8
T9-T3_POCKET
 10
1.043842843120439
 20
38.69807935668339
 30
0.0
  0
VERTEX
  5
E6F
  8
T9-T3_POCKET
 10
1.034020563106797
 20
38.69260609824205
 30
0.0
  0
VERTEX
  5
E70
  8
T9-T3_POCKET
 10
1.023961601647042
 20
38.68612694365474
 30
0.0
  0
VERTEX
  5
E71
  8
T9-T3_POCKET
 10
1.013665958741176
 20
38.67864189292146
 30
0.0
  0
VERTEX
  5
E72
  8
T9-T3_POCKET
 10
1.003133634389198
 20
38.67015094604219
 30
0.0
  0
VERTEX
  5
E73
  8
T9-T3_POCKET
 10
0.9923646285911081
 20
38.66065410301695
 30
0.0
  0
VERTEX
  5
E74
  8
T9-T3_POCKET
 10
0.9813589413469062
 20
38.65015136384574
 30
0.0
  0
VERTEX
  5
E75
  8
T9-T3_POCKET
 10
0.9701165726565923
 20
38.63864272852855
 30
0.0
  0
VERTEX
  5
E76
  8
T9-T3_POCKET
 10
0.9586375225201667
 20
38.62612819706538
 30
0.0
  0
VERTEX
  5
E77
  8
T9-T3_POCKET
 10
0.6301236753168924
 20
38.67346448628776
 30
0.0
  0
SEQEND
  5
E9C
  8
T9-T3_POCKET
  0
POLYLINE
  5
95
  8
T3_PROFILE_INSIDE_2
 66
     1
 10
0.0
 20
0.0
 30
0.0
 70
     1
  0
VERTEX
  5
E78
  8
T3_PROFILE_INSIDE_2
 10
0.0
 20
0.0
 30
0.0
  0
VERTEX
  5
E79
  8
T3_PROFILE_INSIDE_2
 10
3.5
 20
0.0
 30
0.0
  0
VERTEX
  5
E7A
  8
T3_PROFILE_INSIDE_2
 10
3.5
 20
97.0
 30
0.0
  0
VERTEX
  5
E7B
  8
T3_PROFILE_INSIDE_2
 10
0.0
 20
97.0
 30
0.0
  0
SEQEND
  5
E9D
  8
T3_PROFILE_INSIDE_2
  0
ENDSEC
  0
EOF
