  0
SECTION
  2
HEADER
  9
$ACADVER
  1
AC1009
  9
$DWGCODEPAGE
  3
ansi_1252
  9
$INSBASE
 10
0.0
 20
0.0
 30
0.0
  9
$EXTMIN
 10
0.0
 20
0.0
 30
0.0
  9
$EXTMAX
 10
3.502180369023762
 20
97.0
 30
0.0
  9
$LIMMIN
 10
0.0
 20
0.0
  9
$LIMMAX
 10
12.0
 20
9.0
  9
$ORTHOMODE
 70
     0
  9
$REGENMODE
 70
     1
  9
$FILLMODE
 70
     1
  9
$QTEXTMODE
 70
     0
  9
$MIRRTEXT
 70
     1
  9
$DRAGMODE
 70
     2
  9
$LTSCALE
 40
1.0
  9
$OSMODE
 70
    37
  9
$ATTMODE
 70
     1
  9
$TEXTSIZE
 40
0.2
  9
$TRACEWID
 40
0.05
  9
$TEXTSTYLE
  7
STANDARD
  9
$CLAYER
  8
0
  9
$CELTYPE
  6
BYLAYER
  9
$CECOLOR
 62
   256
  9
$DIMSCALE
 40
1.0
  9
$DIMASZ
 40
0.18
  9
$DIMEXO
 40
0.0625
  9
$DIMDLI
 40
0.38
  9
$DIMRND
 40
0.0
  9
$DIMDLE
 40
0.0
  9
$DIMEXE
 40
0.18
  9
$DIMTP
 40
0.0
  9
$DIMTM
 40
0.0
  9
$DIMTXT
 40
0.18
  9
$DIMCEN
 40
0.09
  9
$DIMTSZ
 40
0.0
  9
$DIMTOL
 70
     0
  9
$DIMLIM
 70
     0
  9
$DIMTIH
 70
     1
  9
$DIMTOH
 70
     1
  9
$DIMSE1
 70
     0
  9
$DIMSE2
 70
     0
  9
$DIMTAD
 70
     0
  9
$DIMZIN
 70
     0
  9
$DIMBLK
  1

  9
$DIMASO
 70
     1
  9
$DIMSHO
 70
     1
  9
$DIMPOST
  1

  9
$DIMAPOST
  1

  9
$DIMALT
 70
     0
  9
$DIMALTD
 70
     2
  9
$DIMALTF
 40
25.4
  9
$DIMLFAC
 40
1.0
  9
$DIMTOFL
 70
     0
  9
$DIMTVP
 40
0.0
  9
$DIMTIX
 70
     0
  9
$DIMSOXD
 70
     0
  9
$DIMSAH
 70
     0
  9
$DIMBLK1
  1

  9
$DIMBLK2
  1

  9
$DIMSTYLE
  2
STANDARD
  9
$DIMCLRD
 70
     0
  9
$DIMCLRE
 70
     0
  9
$DIMCLRT
 70
     0
  9
$DIMTFAC
 40
1.0
  9
$DIMGAP
 40
0.09
  9
$LUNITS
 70
     2
  9
$LUPREC
 70
     4
  9
$SKETCHINC
 40
0.1
  9
$FILLETRAD
 40
0.5
  9
$AUNITS
 70
     0
  9
$AUPREC
 70
     0
  9
$MENU
  1
.
  9
$ELEVATION
 40
0.0
  9
$PELEVATION
 40
0.0
  9
$THICKNESS
 40
0.0
  9
$LIMCHECK
 70
     0
  9
$CHAMFERA
 40
0.0
  9
$CHAMFERB
 40
0.0
  9
$SKPOLY
 70
     0
  9
$TDCREATE
 40
2454910.5
  9
$TDUPDATE
 40
2461172.443400428
  9
$TDINDWG
 40
0.0000000116
  9
$TDUSRTIMER
 40
0.0000000116
  9
$USRTIMER
 70
     1
  9
$ANGBASE
 50
0.0
  9
$ANGDIR
 70
     0
  9
$PDMODE
 70
     0
  9
$PDSIZE
 40
0.0
  9
$PLINEWID
 40
0.0
  9
$COORDS
 70
     1
  9
$SPLFRAME
 70
     0
  9
$SPLINETYPE
 70
     6
  9
$SPLINESEGS
 70
     8
  9
$ATTDIA
 70
     0
  9
$ATTREQ
 70
     1
  9
$HANDLING
 70
     1
  9
$HANDSEED
  5
DA4
  9
$SURFTAB1
 70
     6
  9
$SURFTAB2
 70
     6
  9
$SURFTYPE
 70
     6
  9
$SURFU
 70
     6
  9
$SURFV
 70
     6
  9
$UCSNAME
  2

  9
$UCSORG
 10
0.0
 20
0.0
 30
0.0
  9
$UCSXDIR
 10
1.0
 20
0.0
 30
0.0
  9
$UCSYDIR
 10
0.0
 20
1.0
 30
0.0
  9
$PUCSNAME
  2

  9
$PUCSORG
 10
0.0
 20
0.0
 30
0.0
  9
$PUCSXDIR
 10
1.0
 20
0.0
 30
0.0
  9
$PUCSYDIR
 10
0.0
 20
1.0
 30
0.0
  9
$USERI1
 70
     0
  9
$USERI2
 70
     0
  9
$USERI3
 70
     0
  9
$USERI4
 70
     0
  9
$USERI5
 70
     0
  9
$USERR1
 40
0.0
  9
$USERR2
 40
0.0
  9
$USERR3
 40
0.0
  9
$USERR4
 40
0.0
  9
$USERR5
 40
0.0
  9
$WORLDVIEW
 70
     1
  9
$SHADEDGE
 70
     3
  9
$SHADEDIF
 70
    70
  9
$TILEMODE
 70
     1
  9
$MAXACTVP
 70
    64
  9
$PLIMCHECK
 70
     0
  9
$PEXTMIN
 10
1.000000000000000E+20
 20
1.000000000000000E+20
 30
1.000000000000000E+20
  9
$PEXTMAX
 10
-1.000000000000000E+20
 20
-1.000000000000000E+20
 30
-1.000000000000000E+20
  9
$PLIMMIN
 10
0.0
 20
0.0
  9
$PLIMMAX
 10
12.0
 20
9.0
  9
$UNITMODE
 70
     0
  9
$VISRETAIN
 70
     1
  9
$PLINEGEN
 70
     0
  9
$PSLTSCALE
 70
     1
  0
ENDSEC
  0
SECTION
  2
TABLES
  0
TABLE
  2
VPORT
 70
     1
  0
VPORT
  2
*ACTIVE
 70
     0
 10
0.0
 20
0.0
 11
1.0
 21
1.0
 12
10.42990654205607
 22
4.5
 13
0.0
 23
0.0
 14
0.5
 24
0.5
 15
0.5
 25
0.5
 16
0.0
 26
0.0
 36
1.0
 17
0.0
 27
0.0
 37
0.0
 40
9.0
 41
1.972972972850329
 42
50.0
 43
0.0
 44
0.0
 50
0.0
 51
0.0
 71
     0
 72
   100
 73
     1
 74
     3
 75
     0
 76
     0
 77
     0
 78
     0
  0
ENDTAB
  0
TABLE
  2
LTYPE
 70
     2
  0
LTYPE
  2
CONTINUOUS
 70
     0
  3
Solid line
 72
    65
 73
     0
 40
0.0
  0
LTYPE
  2
CONTINUOUS2
 70
     0
  3
Solid Line
 72
    65
 73
     0
 40
0.0
  0
ENDTAB
  0
TABLE
  2
LAYER
 70
     7
  0
LAYER
  2
0
 70
     0
 62
     7
  6
CONTINUOUS
  0
LAYER
  2
T9_COUNTERSINK_0_6
 70
     0
 62
    18
  6
CONTINUOUS
  0
LAYER
  2
SEAT
 70
     0
 62
    18
  6
CONTINUOUS
  0
LAYER
  2
FRONT_LEG
 70
     0
 62
    18
  6
CONTINUOUS
  0
LAYER
  2
5TH-6TH_STABILIZER
 70
     0
 62
    18
  6
CONTINUOUS
  0
LAYER
  2
T9-T3_POCKET
 70
     0
 62
    18
  6
CONTINUOUS
  0
LAYER
  2
T3_PROFILE_INSIDE_2
 70
     0
 62
    18
  6
CONTINUOUS
  0
ENDTAB
  0
TABLE
  2
STYLE
 70
     1
  0
STYLE
  2
STANDARD
 70
     0
 40
0.0
 41
1.0
 50
0.0
 71
     0
 42
0.2
  3
txt
  4

  0
ENDTAB
  0
TABLE
  2
VIEW
 70
     0
  0
ENDTAB
  0
TABLE
  2
UCS
 70
     0
  0
ENDTAB
  0
TABLE
  2
APPID
 70
     1
  0
APPID
  2
ACAD
 70
     0
  0
ENDTAB
  0
TABLE
  2
DIMSTYLE
 70
     1
  0
DIMSTYLE
  2
STANDARD
 70
     0
  3

  4

  5

  6

  7

 40
1.0
 41
0.18
 42
0.0625
 43
0.38
 44
0.18
 45
0.0
 46
0.0
 47
0.0
 48
0.0
140
0.18
141
0.09
142
0.0
143
25.4
144
1.0
145
0.0
146
1.0
147
0.09
 71
     0
 72
     0
 73
     1
 74
     1
 75
     0
 76
     0
 77
     0
 78
     0
170
     0
171
     2
172
     0
173
     0
174
     0
175
     0
176
     0
177
     0
178
     0
  0
ENDTAB
  0
ENDSEC
  0
SECTION
  2
BLOCKS
  0
BLOCK
  8
0
  2
$MODEL_SPACE
 70
     0
 10
0.0
 20
0.0
 30
0.0
  3
$MODEL_SPACE
  1

  0
ENDBLK
  5
21
  8
0
  0
BLOCK
 67
     1
  8
0
  2
$PAPER_SPACE
 70
     0
 10
0.0
 20
0.0
 30
0.0
  3
$PAPER_SPACE
  1

  0
ENDBLK
  5
1D
 67
     1
  8
0
  0
ENDSEC
  0
SECTION
  2
ENTITIES
  0
POLYLINE
  5
70
  8
T9_COUNTERSINK_0_6
 66
     1
 10
0.0
 20
0.0
 30
0.0
 70
     1
  0
VERTEX
  5
A0
  8
T9_COUNTERSINK_0_6
 10
1.80257397706778
 20
10.15949328635328
 30
0.0
 42
0.4142135623730951
  0
VERTEX
  5
A1
  8
T9_COUNTERSINK_0_6
 10
1.570796898158619
 20
10.03068379255593
 30
0.0
 42
0.4142135623730951
  0
VERTEX
  5
A2
  8
T9_COUNTERSINK_0_6
 10
1.699606391955975
 20
9.798906713646712
 30
0.0
 42
0.4142135623730951
  0
VERTEX
  5
A3
  8
T9_COUNTERSINK_0_6
 10
1.93138347086515
 20
9.927716207444103
 30
0.0
 42
0.4142135623730951
  0
SEQEND
  5
D80
  8
T9_COUNTERSINK_0_6
  0
POLYLINE
  5
71
  8
T9_COUNTERSINK_0_6
 66
     1
 10
0.0
 20
0.0
 30
0.0
  0
VERTEX
  5
A4
  8
T9_COUNTERSINK_0_6
 10
0.0022647086364955
 20
1.966743551263895
 30
0.0
  0
VERTEX
  5
A5
  8
T9_COUNTERSINK_0_6
 10
3.493800481628426
 20
1.0
 30
0.0
  0
SEQEND
  5
D81
  8
T9_COUNTERSINK_0_6
  0
POLYLINE
  5
72
  8
T9_COUNTERSINK_0_6
 66
     1
 10
0.0
 20
0.0
 30
0.0
  0
VERTEX
  5
A6
  8
T9_COUNTERSINK_0_6
 10
0.0010877594581729
 20
63.20951904732389
 30
0.0
  0
VERTEX
  5
A7
  8
T9_COUNTERSINK_0_6
 10
3.501092609565589
 20
63.20947810141153
 30
0.0
  0
SEQEND
  5
D82
  8
T9_COUNTERSINK_0_6
  0
POLYLINE
  5
73
  8
T9_COUNTERSINK_0_6
 66
     1
 10
0.0
 20
0.0
 30
0.0
  0
VERTEX
  5
A8
  8
T9_COUNTERSINK_0_6
 10
0.0010877594581729
 20
73.7312190473239
 30
0.0
  0
VERTEX
  5
A9
  8
T9_COUNTERSINK_0_6
 10
3.501092609565589
 20
73.73117810141154
 30
0.0
  0
SEQEND
  5
D83
  8
T9_COUNTERSINK_0_6
  0
POLYLINE
  5
75
  8
SEAT
 66
     1
 10
0.0
 20
0.0
 30
0.0
 70
     1
  0
VERTEX
  5
AA
  8
SEAT
 10
0.7883694192989665
 20
50.11275292992767
 30
0.0
  0
VERTEX
  5
AB
  8
SEAT
 10
0.7789285956309666
 20
50.114760899332
 30
0.0
  0
VERTEX
  5
AC
  8
SEAT
 10
0.7697002888981954
 20
50.11721760638417
 30
0.0
  0
VERTEX
  5
AD
  8
SEAT
 10
0.7606939208101886
 20
50.12010931215895
 30
0.0
  0
VERTEX
  5
AE
  8
SEAT
 10
0.7519189130764818
 20
50.12342227773112
 30
0.0
  0
VERTEX
  5
AF
  8
SEAT
 10
0.7433846874066108
 20
50.12714276417549
 30
0.0
  0
VERTEX
  5
B0
  8
SEAT
 10
0.7351006655101111
 20
50.13125703256681
 30
0.0
  0
VERTEX
  5
B1
  8
SEAT
 10
0.7270762690965187
 20
50.1357513439799
 30
0.0
  0
VERTEX
  5
B2
  8
SEAT
 10
0.7193209198753691
 20
50.14061195948952
 30
0.0
  0
VERTEX
  5
B3
  8
SEAT
 10
0.711844039556198
 20
50.14582514017046
 30
0.0
  0
VERTEX
  5
B4
  8
SEAT
 10
0.7046550498485411
 20
50.15137714709751
 30
0.0
  0
VERTEX
  5
B5
  8
SEAT
 10
0.6977633724619341
 20
50.15725424134544
 30
0.0
  0
VERTEX
  5
B6
  8
SEAT
 10
0.6911784291059127
 20
50.16344268398905
 30
0.0
  0
VERTEX
  5
B7
  8
SEAT
 10
0.6849096414900125
 20
50.16992873610312
 30
0.0
  0
VERTEX
  5
B8
  8
SEAT
 10
0.6789664313237693
 20
50.17669865876243
 30
0.0
  0
VERTEX
  5
B9
  8
SEAT
 10
0.6733582203167189
 20
50.18373871304178
 30
0.0
  0
VERTEX
  5
BA
  8
SEAT
 10
0.6680944301783969
 20
50.19103516001593
 30
0.0
  0
VERTEX
  5
BB
  8
SEAT
 10
0.6631844826183388
 20
50.19857426075967
 30
0.0
  0
VERTEX
  5
BC
  8
SEAT
 10
0.6586377993460806
 20
50.20634227634781
 30
0.0
  0
VERTEX
  5
BD
  8
SEAT
 10
0.6544638020711577
 20
50.2143254678551
 30
0.0
  0
VERTEX
  5
BE
  8
SEAT
 10
0.6506719125031061
 20
50.22251009635635
 30
0.0
  0
VERTEX
  5
BF
  8
SEAT
 10
0.6472715523514613
 20
50.23088242292633
 30
0.0
  0
VERTEX
  5
C0
  8
SEAT
 10
0.6442721433257589
 20
50.23942870863984
 30
0.0
  0
VERTEX
  5
C1
  8
SEAT
 10
0.6416831071355348
 20
50.24813521457163
 30
0.0
  0
VERTEX
  5
C2
  8
SEAT
 10
0.6395138654903246
 20
50.25698820179653
 30
0.0
  0
VERTEX
  5
C3
  8
SEAT
 10
0.6377738400996641
 20
50.2659739313893
 30
0.0
  0
VERTEX
  5
C4
  8
SEAT
 10
0.6364724526730888
 20
50.27507866442471
 30
0.0
  0
VERTEX
  5
C5
  8
SEAT
 10
0.6356191249201345
 20
50.28428866197757
 30
0.0
  0
VERTEX
  5
C6
  8
SEAT
 10
0.6352232785503369
 20
50.29359018512266
 30
0.0
  0
VERTEX
  5
C7
  8
SEAT
 10
0.6352943352732316
 20
50.30296949493476
 30
0.0
  0
VERTEX
  5
C8
  8
SEAT
 10
0.6358417167983544
 20
50.31241285248864
 30
0.0
  0
VERTEX
  5
C9
  8
SEAT
 10
0.636874844835241
 20
50.32190651885911
 30
0.0
  0
VERTEX
  5
CA
  8
SEAT
 10
0.638403141093427
 20
50.33143675512094
 30
0.0
  0
VERTEX
  5
CB
  8
SEAT
 10
0.6404111104977657
 20
50.34087757878893
 30
0.0
  0
VERTEX
  5
CC
  8
SEAT
 10
0.6428678175499345
 20
50.35010588552171
 30
0.0
  0
VERTEX
  5
CD
  8
SEAT
 10
0.645759523324718
 20
50.35911225360971
 30
0.0
  0
VERTEX
  5
CE
  8
SEAT
 10
0.6490724888969005
 20
50.36788726134343
 30
0.0
  0
VERTEX
  5
CF
  8
SEAT
 10
0.6527929753412665
 20
50.37642148701329
 30
0.0
  0
VERTEX
  5
D0
  8
SEAT
 10
0.6569072437326002
 20
50.3847055089098
 30
0.0
  0
VERTEX
  5
D1
  8
SEAT
 10
0.6614015551456862
 20
50.39272990532339
 30
0.0
  0
VERTEX
  5
D2
  8
SEAT
 10
0.6662621706553089
 20
50.40048525454455
 30
0.0
  0
VERTEX
  5
D3
  8
SEAT
 10
0.6714753513362526
 20
50.40796213486372
 30
0.0
  0
VERTEX
  5
D4
  8
SEAT
 10
0.6770273582633018
 20
50.41515112457138
 30
0.0
  0
VERTEX
  5
D5
  8
SEAT
 10
0.6829044525112409
 20
50.42204280195799
 30
0.0
  0
VERTEX
  5
D6
  8
SEAT
 10
0.6890928951548541
 20
50.42862774531402
 30
0.0
  0
VERTEX
  5
D7
  8
SEAT
 10
0.695578947268926
 20
50.43489653292993
 30
0.0
  0
VERTEX
  5
D8
  8
SEAT
 10
0.702348869928241
 20
50.44083974309618
 30
0.0
  0
VERTEX
  5
D9
  8
SEAT
 10
0.7093889242075835
 20
50.44644795410322
 30
0.0
  0
VERTEX
  5
DA
  8
SEAT
 10
0.7166853711817378
 20
50.45171174424155
 30
0.0
  0
VERTEX
  5
DB
  8
SEAT
 10
0.7242244719254884
 20
50.45662169180161
 30
0.0
  0
VERTEX
  5
DC
  8
SEAT
 10
0.7319924875136197
 20
50.46116837507387
 30
0.0
  0
VERTEX
  5
DD
  8
SEAT
 10
0.739975679020916
 20
50.4653423723488
 30
0.0
  0
VERTEX
  5
DE
  8
SEAT
 10
0.7481603075221619
 20
50.46913426191685
 30
0.0
  0
VERTEX
  5
DF
  8
SEAT
 10
0.7565326340921417
 20
50.47253462206849
 30
0.0
  0
VERTEX
  5
E0
  8
SEAT
 10
0.7650789198056396
 20
50.4755340310942
 30
0.0
  0
VERTEX
  5
E1
  8
SEAT
 10
0.7737854257374402
 20
50.47812306728443
 30
0.0
  0
VERTEX
  5
E2
  8
SEAT
 10
0.7826384129623281
 20
50.48029230892963
 30
0.0
  0
VERTEX
  5
E3
  8
SEAT
 10
0.7916241425550873
 20
50.48203233432029
 30
0.0
  0
VERTEX
  5
E4
  8
SEAT
 10
0.8007288755905024
 20
50.48333372174686
 30
0.0
  0
VERTEX
  5
E5
  8
SEAT
 10
0.809938873143358
 20
50.48418704949981
 30
0.0
  0
VERTEX
  5
E6
  8
SEAT
 10
0.8192403962884381
 20
50.48458289586961
 30
0.0
  0
VERTEX
  5
E7
  8
SEAT
 10
0.8286197061005274
 20
50.48451183914671
 30
0.0
  0
VERTEX
  5
E8
  8
SEAT
 10
0.8380630636544102
 20
50.48396445762157
 30
0.0
  0
VERTEX
  5
E9
  8
SEAT
 10
0.847556730024871
 20
50.48293132958468
 30
0.0
  0
VERTEX
  5
EA
  8
SEAT
 10
0.857086966286694
 20
50.48140303332649
 30
0.0
  0
VERTEX
  5
EB
  8
SEAT
 10
0.8665277899547004
 20
50.47939506392216
 30
0.0
  0
VERTEX
  5
EC
  8
SEAT
 10
0.8757560966874776
 20
50.47693835687001
 30
0.0
  0
VERTEX
  5
ED
  8
SEAT
 10
0.8847624647754899
 20
50.47404665109523
 30
0.0
  0
VERTEX
  5
EE
  8
SEAT
 10
0.8935374725092019
 20
50.47073368552306
 30
0.0
  0
VERTEX
  5
EF
  8
SEAT
 10
0.9020716981790777
 20
50.46701319907869
 30
0.0
  0
VERTEX
  5
F0
  8
SEAT
 10
0.9103557200755817
 20
50.46289893068737
 30
0.0
  0
VERTEX
  5
F1
  8
SEAT
 10
0.9183801164891783
 20
50.45840461927428
 30
0.0
  0
VERTEX
  5
F2
  8
SEAT
 10
0.9261354657103316
 20
50.45354400376466
 30
0.0
  0
VERTEX
  5
F3
  8
SEAT
 10
0.933612346029506
 20
50.44833082308372
 30
0.0
  0
VERTEX
  5
F4
  8
SEAT
 10
0.9408013357371661
 20
50.44277881615668
 30
0.0
  0
VERTEX
  5
F5
  8
SEAT
 10
0.9476930131237759
 20
50.43690172190873
 30
0.0
  0
VERTEX
  5
F6
  8
SEAT
 10
0.9542779564797997
 20
50.43071327926512
 30
0.0
  0
VERTEX
  5
F7
  8
SEAT
 10
0.9605467440957021
 20
50.42422722715105
 30
0.0
  0
VERTEX
  5
F8
  8
SEAT
 10
0.9664899542619473
 20
50.41745730449173
 30
0.0
  0
VERTEX
  5
F9
  8
SEAT
 10
0.9720981652689995
 20
50.41041725021239
 30
0.0
  0
VERTEX
  5
FA
  8
SEAT
 10
0.9773619554073232
 20
50.40312080323824
 30
0.0
  0
VERTEX
  5
FB
  8
SEAT
 10
0.9822719029673825
 20
50.39558170249448
 30
0.0
  0
VERTEX
  5
FC
  8
SEAT
 10
0.9868185862396421
 20
50.38781368690635
 30
0.0
  0
VERTEX
  5
FD
  8
SEAT
 10
0.9909925835145661
 20
50.37983049539905
 30
0.0
  0
VERTEX
  5
FE
  8
SEAT
 10
0.9947844730826186
 20
50.3716458668978
 30
0.0
  0
VERTEX
  5
FF
  8
SEAT
 10
0.9981848332342644
 20
50.36327354032782
 30
0.0
  0
VERTEX
  5
100
  8
SEAT
 10
1.001184242259967
 20
50.35472725461432
 30
0.0
  0
VERTEX
  5
101
  8
SEAT
 10
1.003773278450192
 20
50.34602074868252
 30
0.0
  0
VERTEX
  5
102
  8
SEAT
 10
1.005942520095403
 20
50.33716776145762
 30
0.0
  0
VERTEX
  5
103
  8
SEAT
 10
1.007682545486064
 20
50.32818203186486
 30
0.0
  0
VERTEX
  5
104
  8
SEAT
 10
1.00898393291264
 20
50.31907729882944
 30
0.0
  0
VERTEX
  5
105
  8
SEAT
 10
1.009837260665595
 20
50.30986730127658
 30
0.0
  0
VERTEX
  5
106
  8
SEAT
 10
1.010233107035393
 20
50.3005657781315
 30
0.0
  0
VERTEX
  5
107
  8
SEAT
 10
1.010162050312498
 20
50.2911864683194
 30
0.0
  0
VERTEX
  5
108
  8
SEAT
 10
1.009614668787376
 20
50.28174311076552
 30
0.0
  0
VERTEX
  5
109
  8
SEAT
 10
1.00858154075049
 20
50.27224944439505
 30
0.0
  0
VERTEX
  5
10A
  8
SEAT
 10
1.007053244492305
 20
50.26271920813323
 30
0.0
  0
VERTEX
  5
10B
  8
SEAT
 10
1.005045275087965
 20
50.25327838446523
 30
0.0
  0
VERTEX
  5
10C
  8
SEAT
 10
1.002588568035796
 20
50.24405007773245
 30
0.0
  0
VERTEX
  5
10D
  8
SEAT
 10
0.999696862261011
 20
50.23504370964444
 30
0.0
  0
VERTEX
  5
10E
  8
SEAT
 10
0.9963838966888272
 20
50.22626870191073
 30
0.0
  0
VERTEX
  5
10F
  8
SEAT
 10
0.9926634102444599
 20
50.21773447624086
 30
0.0
  0
VERTEX
  5
110
  8
SEAT
 10
0.9885491418531247
 20
50.20945045434436
 30
0.0
  0
VERTEX
  5
111
  8
SEAT
 10
0.9840548304400372
 20
50.20142605793077
 30
0.0
  0
VERTEX
  5
112
  8
SEAT
 10
0.9791942149304126
 20
50.19367070870962
 30
0.0
  0
VERTEX
  5
113
  8
SEAT
 10
0.973981034249467
 20
50.18619382839045
 30
0.0
  0
VERTEX
  5
114
  8
SEAT
 10
0.9684290273224159
 20
50.17900483868279
 30
0.0
  0
VERTEX
  5
115
  8
SEAT
 10
0.9625519330744747
 20
50.17211316129618
 30
0.0
  0
VERTEX
  5
116
  8
SEAT
 10
0.9563634904308594
 20
50.16552821794016
 30
0.0
  0
VERTEX
  5
117
  8
SEAT
 10
0.9498774383167854
 20
50.15925943032427
 30
0.0
  0
VERTEX
  5
118
  8
SEAT
 10
0.943107515657468
 20
50.15331622015802
 30
0.0
  0
VERTEX
  5
119
  8
SEAT
 10
0.936067461378123
 20
50.14770800915097
 30
0.0
  0
VERTEX
  5
11A
  8
SEAT
 10
0.9287710144039663
 20
50.14244421901265
 30
0.0
  0
VERTEX
  5
11B
  8
SEAT
 10
0.9212319136602132
 20
50.13753427145261
 30
0.0
  0
VERTEX
  5
11C
  8
SEAT
 10
0.9134638980720793
 20
50.13298758818034
 30
0.0
  0
VERTEX
  5
11D
  8
SEAT
 10
0.9054807065647803
 20
50.12881359090542
 30
0.0
  0
VERTEX
  5
11E
  8
SEAT
 10
0.8972960780635318
 20
50.12502170133737
 30
0.0
  0
VERTEX
  5
11F
  8
SEAT
 10
0.8889237514935493
 20
50.12162134118573
 30
0.0
  0
VERTEX
  5
120
  8
SEAT
 10
0.8803774657800487
 20
50.11862193216002
 30
0.0
  0
VERTEX
  5
121
  8
SEAT
 10
0.8716709598482453
 20
50.11603289596979
 30
0.0
  0
VERTEX
  5
122
  8
SEAT
 10
0.8628179726233546
 20
50.11386365432459
 30
0.0
  0
VERTEX
  5
123
  8
SEAT
 10
0.8538322430305925
 20
50.11212362893393
 30
0.0
  0
VERTEX
  5
124
  8
SEAT
 10
0.8447275099951745
 20
50.11082224150735
 30
0.0
  0
VERTEX
  5
125
  8
SEAT
 10
0.8355175124423162
 20
50.1099689137544
 30
0.0
  0
VERTEX
  5
126
  8
SEAT
 10
0.8262159892972333
 20
50.10957306738459
 30
0.0
  0
VERTEX
  5
127
  8
SEAT
 10
0.8168366794851412
 20
50.10964412410749
 30
0.0
  0
VERTEX
  5
128
  8
SEAT
 10
0.8073933219312557
 20
50.11019150563261
 30
0.0
  0
VERTEX
  5
129
  8
SEAT
 10
0.7978996555607922
 20
50.11122463366949
 30
0.0
  0
SEQEND
  5
D84
  8
SEAT
  0
POLYLINE
  5
76
  8
SEAT
 66
     1
 10
0.0
 20
0.0
 30
0.0
 70
     1
  0
VERTEX
  5
12A
  8
SEAT
 10
2.645093402737004
 20
51.54679696667348
 30
0.0
  0
VERTEX
  5
12B
  8
SEAT
 10
2.635652579069003
 20
51.54880493607781
 30
0.0
  0
VERTEX
  5
12C
  8
SEAT
 10
2.626424272336231
 20
51.55126164312996
 30
0.0
  0
VERTEX
  5
12D
  8
SEAT
 10
2.617417904248222
 20
51.55415334890473
 30
0.0
  0
VERTEX
  5
12E
  8
SEAT
 10
2.608642896514514
 20
51.5574663144769
 30
0.0
  0
VERTEX
  5
12F
  8
SEAT
 10
2.600108670844641
 20
51.56118680092126
 30
0.0
  0
VERTEX
  5
130
  8
SEAT
 10
2.59182464894814
 20
51.56530106931258
 30
0.0
  0
VERTEX
  5
131
  8
SEAT
 10
2.583800252534545
 20
51.56979538072566
 30
0.0
  0
VERTEX
  5
132
  8
SEAT
 10
2.576044903313393
 20
51.57465599623526
 30
0.0
  0
VERTEX
  5
133
  8
SEAT
 10
2.568568022994219
 20
51.5798691769162
 30
0.0
  0
VERTEX
  5
134
  8
SEAT
 10
2.561379033286559
 20
51.58542118384324
 30
0.0
  0
VERTEX
  5
135
  8
SEAT
 10
2.554487355899949
 20
51.59129827809117
 30
0.0
  0
VERTEX
  5
136
  8
SEAT
 10
2.547902412543926
 20
51.59748672073478
 30
0.0
  0
VERTEX
  5
137
  8
SEAT
 10
2.541633624928023
 20
51.60397277284885
 30
0.0
  0
VERTEX
  5
138
  8
SEAT
 10
2.535690414761778
 20
51.61074269550816
 30
0.0
  0
VERTEX
  5
139
  8
SEAT
 10
2.530082203754725
 20
51.61778274978749
 30
0.0
  0
VERTEX
  5
13A
  8
SEAT
 10
2.524818413616401
 20
51.62507919676165
 30
0.0
  0
VERTEX
  5
13B
  8
SEAT
 10
2.519908466056342
 20
51.63261829750539
 30
0.0
  0
VERTEX
  5
13C
  8
SEAT
 10
2.515361782784082
 20
51.64038631309353
 30
0.0
  0
VERTEX
  5
13D
  8
SEAT
 10
2.511187785509158
 20
51.64836950460082
 30
0.0
  0
VERTEX
  5
13E
  8
SEAT
 10
2.507395895941105
 20
51.65655413310207
 30
0.0
  0
VERTEX
  5
13F
  8
SEAT
 10
2.50399553578946
 20
51.66492645967205
 30
0.0
  0
VERTEX
  5
140
  8
SEAT
 10
2.500996126763757
 20
51.67347274538555
 30
0.0
  0
VERTEX
  5
141
  8
SEAT
 10
2.498407090573534
 20
51.68217925131735
 30
0.0
  0
VERTEX
  5
142
  8
SEAT
 10
2.496237848928325
 20
51.69103223854225
 30
0.0
  0
VERTEX
  5
143
  8
SEAT
 10
2.494497823537666
 20
51.70001796813501
 30
0.0
  0
VERTEX
  5
144
  8
SEAT
 10
2.493196436111092
 20
51.70912270117044
 30
0.0
  0
VERTEX
  5
145
  8
SEAT
 10
2.492343108358141
 20
51.71833269872331
 30
0.0
  0
VERTEX
  5
146
  8
SEAT
 10
2.491947261988347
 20
51.7276342218684
 30
0.0
  0
VERTEX
  5
147
  8
SEAT
 10
2.492018318711246
 20
51.7370135316805
 30
0.0
  0
VERTEX
  5
148
  8
SEAT
 10
2.492565700236373
 20
51.74645688923439
 30
0.0
  0
VERTEX
  5
149
  8
SEAT
 10
2.493598828273265
 20
51.75595055560486
 30
0.0
  0
VERTEX
  5
14A
  8
SEAT
 10
2.495127124531457
 20
51.7654807918667
 30
0.0
  0
VERTEX
  5
14B
  8
SEAT
 10
2.49713509393579
 20
51.77492161553469
 30
0.0
  0
VERTEX
  5
14C
  8
SEAT
 10
2.499591800987954
 20
51.78414992226747
 30
0.0
  0
VERTEX
  5
14D
  8
SEAT
 10
2.502483506762733
 20
51.79315629035547
 30
0.0
  0
VERTEX
  5
14E
  8
SEAT
 10
2.505796472334912
 20
51.80193129808919
 30
0.0
  0
VERTEX
  5
14F
  8
SEAT
 10
2.509516958779274
 20
51.81046552375905
 30
0.0
  0
VERTEX
  5
150
  8
SEAT
 10
2.513631227170605
 20
51.81874954565556
 30
0.0
  0
VERTEX
  5
151
  8
SEAT
 10
2.518125538583688
 20
51.82677394206915
 30
0.0
  0
VERTEX
  5
152
  8
SEAT
 10
2.522986154093309
 20
51.8345292912903
 30
0.0
  0
VERTEX
  5
153
  8
SEAT
 10
2.528199334774252
 20
51.84200617160948
 30
0.0
  0
VERTEX
  5
154
  8
SEAT
 10
2.5337513417013
 20
51.84919516131714
 30
0.0
  0
VERTEX
  5
155
  8
SEAT
 10
2.539628435949238
 20
51.85608683870375
 30
0.0
  0
VERTEX
  5
156
  8
SEAT
 10
2.545816878592851
 20
51.86267178205976
 30
0.0
  0
VERTEX
  5
157
  8
SEAT
 10
2.552302930706923
 20
51.86894056967567
 30
0.0
  0
VERTEX
  5
158
  8
SEAT
 10
2.559072853366239
 20
51.87488377984192
 30
0.0
  0
VERTEX
  5
159
  8
SEAT
 10
2.566112907645582
 20
51.88049199084897
 30
0.0
  0
VERTEX
  5
15A
  8
SEAT
 10
2.573409354619738
 20
51.8857557809873
 30
0.0
  0
VERTEX
  5
15B
  8
SEAT
 10
2.58094845536349
 20
51.89066572854735
 30
0.0
  0
VERTEX
  5
15C
  8
SEAT
 10
2.588716470951623
 20
51.89521241181961
 30
0.0
  0
VERTEX
  5
15D
  8
SEAT
 10
2.596699662458922
 20
51.89938640909455
 30
0.0
  0
VERTEX
  5
15E
  8
SEAT
 10
2.604884290960169
 20
51.9031782986626
 30
0.0
  0
VERTEX
  5
15F
  8
SEAT
 10
2.613256617530152
 20
51.90657865881424
 30
0.0
  0
VERTEX
  5
160
  8
SEAT
 10
2.621802903243652
 20
51.90957806783994
 30
0.0
  0
VERTEX
  5
161
  8
SEAT
 10
2.630509409175456
 20
51.91216710403017
 30
0.0
  0
VERTEX
  5
162
  8
SEAT
 10
2.639362396400347
 20
51.91433634567538
 30
0.0
  0
VERTEX
  5
163
  8
SEAT
 10
2.648348125993109
 20
51.91607637106604
 30
0.0
  0
VERTEX
  5
164
  8
SEAT
 10
2.657452859028527
 20
51.91737775849262
 30
0.0
  0
VERTEX
  5
165
  8
SEAT
 10
2.666662856581386
 20
51.91823108624557
 30
0.0
  0
VERTEX
  5
166
  8
SEAT
 10
2.675964379726469
 20
51.91862693261537
 30
0.0
  0
VERTEX
  5
167
  8
SEAT
 10
2.685343689538562
 20
51.91855587589248
 30
0.0
  0
VERTEX
  5
168
  8
SEAT
 10
2.694787047092448
 20
51.91800849436736
 30
0.0
  0
VERTEX
  5
169
  8
SEAT
 10
2.704280713462912
 20
51.91697536633047
 30
0.0
  0
VERTEX
  5
16A
  8
SEAT
 10
2.713810949724738
 20
51.91544707007228
 30
0.0
  0
VERTEX
  5
16B
  8
SEAT
 10
2.723251773392737
 20
51.91343910066794
 30
0.0
  0
VERTEX
  5
16C
  8
SEAT
 10
2.732480080125507
 20
51.91098239361577
 30
0.0
  0
VERTEX
  5
16D
  8
SEAT
 10
2.741486448213514
 20
51.90809068784099
 30
0.0
  0
VERTEX
  5
16E
  8
SEAT
 10
2.75026145594722
 20
51.9047777222688
 30
0.0
  0
VERTEX
  5
16F
  8
SEAT
 10
2.758795681617092
 20
51.90105723582444
 30
0.0
  0
VERTEX
  5
170
  8
SEAT
 10
2.767079703513592
 20
51.89694296743311
 30
0.0
  0
VERTEX
  5
171
  8
SEAT
 10
2.775104099927185
 20
51.89244865602002
 30
0.0
  0
VERTEX
  5
172
  8
SEAT
 10
2.782859449148336
 20
51.88758804051039
 30
0.0
  0
VERTEX
  5
173
  8
SEAT
 10
2.790336329467507
 20
51.88237485982945
 30
0.0
  0
VERTEX
  5
174
  8
SEAT
 10
2.797525319175167
 20
51.87682285290241
 30
0.0
  0
VERTEX
  5
175
  8
SEAT
 10
2.804416996561775
 20
51.87094575865446
 30
0.0
  0
VERTEX
  5
176
  8
SEAT
 10
2.811001939917799
 20
51.86475731601085
 30
0.0
  0
VERTEX
  5
177
  8
SEAT
 10
2.817270727533701
 20
51.85827126389677
 30
0.0
  0
VERTEX
  5
178
  8
SEAT
 10
2.823213937699946
 20
51.85150134123745
 30
0.0
  0
VERTEX
  5
179
  8
SEAT
 10
2.828822148706999
 20
51.84446128695811
 30
0.0
  0
VERTEX
  5
17A
  8
SEAT
 10
2.834085938845324
 20
51.83716483998396
 30
0.0
  0
VERTEX
  5
17B
  8
SEAT
 10
2.838995886405385
 20
51.82962573924021
 30
0.0
  0
VERTEX
  5
17C
  8
SEAT
 10
2.843542569677646
 20
51.82185772365207
 30
0.0
  0
VERTEX
  5
17D
  8
SEAT
 10
2.847716566952572
 20
51.81387453214478
 30
0.0
  0
VERTEX
  5
17E
  8
SEAT
 10
2.851508456520627
 20
51.80568990364353
 30
0.0
  0
VERTEX
  5
17F
  8
SEAT
 10
2.854908816672274
 20
51.79731757707356
 30
0.0
  0
VERTEX
  5
180
  8
SEAT
 10
2.85790822569798
 20
51.78877129136005
 30
0.0
  0
VERTEX
  5
181
  8
SEAT
 10
2.860497261888207
 20
51.78006478542825
 30
0.0
  0
VERTEX
  5
182
  8
SEAT
 10
2.86266650353342
 20
51.77121179820337
 30
0.0
  0
VERTEX
  5
183
  8
SEAT
 10
2.864406528924084
 20
51.76222606861061
 30
0.0
  0
VERTEX
  5
184
  8
SEAT
 10
2.865707916350662
 20
51.75312133557519
 30
0.0
  0
VERTEX
  5
185
  8
SEAT
 10
2.86656124410362
 20
51.74391133802234
 30
0.0
  0
VERTEX
  5
186
  8
SEAT
 10
2.866957090473421
 20
51.73460981487726
 30
0.0
  0
VERTEX
  5
187
  8
SEAT
 10
2.866886033750529
 20
51.72523050506517
 30
0.0
  0
VERTEX
  5
188
  8
SEAT
 10
2.866338652225409
 20
51.71578714751129
 30
0.0
  0
VERTEX
  5
189
  8
SEAT
 10
2.865305524188525
 20
51.70629348114083
 30
0.0
  0
VERTEX
  5
18A
  8
SEAT
 10
2.863777227930342
 20
51.696763244879
 30
0.0
  0
VERTEX
  5
18B
  8
SEAT
 10
2.861769258526003
 20
51.68732242121101
 30
0.0
  0
VERTEX
  5
18C
  8
SEAT
 10
2.859312551473833
 20
51.67809411447823
 30
0.0
  0
VERTEX
  5
18D
  8
SEAT
 10
2.856420845699049
 20
51.66908774639022
 30
0.0
  0
VERTEX
  5
18E
  8
SEAT
 10
2.853107880126867
 20
51.66031273865651
 30
0.0
  0
VERTEX
  5
18F
  8
SEAT
 10
2.849387393682501
 20
51.65177851298664
 30
0.0
  0
VERTEX
  5
190
  8
SEAT
 10
2.845273125291166
 20
51.64349449109013
 30
0.0
  0
VERTEX
  5
191
  8
SEAT
 10
2.84077881387808
 20
51.63547009467654
 30
0.0
  0
VERTEX
  5
192
  8
SEAT
 10
2.835918198368457
 20
51.62771474545539
 30
0.0
  0
VERTEX
  5
193
  8
SEAT
 10
2.830705017687513
 20
51.62023786513621
 30
0.0
  0
VERTEX
  5
194
  8
SEAT
 10
2.825153010760463
 20
51.61304887542855
 30
0.0
  0
VERTEX
  5
195
  8
SEAT
 10
2.819275916512524
 20
51.60615719804194
 30
0.0
  0
VERTEX
  5
196
  8
SEAT
 10
2.81308747386891
 20
51.59957225468591
 30
0.0
  0
VERTEX
  5
197
  8
SEAT
 10
2.806601421754837
 20
51.59330346707002
 30
0.0
  0
VERTEX
  5
198
  8
SEAT
 10
2.799831499095522
 20
51.58736025690376
 30
0.0
  0
VERTEX
  5
199
  8
SEAT
 10
2.792791444816178
 20
51.58175204589672
 30
0.0
  0
VERTEX
  5
19A
  8
SEAT
 10
2.785494997842022
 20
51.57648825575839
 30
0.0
  0
VERTEX
  5
19B
  8
SEAT
 10
2.77795589709827
 20
51.57157830819833
 30
0.0
  0
VERTEX
  5
19C
  8
SEAT
 10
2.770187881510137
 20
51.56703162492607
 30
0.0
  0
VERTEX
  5
19D
  8
SEAT
 10
2.762204690002839
 20
51.56285762765114
 30
0.0
  0
VERTEX
  5
19E
  8
SEAT
 10
2.754020061501591
 20
51.55906573808309
 30
0.0
  0
VERTEX
  5
19F
  8
SEAT
 10
2.745647734931608
 20
51.55566537793145
 30
0.0
  0
VERTEX
  5
1A0
  8
SEAT
 10
2.737101449218108
 20
51.55266596890574
 30
0.0
  0
VERTEX
  5
1A1
  8
SEAT
 10
2.728394943286304
 20
51.55007693271553
 30
0.0
  0
VERTEX
  5
1A2
  8
SEAT
 10
2.719541956061413
 20
51.54790769107031
 30
0.0
  0
VERTEX
  5
1A3
  8
SEAT
 10
2.71055622646865
 20
51.54616766567966
 30
0.0
  0
VERTEX
  5
1A4
  8
SEAT
 10
2.70145149343323
 20
51.54486627825309
 30
0.0
  0
VERTEX
  5
1A5
  8
SEAT
 10
2.69224149588037
 20
51.54401295050015
 30
0.0
  0
VERTEX
  5
1A6
  8
SEAT
 10
2.682939972735285
 20
51.54361710413035
 30
0.0
  0
VERTEX
  5
1A7
  8
SEAT
 10
2.67356066292319
 20
51.54368816085325
 30
0.0
  0
VERTEX
  5
1A8
  8
SEAT
 10
2.664117305369301
 20
51.54423554237838
 30
0.0
  0
VERTEX
  5
1A9
  8
SEAT
 10
2.654623638998834
 20
51.54526867041528
 30
0.0
  0
SEQEND
  5
D85
  8
SEAT
  0
POLYLINE
  5
78
  8
FRONT_LEG
 66
     1
 10
0.0
 20
0.0
 30
0.0
 70
     1
  0
VERTEX
  5
1AA
  8
FRONT_LEG
 10
0.7883694192989665
 20
50.11275292992767
 30
0.0
  0
VERTEX
  5
1AB
  8
FRONT_LEG
 10
0.7789285956309666
 20
50.114760899332
 30
0.0
  0
VERTEX
  5
1AC
  8
FRONT_LEG
 10
0.7697002888981954
 20
50.11721760638417
 30
0.0
  0
VERTEX
  5
1AD
  8
FRONT_LEG
 10
0.7606939208101886
 20
50.12010931215895
 30
0.0
  0
VERTEX
  5
1AE
  8
FRONT_LEG
 10
0.7519189130764818
 20
50.12342227773112
 30
0.0
  0
VERTEX
  5
1AF
  8
FRONT_LEG
 10
0.7433846874066108
 20
50.12714276417549
 30
0.0
  0
VERTEX
  5
1B0
  8
FRONT_LEG
 10
0.7351006655101111
 20
50.13125703256681
 30
0.0
  0
VERTEX
  5
1B1
  8
FRONT_LEG
 10
0.7270762690965187
 20
50.1357513439799
 30
0.0
  0
VERTEX
  5
1B2
  8
FRONT_LEG
 10
0.7193209198753691
 20
50.14061195948952
 30
0.0
  0
VERTEX
  5
1B3
  8
FRONT_LEG
 10
0.711844039556198
 20
50.14582514017046
 30
0.0
  0
VERTEX
  5
1B4
  8
FRONT_LEG
 10
0.7046550498485411
 20
50.15137714709751
 30
0.0
  0
VERTEX
  5
1B5
  8
FRONT_LEG
 10
0.6977633724619341
 20
50.15725424134544
 30
0.0
  0
VERTEX
  5
1B6
  8
FRONT_LEG
 10
0.6911784291059127
 20
50.16344268398905
 30
0.0
  0
VERTEX
  5
1B7
  8
FRONT_LEG
 10
0.6849096414900125
 20
50.16992873610312
 30
0.0
  0
VERTEX
  5
1B8
  8
FRONT_LEG
 10
0.6789664313237693
 20
50.17669865876243
 30
0.0
  0
VERTEX
  5
1B9
  8
FRONT_LEG
 10
0.6733582203167189
 20
50.18373871304178
 30
0.0
  0
VERTEX
  5
1BA
  8
FRONT_LEG
 10
0.6680944301783969
 20
50.19103516001593
 30
0.0
  0
VERTEX
  5
1BB
  8
FRONT_LEG
 10
0.6631844826183388
 20
50.19857426075967
 30
0.0
  0
VERTEX
  5
1BC
  8
FRONT_LEG
 10
0.6586377993460806
 20
50.20634227634781
 30
0.0
  0
VERTEX
  5
1BD
  8
FRONT_LEG
 10
0.6544638020711577
 20
50.2143254678551
 30
0.0
  0
VERTEX
  5
1BE
  8
FRONT_LEG
 10
0.6506719125031061
 20
50.22251009635635
 30
0.0
  0
VERTEX
  5
1BF
  8
FRONT_LEG
 10
0.6472715523514613
 20
50.23088242292633
 30
0.0
  0
VERTEX
  5
1C0
  8
FRONT_LEG
 10
0.6442721433257589
 20
50.23942870863984
 30
0.0
  0
VERTEX
  5
1C1
  8
FRONT_LEG
 10
0.6416831071355348
 20
50.24813521457163
 30
0.0
  0
VERTEX
  5
1C2
  8
FRONT_LEG
 10
0.6395138654903246
 20
50.25698820179653
 30
0.0
  0
VERTEX
  5
1C3
  8
FRONT_LEG
 10
0.6377738400996641
 20
50.2659739313893
 30
0.0
  0
VERTEX
  5
1C4
  8
FRONT_LEG
 10
0.6364724526730888
 20
50.27507866442471
 30
0.0
  0
VERTEX
  5
1C5
  8
FRONT_LEG
 10
0.6356191249201345
 20
50.28428866197757
 30
0.0
  0
VERTEX
  5
1C6
  8
FRONT_LEG
 10
0.6352232785503369
 20
50.29359018512266
 30
0.0
  0
VERTEX
  5
1C7
  8
FRONT_LEG
 10
0.6352943352732316
 20
50.30296949493476
 30
0.0
  0
VERTEX
  5
1C8
  8
FRONT_LEG
 10
0.6358417167983544
 20
50.31241285248864
 30
0.0
  0
VERTEX
  5
1C9
  8
FRONT_LEG
 10
0.636874844835241
 20
50.32190651885911
 30
0.0
  0
VERTEX
  5
1CA
  8
FRONT_LEG
 10
0.638403141093427
 20
50.33143675512094
 30
0.0
  0
VERTEX
  5
1CB
  8
FRONT_LEG
 10
0.6404111104977657
 20
50.34087757878893
 30
0.0
  0
VERTEX
  5
1CC
  8
FRONT_LEG
 10
0.6428678175499345
 20
50.35010588552171
 30
0.0
  0
VERTEX
  5
1CD
  8
FRONT_LEG
 10
0.645759523324718
 20
50.35911225360971
 30
0.0
  0
VERTEX
  5
1CE
  8
FRONT_LEG
 10
0.6490724888969005
 20
50.36788726134343
 30
0.0
  0
VERTEX
  5
1CF
  8
FRONT_LEG
 10
0.6527929753412665
 20
50.37642148701329
 30
0.0
  0
VERTEX
  5
1D0
  8
FRONT_LEG
 10
0.6569072437326002
 20
50.3847055089098
 30
0.0
  0
VERTEX
  5
1D1
  8
FRONT_LEG
 10
0.6614015551456862
 20
50.39272990532339
 30
0.0
  0
VERTEX
  5
1D2
  8
FRONT_LEG
 10
0.6662621706553089
 20
50.40048525454455
 30
0.0
  0
VERTEX
  5
1D3
  8
FRONT_LEG
 10
0.6714753513362526
 20
50.40796213486372
 30
0.0
  0
VERTEX
  5
1D4
  8
FRONT_LEG
 10
0.6770273582633018
 20
50.41515112457138
 30
0.0
  0
VERTEX
  5
1D5
  8
FRONT_LEG
 10
0.6829044525112409
 20
50.42204280195799
 30
0.0
  0
VERTEX
  5
1D6
  8
FRONT_LEG
 10
0.6890928951548541
 20
50.42862774531402
 30
0.0
  0
VERTEX
  5
1D7
  8
FRONT_LEG
 10
0.695578947268926
 20
50.43489653292993
 30
0.0
  0
VERTEX
  5
1D8
  8
FRONT_LEG
 10
0.702348869928241
 20
50.44083974309618
 30
0.0
  0
VERTEX
  5
1D9
  8
FRONT_LEG
 10
0.7093889242075835
 20
50.44644795410322
 30
0.0
  0
VERTEX
  5
1DA
  8
FRONT_LEG
 10
0.7166853711817378
 20
50.45171174424155
 30
0.0
  0
VERTEX
  5
1DB
  8
FRONT_LEG
 10
0.7242244719254884
 20
50.45662169180161
 30
0.0
  0
VERTEX
  5
1DC
  8
FRONT_LEG
 10
0.7319924875136197
 20
50.46116837507387
 30
0.0
  0
VERTEX
  5
1DD
  8
FRONT_LEG
 10
0.739975679020916
 20
50.4653423723488
 30
0.0
  0
VERTEX
  5
1DE
  8
FRONT_LEG
 10
0.7481603075221619
 20
50.46913426191685
 30
0.0
  0
VERTEX
  5
1DF
  8
FRONT_LEG
 10
0.7565326340921417
 20
50.47253462206849
 30
0.0
  0
VERTEX
  5
1E0
  8
FRONT_LEG
 10
0.7650789198056396
 20
50.4755340310942
 30
0.0
  0
VERTEX
  5
1E1
  8
FRONT_LEG
 10
0.7737854257374402
 20
50.47812306728443
 30
0.0
  0
VERTEX
  5
1E2
  8
FRONT_LEG
 10
0.7826384129623281
 20
50.48029230892963
 30
0.0
  0
VERTEX
  5
1E3
  8
FRONT_LEG
 10
0.7916241425550873
 20
50.48203233432029
 30
0.0
  0
VERTEX
  5
1E4
  8
FRONT_LEG
 10
0.8007288755905024
 20
50.48333372174686
 30
0.0
  0
VERTEX
  5
1E5
  8
FRONT_LEG
 10
0.809938873143358
 20
50.48418704949981
 30
0.0
  0
VERTEX
  5
1E6
  8
FRONT_LEG
 10
0.8192403962884381
 20
50.48458289586961
 30
0.0
  0
VERTEX
  5
1E7
  8
FRONT_LEG
 10
0.8286197061005274
 20
50.48451183914671
 30
0.0
  0
VERTEX
  5
1E8
  8
FRONT_LEG
 10
0.8380630636544102
 20
50.48396445762157
 30
0.0
  0
VERTEX
  5
1E9
  8
FRONT_LEG
 10
0.847556730024871
 20
50.48293132958468
 30
0.0
  0
VERTEX
  5
1EA
  8
FRONT_LEG
 10
0.857086966286694
 20
50.48140303332649
 30
0.0
  0
VERTEX
  5
1EB
  8
FRONT_LEG
 10
0.8665277899547004
 20
50.47939506392216
 30
0.0
  0
VERTEX
  5
1EC
  8
FRONT_LEG
 10
0.8757560966874776
 20
50.47693835687001
 30
0.0
  0
VERTEX
  5
1ED
  8
FRONT_LEG
 10
0.8847624647754899
 20
50.47404665109523
 30
0.0
  0
VERTEX
  5
1EE
  8
FRONT_LEG
 10
0.8935374725092019
 20
50.47073368552306
 30
0.0
  0
VERTEX
  5
1EF
  8
FRONT_LEG
 10
0.9020716981790777
 20
50.46701319907869
 30
0.0
  0
VERTEX
  5
1F0
  8
FRONT_LEG
 10
0.9103557200755817
 20
50.46289893068737
 30
0.0
  0
VERTEX
  5
1F1
  8
FRONT_LEG
 10
0.9183801164891783
 20
50.45840461927428
 30
0.0
  0
VERTEX
  5
1F2
  8
FRONT_LEG
 10
0.9261354657103316
 20
50.45354400376466
 30
0.0
  0
VERTEX
  5
1F3
  8
FRONT_LEG
 10
0.933612346029506
 20
50.44833082308372
 30
0.0
  0
VERTEX
  5
1F4
  8
FRONT_LEG
 10
0.9408013357371661
 20
50.44277881615668
 30
0.0
  0
VERTEX
  5
1F5
  8
FRONT_LEG
 10
0.9476930131237759
 20
50.43690172190873
 30
0.0
  0
VERTEX
  5
1F6
  8
FRONT_LEG
 10
0.9542779564797997
 20
50.43071327926512
 30
0.0
  0
VERTEX
  5
1F7
  8
FRONT_LEG
 10
0.9605467440957021
 20
50.42422722715105
 30
0.0
  0
VERTEX
  5
1F8
  8
FRONT_LEG
 10
0.9664899542619473
 20
50.41745730449173
 30
0.0
  0
VERTEX
  5
1F9
  8
FRONT_LEG
 10
0.9720981652689995
 20
50.41041725021239
 30
0.0
  0
VERTEX
  5
1FA
  8
FRONT_LEG
 10
0.9773619554073232
 20
50.40312080323824
 30
0.0
  0
VERTEX
  5
1FB
  8
FRONT_LEG
 10
0.9822719029673825
 20
50.39558170249448
 30
0.0
  0
VERTEX
  5
1FC
  8
FRONT_LEG
 10
0.9868185862396421
 20
50.38781368690635
 30
0.0
  0
VERTEX
  5
1FD
  8
FRONT_LEG
 10
0.9909925835145661
 20
50.37983049539905
 30
0.0
  0
VERTEX
  5
1FE
  8
FRONT_LEG
 10
0.9947844730826186
 20
50.3716458668978
 30
0.0
  0
VERTEX
  5
1FF
  8
FRONT_LEG
 10
0.9981848332342644
 20
50.36327354032782
 30
0.0
  0
VERTEX
  5
200
  8
FRONT_LEG
 10
1.001184242259967
 20
50.35472725461432
 30
0.0
  0
VERTEX
  5
201
  8
FRONT_LEG
 10
1.003773278450192
 20
50.34602074868252
 30
0.0
  0
VERTEX
  5
202
  8
FRONT_LEG
 10
1.005942520095403
 20
50.33716776145762
 30
0.0
  0
VERTEX
  5
203
  8
FRONT_LEG
 10
1.007682545486064
 20
50.32818203186486
 30
0.0
  0
VERTEX
  5
204
  8
FRONT_LEG
 10
1.00898393291264
 20
50.31907729882944
 30
0.0
  0
VERTEX
  5
205
  8
FRONT_LEG
 10
1.009837260665595
 20
50.30986730127658
 30
0.0
  0
VERTEX
  5
206
  8
FRONT_LEG
 10
1.010233107035393
 20
50.3005657781315
 30
0.0
  0
VERTEX
  5
207
  8
FRONT_LEG
 10
1.010162050312498
 20
50.2911864683194
 30
0.0
  0
VERTEX
  5
208
  8
FRONT_LEG
 10
1.009614668787376
 20
50.28174311076552
 30
0.0
  0
VERTEX
  5
209
  8
FRONT_LEG
 10
1.00858154075049
 20
50.27224944439505
 30
0.0
  0
VERTEX
  5
20A
  8
FRONT_LEG
 10
1.007053244492305
 20
50.26271920813323
 30
0.0
  0
VERTEX
  5
20B
  8
FRONT_LEG
 10
1.005045275087965
 20
50.25327838446523
 30
0.0
  0
VERTEX
  5
20C
  8
FRONT_LEG
 10
1.002588568035796
 20
50.24405007773245
 30
0.0
  0
VERTEX
  5
20D
  8
FRONT_LEG
 10
0.999696862261011
 20
50.23504370964444
 30
0.0
  0
VERTEX
  5
20E
  8
FRONT_LEG
 10
0.9963838966888272
 20
50.22626870191073
 30
0.0
  0
VERTEX
  5
20F
  8
FRONT_LEG
 10
0.9926634102444599
 20
50.21773447624086
 30
0.0
  0
VERTEX
  5
210
  8
FRONT_LEG
 10
0.9885491418531247
 20
50.20945045434436
 30
0.0
  0
VERTEX
  5
211
  8
FRONT_LEG
 10
0.9840548304400372
 20
50.20142605793077
 30
0.0
  0
VERTEX
  5
212
  8
FRONT_LEG
 10
0.9791942149304126
 20
50.19367070870962
 30
0.0
  0
VERTEX
  5
213
  8
FRONT_LEG
 10
0.973981034249467
 20
50.18619382839045
 30
0.0
  0
VERTEX
  5
214
  8
FRONT_LEG
 10
0.9684290273224159
 20
50.17900483868279
 30
0.0
  0
VERTEX
  5
215
  8
FRONT_LEG
 10
0.9625519330744747
 20
50.17211316129618
 30
0.0
  0
VERTEX
  5
216
  8
FRONT_LEG
 10
0.9563634904308594
 20
50.16552821794016
 30
0.0
  0
VERTEX
  5
217
  8
FRONT_LEG
 10
0.9498774383167854
 20
50.15925943032427
 30
0.0
  0
VERTEX
  5
218
  8
FRONT_LEG
 10
0.943107515657468
 20
50.15331622015802
 30
0.0
  0
VERTEX
  5
219
  8
FRONT_LEG
 10
0.936067461378123
 20
50.14770800915097
 30
0.0
  0
VERTEX
  5
21A
  8
FRONT_LEG
 10
0.9287710144039663
 20
50.14244421901265
 30
0.0
  0
VERTEX
  5
21B
  8
FRONT_LEG
 10
0.9212319136602132
 20
50.13753427145261
 30
0.0
  0
VERTEX
  5
21C
  8
FRONT_LEG
 10
0.9134638980720793
 20
50.13298758818034
 30
0.0
  0
VERTEX
  5
21D
  8
FRONT_LEG
 10
0.9054807065647803
 20
50.12881359090542
 30
0.0
  0
VERTEX
  5
21E
  8
FRONT_LEG
 10
0.8972960780635318
 20
50.12502170133737
 30
0.0
  0
VERTEX
  5
21F
  8
FRONT_LEG
 10
0.8889237514935493
 20
50.12162134118573
 30
0.0
  0
VERTEX
  5
220
  8
FRONT_LEG
 10
0.8803774657800487
 20
50.11862193216002
 30
0.0
  0
VERTEX
  5
221
  8
FRONT_LEG
 10
0.8716709598482453
 20
50.11603289596979
 30
0.0
  0
VERTEX
  5
222
  8
FRONT_LEG
 10
0.8628179726233546
 20
50.11386365432459
 30
0.0
  0
VERTEX
  5
223
  8
FRONT_LEG
 10
0.8538322430305925
 20
50.11212362893393
 30
0.0
  0
VERTEX
  5
224
  8
FRONT_LEG
 10
0.8447275099951745
 20
50.11082224150735
 30
0.0
  0
VERTEX
  5
225
  8
FRONT_LEG
 10
0.8355175124423162
 20
50.1099689137544
 30
0.0
  0
VERTEX
  5
226
  8
FRONT_LEG
 10
0.8262159892972333
 20
50.10957306738459
 30
0.0
  0
VERTEX
  5
227
  8
FRONT_LEG
 10
0.8168366794851412
 20
50.10964412410749
 30
0.0
  0
VERTEX
  5
228
  8
FRONT_LEG
 10
0.8073933219312557
 20
50.11019150563261
 30
0.0
  0
VERTEX
  5
229
  8
FRONT_LEG
 10
0.7978996555607922
 20
50.11122463366949
 30
0.0
  0
SEQEND
  5
D86
  8
FRONT_LEG
  0
POLYLINE
  5
79
  8
FRONT_LEG
 66
     1
 10
0.0
 20
0.0
 30
0.0
 70
     1
  0
VERTEX
  5
22A
  8
FRONT_LEG
 10
2.645093402737004
 20
51.54679696667348
 30
0.0
  0
VERTEX
  5
22B
  8
FRONT_LEG
 10
2.635652579069003
 20
51.54880493607781
 30
0.0
  0
VERTEX
  5
22C
  8
FRONT_LEG
 10
2.626424272336231
 20
51.55126164312996
 30
0.0
  0
VERTEX
  5
22D
  8
FRONT_LEG
 10
2.617417904248222
 20
51.55415334890473
 30
0.0
  0
VERTEX
  5
22E
  8
FRONT_LEG
 10
2.608642896514514
 20
51.5574663144769
 30
0.0
  0
VERTEX
  5
22F
  8
FRONT_LEG
 10
2.600108670844641
 20
51.56118680092126
 30
0.0
  0
VERTEX
  5
230
  8
FRONT_LEG
 10
2.59182464894814
 20
51.56530106931258
 30
0.0
  0
VERTEX
  5
231
  8
FRONT_LEG
 10
2.583800252534545
 20
51.56979538072566
 30
0.0
  0
VERTEX
  5
232
  8
FRONT_LEG
 10
2.576044903313393
 20
51.57465599623526
 30
0.0
  0
VERTEX
  5
233
  8
FRONT_LEG
 10
2.568568022994219
 20
51.5798691769162
 30
0.0
  0
VERTEX
  5
234
  8
FRONT_LEG
 10
2.561379033286559
 20
51.58542118384324
 30
0.0
  0
VERTEX
  5
235
  8
FRONT_LEG
 10
2.554487355899949
 20
51.59129827809117
 30
0.0
  0
VERTEX
  5
236
  8
FRONT_LEG
 10
2.547902412543926
 20
51.59748672073478
 30
0.0
  0
VERTEX
  5
237
  8
FRONT_LEG
 10
2.541633624928023
 20
51.60397277284885
 30
0.0
  0
VERTEX
  5
238
  8
FRONT_LEG
 10
2.535690414761778
 20
51.61074269550816
 30
0.0
  0
VERTEX
  5
239
  8
FRONT_LEG
 10
2.530082203754725
 20
51.61778274978749
 30
0.0
  0
VERTEX
  5
23A
  8
FRONT_LEG
 10
2.524818413616401
 20
51.62507919676165
 30
0.0
  0
VERTEX
  5
23B
  8
FRONT_LEG
 10
2.519908466056342
 20
51.63261829750539
 30
0.0
  0
VERTEX
  5
23C
  8
FRONT_LEG
 10
2.515361782784082
 20
51.64038631309353
 30
0.0
  0
VERTEX
  5
23D
  8
FRONT_LEG
 10
2.511187785509158
 20
51.64836950460082
 30
0.0
  0
VERTEX
  5
23E
  8
FRONT_LEG
 10
2.507395895941105
 20
51.65655413310207
 30
0.0
  0
VERTEX
  5
23F
  8
FRONT_LEG
 10
2.50399553578946
 20
51.66492645967205
 30
0.0
  0
VERTEX
  5
240
  8
FRONT_LEG
 10
2.500996126763757
 20
51.67347274538555
 30
0.0
  0
VERTEX
  5
241
  8
FRONT_LEG
 10
2.498407090573534
 20
51.68217925131735
 30
0.0
  0
VERTEX
  5
242
  8
FRONT_LEG
 10
2.496237848928325
 20
51.69103223854225
 30
0.0
  0
VERTEX
  5
243
  8
FRONT_LEG
 10
2.494497823537666
 20
51.70001796813501
 30
0.0
  0
VERTEX
  5
244
  8
FRONT_LEG
 10
2.493196436111092
 20
51.70912270117044
 30
0.0
  0
VERTEX
  5
245
  8
FRONT_LEG
 10
2.492343108358141
 20
51.71833269872331
 30
0.0
  0
VERTEX
  5
246
  8
FRONT_LEG
 10
2.491947261988347
 20
51.7276342218684
 30
0.0
  0
VERTEX
  5
247
  8
FRONT_LEG
 10
2.492018318711246
 20
51.7370135316805
 30
0.0
  0
VERTEX
  5
248
  8
FRONT_LEG
 10
2.492565700236373
 20
51.74645688923439
 30
0.0
  0
VERTEX
  5
249
  8
FRONT_LEG
 10
2.493598828273265
 20
51.75595055560486
 30
0.0
  0
VERTEX
  5
24A
  8
FRONT_LEG
 10
2.495127124531457
 20
51.7654807918667
 30
0.0
  0
VERTEX
  5
24B
  8
FRONT_LEG
 10
2.49713509393579
 20
51.77492161553469
 30
0.0
  0
VERTEX
  5
24C
  8
FRONT_LEG
 10
2.499591800987954
 20
51.78414992226747
 30
0.0
  0
VERTEX
  5
24D
  8
FRONT_LEG
 10
2.502483506762733
 20
51.79315629035547
 30
0.0
  0
VERTEX
  5
24E
  8
FRONT_LEG
 10
2.505796472334912
 20
51.80193129808919
 30
0.0
  0
VERTEX
  5
24F
  8
FRONT_LEG
 10
2.509516958779274
 20
51.81046552375905
 30
0.0
  0
VERTEX
  5
250
  8
FRONT_LEG
 10
2.513631227170605
 20
51.81874954565556
 30
0.0
  0
VERTEX
  5
251
  8
FRONT_LEG
 10
2.518125538583688
 20
51.82677394206915
 30
0.0
  0
VERTEX
  5
252
  8
FRONT_LEG
 10
2.522986154093309
 20
51.8345292912903
 30
0.0
  0
VERTEX
  5
253
  8
FRONT_LEG
 10
2.528199334774252
 20
51.84200617160948
 30
0.0
  0
VERTEX
  5
254
  8
FRONT_LEG
 10
2.5337513417013
 20
51.84919516131714
 30
0.0
  0
VERTEX
  5
255
  8
FRONT_LEG
 10
2.539628435949238
 20
51.85608683870375
 30
0.0
  0
VERTEX
  5
256
  8
FRONT_LEG
 10
2.545816878592851
 20
51.86267178205976
 30
0.0
  0
VERTEX
  5
257
  8
FRONT_LEG
 10
2.552302930706923
 20
51.86894056967567
 30
0.0
  0
VERTEX
  5
258
  8
FRONT_LEG
 10
2.559072853366239
 20
51.87488377984192
 30
0.0
  0
VERTEX
  5
259
  8
FRONT_LEG
 10
2.566112907645582
 20
51.88049199084897
 30
0.0
  0
VERTEX
  5
25A
  8
FRONT_LEG
 10
2.573409354619738
 20
51.8857557809873
 30
0.0
  0
VERTEX
  5
25B
  8
FRONT_LEG
 10
2.58094845536349
 20
51.89066572854735
 30
0.0
  0
VERTEX
  5
25C
  8
FRONT_LEG
 10
2.588716470951623
 20
51.89521241181961
 30
0.0
  0
VERTEX
  5
25D
  8
FRONT_LEG
 10
2.596699662458922
 20
51.89938640909455
 30
0.0
  0
VERTEX
  5
25E
  8
FRONT_LEG
 10
2.604884290960169
 20
51.9031782986626
 30
0.0
  0
VERTEX
  5
25F
  8
FRONT_LEG
 10
2.613256617530152
 20
51.90657865881424
 30
0.0
  0
VERTEX
  5
260
  8
FRONT_LEG
 10
2.621802903243652
 20
51.90957806783994
 30
0.0
  0
VERTEX
  5
261
  8
FRONT_LEG
 10
2.630509409175456
 20
51.91216710403017
 30
0.0
  0
VERTEX
  5
262
  8
FRONT_LEG
 10
2.639362396400347
 20
51.91433634567538
 30
0.0
  0
VERTEX
  5
263
  8
FRONT_LEG
 10
2.648348125993109
 20
51.91607637106604
 30
0.0
  0
VERTEX
  5
264
  8
FRONT_LEG
 10
2.657452859028527
 20
51.91737775849262
 30
0.0
  0
VERTEX
  5
265
  8
FRONT_LEG
 10
2.666662856581386
 20
51.91823108624557
 30
0.0
  0
VERTEX
  5
266
  8
FRONT_LEG
 10
2.675964379726469
 20
51.91862693261537
 30
0.0
  0
VERTEX
  5
267
  8
FRONT_LEG
 10
2.685343689538562
 20
51.91855587589248
 30
0.0
  0
VERTEX
  5
268
  8
FRONT_LEG
 10
2.694787047092448
 20
51.91800849436736
 30
0.0
  0
VERTEX
  5
269
  8
FRONT_LEG
 10
2.704280713462912
 20
51.91697536633047
 30
0.0
  0
VERTEX
  5
26A
  8
FRONT_LEG
 10
2.713810949724738
 20
51.91544707007228
 30
0.0
  0
VERTEX
  5
26B
  8
FRONT_LEG
 10
2.723251773392737
 20
51.91343910066794
 30
0.0
  0
VERTEX
  5
26C
  8
FRONT_LEG
 10
2.732480080125507
 20
51.91098239361577
 30
0.0
  0
VERTEX
  5
26D
  8
FRONT_LEG
 10
2.741486448213514
 20
51.90809068784099
 30
0.0
  0
VERTEX
  5
26E
  8
FRONT_LEG
 10
2.75026145594722
 20
51.9047777222688
 30
0.0
  0
VERTEX
  5
26F
  8
FRONT_LEG
 10
2.758795681617092
 20
51.90105723582444
 30
0.0
  0
VERTEX
  5
270
  8
FRONT_LEG
 10
2.767079703513592
 20
51.89694296743311
 30
0.0
  0
VERTEX
  5
271
  8
FRONT_LEG
 10
2.775104099927185
 20
51.89244865602002
 30
0.0
  0
VERTEX
  5
272
  8
FRONT_LEG
 10
2.782859449148336
 20
51.88758804051039
 30
0.0
  0
VERTEX
  5
273
  8
FRONT_LEG
 10
2.790336329467507
 20
51.88237485982945
 30
0.0
  0
VERTEX
  5
274
  8
FRONT_LEG
 10
2.797525319175167
 20
51.87682285290241
 30
0.0
  0
VERTEX
  5
275
  8
FRONT_LEG
 10
2.804416996561775
 20
51.87094575865446
 30
0.0
  0
VERTEX
  5
276
  8
FRONT_LEG
 10
2.811001939917799
 20
51.86475731601085
 30
0.0
  0
VERTEX
  5
277
  8
FRONT_LEG
 10
2.817270727533701
 20
51.85827126389677
 30
0.0
  0
VERTEX
  5
278
  8
FRONT_LEG
 10
2.823213937699946
 20
51.85150134123745
 30
0.0
  0
VERTEX
  5
279
  8
FRONT_LEG
 10
2.828822148706999
 20
51.84446128695811
 30
0.0
  0
VERTEX
  5
27A
  8
FRONT_LEG
 10
2.834085938845324
 20
51.83716483998396
 30
0.0
  0
VERTEX
  5
27B
  8
FRONT_LEG
 10
2.838995886405385
 20
51.82962573924021
 30
0.0
  0
VERTEX
  5
27C
  8
FRONT_LEG
 10
2.843542569677646
 20
51.82185772365207
 30
0.0
  0
VERTEX
  5
27D
  8
FRONT_LEG
 10
2.847716566952572
 20
51.81387453214478
 30
0.0
  0
VERTEX
  5
27E
  8
FRONT_LEG
 10
2.851508456520627
 20
51.80568990364353
 30
0.0
  0
VERTEX
  5
27F
  8
FRONT_LEG
 10
2.854908816672274
 20
51.79731757707356
 30
0.0
  0
VERTEX
  5
280
  8
FRONT_LEG
 10
2.85790822569798
 20
51.78877129136005
 30
0.0
  0
VERTEX
  5
281
  8
FRONT_LEG
 10
2.860497261888207
 20
51.78006478542825
 30
0.0
  0
VERTEX
  5
282
  8
FRONT_LEG
 10
2.86266650353342
 20
51.77121179820337
 30
0.0
  0
VERTEX
  5
283
  8
FRONT_LEG
 10
2.864406528924084
 20
51.76222606861061
 30
0.0
  0
VERTEX
  5
284
  8
FRONT_LEG
 10
2.865707916350662
 20
51.75312133557519
 30
0.0
  0
VERTEX
  5
285
  8
FRONT_LEG
 10
2.86656124410362
 20
51.74391133802234
 30
0.0
  0
VERTEX
  5
286
  8
FRONT_LEG
 10
2.866957090473421
 20
51.73460981487726
 30
0.0
  0
VERTEX
  5
287
  8
FRONT_LEG
 10
2.866886033750529
 20
51.72523050506517
 30
0.0
  0
VERTEX
  5
288
  8
FRONT_LEG
 10
2.866338652225409
 20
51.71578714751129
 30
0.0
  0
VERTEX
  5
289
  8
FRONT_LEG
 10
2.865305524188525
 20
51.70629348114083
 30
0.0
  0
VERTEX
  5
28A
  8
FRONT_LEG
 10
2.863777227930342
 20
51.696763244879
 30
0.0
  0
VERTEX
  5
28B
  8
FRONT_LEG
 10
2.861769258526003
 20
51.68732242121101
 30
0.0
  0
VERTEX
  5
28C
  8
FRONT_LEG
 10
2.859312551473833
 20
51.67809411447823
 30
0.0
  0
VERTEX
  5
28D
  8
FRONT_LEG
 10
2.856420845699049
 20
51.66908774639022
 30
0.0
  0
VERTEX
  5
28E
  8
FRONT_LEG
 10
2.853107880126867
 20
51.66031273865651
 30
0.0
  0
VERTEX
  5
28F
  8
FRONT_LEG
 10
2.849387393682501
 20
51.65177851298664
 30
0.0
  0
VERTEX
  5
290
  8
FRONT_LEG
 10
2.845273125291166
 20
51.64349449109013
 30
0.0
  0
VERTEX
  5
291
  8
FRONT_LEG
 10
2.84077881387808
 20
51.63547009467654
 30
0.0
  0
VERTEX
  5
292
  8
FRONT_LEG
 10
2.835918198368457
 20
51.62771474545539
 30
0.0
  0
VERTEX
  5
293
  8
FRONT_LEG
 10
2.830705017687513
 20
51.62023786513621
 30
0.0
  0
VERTEX
  5
294
  8
FRONT_LEG
 10
2.825153010760463
 20
51.61304887542855
 30
0.0
  0
VERTEX
  5
295
  8
FRONT_LEG
 10
2.819275916512524
 20
51.60615719804194
 30
0.0
  0
VERTEX
  5
296
  8
FRONT_LEG
 10
2.81308747386891
 20
51.59957225468591
 30
0.0
  0
VERTEX
  5
297
  8
FRONT_LEG
 10
2.806601421754837
 20
51.59330346707002
 30
0.0
  0
VERTEX
  5
298
  8
FRONT_LEG
 10
2.799831499095522
 20
51.58736025690376
 30
0.0
  0
VERTEX
  5
299
  8
FRONT_LEG
 10
2.792791444816178
 20
51.58175204589672
 30
0.0
  0
VERTEX
  5
29A
  8
FRONT_LEG
 10
2.785494997842022
 20
51.57648825575839
 30
0.0
  0
VERTEX
  5
29B
  8
FRONT_LEG
 10
2.77795589709827
 20
51.57157830819833
 30
0.0
  0
VERTEX
  5
29C
  8
FRONT_LEG
 10
2.770187881510137
 20
51.56703162492607
 30
0.0
  0
VERTEX
  5
29D
  8
FRONT_LEG
 10
2.762204690002839
 20
51.56285762765114
 30
0.0
  0
VERTEX
  5
29E
  8
FRONT_LEG
 10
2.754020061501591
 20
51.55906573808309
 30
0.0
  0
VERTEX
  5
29F
  8
FRONT_LEG
 10
2.745647734931608
 20
51.55566537793145
 30
0.0
  0
VERTEX
  5
2A0
  8
FRONT_LEG
 10
2.737101449218108
 20
51.55266596890574
 30
0.0
  0
VERTEX
  5
2A1
  8
FRONT_LEG
 10
2.728394943286304
 20
51.55007693271553
 30
0.0
  0
VERTEX
  5
2A2
  8
FRONT_LEG
 10
2.719541956061413
 20
51.54790769107031
 30
0.0
  0
VERTEX
  5
2A3
  8
FRONT_LEG
 10
2.71055622646865
 20
51.54616766567966
 30
0.0
  0
VERTEX
  5
2A4
  8
FRONT_LEG
 10
2.70145149343323
 20
51.54486627825309
 30
0.0
  0
VERTEX
  5
2A5
  8
FRONT_LEG
 10
2.69224149588037
 20
51.54401295050015
 30
0.0
  0
VERTEX
  5
2A6
  8
FRONT_LEG
 10
2.682939972735285
 20
51.54361710413035
 30
0.0
  0
VERTEX
  5
2A7
  8
FRONT_LEG
 10
2.67356066292319
 20
51.54368816085325
 30
0.0
  0
VERTEX
  5
2A8
  8
FRONT_LEG
 10
2.664117305369301
 20
51.54423554237838
 30
0.0
  0
VERTEX
  5
2A9
  8
FRONT_LEG
 10
2.654623638998834
 20
51.54526867041528
 30
0.0
  0
SEQEND
  5
D87
  8
FRONT_LEG
  0
POLYLINE
  5
7A
  8
FRONT_LEG
 66
     1
 10
0.0
 20
0.0
 30
0.0
 70
     1
  0
VERTEX
  5
2AA
  8
FRONT_LEG
 10
1.570796898158605
 20
33.82738379255587
 30
0.0
 42
0.4142135623730951
  0
VERTEX
  5
2AB
  8
FRONT_LEG
 10
1.699606391955982
 20
33.59560671364677
 30
0.0
 42
0.4142135623730951
  0
VERTEX
  5
2AC
  8
FRONT_LEG
 10
1.93138347086515
 20
33.72441620744402
 30
0.0
 42
0.4142135623730951
  0
VERTEX
  5
2AD
  8
FRONT_LEG
 10
1.802573977067787
 20
33.95619328635325
 30
0.0
 42
0.4142135623730951
  0
SEQEND
  5
D88
  8
FRONT_LEG
  0
POLYLINE
  5
7B
  8
FRONT_LEG
 66
     1
 10
0.0
 20
0.0
 30
0.0
 70
     1
  0
VERTEX
  5
2AE
  8
FRONT_LEG
 10
1.570796898158612
 20
18.8090837925559
 30
0.0
 42
0.4142135623730951
  0
VERTEX
  5
2AF
  8
FRONT_LEG
 10
1.699606391955982
 20
18.57730671364677
 30
0.0
 42
0.4142135623730951
  0
VERTEX
  5
2B0
  8
FRONT_LEG
 10
1.93138347086515
 20
18.70611620744409
 30
0.0
 42
0.4142135623730951
  0
VERTEX
  5
2B1
  8
FRONT_LEG
 10
1.802573977067787
 20
18.93789328635326
 30
0.0
 42
0.4142135623730951
  0
SEQEND
  5
D89
  8
FRONT_LEG
  0
POLYLINE
  5
7C
  8
FRONT_LEG
 66
     1
 10
0.0
 20
0.0
 30
0.0
  0
VERTEX
  5
2B2
  8
FRONT_LEG
 10
3.502180369023762
 20
61.14017968288987
 30
0.0
  0
VERTEX
  5
2B3
  8
FRONT_LEG
 10
0.0
 20
62.14041746584557
 30
0.0
  0
SEQEND
  5
D8A
  8
FRONT_LEG
  0
POLYLINE
  5
7E
  8
5TH-6TH_STABILIZER
 66
     1
 10
0.0
 20
0.0
 30
0.0
 70
     1
  0
VERTEX
  5
2B4
  8
5TH-6TH_STABILIZER
 10
0.8135901845118809
 20
71.08889857436775
 30
0.0
  0
VERTEX
  5
2B5
  8
5TH-6TH_STABILIZER
 10
0.8132674611232092
 20
71.09588018370472
 30
0.0
  0
VERTEX
  5
2B6
  8
5TH-6TH_STABILIZER
 10
0.8123202463608401
 20
71.1026602780928
 30
0.0
  0
VERTEX
  5
2B7
  8
5TH-6TH_STABILIZER
 10
0.8107799733302421
 20
71.10920451218216
 30
0.0
  0
VERTEX
  5
2B8
  8
5TH-6TH_STABILIZER
 10
0.8086780751368838
 20
71.115478540623
 30
0.0
  0
VERTEX
  5
2B9
  8
5TH-6TH_STABILIZER
 10
0.806045984886234
 20
71.12144801806551
 30
0.0
  0
VERTEX
  5
2BA
  8
5TH-6TH_STABILIZER
 10
0.8029151356837614
 20
71.12707859915983
 30
0.0
  0
VERTEX
  5
2BB
  8
5TH-6TH_STABILIZER
 10
0.7993169606349345
 20
71.1323359385562
 30
0.0
  0
VERTEX
  5
2BC
  8
5TH-6TH_STABILIZER
 10
0.795282892845222
 20
71.13718569090479
 30
0.0
  0
VERTEX
  5
2BD
  8
5TH-6TH_STABILIZER
 10
0.7908443654200926
 20
71.14159351085578
 30
0.0
  0
VERTEX
  5
2BE
  8
5TH-6TH_STABILIZER
 10
0.786032811465015
 20
71.14552505305937
 30
0.0
  0
VERTEX
  5
2BF
  8
5TH-6TH_STABILIZER
 10
0.7808796640854578
 20
71.14894597216572
 30
0.0
  0
VERTEX
  5
2C0
  8
5TH-6TH_STABILIZER
 10
0.7754163563868897
 20
71.15182192282506
 30
0.0
  0
VERTEX
  5
2C1
  8
5TH-6TH_STABILIZER
 10
0.7696743214747792
 20
71.15411855968756
 30
0.0
  0
VERTEX
  5
2C2
  8
5TH-6TH_STABILIZER
 10
0.7636849924545952
 20
71.15580153740339
 30
0.0
  0
VERTEX
  5
2C3
  8
5TH-6TH_STABILIZER
 10
0.7574798024318062
 20
71.15683651062275
 30
0.0
  0
VERTEX
  5
2C4
  8
5TH-6TH_STABILIZER
 10
0.7510901845118809
 20
71.15718913399583
 30
0.0
  0
VERTEX
  5
2C5
  8
5TH-6TH_STABILIZER
 10
0.7447005665919556
 20
71.15683651062275
 30
0.0
  0
VERTEX
  5
2C6
  8
5TH-6TH_STABILIZER
 10
0.7384953765691666
 20
71.15580153740339
 30
0.0
  0
VERTEX
  5
2C7
  8
5TH-6TH_STABILIZER
 10
0.7325060475489826
 20
71.15411855968756
 30
0.0
  0
VERTEX
  5
2C8
  8
5TH-6TH_STABILIZER
 10
0.7267640126368722
 20
71.15182192282506
 30
0.0
  0
VERTEX
  5
2C9
  8
5TH-6TH_STABILIZER
 10
0.721300704938304
 20
71.14894597216572
 30
0.0
  0
VERTEX
  5
2CA
  8
5TH-6TH_STABILIZER
 10
0.7161475575587468
 20
71.14552505305937
 30
0.0
  0
VERTEX
  5
2CB
  8
5TH-6TH_STABILIZER
 10
0.7113360036036692
 20
71.14159351085578
 30
0.0
  0
VERTEX
  5
2CC
  8
5TH-6TH_STABILIZER
 10
0.7068974761785398
 20
71.13718569090479
 30
0.0
  0
VERTEX
  5
2CD
  8
5TH-6TH_STABILIZER
 10
0.7028634083888273
 20
71.1323359385562
 30
0.0
  0
VERTEX
  5
2CE
  8
5TH-6TH_STABILIZER
 10
0.6992652333400005
 20
71.12707859915983
 30
0.0
  0
VERTEX
  5
2CF
  8
5TH-6TH_STABILIZER
 10
0.6961343841375278
 20
71.12144801806551
 30
0.0
  0
VERTEX
  5
2D0
  8
5TH-6TH_STABILIZER
 10
0.693502293886878
 20
71.115478540623
 30
0.0
  0
VERTEX
  5
2D1
  8
5TH-6TH_STABILIZER
 10
0.6914003956935197
 20
71.10920451218216
 30
0.0
  0
VERTEX
  5
2D2
  8
5TH-6TH_STABILIZER
 10
0.6898601226629217
 20
71.1026602780928
 30
0.0
  0
VERTEX
  5
2D3
  8
5TH-6TH_STABILIZER
 10
0.6889129079005526
 20
71.09588018370472
 30
0.0
  0
VERTEX
  5
2D4
  8
5TH-6TH_STABILIZER
 10
0.6885901845118809
 20
71.08889857436775
 30
0.0
  0
VERTEX
  5
2D5
  8
5TH-6TH_STABILIZER
 10
0.6889129079005526
 20
71.08191696503077
 30
0.0
  0
VERTEX
  5
2D6
  8
5TH-6TH_STABILIZER
 10
0.6898601226629217
 20
71.0751368706427
 30
0.0
  0
VERTEX
  5
2D7
  8
5TH-6TH_STABILIZER
 10
0.6914003956935197
 20
71.06859263655333
 30
0.0
  0
VERTEX
  5
2D8
  8
5TH-6TH_STABILIZER
 10
0.693502293886878
 20
71.06231860811249
 30
0.0
  0
VERTEX
  5
2D9
  8
5TH-6TH_STABILIZER
 10
0.6961343841375278
 20
71.05634913066999
 30
0.0
  0
VERTEX
  5
2DA
  8
5TH-6TH_STABILIZER
 10
0.6992652333400005
 20
71.05071854957565
 30
0.0
  0
VERTEX
  5
2DB
  8
5TH-6TH_STABILIZER
 10
0.7028634083888273
 20
71.04546121017928
 30
0.0
  0
VERTEX
  5
2DC
  8
5TH-6TH_STABILIZER
 10
0.7068974761785398
 20
71.04061145783069
 30
0.0
  0
VERTEX
  5
2DD
  8
5TH-6TH_STABILIZER
 10
0.7113360036036692
 20
71.0362036378797
 30
0.0
  0
VERTEX
  5
2DE
  8
5TH-6TH_STABILIZER
 10
0.7161475575587468
 20
71.03227209567612
 30
0.0
  0
VERTEX
  5
2DF
  8
5TH-6TH_STABILIZER
 10
0.721300704938304
 20
71.02885117656975
 30
0.0
  0
VERTEX
  5
2E0
  8
5TH-6TH_STABILIZER
 10
0.7267640126368722
 20
71.0259752259104
 30
0.0
  0
VERTEX
  5
2E1
  8
5TH-6TH_STABILIZER
 10
0.7325060475489826
 20
71.0236785890479
 30
0.0
  0
VERTEX
  5
2E2
  8
5TH-6TH_STABILIZER
 10
0.7384953765691666
 20
71.02199561133207
 30
0.0
  0
VERTEX
  5
2E3
  8
5TH-6TH_STABILIZER
 10
0.7447005665919556
 20
71.02096063811271
 30
0.0
  0
VERTEX
  5
2E4
  8
5TH-6TH_STABILIZER
 10
0.7510901845118809
 20
71.02060801473964
 30
0.0
  0
VERTEX
  5
2E5
  8
5TH-6TH_STABILIZER
 10
0.7574798024318062
 20
71.02096063811271
 30
0.0
  0
VERTEX
  5
2E6
  8
5TH-6TH_STABILIZER
 10
0.7636849924545952
 20
71.02199561133207
 30
0.0
  0
VERTEX
  5
2E7
  8
5TH-6TH_STABILIZER
 10
0.7696743214747792
 20
71.0236785890479
 30
0.0
  0
VERTEX
  5
2E8
  8
5TH-6TH_STABILIZER
 10
0.7754163563868897
 20
71.0259752259104
 30
0.0
  0
VERTEX
  5
2E9
  8
5TH-6TH_STABILIZER
 10
0.7808796640854578
 20
71.02885117656975
 30
0.0
  0
VERTEX
  5
2EA
  8
5TH-6TH_STABILIZER
 10
0.786032811465015
 20
71.03227209567612
 30
0.0
  0
VERTEX
  5
2EB
  8
5TH-6TH_STABILIZER
 10
0.7908443654200926
 20
71.0362036378797
 30
0.0
  0
VERTEX
  5
2EC
  8
5TH-6TH_STABILIZER
 10
0.795282892845222
 20
71.04061145783069
 30
0.0
  0
VERTEX
  5
2ED
  8
5TH-6TH_STABILIZER
 10
0.7993169606349345
 20
71.04546121017928
 30
0.0
  0
VERTEX
  5
2EE
  8
5TH-6TH_STABILIZER
 10
0.8029151356837614
 20
71.05071854957565
 30
0.0
  0
VERTEX
  5
2EF
  8
5TH-6TH_STABILIZER
 10
0.806045984886234
 20
71.05634913066999
 30
0.0
  0
VERTEX
  5
2F0
  8
5TH-6TH_STABILIZER
 10
0.8086780751368838
 20
71.06231860811249
 30
0.0
  0
VERTEX
  5
2F1
  8
5TH-6TH_STABILIZER
 10
0.8107799733302421
 20
71.06859263655333
 30
0.0
  0
VERTEX
  5
2F2
  8
5TH-6TH_STABILIZER
 10
0.8123202463608401
 20
71.0751368706427
 30
0.0
  0
VERTEX
  5
2F3
  8
5TH-6TH_STABILIZER
 10
0.8132674611232092
 20
71.08191696503077
 30
0.0
  0
SEQEND
  5
D8B
  8
5TH-6TH_STABILIZER
  0
POLYLINE
  5
7F
  8
5TH-6TH_STABILIZER
 66
     1
 10
0.0
 20
0.0
 30
0.0
 70
     1
  0
VERTEX
  5
2F4
  8
5TH-6TH_STABILIZER
 10
2.813590184511881
 20
71.08889857436775
 30
0.0
  0
VERTEX
  5
2F5
  8
5TH-6TH_STABILIZER
 10
2.81326746112321
 20
71.09588018370472
 30
0.0
  0
VERTEX
  5
2F6
  8
5TH-6TH_STABILIZER
 10
2.81232024636084
 20
71.1026602780928
 30
0.0
  0
VERTEX
  5
2F7
  8
5TH-6TH_STABILIZER
 10
2.810779973330242
 20
71.10920451218216
 30
0.0
  0
VERTEX
  5
2F8
  8
5TH-6TH_STABILIZER
 10
2.808678075136884
 20
71.115478540623
 30
0.0
  0
VERTEX
  5
2F9
  8
5TH-6TH_STABILIZER
 10
2.806045984886234
 20
71.12144801806551
 30
0.0
  0
VERTEX
  5
2FA
  8
5TH-6TH_STABILIZER
 10
2.802915135683762
 20
71.12707859915983
 30
0.0
  0
VERTEX
  5
2FB
  8
5TH-6TH_STABILIZER
 10
2.799316960634934
 20
71.1323359385562
 30
0.0
  0
VERTEX
  5
2FC
  8
5TH-6TH_STABILIZER
 10
2.795282892845222
 20
71.13718569090479
 30
0.0
  0
VERTEX
  5
2FD
  8
5TH-6TH_STABILIZER
 10
2.790844365420093
 20
71.14159351085578
 30
0.0
  0
VERTEX
  5
2FE
  8
5TH-6TH_STABILIZER
 10
2.786032811465015
 20
71.14552505305937
 30
0.0
  0
VERTEX
  5
2FF
  8
5TH-6TH_STABILIZER
 10
2.780879664085457
 20
71.14894597216572
 30
0.0
  0
VERTEX
  5
300
  8
5TH-6TH_STABILIZER
 10
2.77541635638689
 20
71.15182192282506
 30
0.0
  0
VERTEX
  5
301
  8
5TH-6TH_STABILIZER
 10
2.769674321474779
 20
71.15411855968756
 30
0.0
  0
VERTEX
  5
302
  8
5TH-6TH_STABILIZER
 10
2.763684992454595
 20
71.15580153740339
 30
0.0
  0
VERTEX
  5
303
  8
5TH-6TH_STABILIZER
 10
2.757479802431806
 20
71.15683651062275
 30
0.0
  0
VERTEX
  5
304
  8
5TH-6TH_STABILIZER
 10
2.751090184511881
 20
71.15718913399583
 30
0.0
  0
VERTEX
  5
305
  8
5TH-6TH_STABILIZER
 10
2.744700566591955
 20
71.15683651062275
 30
0.0
  0
VERTEX
  5
306
  8
5TH-6TH_STABILIZER
 10
2.738495376569166
 20
71.15580153740339
 30
0.0
  0
VERTEX
  5
307
  8
5TH-6TH_STABILIZER
 10
2.732506047548983
 20
71.15411855968756
 30
0.0
  0
VERTEX
  5
308
  8
5TH-6TH_STABILIZER
 10
2.726764012636872
 20
71.15182192282506
 30
0.0
  0
VERTEX
  5
309
  8
5TH-6TH_STABILIZER
 10
2.721300704938304
 20
71.14894597216572
 30
0.0
  0
VERTEX
  5
30A
  8
5TH-6TH_STABILIZER
 10
2.716147557558747
 20
71.14552505305937
 30
0.0
  0
VERTEX
  5
30B
  8
5TH-6TH_STABILIZER
 10
2.711336003603669
 20
71.14159351085578
 30
0.0
  0
VERTEX
  5
30C
  8
5TH-6TH_STABILIZER
 10
2.70689747617854
 20
71.13718569090479
 30
0.0
  0
VERTEX
  5
30D
  8
5TH-6TH_STABILIZER
 10
2.702863408388827
 20
71.1323359385562
 30
0.0
  0
VERTEX
  5
30E
  8
5TH-6TH_STABILIZER
 10
2.69926523334
 20
71.12707859915983
 30
0.0
  0
VERTEX
  5
30F
  8
5TH-6TH_STABILIZER
 10
2.696134384137528
 20
71.12144801806551
 30
0.0
  0
VERTEX
  5
310
  8
5TH-6TH_STABILIZER
 10
2.693502293886878
 20
71.115478540623
 30
0.0
  0
VERTEX
  5
311
  8
5TH-6TH_STABILIZER
 10
2.69140039569352
 20
71.10920451218216
 30
0.0
  0
VERTEX
  5
312
  8
5TH-6TH_STABILIZER
 10
2.689860122662922
 20
71.1026602780928
 30
0.0
  0
VERTEX
  5
313
  8
5TH-6TH_STABILIZER
 10
2.688912907900552
 20
71.09588018370472
 30
0.0
  0
VERTEX
  5
314
  8
5TH-6TH_STABILIZER
 10
2.688590184511881
 20
71.08889857436775
 30
0.0
  0
VERTEX
  5
315
  8
5TH-6TH_STABILIZER
 10
2.688912907900552
 20
71.08191696503077
 30
0.0
  0
VERTEX
  5
316
  8
5TH-6TH_STABILIZER
 10
2.689860122662922
 20
71.0751368706427
 30
0.0
  0
VERTEX
  5
317
  8
5TH-6TH_STABILIZER
 10
2.69140039569352
 20
71.06859263655333
 30
0.0
  0
VERTEX
  5
318
  8
5TH-6TH_STABILIZER
 10
2.693502293886878
 20
71.06231860811249
 30
0.0
  0
VERTEX
  5
319
  8
5TH-6TH_STABILIZER
 10
2.696134384137528
 20
71.05634913066999
 30
0.0
  0
VERTEX
  5
31A
  8
5TH-6TH_STABILIZER
 10
2.69926523334
 20
71.05071854957565
 30
0.0
  0
VERTEX
  5
31B
  8
5TH-6TH_STABILIZER
 10
2.702863408388827
 20
71.04546121017928
 30
0.0
  0
VERTEX
  5
31C
  8
5TH-6TH_STABILIZER
 10
2.70689747617854
 20
71.04061145783069
 30
0.0
  0
VERTEX
  5
31D
  8
5TH-6TH_STABILIZER
 10
2.711336003603669
 20
71.0362036378797
 30
0.0
  0
VERTEX
  5
31E
  8
5TH-6TH_STABILIZER
 10
2.716147557558747
 20
71.03227209567612
 30
0.0
  0
VERTEX
  5
31F
  8
5TH-6TH_STABILIZER
 10
2.721300704938304
 20
71.02885117656975
 30
0.0
  0
VERTEX
  5
320
  8
5TH-6TH_STABILIZER
 10
2.726764012636872
 20
71.0259752259104
 30
0.0
  0
VERTEX
  5
321
  8
5TH-6TH_STABILIZER
 10
2.732506047548983
 20
71.0236785890479
 30
0.0
  0
VERTEX
  5
322
  8
5TH-6TH_STABILIZER
 10
2.738495376569166
 20
71.02199561133207
 30
0.0
  0
VERTEX
  5
323
  8
5TH-6TH_STABILIZER
 10
2.744700566591955
 20
71.02096063811271
 30
0.0
  0
VERTEX
  5
324
  8
5TH-6TH_STABILIZER
 10
2.751090184511881
 20
71.02060801473964
 30
0.0
  0
VERTEX
  5
325
  8
5TH-6TH_STABILIZER
 10
2.757479802431806
 20
71.02096063811271
 30
0.0
  0
VERTEX
  5
326
  8
5TH-6TH_STABILIZER
 10
2.763684992454595
 20
71.02199561133207
 30
0.0
  0
VERTEX
  5
327
  8
5TH-6TH_STABILIZER
 10
2.769674321474779
 20
71.0236785890479
 30
0.0
  0
VERTEX
  5
328
  8
5TH-6TH_STABILIZER
 10
2.77541635638689
 20
71.0259752259104
 30
0.0
  0
VERTEX
  5
329
  8
5TH-6TH_STABILIZER
 10
2.780879664085457
 20
71.02885117656975
 30
0.0
  0
VERTEX
  5
32A
  8
5TH-6TH_STABILIZER
 10
2.786032811465015
 20
71.03227209567612
 30
0.0
  0
VERTEX
  5
32B
  8
5TH-6TH_STABILIZER
 10
2.790844365420093
 20
71.0362036378797
 30
0.0
  0
VERTEX
  5
32C
  8
5TH-6TH_STABILIZER
 10
2.795282892845222
 20
71.04061145783069
 30
0.0
  0
VERTEX
  5
32D
  8
5TH-6TH_STABILIZER
 10
2.799316960634934
 20
71.04546121017928
 30
0.0
  0
VERTEX
  5
32E
  8
5TH-6TH_STABILIZER
 10
2.802915135683762
 20
71.05071854957565
 30
0.0
  0
VERTEX
  5
32F
  8
5TH-6TH_STABILIZER
 10
2.806045984886234
 20
71.05634913066999
 30
0.0
  0
VERTEX
  5
330
  8
5TH-6TH_STABILIZER
 10
2.808678075136884
 20
71.06231860811249
 30
0.0
  0
VERTEX
  5
331
  8
5TH-6TH_STABILIZER
 10
2.810779973330242
 20
71.06859263655333
 30
0.0
  0
VERTEX
  5
332
  8
5TH-6TH_STABILIZER
 10
2.81232024636084
 20
71.0751368706427
 30
0.0
  0
VERTEX
  5
333
  8
5TH-6TH_STABILIZER
 10
2.81326746112321
 20
71.08191696503077
 30
0.0
  0
SEQEND
  5
D8C
  8
5TH-6TH_STABILIZER
  0
POLYLINE
  5
80
  8
5TH-6TH_STABILIZER
 66
     1
 10
0.0
 20
0.0
 30
0.0
  0
VERTEX
  5
334
  8
5TH-6TH_STABILIZER
 10
3.501092609565589
 20
72.20942252148741
 30
0.0
  0
VERTEX
  5
335
  8
5TH-6TH_STABILIZER
 10
3.492357871708628
 20
72.2274102081966
 30
0.0
  0
VERTEX
  5
336
  8
5TH-6TH_STABILIZER
 10
3.483299395453565
 20
72.24522420557324
 30
0.0
  0
VERTEX
  5
337
  8
5TH-6TH_STABILIZER
 10
3.473922261174998
 20
72.2628610069413
 30
0.0
  0
VERTEX
  5
338
  8
5TH-6TH_STABILIZER
 10
3.464231549247526
 20
72.28031710562482
 30
0.0
  0
VERTEX
  5
339
  8
5TH-6TH_STABILIZER
 10
3.454232340045748
 20
72.29758899494774
 30
0.0
  0
VERTEX
  5
33A
  8
5TH-6TH_STABILIZER
 10
3.443929713944264
 20
72.3146731682341
 30
0.0
  0
VERTEX
  5
33B
  8
5TH-6TH_STABILIZER
 10
3.433328751317672
 20
72.33156611880784
 30
0.0
  0
VERTEX
  5
33C
  8
5TH-6TH_STABILIZER
 10
3.422434532540571
 20
72.348264339993
 30
0.0
  0
VERTEX
  5
33D
  8
5TH-6TH_STABILIZER
 10
3.41125213798756
 20
72.36476432511353
 30
0.0
  0
VERTEX
  5
33E
  8
5TH-6TH_STABILIZER
 10
3.399786648033238
 20
72.38106256749347
 30
0.0
  0
VERTEX
  5
33F
  8
5TH-6TH_STABILIZER
 10
3.388043143052205
 20
72.39715556045678
 30
0.0
  0
VERTEX
  5
340
  8
5TH-6TH_STABILIZER
 10
3.376026703419059
 20
72.41303979732746
 30
0.0
  0
VERTEX
  5
341
  8
5TH-6TH_STABILIZER
 10
3.363742409508398
 20
72.42871177142949
 30
0.0
  0
VERTEX
  5
342
  8
5TH-6TH_STABILIZER
 10
3.351195341694823
 20
72.44416797608687
 30
0.0
  0
VERTEX
  5
343
  8
5TH-6TH_STABILIZER
 10
3.338390580352932
 20
72.4594049046236
 30
0.0
  0
VERTEX
  5
344
  8
5TH-6TH_STABILIZER
 10
3.325333205857325
 20
72.47441905036365
 30
0.0
  0
VERTEX
  5
345
  8
5TH-6TH_STABILIZER
 10
3.312028298582599
 20
72.48920690663103
 30
0.0
  0
VERTEX
  5
346
  8
5TH-6TH_STABILIZER
 10
3.298480938903354
 20
72.50376496674971
 30
0.0
  0
VERTEX
  5
347
  8
5TH-6TH_STABILIZER
 10
3.284696207194189
 20
72.51808972404373
 30
0.0
  0
VERTEX
  5
348
  8
5TH-6TH_STABILIZER
 10
3.270679183829704
 20
72.53217767183705
 30
0.0
  0
VERTEX
  5
349
  8
5TH-6TH_STABILIZER
 10
3.256434949184496
 20
72.54602530345366
 30
0.0
  0
VERTEX
  5
34A
  8
5TH-6TH_STABILIZER
 10
3.241968583633166
 20
72.55962911221755
 30
0.0
  0
VERTEX
  5
34B
  8
5TH-6TH_STABILIZER
 10
3.227285167550312
 20
72.57298559145272
 30
0.0
  0
VERTEX
  5
34C
  8
5TH-6TH_STABILIZER
 10
3.212389781310532
 20
72.58609123448316
 30
0.0
  0
VERTEX
  5
34D
  8
5TH-6TH_STABILIZER
 10
3.197287505288426
 20
72.59894253463287
 30
0.0
  0
VERTEX
  5
34E
  8
5TH-6TH_STABILIZER
 10
3.181983419858594
 20
72.61153598522581
 30
0.0
  0
VERTEX
  5
34F
  8
5TH-6TH_STABILIZER
 10
3.166482605395633
 20
72.623868079586
 30
0.0
  0
VERTEX
  5
350
  8
5TH-6TH_STABILIZER
 10
3.150790142274143
 20
72.63593531103744
 30
0.0
  0
VERTEX
  5
351
  8
5TH-6TH_STABILIZER
 10
3.134911110868724
 20
72.64773417290411
 30
0.0
  0
VERTEX
  5
352
  8
5TH-6TH_STABILIZER
 10
3.118850591553973
 20
72.65926115850999
 30
0.0
  0
VERTEX
  5
353
  8
5TH-6TH_STABILIZER
 10
3.10261366470449
 20
72.6705127611791
 30
0.0
  0
VERTEX
  5
354
  8
5TH-6TH_STABILIZER
 10
3.086205410694873
 20
72.68148547423539
 30
0.0
  0
VERTEX
  5
355
  8
5TH-6TH_STABILIZER
 10
3.069630909899723
 20
72.69217579100288
 30
0.0
  0
VERTEX
  5
356
  8
5TH-6TH_STABILIZER
 10
3.052895242693638
 20
72.70258020480557
 30
0.0
  0
VERTEX
  5
357
  8
5TH-6TH_STABILIZER
 10
3.036003489451216
 20
72.71269520896743
 30
0.0
  0
VERTEX
  5
358
  8
5TH-6TH_STABILIZER
 10
3.018960730547057
 20
72.72251729681246
 30
0.0
  0
VERTEX
  5
359
  8
5TH-6TH_STABILIZER
 10
3.00177204635576
 20
72.73204296166466
 30
0.0
  0
VERTEX
  5
35A
  8
5TH-6TH_STABILIZER
 10
2.984442517251924
 20
72.74126869684801
 30
0.0
  0
VERTEX
  5
35B
  8
5TH-6TH_STABILIZER
 10
2.966977223610147
 20
72.75019099568651
 30
0.0
  0
VERTEX
  5
35C
  8
5TH-6TH_STABILIZER
 10
2.949381245805029
 20
72.75880635150415
 30
0.0
  0
VERTEX
  5
35D
  8
5TH-6TH_STABILIZER
 10
2.931659664211169
 20
72.76711125762492
 30
0.0
  0
VERTEX
  5
35E
  8
5TH-6TH_STABILIZER
 10
2.913817559203166
 20
72.77510220737281
 30
0.0
  0
VERTEX
  5
35F
  8
5TH-6TH_STABILIZER
 10
2.895860011155619
 20
72.78277569407182
 30
0.0
  0
VERTEX
  5
360
  8
5TH-6TH_STABILIZER
 10
2.877792100443125
 20
72.79012821104592
 30
0.0
  0
VERTEX
  5
361
  8
5TH-6TH_STABILIZER
 10
2.859618907440287
 20
72.79715625161913
 30
0.0
  0
VERTEX
  5
362
  8
5TH-6TH_STABILIZER
 10
2.8413455125217
 20
72.80385630911545
 30
0.0
  0
VERTEX
  5
363
  8
5TH-6TH_STABILIZER
 10
2.822976996061965
 20
72.81022487685885
 30
0.0
  0
VERTEX
  5
364
  8
5TH-6TH_STABILIZER
 10
2.80451843843568
 20
72.8162584481733
 30
0.0
  0
VERTEX
  5
365
  8
5TH-6TH_STABILIZER
 10
2.785974920017446
 20
72.82195351638282
 30
0.0
  0
VERTEX
  5
366
  8
5TH-6TH_STABILIZER
 10
2.76735152118186
 20
72.82730657481139
 30
0.0
  0
VERTEX
  5
367
  8
5TH-6TH_STABILIZER
 10
2.748653322303522
 20
72.83231411678304
 30
0.0
  0
VERTEX
  5
368
  8
5TH-6TH_STABILIZER
 10
2.729885403757029
 20
72.8369726356217
 30
0.0
  0
VERTEX
  5
369
  8
5TH-6TH_STABILIZER
 10
2.711052845916983
 20
72.84127862465142
 30
0.0
  0
VERTEX
  5
36A
  8
5TH-6TH_STABILIZER
 10
2.692160729157981
 20
72.84522857719615
 30
0.0
  0
VERTEX
  5
36B
  8
5TH-6TH_STABILIZER
 10
2.673214133854623
 20
72.8488189865799
 30
0.0
  0
VERTEX
  5
36C
  8
5TH-6TH_STABILIZER
 10
2.654218140381507
 20
72.85204634612666
 30
0.0
  0
VERTEX
  5
36D
  8
5TH-6TH_STABILIZER
 10
2.635177829113233
 20
72.85490714916041
 30
0.0
  0
VERTEX
  5
36E
  8
5TH-6TH_STABILIZER
 10
2.616098280424399
 20
72.85739788900516
 30
0.0
  0
VERTEX
  5
36F
  8
5TH-6TH_STABILIZER
 10
2.596984574689605
 20
72.85951505898487
 30
0.0
  0
VERTEX
  5
370
  8
5TH-6TH_STABILIZER
 10
2.57784179228345
 20
72.86125515242358
 30
0.0
  0
VERTEX
  5
371
  8
5TH-6TH_STABILIZER
 10
2.558675013580531
 20
72.86261466264526
 30
0.0
  0
VERTEX
  5
372
  8
5TH-6TH_STABILIZER
 10
2.53948931895545
 20
72.86359008297389
 30
0.0
  0
VERTEX
  5
373
  8
5TH-6TH_STABILIZER
 10
2.520289788782804
 20
72.86417790673349
 30
0.0
  0
VERTEX
  5
374
  8
5TH-6TH_STABILIZER
 10
2.501081503437192
 20
72.86437462724801
 30
0.0
  0
VERTEX
  5
375
  8
5TH-6TH_STABILIZER
 10
1.001081503437192
 20
72.86437462724801
 30
0.0
  0
VERTEX
  5
376
  8
5TH-6TH_STABILIZER
 10
0.9818734259592634
 20
72.86417792064015
 30
0.0
  0
VERTEX
  5
377
  8
5TH-6TH_STABILIZER
 10
0.9626741248706693
 20
72.86359013835225
 30
0.0
  0
VERTEX
  5
378
  8
5TH-6TH_STABILIZER
 10
0.9434886796168227
 20
72.86261478668797
 30
0.0
  0
VERTEX
  5
379
  8
5TH-6TH_STABILIZER
 10
0.9243221696431372
 20
72.86125537195092
 30
0.0
  0
VERTEX
  5
37A
  8
5TH-6TH_STABILIZER
 10
0.9051796743950264
 20
72.8595154004447
 30
0.0
  0
VERTEX
  5
37B
  8
5TH-6TH_STABILIZER
 10
0.8860662733179039
 20
72.85739837847296
 30
0.0
  0
VERTEX
  5
37C
  8
5TH-6TH_STABILIZER
 10
0.8669870458571832
 20
72.8549078123393
 30
0.0
  0
VERTEX
  5
37D
  8
5TH-6TH_STABILIZER
 10
0.847947071458278
 20
72.85204720834736
 30
0.0
  0
VERTEX
  5
37E
  8
5TH-6TH_STABILIZER
 10
0.8289514295666017
 20
72.84882007280073
 30
0.0
  0
VERTEX
  5
37F
  8
5TH-6TH_STABILIZER
 10
0.810005199627568
 20
72.84522991200303
 30
0.0
  0
VERTEX
  5
380
  8
5TH-6TH_STABILIZER
 10
0.7911134610865905
 20
72.84128023225789
 30
0.0
  0
VERTEX
  5
381
  8
5TH-6TH_STABILIZER
 10
0.7722812933890826
 20
72.83697453986892
 30
0.0
  0
VERTEX
  5
382
  8
5TH-6TH_STABILIZER
 10
0.753513775980458
 20
72.83231634113974
 30
0.0
  0
VERTEX
  5
383
  8
5TH-6TH_STABILIZER
 10
0.7348159883061303
 20
72.82730914237398
 30
0.0
  0
VERTEX
  5
384
  8
5TH-6TH_STABILIZER
 10
0.716193009811513
 20
72.82195644987524
 30
0.0
  0
VERTEX
  5
385
  8
5TH-6TH_STABILIZER
 10
0.6976499199420196
 20
72.81626176994713
 30
0.0
  0
VERTEX
  5
386
  8
5TH-6TH_STABILIZER
 10
0.6791917981430639
 20
72.8102286088933
 30
0.0
  0
VERTEX
  5
387
  8
5TH-6TH_STABILIZER
 10
0.6608237238600593
 20
72.80386047301735
 30
0.0
  0
VERTEX
  5
388
  8
5TH-6TH_STABILIZER
 10
0.6425507765384194
 20
72.79716086862291
 30
0.0
  0
VERTEX
  5
389
  8
5TH-6TH_STABILIZER
 10
0.6243780356235578
 20
72.7901333020136
 30
0.0
  0
VERTEX
  5
38A
  8
5TH-6TH_STABILIZER
 10
0.6063105805608879
 20
72.78278127949301
 30
0.0
  0
VERTEX
  5
38B
  8
5TH-6TH_STABILIZER
 10
0.5883534907958237
 20
72.77510830736479
 30
0.0
  0
VERTEX
  5
38C
  8
5TH-6TH_STABILIZER
 10
0.5705118457737783
 20
72.76711789193254
 30
0.0
  0
VERTEX
  5
38D
  8
5TH-6TH_STABILIZER
 10
0.5527907249401656
 20
72.7588135394999
 30
0.0
  0
VERTEX
  5
38E
  8
5TH-6TH_STABILIZER
 10
0.5351952077403989
 20
72.75019875637047
 30
0.0
  0
VERTEX
  5
38F
  8
5TH-6TH_STABILIZER
 10
0.517730373619892
 20
72.74127704884786
 30
0.0
  0
VERTEX
  5
390
  8
5TH-6TH_STABILIZER
 10
0.5004013020240584
 20
72.7320519232357
 30
0.0
  0
VERTEX
  5
391
  8
5TH-6TH_STABILIZER
 10
0.4832130723983117
 20
72.72252688583761
 30
0.0
  0
VERTEX
  5
392
  8
5TH-6TH_STABILIZER
 10
0.4661707641880654
 20
72.7127054429572
 30
0.0
  0
VERTEX
  5
393
  8
5TH-6TH_STABILIZER
 10
0.449279456838733
 20
72.7025911008981
 30
0.0
  0
VERTEX
  5
394
  8
5TH-6TH_STABILIZER
 10
0.4325442297957283
 20
72.69218736596393
 30
0.0
  0
VERTEX
  5
395
  8
5TH-6TH_STABILIZER
 10
0.4159701625044647
 20
72.6814977444583
 30
0.0
  0
VERTEX
  5
396
  8
5TH-6TH_STABILIZER
 10
0.3995623344103558
 20
72.67052574268482
 30
0.0
  0
VERTEX
  5
397
  8
5TH-6TH_STABILIZER
 10
0.3833258249588153
 20
72.65927486694713
 30
0.0
  0
VERTEX
  5
398
  8
5TH-6TH_STABILIZER
 10
0.3672657135952566
 20
72.64774862354884
 30
0.0
  0
VERTEX
  5
399
  8
5TH-6TH_STABILIZER
 10
0.3513870797650933
 20
72.63595051879354
 30
0.0
  0
VERTEX
  5
39A
  8
5TH-6TH_STABILIZER
 10
0.3356950029137391
 20
72.62388405898487
 30
0.0
  0
VERTEX
  5
39B
  8
5TH-6TH_STABILIZER
 10
0.3201945624866074
 20
72.61155275042647
 30
0.0
  0
VERTEX
  5
39C
  8
5TH-6TH_STABILIZER
 10
0.3048908379291119
 20
72.59896009942194
 30
0.0
  0
VERTEX
  5
39D
  8
5TH-6TH_STABILIZER
 10
0.2897889086866661
 20
72.5861096122749
 30
0.0
  0
VERTEX
  5
39E
  8
5TH-6TH_STABILIZER
 10
0.2748938542046836
 20
72.57300479528895
 30
0.0
  0
VERTEX
  5
39F
  8
5TH-6TH_STABILIZER
 10
0.260210753928578
 20
72.55964915476774
 30
0.0
  0
VERTEX
  5
3A0
  8
5TH-6TH_STABILIZER
 10
0.2457446873037628
 20
72.54604619701486
 30
0.0
  0
VERTEX
  5
3A1
  8
5TH-6TH_STABILIZER
 10
0.2315007337756516
 20
72.53219942833394
 30
0.0
  0
VERTEX
  5
3A2
  8
5TH-6TH_STABILIZER
 10
0.217483972789658
 20
72.5181123550286
 30
0.0
  0
VERTEX
  5
3A3
  8
5TH-6TH_STABILIZER
 10
0.2036994837911956
 20
72.50378848340247
 30
0.0
  0
VERTEX
  5
3A4
  8
5TH-6TH_STABILIZER
 10
0.1901523462256779
 20
72.48923131975916
 30
0.0
  0
VERTEX
  5
3A5
  8
5TH-6TH_STABILIZER
 10
0.1768476395385186
 20
72.47444437040227
 30
0.0
  0
VERTEX
  5
3A6
  8
5TH-6TH_STABILIZER
 10
0.1637904431751311
 20
72.45943114163543
 30
0.0
  0
VERTEX
  5
3A7
  8
5TH-6TH_STABILIZER
 10
0.150985836580929
 20
72.44419513976227
 30
0.0
  0
VERTEX
  5
3A8
  8
5TH-6TH_STABILIZER
 10
0.138438899201326
 20
72.4287398710864
 30
0.0
  0
VERTEX
  5
3A9
  8
5TH-6TH_STABILIZER
 10
0.1261547104817355
 20
72.41306884191144
 30
0.0
  0
VERTEX
  5
3AA
  8
5TH-6TH_STABILIZER
 10
0.1141383498675713
 20
72.397185558541
 30
0.0
  0
VERTEX
  5
3AB
  8
5TH-6TH_STABILIZER
 10
0.1023948968042467
 20
72.3810935272787
 30
0.0
  0
VERTEX
  5
3AC
  8
5TH-6TH_STABILIZER
 10
0.0909294307371755
 20
72.36479625442816
 30
0.0
  0
VERTEX
  5
3AD
  8
5TH-6TH_STABILIZER
 10
0.0797470311117712
 20
72.34829724629301
 30
0.0
  0
VERTEX
  5
3AE
  8
5TH-6TH_STABILIZER
 10
0.0688527773734473
 20
72.33160000917687
 30
0.0
  0
VERTEX
  5
3AF
  8
5TH-6TH_STABILIZER
 10
0.0582517489676174
 20
72.31470804938334
 30
0.0
  0
VERTEX
  5
3B0
  8
5TH-6TH_STABILIZER
 10
0.0479490253396952
 20
72.29762487321605
 30
0.0
  0
VERTEX
  5
3B1
  8
5TH-6TH_STABILIZER
 10
0.0379496859350941
 20
72.28035398697861
 30
0.0
  0
VERTEX
  5
3B2
  8
5TH-6TH_STABILIZER
 10
0.0282588101992277
 20
72.26289889697465
 30
0.0
  0
VERTEX
  5
3B3
  8
5TH-6TH_STABILIZER
 10
0.0188814775775097
 20
72.24526310950776
 30
0.0
  0
VERTEX
  5
3B4
  8
5TH-6TH_STABILIZER
 10
0.0098227675153535
 20
72.22745013088159
 30
0.0
  0
VERTEX
  5
3B5
  8
5TH-6TH_STABILIZER
 10
0.0010877594581729
 20
72.20946346739977
 30
0.0
  0
SEQEND
  5
D8D
  8
5TH-6TH_STABILIZER
  0
POLYLINE
  5
81
  8
5TH-6TH_STABILIZER
 66
     1
 10
0.0
 20
0.0
 30
0.0
 70
     1
  0
VERTEX
  5
3B6
  8
5TH-6TH_STABILIZER
 10
0.8135901845118809
 20
81.61059857436773
 30
0.0
  0
VERTEX
  5
3B7
  8
5TH-6TH_STABILIZER
 10
0.8132674611232092
 20
81.6175801837047
 30
0.0
  0
VERTEX
  5
3B8
  8
5TH-6TH_STABILIZER
 10
0.8123202463608401
 20
81.62436027809278
 30
0.0
  0
VERTEX
  5
3B9
  8
5TH-6TH_STABILIZER
 10
0.8107799733302421
 20
81.63090451218214
 30
0.0
  0
VERTEX
  5
3BA
  8
5TH-6TH_STABILIZER
 10
0.8086780751368838
 20
81.63717854062298
 30
0.0
  0
VERTEX
  5
3BB
  8
5TH-6TH_STABILIZER
 10
0.806045984886234
 20
81.64314801806549
 30
0.0
  0
VERTEX
  5
3BC
  8
5TH-6TH_STABILIZER
 10
0.8029151356837614
 20
81.64877859915981
 30
0.0
  0
VERTEX
  5
3BD
  8
5TH-6TH_STABILIZER
 10
0.7993169606349345
 20
81.65403593855618
 30
0.0
  0
VERTEX
  5
3BE
  8
5TH-6TH_STABILIZER
 10
0.795282892845222
 20
81.65888569090477
 30
0.0
  0
VERTEX
  5
3BF
  8
5TH-6TH_STABILIZER
 10
0.7908443654200926
 20
81.66329351085577
 30
0.0
  0
VERTEX
  5
3C0
  8
5TH-6TH_STABILIZER
 10
0.786032811465015
 20
81.66722505305935
 30
0.0
  0
VERTEX
  5
3C1
  8
5TH-6TH_STABILIZER
 10
0.7808796640854578
 20
81.6706459721657
 30
0.0
  0
VERTEX
  5
3C2
  8
5TH-6TH_STABILIZER
 10
0.7754163563868897
 20
81.67352192282505
 30
0.0
  0
VERTEX
  5
3C3
  8
5TH-6TH_STABILIZER
 10
0.7696743214747792
 20
81.67581855968754
 30
0.0
  0
VERTEX
  5
3C4
  8
5TH-6TH_STABILIZER
 10
0.7636849924545952
 20
81.67750153740337
 30
0.0
  0
VERTEX
  5
3C5
  8
5TH-6TH_STABILIZER
 10
0.7574798024318062
 20
81.67853651062273
 30
0.0
  0
VERTEX
  5
3C6
  8
5TH-6TH_STABILIZER
 10
0.7510901845118809
 20
81.67888913399581
 30
0.0
  0
VERTEX
  5
3C7
  8
5TH-6TH_STABILIZER
 10
0.7447005665919556
 20
81.67853651062273
 30
0.0
  0
VERTEX
  5
3C8
  8
5TH-6TH_STABILIZER
 10
0.7384953765691666
 20
81.67750153740337
 30
0.0
  0
VERTEX
  5
3C9
  8
5TH-6TH_STABILIZER
 10
0.7325060475489826
 20
81.67581855968754
 30
0.0
  0
VERTEX
  5
3CA
  8
5TH-6TH_STABILIZER
 10
0.7267640126368722
 20
81.67352192282505
 30
0.0
  0
VERTEX
  5
3CB
  8
5TH-6TH_STABILIZER
 10
0.721300704938304
 20
81.6706459721657
 30
0.0
  0
VERTEX
  5
3CC
  8
5TH-6TH_STABILIZER
 10
0.7161475575587468
 20
81.66722505305935
 30
0.0
  0
VERTEX
  5
3CD
  8
5TH-6TH_STABILIZER
 10
0.7113360036036692
 20
81.66329351085577
 30
0.0
  0
VERTEX
  5
3CE
  8
5TH-6TH_STABILIZER
 10
0.7068974761785398
 20
81.65888569090477
 30
0.0
  0
VERTEX
  5
3CF
  8
5TH-6TH_STABILIZER
 10
0.7028634083888273
 20
81.65403593855618
 30
0.0
  0
VERTEX
  5
3D0
  8
5TH-6TH_STABILIZER
 10
0.6992652333400005
 20
81.64877859915981
 30
0.0
  0
VERTEX
  5
3D1
  8
5TH-6TH_STABILIZER
 10
0.6961343841375278
 20
81.64314801806549
 30
0.0
  0
VERTEX
  5
3D2
  8
5TH-6TH_STABILIZER
 10
0.693502293886878
 20
81.63717854062298
 30
0.0
  0
VERTEX
  5
3D3
  8
5TH-6TH_STABILIZER
 10
0.6914003956935197
 20
81.63090451218214
 30
0.0
  0
VERTEX
  5
3D4
  8
5TH-6TH_STABILIZER
 10
0.6898601226629217
 20
81.62436027809278
 30
0.0
  0
VERTEX
  5
3D5
  8
5TH-6TH_STABILIZER
 10
0.6889129079005526
 20
81.6175801837047
 30
0.0
  0
VERTEX
  5
3D6
  8
5TH-6TH_STABILIZER
 10
0.6885901845118809
 20
81.61059857436773
 30
0.0
  0
VERTEX
  5
3D7
  8
5TH-6TH_STABILIZER
 10
0.6889129079005526
 20
81.60361696503075
 30
0.0
  0
VERTEX
  5
3D8
  8
5TH-6TH_STABILIZER
 10
0.6898601226629217
 20
81.59683687064268
 30
0.0
  0
VERTEX
  5
3D9
  8
5TH-6TH_STABILIZER
 10
0.6914003956935197
 20
81.59029263655331
 30
0.0
  0
VERTEX
  5
3DA
  8
5TH-6TH_STABILIZER
 10
0.693502293886878
 20
81.58401860811247
 30
0.0
  0
VERTEX
  5
3DB
  8
5TH-6TH_STABILIZER
 10
0.6961343841375278
 20
81.57804913067
 30
0.0
  0
VERTEX
  5
3DC
  8
5TH-6TH_STABILIZER
 10
0.6992652333400005
 20
81.57241854957566
 30
0.0
  0
VERTEX
  5
3DD
  8
5TH-6TH_STABILIZER
 10
0.7028634083888273
 20
81.5671612101793
 30
0.0
  0
VERTEX
  5
3DE
  8
5TH-6TH_STABILIZER
 10
0.7068974761785398
 20
81.5623114578307
 30
0.0
  0
VERTEX
  5
3DF
  8
5TH-6TH_STABILIZER
 10
0.7113360036036692
 20
81.55790363787969
 30
0.0
  0
VERTEX
  5
3E0
  8
5TH-6TH_STABILIZER
 10
0.7161475575587468
 20
81.5539720956761
 30
0.0
  0
VERTEX
  5
3E1
  8
5TH-6TH_STABILIZER
 10
0.721300704938304
 20
81.55055117656975
 30
0.0
  0
VERTEX
  5
3E2
  8
5TH-6TH_STABILIZER
 10
0.7267640126368722
 20
81.54767522591041
 30
0.0
  0
VERTEX
  5
3E3
  8
5TH-6TH_STABILIZER
 10
0.7325060475489826
 20
81.54537858904791
 30
0.0
  0
VERTEX
  5
3E4
  8
5TH-6TH_STABILIZER
 10
0.7384953765691666
 20
81.54369561133207
 30
0.0
  0
VERTEX
  5
3E5
  8
5TH-6TH_STABILIZER
 10
0.7447005665919556
 20
81.5426606381127
 30
0.0
  0
VERTEX
  5
3E6
  8
5TH-6TH_STABILIZER
 10
0.7510901845118809
 20
81.54230801473962
 30
0.0
  0
VERTEX
  5
3E7
  8
5TH-6TH_STABILIZER
 10
0.7574798024318062
 20
81.5426606381127
 30
0.0
  0
VERTEX
  5
3E8
  8
5TH-6TH_STABILIZER
 10
0.7636849924545952
 20
81.54369561133207
 30
0.0
  0
VERTEX
  5
3E9
  8
5TH-6TH_STABILIZER
 10
0.7696743214747792
 20
81.54537858904791
 30
0.0
  0
VERTEX
  5
3EA
  8
5TH-6TH_STABILIZER
 10
0.7754163563868897
 20
81.54767522591041
 30
0.0
  0
VERTEX
  5
3EB
  8
5TH-6TH_STABILIZER
 10
0.7808796640854578
 20
81.55055117656975
 30
0.0
  0
VERTEX
  5
3EC
  8
5TH-6TH_STABILIZER
 10
0.786032811465015
 20
81.5539720956761
 30
0.0
  0
VERTEX
  5
3ED
  8
5TH-6TH_STABILIZER
 10
0.7908443654200926
 20
81.55790363787969
 30
0.0
  0
VERTEX
  5
3EE
  8
5TH-6TH_STABILIZER
 10
0.795282892845222
 20
81.5623114578307
 30
0.0
  0
VERTEX
  5
3EF
  8
5TH-6TH_STABILIZER
 10
0.7993169606349345
 20
81.5671612101793
 30
0.0
  0
VERTEX
  5
3F0
  8
5TH-6TH_STABILIZER
 10
0.8029151356837614
 20
81.57241854957566
 30
0.0
  0
VERTEX
  5
3F1
  8
5TH-6TH_STABILIZER
 10
0.806045984886234
 20
81.57804913067
 30
0.0
  0
VERTEX
  5
3F2
  8
5TH-6TH_STABILIZER
 10
0.8086780751368838
 20
81.58401860811247
 30
0.0
  0
VERTEX
  5
3F3
  8
5TH-6TH_STABILIZER
 10
0.8107799733302421
 20
81.59029263655331
 30
0.0
  0
VERTEX
  5
3F4
  8
5TH-6TH_STABILIZER
 10
0.8123202463608401
 20
81.59683687064268
 30
0.0
  0
VERTEX
  5
3F5
  8
5TH-6TH_STABILIZER
 10
0.8132674611232092
 20
81.60361696503075
 30
0.0
  0
SEQEND
  5
D8E
  8
5TH-6TH_STABILIZER
  0
POLYLINE
  5
82
  8
5TH-6TH_STABILIZER
 66
     1
 10
0.0
 20
0.0
 30
0.0
 70
     1
  0
VERTEX
  5
3F6
  8
5TH-6TH_STABILIZER
 10
2.813590184511881
 20
81.61059857436773
 30
0.0
  0
VERTEX
  5
3F7
  8
5TH-6TH_STABILIZER
 10
2.81326746112321
 20
81.6175801837047
 30
0.0
  0
VERTEX
  5
3F8
  8
5TH-6TH_STABILIZER
 10
2.81232024636084
 20
81.62436027809278
 30
0.0
  0
VERTEX
  5
3F9
  8
5TH-6TH_STABILIZER
 10
2.810779973330242
 20
81.63090451218214
 30
0.0
  0
VERTEX
  5
3FA
  8
5TH-6TH_STABILIZER
 10
2.808678075136884
 20
81.63717854062298
 30
0.0
  0
VERTEX
  5
3FB
  8
5TH-6TH_STABILIZER
 10
2.806045984886234
 20
81.64314801806549
 30
0.0
  0
VERTEX
  5
3FC
  8
5TH-6TH_STABILIZER
 10
2.802915135683762
 20
81.64877859915981
 30
0.0
  0
VERTEX
  5
3FD
  8
5TH-6TH_STABILIZER
 10
2.799316960634934
 20
81.65403593855618
 30
0.0
  0
VERTEX
  5
3FE
  8
5TH-6TH_STABILIZER
 10
2.795282892845222
 20
81.65888569090477
 30
0.0
  0
VERTEX
  5
3FF
  8
5TH-6TH_STABILIZER
 10
2.790844365420093
 20
81.66329351085577
 30
0.0
  0
VERTEX
  5
400
  8
5TH-6TH_STABILIZER
 10
2.786032811465015
 20
81.66722505305935
 30
0.0
  0
VERTEX
  5
401
  8
5TH-6TH_STABILIZER
 10
2.780879664085457
 20
81.6706459721657
 30
0.0
  0
VERTEX
  5
402
  8
5TH-6TH_STABILIZER
 10
2.77541635638689
 20
81.67352192282505
 30
0.0
  0
VERTEX
  5
403
  8
5TH-6TH_STABILIZER
 10
2.769674321474779
 20
81.67581855968754
 30
0.0
  0
VERTEX
  5
404
  8
5TH-6TH_STABILIZER
 10
2.763684992454595
 20
81.67750153740337
 30
0.0
  0
VERTEX
  5
405
  8
5TH-6TH_STABILIZER
 10
2.757479802431806
 20
81.67853651062273
 30
0.0
  0
VERTEX
  5
406
  8
5TH-6TH_STABILIZER
 10
2.751090184511881
 20
81.67888913399581
 30
0.0
  0
VERTEX
  5
407
  8
5TH-6TH_STABILIZER
 10
2.744700566591955
 20
81.67853651062273
 30
0.0
  0
VERTEX
  5
408
  8
5TH-6TH_STABILIZER
 10
2.738495376569166
 20
81.67750153740337
 30
0.0
  0
VERTEX
  5
409
  8
5TH-6TH_STABILIZER
 10
2.732506047548983
 20
81.67581855968754
 30
0.0
  0
VERTEX
  5
40A
  8
5TH-6TH_STABILIZER
 10
2.726764012636872
 20
81.67352192282505
 30
0.0
  0
VERTEX
  5
40B
  8
5TH-6TH_STABILIZER
 10
2.721300704938304
 20
81.6706459721657
 30
0.0
  0
VERTEX
  5
40C
  8
5TH-6TH_STABILIZER
 10
2.716147557558747
 20
81.66722505305935
 30
0.0
  0
VERTEX
  5
40D
  8
5TH-6TH_STABILIZER
 10
2.711336003603669
 20
81.66329351085577
 30
0.0
  0
VERTEX
  5
40E
  8
5TH-6TH_STABILIZER
 10
2.70689747617854
 20
81.65888569090477
 30
0.0
  0
VERTEX
  5
40F
  8
5TH-6TH_STABILIZER
 10
2.702863408388827
 20
81.65403593855618
 30
0.0
  0
VERTEX
  5
410
  8
5TH-6TH_STABILIZER
 10
2.69926523334
 20
81.64877859915981
 30
0.0
  0
VERTEX
  5
411
  8
5TH-6TH_STABILIZER
 10
2.696134384137528
 20
81.64314801806549
 30
0.0
  0
VERTEX
  5
412
  8
5TH-6TH_STABILIZER
 10
2.693502293886878
 20
81.63717854062298
 30
0.0
  0
VERTEX
  5
413
  8
5TH-6TH_STABILIZER
 10
2.69140039569352
 20
81.63090451218214
 30
0.0
  0
VERTEX
  5
414
  8
5TH-6TH_STABILIZER
 10
2.689860122662922
 20
81.62436027809278
 30
0.0
  0
VERTEX
  5
415
  8
5TH-6TH_STABILIZER
 10
2.688912907900552
 20
81.6175801837047
 30
0.0
  0
VERTEX
  5
416
  8
5TH-6TH_STABILIZER
 10
2.688590184511881
 20
81.61059857436773
 30
0.0
  0
VERTEX
  5
417
  8
5TH-6TH_STABILIZER
 10
2.688912907900552
 20
81.60361696503075
 30
0.0
  0
VERTEX
  5
418
  8
5TH-6TH_STABILIZER
 10
2.689860122662922
 20
81.59683687064268
 30
0.0
  0
VERTEX
  5
419
  8
5TH-6TH_STABILIZER
 10
2.69140039569352
 20
81.59029263655331
 30
0.0
  0
VERTEX
  5
41A
  8
5TH-6TH_STABILIZER
 10
2.693502293886878
 20
81.58401860811247
 30
0.0
  0
VERTEX
  5
41B
  8
5TH-6TH_STABILIZER
 10
2.696134384137528
 20
81.57804913067
 30
0.0
  0
VERTEX
  5
41C
  8
5TH-6TH_STABILIZER
 10
2.69926523334
 20
81.57241854957566
 30
0.0
  0
VERTEX
  5
41D
  8
5TH-6TH_STABILIZER
 10
2.702863408388827
 20
81.5671612101793
 30
0.0
  0
VERTEX
  5
41E
  8
5TH-6TH_STABILIZER
 10
2.70689747617854
 20
81.5623114578307
 30
0.0
  0
VERTEX
  5
41F
  8
5TH-6TH_STABILIZER
 10
2.711336003603669
 20
81.55790363787969
 30
0.0
  0
VERTEX
  5
420
  8
5TH-6TH_STABILIZER
 10
2.716147557558747
 20
81.5539720956761
 30
0.0
  0
VERTEX
  5
421
  8
5TH-6TH_STABILIZER
 10
2.721300704938304
 20
81.55055117656975
 30
0.0
  0
VERTEX
  5
422
  8
5TH-6TH_STABILIZER
 10
2.726764012636872
 20
81.54767522591041
 30
0.0
  0
VERTEX
  5
423
  8
5TH-6TH_STABILIZER
 10
2.732506047548983
 20
81.54537858904791
 30
0.0
  0
VERTEX
  5
424
  8
5TH-6TH_STABILIZER
 10
2.738495376569166
 20
81.54369561133207
 30
0.0
  0
VERTEX
  5
425
  8
5TH-6TH_STABILIZER
 10
2.744700566591955
 20
81.5426606381127
 30
0.0
  0
VERTEX
  5
426
  8
5TH-6TH_STABILIZER
 10
2.751090184511881
 20
81.54230801473962
 30
0.0
  0
VERTEX
  5
427
  8
5TH-6TH_STABILIZER
 10
2.757479802431806
 20
81.5426606381127
 30
0.0
  0
VERTEX
  5
428
  8
5TH-6TH_STABILIZER
 10
2.763684992454595
 20
81.54369561133207
 30
0.0
  0
VERTEX
  5
429
  8
5TH-6TH_STABILIZER
 10
2.769674321474779
 20
81.54537858904791
 30
0.0
  0
VERTEX
  5
42A
  8
5TH-6TH_STABILIZER
 10
2.77541635638689
 20
81.54767522591041
 30
0.0
  0
VERTEX
  5
42B
  8
5TH-6TH_STABILIZER
 10
2.780879664085457
 20
81.55055117656975
 30
0.0
  0
VERTEX
  5
42C
  8
5TH-6TH_STABILIZER
 10
2.786032811465015
 20
81.5539720956761
 30
0.0
  0
VERTEX
  5
42D
  8
5TH-6TH_STABILIZER
 10
2.790844365420093
 20
81.55790363787969
 30
0.0
  0
VERTEX
  5
42E
  8
5TH-6TH_STABILIZER
 10
2.795282892845222
 20
81.5623114578307
 30
0.0
  0
VERTEX
  5
42F
  8
5TH-6TH_STABILIZER
 10
2.799316960634934
 20
81.5671612101793
 30
0.0
  0
VERTEX
  5
430
  8
5TH-6TH_STABILIZER
 10
2.802915135683762
 20
81.57241854957566
 30
0.0
  0
VERTEX
  5
431
  8
5TH-6TH_STABILIZER
 10
2.806045984886234
 20
81.57804913067
 30
0.0
  0
VERTEX
  5
432
  8
5TH-6TH_STABILIZER
 10
2.808678075136884
 20
81.58401860811247
 30
0.0
  0
VERTEX
  5
433
  8
5TH-6TH_STABILIZER
 10
2.810779973330242
 20
81.59029263655331
 30
0.0
  0
VERTEX
  5
434
  8
5TH-6TH_STABILIZER
 10
2.81232024636084
 20
81.59683687064268
 30
0.0
  0
VERTEX
  5
435
  8
5TH-6TH_STABILIZER
 10
2.81326746112321
 20
81.60361696503075
 30
0.0
  0
SEQEND
  5
D8F
  8
5TH-6TH_STABILIZER
  0
POLYLINE
  5
83
  8
5TH-6TH_STABILIZER
 66
     1
 10
0.0
 20
0.0
 30
0.0
  0
VERTEX
  5
436
  8
5TH-6TH_STABILIZER
 10
3.501092609565589
 20
82.73122252148742
 30
0.0
  0
VERTEX
  5
437
  8
5TH-6TH_STABILIZER
 10
3.492357871708628
 20
82.74921020819662
 30
0.0
  0
VERTEX
  5
438
  8
5TH-6TH_STABILIZER
 10
3.483299395453565
 20
82.76702420557325
 30
0.0
  0
VERTEX
  5
439
  8
5TH-6TH_STABILIZER
 10
3.473922261174998
 20
82.78466100694132
 30
0.0
  0
VERTEX
  5
43A
  8
5TH-6TH_STABILIZER
 10
3.464231549247526
 20
82.80211710562482
 30
0.0
  0
VERTEX
  5
43B
  8
5TH-6TH_STABILIZER
 10
3.454232340045748
 20
82.81938899494774
 30
0.0
  0
VERTEX
  5
43C
  8
5TH-6TH_STABILIZER
 10
3.443929713944264
 20
82.83647316823411
 30
0.0
  0
VERTEX
  5
43D
  8
5TH-6TH_STABILIZER
 10
3.433328751317672
 20
82.85336611880786
 30
0.0
  0
VERTEX
  5
43E
  8
5TH-6TH_STABILIZER
 10
3.422434532540571
 20
82.87006433999301
 30
0.0
  0
VERTEX
  5
43F
  8
5TH-6TH_STABILIZER
 10
3.41125213798756
 20
82.88656432511354
 30
0.0
  0
VERTEX
  5
440
  8
5TH-6TH_STABILIZER
 10
3.399786648033238
 20
82.90286256749347
 30
0.0
  0
VERTEX
  5
441
  8
5TH-6TH_STABILIZER
 10
3.388043143052205
 20
82.91895556045677
 30
0.0
  0
VERTEX
  5
442
  8
5TH-6TH_STABILIZER
 10
3.376026703419059
 20
82.93483979732744
 30
0.0
  0
VERTEX
  5
443
  8
5TH-6TH_STABILIZER
 10
3.363742409508398
 20
82.95051177142948
 30
0.0
  0
VERTEX
  5
444
  8
5TH-6TH_STABILIZER
 10
3.351195341694823
 20
82.96596797608686
 30
0.0
  0
VERTEX
  5
445
  8
5TH-6TH_STABILIZER
 10
3.338390580352932
 20
82.98120490462358
 30
0.0
  0
VERTEX
  5
446
  8
5TH-6TH_STABILIZER
 10
3.325333205857325
 20
82.99621905036364
 30
0.0
  0
VERTEX
  5
447
  8
5TH-6TH_STABILIZER
 10
3.312028298582599
 20
83.01100690663102
 30
0.0
  0
VERTEX
  5
448
  8
5TH-6TH_STABILIZER
 10
3.298480938903354
 20
83.02556496674973
 30
0.0
  0
VERTEX
  5
449
  8
5TH-6TH_STABILIZER
 10
3.284696207194189
 20
83.03988972404373
 30
0.0
  0
VERTEX
  5
44A
  8
5TH-6TH_STABILIZER
 10
3.270679183829704
 20
83.05397767183703
 30
0.0
  0
VERTEX
  5
44B
  8
5TH-6TH_STABILIZER
 10
3.256434949184496
 20
83.06782530345365
 30
0.0
  0
VERTEX
  5
44C
  8
5TH-6TH_STABILIZER
 10
3.241968583633166
 20
83.08142911221753
 30
0.0
  0
VERTEX
  5
44D
  8
5TH-6TH_STABILIZER
 10
3.227285167550312
 20
83.0947855914527
 30
0.0
  0
VERTEX
  5
44E
  8
5TH-6TH_STABILIZER
 10
3.212389781310532
 20
83.10789123448315
 30
0.0
  0
VERTEX
  5
44F
  8
5TH-6TH_STABILIZER
 10
3.197287505288426
 20
83.12074253463285
 30
0.0
  0
VERTEX
  5
450
  8
5TH-6TH_STABILIZER
 10
3.181983419858594
 20
83.1333359852258
 30
0.0
  0
VERTEX
  5
451
  8
5TH-6TH_STABILIZER
 10
3.166482605395633
 20
83.14566807958599
 30
0.0
  0
VERTEX
  5
452
  8
5TH-6TH_STABILIZER
 10
3.150790142274143
 20
83.15773531103743
 30
0.0
  0
VERTEX
  5
453
  8
5TH-6TH_STABILIZER
 10
3.134911110868724
 20
83.1695341729041
 30
0.0
  0
VERTEX
  5
454
  8
5TH-6TH_STABILIZER
 10
3.118850591553973
 20
83.18106115850998
 30
0.0
  0
VERTEX
  5
455
  8
5TH-6TH_STABILIZER
 10
3.10261366470449
 20
83.19231276117908
 30
0.0
  0
VERTEX
  5
456
  8
5TH-6TH_STABILIZER
 10
3.086205410694873
 20
83.20328547423539
 30
0.0
  0
VERTEX
  5
457
  8
5TH-6TH_STABILIZER
 10
3.069630909899723
 20
83.2139757910029
 30
0.0
  0
VERTEX
  5
458
  8
5TH-6TH_STABILIZER
 10
3.052895242693638
 20
83.22438020480558
 30
0.0
  0
VERTEX
  5
459
  8
5TH-6TH_STABILIZER
 10
3.036003489451216
 20
83.23449520896745
 30
0.0
  0
VERTEX
  5
45A
  8
5TH-6TH_STABILIZER
 10
3.018960730547057
 20
83.24431729681247
 30
0.0
  0
VERTEX
  5
45B
  8
5TH-6TH_STABILIZER
 10
3.00177204635576
 20
83.25384296166467
 30
0.0
  0
VERTEX
  5
45C
  8
5TH-6TH_STABILIZER
 10
2.984442517251924
 20
83.26306869684802
 30
0.0
  0
VERTEX
  5
45D
  8
5TH-6TH_STABILIZER
 10
2.966977223610147
 20
83.27199099568652
 30
0.0
  0
VERTEX
  5
45E
  8
5TH-6TH_STABILIZER
 10
2.949381245805029
 20
83.28060635150416
 30
0.0
  0
VERTEX
  5
45F
  8
5TH-6TH_STABILIZER
 10
2.931659664211169
 20
83.28891125762493
 30
0.0
  0
VERTEX
  5
460
  8
5TH-6TH_STABILIZER
 10
2.913817559203166
 20
83.29690220737282
 30
0.0
  0
VERTEX
  5
461
  8
5TH-6TH_STABILIZER
 10
2.895860011155619
 20
83.30457569407183
 30
0.0
  0
VERTEX
  5
462
  8
5TH-6TH_STABILIZER
 10
2.877792100443125
 20
83.31192821104594
 30
0.0
  0
VERTEX
  5
463
  8
5TH-6TH_STABILIZER
 10
2.859618907440287
 20
83.31895625161914
 30
0.0
  0
VERTEX
  5
464
  8
5TH-6TH_STABILIZER
 10
2.8413455125217
 20
83.32565630911546
 30
0.0
  0
VERTEX
  5
465
  8
5TH-6TH_STABILIZER
 10
2.822976996061965
 20
83.33202487685887
 30
0.0
  0
VERTEX
  5
466
  8
5TH-6TH_STABILIZER
 10
2.80451843843568
 20
83.33805844817331
 30
0.0
  0
VERTEX
  5
467
  8
5TH-6TH_STABILIZER
 10
2.785974920017446
 20
83.34375351638283
 30
0.0
  0
VERTEX
  5
468
  8
5TH-6TH_STABILIZER
 10
2.76735152118186
 20
83.3491065748114
 30
0.0
  0
VERTEX
  5
469
  8
5TH-6TH_STABILIZER
 10
2.748653322303522
 20
83.35411411678305
 30
0.0
  0
VERTEX
  5
46A
  8
5TH-6TH_STABILIZER
 10
2.729885403757029
 20
83.35877263562172
 30
0.0
  0
VERTEX
  5
46B
  8
5TH-6TH_STABILIZER
 10
2.711052845916983
 20
83.36307862465144
 30
0.0
  0
VERTEX
  5
46C
  8
5TH-6TH_STABILIZER
 10
2.692160729157981
 20
83.36702857719617
 30
0.0
  0
VERTEX
  5
46D
  8
5TH-6TH_STABILIZER
 10
2.673214133854623
 20
83.37061898657991
 30
0.0
  0
VERTEX
  5
46E
  8
5TH-6TH_STABILIZER
 10
2.654218140381507
 20
83.37384634612667
 30
0.0
  0
VERTEX
  5
46F
  8
5TH-6TH_STABILIZER
 10
2.635177829113233
 20
83.37670714916042
 30
0.0
  0
VERTEX
  5
470
  8
5TH-6TH_STABILIZER
 10
2.616098280424399
 20
83.37919788900517
 30
0.0
  0
VERTEX
  5
471
  8
5TH-6TH_STABILIZER
 10
2.596984574689605
 20
83.38131505898488
 30
0.0
  0
VERTEX
  5
472
  8
5TH-6TH_STABILIZER
 10
2.57784179228345
 20
83.3830551524236
 30
0.0
  0
VERTEX
  5
473
  8
5TH-6TH_STABILIZER
 10
2.558675013580531
 20
83.38441466264527
 30
0.0
  0
VERTEX
  5
474
  8
5TH-6TH_STABILIZER
 10
2.53948931895545
 20
83.3853900829739
 30
0.0
  0
VERTEX
  5
475
  8
5TH-6TH_STABILIZER
 10
2.520289788782804
 20
83.3859779067335
 30
0.0
  0
VERTEX
  5
476
  8
5TH-6TH_STABILIZER
 10
2.501081503437192
 20
83.38617462724802
 30
0.0
  0
VERTEX
  5
477
  8
5TH-6TH_STABILIZER
 10
1.001081503437192
 20
83.38617462724802
 30
0.0
  0
VERTEX
  5
478
  8
5TH-6TH_STABILIZER
 10
0.9818734259592634
 20
83.38597792064016
 30
0.0
  0
VERTEX
  5
479
  8
5TH-6TH_STABILIZER
 10
0.9626741248706693
 20
83.38539013835226
 30
0.0
  0
VERTEX
  5
47A
  8
5TH-6TH_STABILIZER
 10
0.9434886796168227
 20
83.38441478668798
 30
0.0
  0
VERTEX
  5
47B
  8
5TH-6TH_STABILIZER
 10
0.9243221696431372
 20
83.38305537195093
 30
0.0
  0
VERTEX
  5
47C
  8
5TH-6TH_STABILIZER
 10
0.9051796743950264
 20
83.38131540044472
 30
0.0
  0
VERTEX
  5
47D
  8
5TH-6TH_STABILIZER
 10
0.8860662733179039
 20
83.37919837847298
 30
0.0
  0
VERTEX
  5
47E
  8
5TH-6TH_STABILIZER
 10
0.8669870458571832
 20
83.37670781233932
 30
0.0
  0
VERTEX
  5
47F
  8
5TH-6TH_STABILIZER
 10
0.847947071458278
 20
83.37384720834737
 30
0.0
  0
VERTEX
  5
480
  8
5TH-6TH_STABILIZER
 10
0.8289514295666017
 20
83.37062007280075
 30
0.0
  0
VERTEX
  5
481
  8
5TH-6TH_STABILIZER
 10
0.810005199627568
 20
83.36702991200305
 30
0.0
  0
VERTEX
  5
482
  8
5TH-6TH_STABILIZER
 10
0.7911134610865905
 20
83.3630802322579
 30
0.0
  0
VERTEX
  5
483
  8
5TH-6TH_STABILIZER
 10
0.7722812933890826
 20
83.35877453986893
 30
0.0
  0
VERTEX
  5
484
  8
5TH-6TH_STABILIZER
 10
0.753513775980458
 20
83.35411634113976
 30
0.0
  0
VERTEX
  5
485
  8
5TH-6TH_STABILIZER
 10
0.7348159883061303
 20
83.34910914237399
 30
0.0
  0
VERTEX
  5
486
  8
5TH-6TH_STABILIZER
 10
0.716193009811513
 20
83.34375644987526
 30
0.0
  0
VERTEX
  5
487
  8
5TH-6TH_STABILIZER
 10
0.6976499199420196
 20
83.33806176994715
 30
0.0
  0
VERTEX
  5
488
  8
5TH-6TH_STABILIZER
 10
0.6791917981430639
 20
83.33202860889331
 30
0.0
  0
VERTEX
  5
489
  8
5TH-6TH_STABILIZER
 10
0.6608237238600593
 20
83.32566047301736
 30
0.0
  0
VERTEX
  5
48A
  8
5TH-6TH_STABILIZER
 10
0.6425507765384194
 20
83.31896086862292
 30
0.0
  0
VERTEX
  5
48B
  8
5TH-6TH_STABILIZER
 10
0.6243780356235578
 20
83.31193330201361
 30
0.0
  0
VERTEX
  5
48C
  8
5TH-6TH_STABILIZER
 10
0.6063105805608879
 20
83.30458127949302
 30
0.0
  0
VERTEX
  5
48D
  8
5TH-6TH_STABILIZER
 10
0.5883534907958237
 20
83.2969083073648
 30
0.0
  0
VERTEX
  5
48E
  8
5TH-6TH_STABILIZER
 10
0.5705118457737783
 20
83.28891789193256
 30
0.0
  0
VERTEX
  5
48F
  8
5TH-6TH_STABILIZER
 10
0.5527907249401656
 20
83.28061353949991
 30
0.0
  0
VERTEX
  5
490
  8
5TH-6TH_STABILIZER
 10
0.5351952077403989
 20
83.27199875637048
 30
0.0
  0
VERTEX
  5
491
  8
5TH-6TH_STABILIZER
 10
0.517730373619892
 20
83.26307704884788
 30
0.0
  0
VERTEX
  5
492
  8
5TH-6TH_STABILIZER
 10
0.5004013020240584
 20
83.25385192323571
 30
0.0
  0
VERTEX
  5
493
  8
5TH-6TH_STABILIZER
 10
0.4832130723983117
 20
83.24432688583762
 30
0.0
  0
VERTEX
  5
494
  8
5TH-6TH_STABILIZER
 10
0.4661707641880654
 20
83.23450544295721
 30
0.0
  0
VERTEX
  5
495
  8
5TH-6TH_STABILIZER
 10
0.449279456838733
 20
83.22439110089812
 30
0.0
  0
VERTEX
  5
496
  8
5TH-6TH_STABILIZER
 10
0.4325442297957283
 20
83.21398736596394
 30
0.0
  0
VERTEX
  5
497
  8
5TH-6TH_STABILIZER
 10
0.4159701625044647
 20
83.20329774445831
 30
0.0
  0
VERTEX
  5
498
  8
5TH-6TH_STABILIZER
 10
0.3995623344103558
 20
83.19232574268483
 30
0.0
  0
VERTEX
  5
499
  8
5TH-6TH_STABILIZER
 10
0.3833258249588153
 20
83.18107486694714
 30
0.0
  0
VERTEX
  5
49A
  8
5TH-6TH_STABILIZER
 10
0.3672657135952566
 20
83.16954862354885
 30
0.0
  0
VERTEX
  5
49B
  8
5TH-6TH_STABILIZER
 10
0.3513870797650933
 20
83.15775051879355
 30
0.0
  0
VERTEX
  5
49C
  8
5TH-6TH_STABILIZER
 10
0.3356950029137391
 20
83.14568405898488
 30
0.0
  0
VERTEX
  5
49D
  8
5TH-6TH_STABILIZER
 10
0.3201945624866074
 20
83.13335275042648
 30
0.0
  0
VERTEX
  5
49E
  8
5TH-6TH_STABILIZER
 10
0.3048908379291119
 20
83.12076009942196
 30
0.0
  0
VERTEX
  5
49F
  8
5TH-6TH_STABILIZER
 10
0.2897889086866661
 20
83.10790961227491
 30
0.0
  0
VERTEX
  5
4A0
  8
5TH-6TH_STABILIZER
 10
0.2748938542046836
 20
83.09480479528897
 30
0.0
  0
VERTEX
  5
4A1
  8
5TH-6TH_STABILIZER
 10
0.260210753928578
 20
83.08144915476775
 30
0.0
  0
VERTEX
  5
4A2
  8
5TH-6TH_STABILIZER
 10
0.2457446873037628
 20
83.06784619701487
 30
0.0
  0
VERTEX
  5
4A3
  8
5TH-6TH_STABILIZER
 10
0.2315007337756516
 20
83.05399942833395
 30
0.0
  0
VERTEX
  5
4A4
  8
5TH-6TH_STABILIZER
 10
0.217483972789658
 20
83.03991235502862
 30
0.0
  0
VERTEX
  5
4A5
  8
5TH-6TH_STABILIZER
 10
0.2036994837911956
 20
83.02558848340249
 30
0.0
  0
VERTEX
  5
4A6
  8
5TH-6TH_STABILIZER
 10
0.1901523462256779
 20
83.01103131975917
 30
0.0
  0
VERTEX
  5
4A7
  8
5TH-6TH_STABILIZER
 10
0.1768476395385186
 20
82.99624437040228
 30
0.0
  0
VERTEX
  5
4A8
  8
5TH-6TH_STABILIZER
 10
0.1637904431751311
 20
82.98123114163545
 30
0.0
  0
VERTEX
  5
4A9
  8
5TH-6TH_STABILIZER
 10
0.150985836580929
 20
82.96599513976228
 30
0.0
  0
VERTEX
  5
4AA
  8
5TH-6TH_STABILIZER
 10
0.138438899201326
 20
82.95053987108642
 30
0.0
  0
VERTEX
  5
4AB
  8
5TH-6TH_STABILIZER
 10
0.1261547104817355
 20
82.93486884191145
 30
0.0
  0
VERTEX
  5
4AC
  8
5TH-6TH_STABILIZER
 10
0.1141383498675713
 20
82.91898555854101
 30
0.0
  0
VERTEX
  5
4AD
  8
5TH-6TH_STABILIZER
 10
0.1023948968042467
 20
82.9028935272787
 30
0.0
  0
VERTEX
  5
4AE
  8
5TH-6TH_STABILIZER
 10
0.0909294307371755
 20
82.88659625442817
 30
0.0
  0
VERTEX
  5
4AF
  8
5TH-6TH_STABILIZER
 10
0.0797470311117712
 20
82.87009724629303
 30
0.0
  0
VERTEX
  5
4B0
  8
5TH-6TH_STABILIZER
 10
0.0688527773734473
 20
82.85340000917688
 30
0.0
  0
VERTEX
  5
4B1
  8
5TH-6TH_STABILIZER
 10
0.0582517489676174
 20
82.83650804938335
 30
0.0
  0
VERTEX
  5
4B2
  8
5TH-6TH_STABILIZER
 10
0.0479490253396952
 20
82.81942487321606
 30
0.0
  0
VERTEX
  5
4B3
  8
5TH-6TH_STABILIZER
 10
0.0379496859350941
 20
82.80215398697862
 30
0.0
  0
VERTEX
  5
4B4
  8
5TH-6TH_STABILIZER
 10
0.0282588101992277
 20
82.78469889697466
 30
0.0
  0
VERTEX
  5
4B5
  8
5TH-6TH_STABILIZER
 10
0.0188814775775097
 20
82.76706310950777
 30
0.0
  0
VERTEX
  5
4B6
  8
5TH-6TH_STABILIZER
 10
0.0098227675153535
 20
82.7492501308816
 30
0.0
  0
VERTEX
  5
4B7
  8
5TH-6TH_STABILIZER
 10
0.0010877594581729
 20
82.73126346739978
 30
0.0
  0
SEQEND
  5
D90
  8
5TH-6TH_STABILIZER
  0
POLYLINE
  5
85
  8
T9-T3_POCKET
 66
     1
 10
0.0
 20
0.0
 30
0.0
 70
     1
  0
VERTEX
  5
4B8
  8
T9-T3_POCKET
 10
0.8223020725331126
 20
79.49356521178218
 30
0.0
  0
VERTEX
  5
4B9
  8
T9-T3_POCKET
 10
1.459448525466264
 20
79.49356521178218
 30
0.0
  0
VERTEX
  5
4BA
  8
T9-T3_POCKET
 10
1.48271542106334
 20
79.49336551181203
 30
0.0
  0
VERTEX
  5
4BB
  8
T9-T3_POCKET
 10
1.505416500078304
 20
79.49276641190156
 30
0.0
  0
VERTEX
  5
4BC
  8
T9-T3_POCKET
 10
1.527551762511157
 20
79.49176791205076
 30
0.0
  0
VERTEX
  5
4BD
  8
T9-T3_POCKET
 10
1.549121208361898
 20
79.49037001225967
 30
0.0
  0
VERTEX
  5
4BE
  8
T9-T3_POCKET
 10
1.570124837630529
 20
79.48857271252825
 30
0.0
  0
VERTEX
  5
4BF
  8
T9-T3_POCKET
 10
1.590562650317048
 20
79.48637601285654
 30
0.0
  0
VERTEX
  5
4C0
  8
T9-T3_POCKET
 10
1.610434646421457
 20
79.48377991324449
 30
0.0
  0
VERTEX
  5
4C1
  8
T9-T3_POCKET
 10
1.629740825943754
 20
79.48078441369213
 30
0.0
  0
VERTEX
  5
4C2
  8
T9-T3_POCKET
 10
1.64848118888394
 20
79.47738951419947
 30
0.0
  0
VERTEX
  5
4C3
  8
T9-T3_POCKET
 10
1.666655735242014
 20
79.47359521476649
 30
0.0
  0
VERTEX
  5
4C4
  8
T9-T3_POCKET
 10
1.684264465017978
 20
79.46940151539319
 30
0.0
  0
VERTEX
  5
4C5
  8
T9-T3_POCKET
 10
1.70130737821183
 20
79.46480841607959
 30
0.0
  0
VERTEX
  5
4C6
  8
T9-T3_POCKET
 10
1.717784474823572
 20
79.45981591682566
 30
0.0
  0
VERTEX
  5
4C7
  8
T9-T3_POCKET
 10
1.733695754853201
 20
79.45442401763142
 30
0.0
  0
VERTEX
  5
4C8
  8
T9-T3_POCKET
 10
1.74904121830072
 20
79.44863271849687
 30
0.0
  0
VERTEX
  5
4C9
  8
T9-T3_POCKET
 10
1.763820865166128
 20
79.44244201942202
 30
0.0
  0
VERTEX
  5
4CA
  8
T9-T3_POCKET
 10
1.778160432467671
 20
79.43587780744001
 30
0.0
  0
VERTEX
  5
4CB
  8
T9-T3_POCKET
 10
1.792185657223597
 20
79.42896596958403
 30
0.0
  0
VERTEX
  5
4CC
  8
T9-T3_POCKET
 10
1.805896539433906
 20
79.42170650585408
 30
0.0
  0
VERTEX
  5
4CD
  8
T9-T3_POCKET
 10
1.819293079098597
 20
79.41409941625014
 30
0.0
  0
VERTEX
  5
4CE
  8
T9-T3_POCKET
 10
1.832375276217671
 20
79.40614470077222
 30
0.0
  0
VERTEX
  5
4CF
  8
T9-T3_POCKET
 10
1.845143130791128
 20
79.39784235942031
 30
0.0
  0
VERTEX
  5
4D0
  8
T9-T3_POCKET
 10
1.857596642818967
 20
79.38919239219445
 30
0.0
  0
VERTEX
  5
4D1
  8
T9-T3_POCKET
 10
1.869735812301189
 20
79.3801947990946
 30
0.0
  0
VERTEX
  5
4D2
  8
T9-T3_POCKET
 10
1.881560639237794
 20
79.37084958012076
 30
0.0
  0
VERTEX
  5
4D3
  8
T9-T3_POCKET
 10
1.893071123628781
 20
79.36115673527297
 30
0.0
  0
VERTEX
  5
4D4
  8
T9-T3_POCKET
 10
1.904267265474151
 20
79.35111626455121
 30
0.0
  0
VERTEX
  5
4D5
  8
T9-T3_POCKET
 10
1.915149064773904
 20
79.34072816795546
 30
0.0
  0
VERTEX
  5
4D6
  8
T9-T3_POCKET
 10
1.925716521528039
 20
79.32999244548573
 30
0.0
  0
VERTEX
  5
4D7
  8
T9-T3_POCKET
 10
1.935969635736557
 20
79.31890909714201
 30
0.0
  0
VERTEX
  5
4D8
  8
T9-T3_POCKET
 10
1.945908407399458
 20
79.30747812292432
 30
0.0
  0
VERTEX
  5
4D9
  8
T9-T3_POCKET
 10
1.955532836516741
 20
79.29569952283266
 30
0.0
  0
VERTEX
  5
4DA
  8
T9-T3_POCKET
 10
1.964837375867015
 20
79.28362507093335
 30
0.0
  0
VERTEX
  5
4DB
  8
T9-T3_POCKET
 10
1.973816478228883
 20
79.27130654129274
 30
0.0
  0
VERTEX
  5
4DC
  8
T9-T3_POCKET
 10
1.982470143602349
 20
79.25874393391084
 30
0.0
  0
VERTEX
  5
4DD
  8
T9-T3_POCKET
 10
1.99079837198741
 20
79.24593724878763
 30
0.0
  0
VERTEX
  5
4DE
  8
T9-T3_POCKET
 10
1.998801163384067
 20
79.23288648592312
 30
0.0
  0
VERTEX
  5
4DF
  8
T9-T3_POCKET
 10
2.006478517792321
 20
79.2195916453173
 30
0.0
  0
VERTEX
  5
4E0
  8
T9-T3_POCKET
 10
2.013830435212171
 20
79.20605272697019
 30
0.0
  0
VERTEX
  5
4E1
  8
T9-T3_POCKET
 10
2.020856915643618
 20
79.19226973088176
 30
0.0
  0
VERTEX
  5
4E2
  8
T9-T3_POCKET
 10
2.027557959086661
 20
79.17824265705202
 30
0.0
  0
VERTEX
  5
4E3
  8
T9-T3_POCKET
 10
2.033933565541298
 20
79.163971505481
 30
0.0
  0
VERTEX
  5
4E4
  8
T9-T3_POCKET
 10
2.039983735007533
 20
79.14945627616868
 30
0.0
  0
VERTEX
  5
4E5
  8
T9-T3_POCKET
 10
2.045708467485364
 20
79.13469696911505
 30
0.0
  0
VERTEX
  5
4E6
  8
T9-T3_POCKET
 10
2.051107762974791
 20
79.11969358432012
 30
0.0
  0
VERTEX
  5
4E7
  8
T9-T3_POCKET
 10
2.056181621475814
 20
79.10444612178388
 30
0.0
  0
VERTEX
  5
4E8
  8
T9-T3_POCKET
 10
2.060930042988433
 20
79.08895458150634
 30
0.0
  0
VERTEX
  5
4E9
  8
T9-T3_POCKET
 10
2.065353027512649
 20
79.0732189634875
 30
0.0
  0
VERTEX
  5
4EA
  8
T9-T3_POCKET
 10
2.073341026318924
 20
79.0412669682624
 30
0.0
  0
VERTEX
  5
4EB
  8
T9-T3_POCKET
 10
2.080263958617697
 20
79.00884161014508
 30
0.0
  0
VERTEX
  5
4EC
  8
T9-T3_POCKET
 10
2.086121824408965
 20
78.97594288913552
 30
0.0
  0
VERTEX
  5
4ED
  8
T9-T3_POCKET
 10
2.090914623692731
 20
78.94257080523374
 30
0.0
  0
VERTEX
  5
4EE
  8
T9-T3_POCKET
 10
2.094642356468992
 20
78.90872535843975
 30
0.0
  0
VERTEX
  5
4EF
  8
T9-T3_POCKET
 10
2.097305022737751
 20
78.87440654875354
 30
0.0
  0
VERTEX
  5
4F0
  8
T9-T3_POCKET
 10
2.098902622499006
 20
78.83961437617509
 30
0.0
  0
VERTEX
  5
4F1
  8
T9-T3_POCKET
 10
2.099435155752758
 20
78.80434884070442
 30
0.0
  0
VERTEX
  5
4F2
  8
T9-T3_POCKET
 10
2.099237304856399
 20
78.7769289253576
 30
0.0
  0
VERTEX
  5
4F3
  8
T9-T3_POCKET
 10
2.098643752167322
 20
78.75028931915344
 30
0.0
  0
VERTEX
  5
4F4
  8
T9-T3_POCKET
 10
2.097654497685526
 20
78.72443002209192
 30
0.0
  0
VERTEX
  5
4F5
  8
T9-T3_POCKET
 10
2.096269541411012
 20
78.69935103417305
 30
0.0
  0
VERTEX
  5
4F6
  8
T9-T3_POCKET
 10
2.09448888334378
 20
78.67505235539682
 30
0.0
  0
VERTEX
  5
4F7
  8
T9-T3_POCKET
 10
2.092312523483829
 20
78.65153398576325
 30
0.0
  0
VERTEX
  5
4F8
  8
T9-T3_POCKET
 10
2.08974046183116
 20
78.62879592527233
 30
0.0
  0
VERTEX
  5
4F9
  8
T9-T3_POCKET
 10
2.086772698385773
 20
78.60683817392407
 30
0.0
  0
VERTEX
  5
4FA
  8
T9-T3_POCKET
 10
2.083409233147668
 20
78.58566073171843
 30
0.0
  0
VERTEX
  5
4FB
  8
T9-T3_POCKET
 10
2.079650066116844
 20
78.56526359865548
 30
0.0
  0
VERTEX
  5
4FC
  8
T9-T3_POCKET
 10
2.075495197293302
 20
78.54564677473515
 30
0.0
  0
VERTEX
  5
4FD
  8
T9-T3_POCKET
 10
2.070944626677042
 20
78.52681025995749
 30
0.0
  0
VERTEX
  5
4FE
  8
T9-T3_POCKET
 10
2.065998354268064
 20
78.50875405432247
 30
0.0
  0
VERTEX
  5
4FF
  8
T9-T3_POCKET
 10
2.060656380066367
 20
78.4914781578301
 30
0.0
  0
VERTEX
  5
500
  8
T9-T3_POCKET
 10
2.054918704071952
 20
78.47498257048038
 30
0.0
  0
VERTEX
  5
501
  8
T9-T3_POCKET
 10
2.048785326284818
 20
78.45926729227331
 30
0.0
  0
VERTEX
  5
502
  8
T9-T3_POCKET
 10
2.042300624476112
 20
78.44409749083657
 30
0.0
  0
VERTEX
  5
503
  8
T9-T3_POCKET
 10
2.03550897641698
 20
78.42923833379785
 30
0.0
  0
VERTEX
  5
504
  8
T9-T3_POCKET
 10
2.028410382107421
 20
78.41468982115718
 30
0.0
  0
VERTEX
  5
505
  8
T9-T3_POCKET
 10
2.021004841547437
 20
78.40045195291452
 30
0.0
  0
VERTEX
  5
506
  8
T9-T3_POCKET
 10
2.013292354737026
 20
78.38652472906988
 30
0.0
  0
VERTEX
  5
507
  8
T9-T3_POCKET
 10
2.005272921676189
 20
78.37290814962324
 30
0.0
  0
VERTEX
  5
508
  8
T9-T3_POCKET
 10
1.996946542364926
 20
78.35960221457464
 30
0.0
  0
VERTEX
  5
509
  8
T9-T3_POCKET
 10
1.988313216803235
 20
78.34660692392406
 30
0.0
  0
VERTEX
  5
50A
  8
T9-T3_POCKET
 10
1.979372944991119
 20
78.33392227767149
 30
0.0
  0
VERTEX
  5
50B
  8
T9-T3_POCKET
 10
1.970125726928577
 20
78.32154827581695
 30
0.0
  0
VERTEX
  5
50C
  8
T9-T3_POCKET
 10
1.960571562615607
 20
78.30948491836045
 30
0.0
  0
VERTEX
  5
50D
  8
T9-T3_POCKET
 10
1.950710452052212
 20
78.29773220530197
 30
0.0
  0
VERTEX
  5
50E
  8
T9-T3_POCKET
 10
1.940542395238391
 20
78.2862901366415
 30
0.0
  0
VERTEX
  5
50F
  8
T9-T3_POCKET
 10
1.930067392174143
 20
78.27515871237904
 30
0.0
  0
VERTEX
  5
510
  8
T9-T3_POCKET
 10
1.919285442859468
 20
78.26433793251462
 30
0.0
  0
VERTEX
  5
511
  8
T9-T3_POCKET
 10
1.908196547294368
 20
78.25382779704822
 30
0.0
  0
VERTEX
  5
512
  8
T9-T3_POCKET
 10
1.896902404537717
 20
78.24368932541515
 30
0.0
  0
VERTEX
  5
513
  8
T9-T3_POCKET
 10
1.885504713648392
 20
78.23398353705076
 30
0.0
  0
VERTEX
  5
514
  8
T9-T3_POCKET
 10
1.874003474626394
 20
78.22471043195506
 30
0.0
  0
VERTEX
  5
515
  8
T9-T3_POCKET
 10
1.862398687471721
 20
78.21587001012801
 30
0.0
  0
VERTEX
  5
516
  8
T9-T3_POCKET
 10
1.850690352184375
 20
78.20746227156965
 30
0.0
  0
VERTEX
  5
517
  8
T9-T3_POCKET
 10
1.838878468764354
 20
78.19948721627996
 30
0.0
  0
VERTEX
  5
518
  8
T9-T3_POCKET
 10
1.82696303721166
 20
78.19194484425893
 30
0.0
  0
VERTEX
  5
519
  8
T9-T3_POCKET
 10
1.814944057526291
 20
78.18483515550659
 30
0.0
  0
VERTEX
  5
51A
  8
T9-T3_POCKET
 10
1.802821529708249
 20
78.17815815002291
 30
0.0
  0
VERTEX
  5
51B
  8
T9-T3_POCKET
 10
1.790595453757533
 20
78.17191382780791
 30
0.0
  0
VERTEX
  5
51C
  8
T9-T3_POCKET
 10
1.778265829674142
 20
78.16610218886159
 30
0.0
  0
VERTEX
  5
51D
  8
T9-T3_POCKET
 10
1.765832657458078
 20
78.16072323318394
 30
0.0
  0
VERTEX
  5
51E
  8
T9-T3_POCKET
 10
1.75329593710934
 20
78.15577696077496
 30
0.0
  0
VERTEX
  5
51F
  8
T9-T3_POCKET
 10
1.740655668627928
 20
78.15126337163466
 30
0.0
  0
VERTEX
  5
520
  8
T9-T3_POCKET
 10
1.727911852013842
 20
78.14718246576302
 30
0.0
  0
VERTEX
  5
521
  8
T9-T3_POCKET
 10
1.715064487267083
 20
78.14353424316008
 30
0.0
  0
VERTEX
  5
522
  8
T9-T3_POCKET
 10
1.68021314432711
 20
78.1346586889309
 30
0.0
  0
VERTEX
  5
523
  8
T9-T3_POCKET
 10
1.646190186448529
 20
78.12696654193225
 30
0.0
  0
VERTEX
  5
524
  8
T9-T3_POCKET
 10
1.612995613631339
 20
78.12045780216418
 30
0.0
  0
VERTEX
  5
525
  8
T9-T3_POCKET
 10
1.580629425875541
 20
78.11513246962666
 30
0.0
  0
VERTEX
  5
526
  8
T9-T3_POCKET
 10
1.549091623181134
 20
78.1109905443197
 30
0.0
  0
VERTEX
  5
527
  8
T9-T3_POCKET
 10
1.518382205548119
 20
78.10803202624331
 30
0.0
  0
VERTEX
  5
528
  8
T9-T3_POCKET
 10
1.488501172976496
 20
78.10625691539747
 30
0.0
  0
VERTEX
  5
529
  8
T9-T3_POCKET
 10
1.459448525466264
 20
78.10566521178218
 30
0.0
  0
VERTEX
  5
52A
  8
T9-T3_POCKET
 10
0.8223020725331126
 20
78.10566521178218
 30
0.0
  0
SEQEND
  5
D91
  8
T9-T3_POCKET
  0
POLYLINE
  5
86
  8
T9-T3_POCKET
 66
     1
 10
0.0
 20
0.0
 30
0.0
 70
     1
  0
VERTEX
  5
52B
  8
T9-T3_POCKET
 10
1.251168852887819
 20
79.17925225134562
 30
0.0
  0
VERTEX
  5
52C
  8
T9-T3_POCKET
 10
1.251168852887819
 20
78.4209248980032
 30
0.0
  0
VERTEX
  5
52D
  8
T9-T3_POCKET
 10
1.356255414961489
 20
78.4209248980032
 30
0.0
  0
VERTEX
  5
52E
  8
T9-T3_POCKET
 10
1.388651187898051
 20
78.42139086460023
 30
0.0
  0
VERTEX
  5
52F
  8
T9-T3_POCKET
 10
1.418620976011967
 20
78.42278876439133
 30
0.0
  0
VERTEX
  5
530
  8
T9-T3_POCKET
 10
1.446164779303235
 20
78.4251185973765
 30
0.0
  0
VERTEX
  5
531
  8
T9-T3_POCKET
 10
1.459026936640377
 20
78.42663298881683
 30
0.0
  0
VERTEX
  5
532
  8
T9-T3_POCKET
 10
1.471282597771857
 20
78.42838036355572
 30
0.0
  0
VERTEX
  5
533
  8
T9-T3_POCKET
 10
1.482931762697676
 20
78.43036072159312
 30
0.0
  0
VERTEX
  5
534
  8
T9-T3_POCKET
 10
1.493974431417833
 20
78.43257406292902
 30
0.0
  0
VERTEX
  5
535
  8
T9-T3_POCKET
 10
1.504410603932328
 20
78.43502038756344
 30
0.0
  0
VERTEX
  5
536
  8
T9-T3_POCKET
 10
1.514240280241162
 20
78.43769969549638
 30
0.0
  0
VERTEX
  5
537
  8
T9-T3_POCKET
 10
1.523463460344334
 20
78.44061198672784
 30
0.0
  0
VERTEX
  5
538
  8
T9-T3_POCKET
 10
1.532080144241844
 20
78.44375726125782
 30
0.0
  0
VERTEX
  5
539
  8
T9-T3_POCKET
 10
1.540090331933692
 20
78.44713551908629
 30
0.0
  0
VERTEX
  5
53A
  8
T9-T3_POCKET
 10
1.547494023419879
 20
78.45074676021329
 30
0.0
  0
VERTEX
  5
53B
  8
T9-T3_POCKET
 10
1.554498314965752
 20
78.45464830592655
 30
0.0
  0
VERTEX
  5
53C
  8
T9-T3_POCKET
 10
1.56131030283666
 20
78.45889747751377
 30
0.0
  0
VERTEX
  5
53D
  8
T9-T3_POCKET
 10
1.567929987032601
 20
78.46349427497498
 30
0.0
  0
VERTEX
  5
53E
  8
T9-T3_POCKET
 10
1.574357367553576
 20
78.46843869831014
 30
0.0
  0
VERTEX
  5
53F
  8
T9-T3_POCKET
 10
1.580592444399586
 20
78.47373074751931
 30
0.0
  0
VERTEX
  5
540
  8
T9-T3_POCKET
 10
1.58663521757063
 20
78.47937042260244
 30
0.0
  0
VERTEX
  5
541
  8
T9-T3_POCKET
 10
1.592485687066707
 20
78.48535772355955
 30
0.0
  0
VERTEX
  5
542
  8
T9-T3_POCKET
 10
1.598143852887819
 20
78.49169265039063
 30
0.0
  0
VERTEX
  5
543
  8
T9-T3_POCKET
 10
1.603609715033965
 20
78.4983752030957
 30
0.0
  0
VERTEX
  5
544
  8
T9-T3_POCKET
 10
1.608883273505145
 20
78.50540538167475
 30
0.0
  0
VERTEX
  5
545
  8
T9-T3_POCKET
 10
1.61396452830136
 20
78.51278318612776
 30
0.0
  0
VERTEX
  5
546
  8
T9-T3_POCKET
 10
1.618853479422608
 20
78.52050861645475
 30
0.0
  0
VERTEX
  5
547
  8
T9-T3_POCKET
 10
1.62355012686889
 20
78.52858167265572
 30
0.0
  0
VERTEX
  5
548
  8
T9-T3_POCKET
 10
1.628054470640206
 20
78.53700235473067
 30
0.0
  0
VERTEX
  5
549
  8
T9-T3_POCKET
 10
1.632366510736557
 20
78.54577066267962
 30
0.0
  0
VERTEX
  5
54A
  8
T9-T3_POCKET
 10
1.636486247157942
 20
78.55488659650251
 30
0.0
  0
VERTEX
  5
54B
  8
T9-T3_POCKET
 10
1.640384094723597
 20
78.56453691265295
 30
0.0
  0
VERTEX
  5
54C
  8
T9-T3_POCKET
 10
1.644030468252758
 20
78.57490836758453
 30
0.0
  0
VERTEX
  5
54D
  8
T9-T3_POCKET
 10
1.647425367745425
 20
78.58600096129724
 30
0.0
  0
VERTEX
  5
54E
  8
T9-T3_POCKET
 10
1.650568793201598
 20
78.59781469379105
 30
0.0
  0
VERTEX
  5
54F
  8
T9-T3_POCKET
 10
1.653460744621278
 20
78.61034956506599
 30
0.0
  0
VERTEX
  5
550
  8
T9-T3_POCKET
 10
1.656101222004463
 20
78.62360557512204
 30
0.0
  0
VERTEX
  5
551
  8
T9-T3_POCKET
 10
1.658490225351155
 20
78.63758272395924
 30
0.0
  0
VERTEX
  5
552
  8
T9-T3_POCKET
 10
1.660627754661353
 20
78.65228101157754
 30
0.0
  0
VERTEX
  5
553
  8
T9-T3_POCKET
 10
1.662513809935057
 20
78.66770043797698
 30
0.0
  0
VERTEX
  5
554
  8
T9-T3_POCKET
 10
1.664148391172267
 20
78.68384100315753
 30
0.0
  0
VERTEX
  5
555
  8
T9-T3_POCKET
 10
1.665531498372983
 20
78.7007027071192
 30
0.0
  0
VERTEX
  5
556
  8
T9-T3_POCKET
 10
1.666663131537205
 20
78.71828554986199
 30
0.0
  0
VERTEX
  5
557
  8
T9-T3_POCKET
 10
1.668171975756168
 20
78.75561465169093
 30
0.0
  0
VERTEX
  5
558
  8
T9-T3_POCKET
 10
1.668674923829156
 20
78.79582830864439
 30
0.0
  0
VERTEX
  5
559
  8
T9-T3_POCKET
 10
1.668393864611899
 20
78.82285806941988
 30
0.0
  0
VERTEX
  5
55A
  8
T9-T3_POCKET
 10
1.667550686960125
 20
78.84880057480228
 30
0.0
  0
VERTEX
  5
55B
  8
T9-T3_POCKET
 10
1.666145390873836
 20
78.87365582479163
 30
0.0
  0
VERTEX
  5
55C
  8
T9-T3_POCKET
 10
1.664177976353031
 20
78.89742381938791
 30
0.0
  0
VERTEX
  5
55D
  8
T9-T3_POCKET
 10
1.66164844339771
 20
78.92010455859108
 30
0.0
  0
VERTEX
  5
55E
  8
T9-T3_POCKET
 10
1.658556792007874
 20
78.94169804240119
 30
0.0
  0
VERTEX
  5
55F
  8
T9-T3_POCKET
 10
1.654903022183522
 20
78.96220427081823
 30
0.0
  0
VERTEX
  5
560
  8
T9-T3_POCKET
 10
1.650687133924654
 20
78.9816232438422
 30
0.0
  0
VERTEX
  5
561
  8
T9-T3_POCKET
 10
1.645909127231271
 20
78.99995496147307
 30
0.0
  0
VERTEX
  5
562
  8
T9-T3_POCKET
 10
1.640569002103372
 20
79.01719942371088
 30
0.0
  0
VERTEX
  5
563
  8
T9-T3_POCKET
 10
1.634666758540957
 20
79.0333566305556
 30
0.0
  0
VERTEX
  5
564
  8
T9-T3_POCKET
 10
1.628202396544027
 20
79.04842658200727
 30
0.0
  0
VERTEX
  5
565
  8
T9-T3_POCKET
 10
1.621175916112581
 20
79.06240927806586
 30
0.0
  0
VERTEX
  5
566
  8
T9-T3_POCKET
 10
1.613587317246619
 20
79.07530471873136
 30
0.0
  0
VERTEX
  5
567
  8
T9-T3_POCKET
 10
1.605436599946141
 20
79.08711290400379
 30
0.0
  0
VERTEX
  5
568
  8
T9-T3_POCKET
 10
1.596723764211148
 20
79.09783383388313
 30
0.0
  0
VERTEX
  5
569
  8
T9-T3_POCKET
 10
1.587360054499347
 20
79.10769309537274
 30
0.0
  0
VERTEX
  5
56A
  8
T9-T3_POCKET
 10
1.577256715268447
 20
79.11691627547592
 30
0.0
  0
VERTEX
  5
56B
  8
T9-T3_POCKET
 10
1.566413746518447
 20
79.12550337419266
 30
0.0
  0
VERTEX
  5
56C
  8
T9-T3_POCKET
 10
1.554831148249347
 20
79.13345439152297
 30
0.0
  0
VERTEX
  5
56D
  8
T9-T3_POCKET
 10
1.542508920461148
 20
79.14076932746687
 30
0.0
  0
VERTEX
  5
56E
  8
T9-T3_POCKET
 10
1.529447063153849
 20
79.14744818202433
 30
0.0
  0
VERTEX
  5
56F
  8
T9-T3_POCKET
 10
1.515645576327451
 20
79.15349095519538
 30
0.0
  0
VERTEX
  5
570
  8
T9-T3_POCKET
 10
1.501104459981953
 20
79.15889764698
 30
0.0
  0
VERTEX
  5
571
  8
T9-T3_POCKET
 10
1.485823714117355
 20
79.16366825737819
 30
0.0
  0
VERTEX
  5
572
  8
T9-T3_POCKET
 10
1.469803338733658
 20
79.16780278638996
 30
0.0
  0
VERTEX
  5
573
  8
T9-T3_POCKET
 10
1.453043333830862
 20
79.1713012340153
 30
0.0
  0
VERTEX
  5
574
  8
T9-T3_POCKET
 10
1.435543699408965
 20
79.17416360025422
 30
0.0
  0
VERTEX
  5
575
  8
T9-T3_POCKET
 10
1.417304435467969
 20
79.1763898851067
 30
0.0
  0
VERTEX
  5
576
  8
T9-T3_POCKET
 10
1.398325542007874
 20
79.17798008857275
 30
0.0
  0
VERTEX
  5
577
  8
T9-T3_POCKET
 10
1.378607019028679
 20
79.1789342106524
 30
0.0
  0
VERTEX
  5
578
  8
T9-T3_POCKET
 10
1.358148866530384
 20
79.17925225134562
 30
0.0
  0
SEQEND
  5
D92
  8
T9-T3_POCKET
  0
POLYLINE
  5
87
  8
T9-T3_POCKET
 66
     1
 10
0.0
 20
0.0
 30
0.0
 70
     1
  0
VERTEX
  5
579
  8
T9-T3_POCKET
 10
2.514101049340752
 20
76.72249884070442
 30
0.0
  0
VERTEX
  5
57A
  8
T9-T3_POCKET
 10
2.514284107646729
 20
76.69001985944695
 30
0.0
  0
VERTEX
  5
57B
  8
T9-T3_POCKET
 10
2.51483328256466
 20
76.65885372058591
 30
0.0
  0
VERTEX
  5
57C
  8
T9-T3_POCKET
 10
2.515748574094546
 20
76.62900042412124
 30
0.0
  0
VERTEX
  5
57D
  8
T9-T3_POCKET
 10
2.517029982236386
 20
76.60045997005298
 30
0.0
  0
VERTEX
  5
57E
  8
T9-T3_POCKET
 10
2.518677506990181
 20
76.57323235838112
 30
0.0
  0
VERTEX
  5
57F
  8
T9-T3_POCKET
 10
2.520691148355929
 20
76.54731758910569
 30
0.0
  0
VERTEX
  5
580
  8
T9-T3_POCKET
 10
2.523070906333632
 20
76.52271566222663
 30
0.0
  0
VERTEX
  5
581
  8
T9-T3_POCKET
 10
2.525816780923289
 20
76.49942657774398
 30
0.0
  0
VERTEX
  5
582
  8
T9-T3_POCKET
 10
2.528928772124901
 20
76.47745033565772
 30
0.0
  0
VERTEX
  5
583
  8
T9-T3_POCKET
 10
2.532406879938466
 20
76.45678693596788
 30
0.0
  0
VERTEX
  5
584
  8
T9-T3_POCKET
 10
2.536251104363987
 20
76.43743637867443
 30
0.0
  0
VERTEX
  5
585
  8
T9-T3_POCKET
 10
2.540461445401461
 20
76.4193986637774
 30
0.0
  0
VERTEX
  5
586
  8
T9-T3_POCKET
 10
2.54503790305089
 20
76.40267379127675
 30
0.0
  0
VERTEX
  5
587
  8
T9-T3_POCKET
 10
2.549980477312273
 20
76.38726176117254
 30
0.0
  0
VERTEX
  5
588
  8
T9-T3_POCKET
 10
2.55528916818561
 20
76.3731625734647
 30
0.0
  0
VERTEX
  5
589
  8
T9-T3_POCKET
 10
2.560963975670902
 20
76.36037622815326
 30
0.0
  0
VERTEX
  5
58A
  8
T9-T3_POCKET
 10
2.566986409030171
 20
76.34862536416856
 30
0.0
  0
VERTEX
  5
58B
  8
T9-T3_POCKET
 10
2.573337977525438
 20
76.33763262044096
 30
0.0
  0
VERTEX
  5
58C
  8
T9-T3_POCKET
 10
2.580018681156706
 20
76.3273979969704
 30
0.0
  0
VERTEX
  5
58D
  8
T9-T3_POCKET
 10
2.587028519923972
 20
76.31792149375694
 30
0.0
  0
VERTEX
  5
58E
  8
T9-T3_POCKET
 10
2.594367493827237
 20
76.30920311080055
 30
0.0
  0
VERTEX
  5
58F
  8
T9-T3_POCKET
 10
2.602035602866502
 20
76.30124284810125
 30
0.0
  0
VERTEX
  5
590
  8
T9-T3_POCKET
 10
2.610032847041767
 20
76.294040705659
 30
0.0
  0
VERTEX
  5
591
  8
T9-T3_POCKET
 10
2.61835922635303
 20
76.28759668347385
 30
0.0
  0
VERTEX
  5
592
  8
T9-T3_POCKET
 10
2.627014740800293
 20
76.28191078154576
 30
0.0
  0
VERTEX
  5
593
  8
T9-T3_POCKET
 10
2.635999390383556
 20
76.27698299987478
 30
0.0
  0
VERTEX
  5
594
  8
T9-T3_POCKET
 10
2.645313175102817
 20
76.27281333846085
 30
0.0
  0
VERTEX
  5
595
  8
T9-T3_POCKET
 10
2.654956094958078
 20
76.269401797304
 30
0.0
  0
VERTEX
  5
596
  8
T9-T3_POCKET
 10
2.664928149949338
 20
76.26674837640422
 30
0.0
  0
VERTEX
  5
597
  8
T9-T3_POCKET
 10
2.675229340076597
 20
76.26485307576154
 30
0.0
  0
VERTEX
  5
598
  8
T9-T3_POCKET
 10
2.685859665339856
 20
76.26371589537592
 30
0.0
  0
VERTEX
  5
599
  8
T9-T3_POCKET
 10
2.696819125739115
 20
76.26333683524739
 30
0.0
  0
VERTEX
  5
59A
  8
T9-T3_POCKET
 10
2.704095231133257
 20
76.2634977046678
 30
0.0
  0
VERTEX
  5
59B
  8
T9-T3_POCKET
 10
2.711249297656748
 20
76.26398031292901
 30
0.0
  0
VERTEX
  5
59C
  8
T9-T3_POCKET
 10
2.718281325309587
 20
76.26478466003103
 30
0.0
  0
VERTEX
  5
59D
  8
T9-T3_POCKET
 10
2.725191314091775
 20
76.26591074597386
 30
0.0
  0
VERTEX
  5
59E
  8
T9-T3_POCKET
 10
2.731979264003312
 20
76.2673585707575
 30
0.0
  0
VERTEX
  5
59F
  8
T9-T3_POCKET
 10
2.738645175044196
 20
76.26912813438193
 30
0.0
  0
VERTEX
  5
5A0
  8
T9-T3_POCKET
 10
2.74518904721443
 20
76.27121943684719
 30
0.0
  0
VERTEX
  5
5A1
  8
T9-T3_POCKET
 10
2.751610880514012
 20
76.27363247815325
 30
0.0
  0
VERTEX
  5
5A2
  8
T9-T3_POCKET
 10
2.757910674942943
 20
76.27636725830013
 30
0.0
  0
VERTEX
  5
5A3
  8
T9-T3_POCKET
 10
2.764088430501222
 20
76.2794237772878
 30
0.0
  0
VERTEX
  5
5A4
  8
T9-T3_POCKET
 10
2.770144147188851
 20
76.28280203511629
 30
0.0
  0
VERTEX
  5
5A5
  8
T9-T3_POCKET
 10
2.776077825005827
 20
76.28650203178557
 30
0.0
  0
VERTEX
  5
5A6
  8
T9-T3_POCKET
 10
2.781889463952152
 20
76.29052376729567
 30
0.0
  0
VERTEX
  5
5A7
  8
T9-T3_POCKET
 10
2.787579064027825
 20
76.29486724164659
 30
0.0
  0
VERTEX
  5
5A8
  8
T9-T3_POCKET
 10
2.793146625232847
 20
76.29953245483833
 30
0.0
  0
VERTEX
  5
5A9
  8
T9-T3_POCKET
 10
2.798592147567219
 20
76.30451940687085
 30
0.0
  0
VERTEX
  5
5AA
  8
T9-T3_POCKET
 10
2.803887894923972
 20
76.30985398477736
 30
0.0
  0
VERTEX
  5
5AB
  8
T9-T3_POCKET
 10
2.809006131196141
 20
76.315562075591
 30
0.0
  0
VERTEX
  5
5AC
  8
T9-T3_POCKET
 10
2.813946856383726
 20
76.32164367931182
 30
0.0
  0
VERTEX
  5
5AD
  8
T9-T3_POCKET
 10
2.818710070486728
 20
76.32809879593975
 30
0.0
  0
VERTEX
  5
5AE
  8
T9-T3_POCKET
 10
2.823295773505145
 20
76.33492742547485
 30
0.0
  0
VERTEX
  5
5AF
  8
T9-T3_POCKET
 10
2.827703965438979
 20
76.34212956791707
 30
0.0
  0
VERTEX
  5
5B0
  8
T9-T3_POCKET
 10
2.831934646288229
 20
76.34970522326645
 30
0.0
  0
VERTEX
  5
5B1
  8
T9-T3_POCKET
 10
2.835987816052894
 20
76.35765439152297
 30
0.0
  0
VERTEX
  5
5B2
  8
T9-T3_POCKET
 10
2.839863474732976
 20
76.36597707268663
 30
0.0
  0
VERTEX
  5
5B3
  8
T9-T3_POCKET
 10
2.843561622328474
 20
76.37467326675744
 30
0.0
  0
VERTEX
  5
5B4
  8
T9-T3_POCKET
 10
2.850425384265718
 20
76.3931861936205
 30
0.0
  0
VERTEX
  5
5B5
  8
T9-T3_POCKET
 10
2.856579101864626
 20
76.41319317211213
 30
0.0
  0
VERTEX
  5
5B6
  8
T9-T3_POCKET
 10
2.8620227751252
 20
76.43469420223238
 30
0.0
  0
VERTEX
  5
5B7
  8
T9-T3_POCKET
 10
2.864487590497599
 20
76.44620653569717
 30
0.0
  0
VERTEX
  5
5B8
  8
T9-T3_POCKET
 10
2.866793385523392
 20
76.45849548015701
 30
0.0
  0
VERTEX
  5
5B9
  8
T9-T3_POCKET
 10
2.870927914535159
 20
76.48540320206185
 30
0.0
  0
VERTEX
  5
5BA
  8
T9-T3_POCKET
 10
2.8744263621605
 20
76.51541736794691
 30
0.0
  0
VERTEX
  5
5BB
  8
T9-T3_POCKET
 10
2.877288728399415
 20
76.54853797781219
 30
0.0
  0
VERTEX
  5
5BC
  8
T9-T3_POCKET
 10
2.879515013251905
 20
76.58476503165768
 30
0.0
  0
VERTEX
  5
5BD
  8
T9-T3_POCKET
 10
2.881105216717969
 20
76.6240985294834
 30
0.0
  0
VERTEX
  5
5BE
  8
T9-T3_POCKET
 10
2.882059338797607
 20
76.66653847128934
 30
0.0
  0
VERTEX
  5
5BF
  8
T9-T3_POCKET
 10
2.88237737949082
 20
76.7120848570755
 30
0.0
  0
VERTEX
  5
5C0
  8
T9-T3_POCKET
 10
2.882194321184843
 20
76.74593215294328
 30
0.0
  0
VERTEX
  5
5C1
  8
T9-T3_POCKET
 10
2.881645146266912
 20
76.778363058282
 30
0.0
  0
VERTEX
  5
5C2
  8
T9-T3_POCKET
 10
2.880729854737026
 20
76.80937757309164
 30
0.0
  0
VERTEX
  5
5C3
  8
T9-T3_POCKET
 10
2.879448446595186
 20
76.83897569737222
 30
0.0
  0
VERTEX
  5
5C4
  8
T9-T3_POCKET
 10
2.877800921841391
 20
76.8671574311237
 30
0.0
  0
VERTEX
  5
5C5
  8
T9-T3_POCKET
 10
2.875787280475643
 20
76.89392277434612
 30
0.0
  0
VERTEX
  5
5C6
  8
T9-T3_POCKET
 10
2.87340752249794
 20
76.91927172703946
 30
0.0
  0
VERTEX
  5
5C7
  8
T9-T3_POCKET
 10
2.870661647908283
 20
76.94320428920373
 30
0.0
  0
VERTEX
  5
5C8
  8
T9-T3_POCKET
 10
2.867549656706671
 20
76.96572046083892
 30
0.0
  0
VERTEX
  5
5C9
  8
T9-T3_POCKET
 10
2.864071548893106
 20
76.98682024194503
 30
0.0
  0
VERTEX
  5
5CA
  8
T9-T3_POCKET
 10
2.860227324467585
 20
77.00650363252205
 30
0.0
  0
VERTEX
  5
5CB
  8
T9-T3_POCKET
 10
2.856016983430111
 20
77.02477063257004
 30
0.0
  0
VERTEX
  5
5CC
  8
T9-T3_POCKET
 10
2.851440525780682
 20
77.04162124208892
 30
0.0
  0
VERTEX
  5
5CD
  8
T9-T3_POCKET
 10
2.8464979515193
 20
77.05705546107873
 30
0.0
  0
VERTEX
  5
5CE
  8
T9-T3_POCKET
 10
2.841189260645962
 20
77.07107328953947
 30
0.0
  0
VERTEX
  5
5CF
  8
T9-T3_POCKET
 10
2.83551445316067
 20
77.08367472747113
 30
0.0
  0
VERTEX
  5
5D0
  8
T9-T3_POCKET
 10
2.829473529063424
 20
77.0951963063049
 30
0.0
  0
VERTEX
  5
5D1
  8
T9-T3_POCKET
 10
2.823066488354224
 20
77.105974557472
 30
0.0
  0
VERTEX
  5
5D2
  8
T9-T3_POCKET
 10
2.816293331033069
 20
77.11600948097237
 30
0.0
  0
VERTEX
  5
5D3
  8
T9-T3_POCKET
 10
2.809154057099961
 20
77.12530107680607
 30
0.0
  0
VERTEX
  5
5D4
  8
T9-T3_POCKET
 10
2.801648666554898
 20
77.13384934497304
 30
0.0
  0
VERTEX
  5
5D5
  8
T9-T3_POCKET
 10
2.793777159397881
 20
77.14165428547335
 30
0.0
  0
VERTEX
  5
5D6
  8
T9-T3_POCKET
 10
2.785539535628909
 20
77.14871589830693
 30
0.0
  0
VERTEX
  5
5D7
  8
T9-T3_POCKET
 10
2.776935795247983
 20
77.15503418347386
 30
0.0
  0
VERTEX
  5
5D8
  8
T9-T3_POCKET
 10
2.767965938255102
 20
77.16060914097407
 30
0.0
  0
VERTEX
  5
5D9
  8
T9-T3_POCKET
 10
2.758629964650268
 20
77.1654407708076
 30
0.0
  0
VERTEX
  5
5DA
  8
T9-T3_POCKET
 10
2.748927874433479
 20
77.16952907297443
 30
0.0
  0
VERTEX
  5
5DB
  8
T9-T3_POCKET
 10
2.738859667604736
 20
77.17287404747455
 30
0.0
  0
VERTEX
  5
5DC
  8
T9-T3_POCKET
 10
2.728425344164038
 20
77.17547569430798
 30
0.0
  0
VERTEX
  5
5DD
  8
T9-T3_POCKET
 10
2.717624904111387
 20
77.17733401347472
 30
0.0
  0
VERTEX
  5
5DE
  8
T9-T3_POCKET
 10
2.706458347446781
 20
77.17844900497475
 30
0.0
  0
VERTEX
  5
5DF
  8
T9-T3_POCKET
 10
2.69492567417022
 20
77.1788206688081
 30
0.0
  0
VERTEX
  5
5E0
  8
T9-T3_POCKET
 10
2.683180357406918
 20
77.17844160867956
 30
0.0
  0
VERTEX
  5
5E1
  8
T9-T3_POCKET
 10
2.671849233174313
 20
77.17730442829394
 30
0.0
  0
VERTEX
  5
5E2
  8
T9-T3_POCKET
 10
2.660932301472402
 20
77.17540912765125
 30
0.0
  0
VERTEX
  5
5E3
  8
T9-T3_POCKET
 10
2.650429562301189
 20
77.17275570675147
 30
0.0
  0
VERTEX
  5
5E4
  8
T9-T3_POCKET
 10
2.64034101566067
 20
77.16934416559462
 30
0.0
  0
VERTEX
  5
5E5
  8
T9-T3_POCKET
 10
2.630666661550848
 20
77.1651745041807
 30
0.0
  0
VERTEX
  5
5E6
  8
T9-T3_POCKET
 10
2.62140649997172
 20
77.16024672250971
 30
0.0
  0
VERTEX
  5
5E7
  8
T9-T3_POCKET
 10
2.61256053092329
 20
77.15456082058164
 30
0.0
  0
VERTEX
  5
5E8
  8
T9-T3_POCKET
 10
2.604128754405554
 20
77.1481167983965
 30
0.0
  0
VERTEX
  5
5E9
  8
T9-T3_POCKET
 10
2.596111170418514
 20
77.14091465595425
 30
0.0
  0
VERTEX
  5
5EA
  8
T9-T3_POCKET
 10
2.58850777896217
 20
77.13295439325495
 30
0.0
  0
VERTEX
  5
5EB
  8
T9-T3_POCKET
 10
2.581318580036522
 20
77.12423601029855
 30
0.0
  0
VERTEX
  5
5EC
  8
T9-T3_POCKET
 10
2.57454357364157
 20
77.1147595070851
 30
0.0
  0
VERTEX
  5
5ED
  8
T9-T3_POCKET
 10
2.568182759777314
 20
77.10452488361454
 30
0.0
  0
VERTEX
  5
5EE
  8
T9-T3_POCKET
 10
2.562236138443753
 20
77.09353213988693
 30
0.0
  0
VERTEX
  5
5EF
  8
T9-T3_POCKET
 10
2.556703709640888
 20
77.08178127590223
 30
0.0
  0
VERTEX
  5
5F0
  8
T9-T3_POCKET
 10
2.551544793745169
 20
77.06900602503359
 30
0.0
  0
VERTEX
  5
5F1
  8
T9-T3_POCKET
 10
2.546718711133045
 20
77.05494012065411
 30
0.0
  0
VERTEX
  5
5F2
  8
T9-T3_POCKET
 10
2.542225461804515
 20
77.0395835627638
 30
0.0
  0
VERTEX
  5
5F3
  8
T9-T3_POCKET
 10
2.538065045759579
 20
77.02293635136266
 30
0.0
  0
VERTEX
  5
5F4
  8
T9-T3_POCKET
 10
2.534237462998239
 20
77.00499848645069
 30
0.0
  0
VERTEX
  5
5F5
  8
T9-T3_POCKET
 10
2.530742713520493
 20
76.98576996802791
 30
0.0
  0
VERTEX
  5
5F6
  8
T9-T3_POCKET
 10
2.527580797326342
 20
76.9652507960943
 30
0.0
  0
VERTEX
  5
5F7
  8
T9-T3_POCKET
 10
2.524751714415786
 20
76.94344097064985
 30
0.0
  0
VERTEX
  5
5F8
  8
T9-T3_POCKET
 10
2.522255464788826
 20
76.92034049169456
 30
0.0
  0
VERTEX
  5
5F9
  8
T9-T3_POCKET
 10
2.520092048445459
 20
76.89594935922847
 30
0.0
  0
VERTEX
  5
5FA
  8
T9-T3_POCKET
 10
2.518261465385687
 20
76.87026757325154
 30
0.0
  0
VERTEX
  5
5FB
  8
T9-T3_POCKET
 10
2.516763715609511
 20
76.84329513376377
 30
0.0
  0
VERTEX
  5
5FC
  8
T9-T3_POCKET
 10
2.515598799116929
 20
76.81503204076517
 30
0.0
  0
VERTEX
  5
5FD
  8
T9-T3_POCKET
 10
2.514766715907942
 20
76.78547829425575
 30
0.0
  0
VERTEX
  5
5FE
  8
T9-T3_POCKET
 10
2.51426746598255
 20
76.7546338942355
 30
0.0
  0
SEQEND
  5
D93
  8
T9-T3_POCKET
  0
POLYLINE
  5
88
  8
T9-T3_POCKET
 66
     1
 10
0.0
 20
0.0
 30
0.0
 70
     1
  0
VERTEX
  5
5FF
  8
T9-T3_POCKET
 10
2.131623832423972
 20
76.72344556648886
 30
0.0
  0
VERTEX
  5
600
  8
T9-T3_POCKET
 10
2.132180403637094
 20
76.77198375367976
 30
0.0
  0
VERTEX
  5
601
  8
T9-T3_POCKET
 10
2.133850117276462
 20
76.81866547077774
 30
0.0
  0
VERTEX
  5
602
  8
T9-T3_POCKET
 10
2.135102402505987
 20
76.84131015304189
 30
0.0
  0
VERTEX
  5
603
  8
T9-T3_POCKET
 10
2.136632973342074
 20
76.86349071778278
 30
0.0
  0
VERTEX
  5
604
  8
T9-T3_POCKET
 10
2.138441829784721
 20
76.88520716500045
 30
0.0
  0
VERTEX
  5
605
  8
T9-T3_POCKET
 10
2.14052897183393
 20
76.90645949469487
 30
0.0
  0
VERTEX
  5
606
  8
T9-T3_POCKET
 10
2.142894399489701
 20
76.92724770686607
 30
0.0
  0
VERTEX
  5
607
  8
T9-T3_POCKET
 10
2.145538112752032
 20
76.94757180151402
 30
0.0
  0
VERTEX
  5
608
  8
T9-T3_POCKET
 10
2.148460111620925
 20
76.96743177863874
 30
0.0
  0
VERTEX
  5
609
  8
T9-T3_POCKET
 10
2.151660396096379
 20
76.98682763824023
 30
0.0
  0
VERTEX
  5
60A
  8
T9-T3_POCKET
 10
2.155138966178395
 20
77.00575938031848
 30
0.0
  0
VERTEX
  5
60B
  8
T9-T3_POCKET
 10
2.158895821866971
 20
77.0242270048735
 30
0.0
  0
VERTEX
  5
60C
  8
T9-T3_POCKET
 10
2.162930963162109
 20
77.04223051190529
 30
0.0
  0
VERTEX
  5
60D
  8
T9-T3_POCKET
 10
2.167244390063808
 20
77.05976990141383
 30
0.0
  0
VERTEX
  5
60E
  8
T9-T3_POCKET
 10
2.171836102572068
 20
77.07684517339915
 30
0.0
  0
VERTEX
  5
60F
  8
T9-T3_POCKET
 10
2.176706100686889
 20
77.09345632786122
 30
0.0
  0
VERTEX
  5
610
  8
T9-T3_POCKET
 10
2.181854384408272
 20
77.10960336480007
 30
0.0
  0
VERTEX
  5
611
  8
T9-T3_POCKET
 10
2.187280953736216
 20
77.12528628421568
 30
0.0
  0
VERTEX
  5
612
  8
T9-T3_POCKET
 10
2.192985808670721
 20
77.14050508610805
 30
0.0
  0
VERTEX
  5
613
  8
T9-T3_POCKET
 10
2.198968949211787
 20
77.15525977047719
 30
0.0
  0
VERTEX
  5
614
  8
T9-T3_POCKET
 10
2.205230375359414
 20
77.1695503373231
 30
0.0
  0
VERTEX
  5
615
  8
T9-T3_POCKET
 10
2.211770087113603
 20
77.18337678664577
 30
0.0
  0
VERTEX
  5
616
  8
T9-T3_POCKET
 10
2.218588084474353
 20
77.19673911844521
 30
0.0
  0
VERTEX
  5
617
  8
T9-T3_POCKET
 10
2.225684367441664
 20
77.2096373327214
 30
0.0
  0
VERTEX
  5
618
  8
T9-T3_POCKET
 10
2.233058936015536
 20
77.22207142947435
 30
0.0
  0
VERTEX
  5
619
  8
T9-T3_POCKET
 10
2.24071179019597
 20
77.23404140870409
 30
0.0
  0
VERTEX
  5
61A
  8
T9-T3_POCKET
 10
2.248642929982965
 20
77.24554727041058
 30
0.0
  0
VERTEX
  5
61B
  8
T9-T3_POCKET
 10
2.256852355376521
 20
77.25658901459383
 30
0.0
  0
VERTEX
  5
61C
  8
T9-T3_POCKET
 10
2.265340066376639
 20
77.26716664125385
 30
0.0
  0
VERTEX
  5
61D
  8
T9-T3_POCKET
 10
2.274106062983317
 20
77.27728015039064
 30
0.0
  0
VERTEX
  5
61E
  8
T9-T3_POCKET
 10
2.283156816954849
 20
77.28700720310368
 30
0.0
  0
VERTEX
  5
61F
  8
T9-T3_POCKET
 10
2.292498800049525
 20
77.29642546049253
 30
0.0
  0
VERTEX
  5
620
  8
T9-T3_POCKET
 10
2.302132012267348
 20
77.30553492255714
 30
0.0
  0
VERTEX
  5
621
  8
T9-T3_POCKET
 10
2.312056453608317
 20
77.31433558929753
 30
0.0
  0
VERTEX
  5
622
  8
T9-T3_POCKET
 10
2.32227212407243
 20
77.32282746071368
 30
0.0
  0
VERTEX
  5
623
  8
T9-T3_POCKET
 10
2.332779023659689
 20
77.33101053680562
 30
0.0
  0
VERTEX
  5
624
  8
T9-T3_POCKET
 10
2.343577152370094
 20
77.33888481757334
 30
0.0
  0
VERTEX
  5
625
  8
T9-T3_POCKET
 10
2.354666510203644
 20
77.34645030301684
 30
0.0
  0
VERTEX
  5
626
  8
T9-T3_POCKET
 10
2.36604709716034
 20
77.35370699313611
 30
0.0
  0
VERTEX
  5
627
  8
T9-T3_POCKET
 10
2.377718913240181
 20
77.36065488793115
 30
0.0
  0
VERTEX
  5
628
  8
T9-T3_POCKET
 10
2.389681958443167
 20
77.36729398740196
 30
0.0
  0
VERTEX
  5
629
  8
T9-T3_POCKET
 10
2.401936232769299
 20
77.37362429154857
 30
0.0
  0
VERTEX
  5
62A
  8
T9-T3_POCKET
 10
2.414481736218576
 20
77.37964580037092
 30
0.0
  0
VERTEX
  5
62B
  8
T9-T3_POCKET
 10
2.427318468790999
 20
77.38535851386908
 30
0.0
  0
VERTEX
  5
62C
  8
T9-T3_POCKET
 10
2.440446430486567
 20
77.39076243204299
 30
0.0
  0
VERTEX
  5
62D
  8
T9-T3_POCKET
 10
2.453865621305281
 20
77.39585755489269
 30
0.0
  0
VERTEX
  5
62E
  8
T9-T3_POCKET
 10
2.467576041247141
 20
77.40064388241817
 30
0.0
  0
VERTEX
  5
62F
  8
T9-T3_POCKET
 10
2.481577690312145
 20
77.4051214146194
 30
0.0
  0
VERTEX
  5
630
  8
T9-T3_POCKET
 10
2.495870568500295
 20
77.40929015149644
 30
0.0
  0
VERTEX
  5
631
  8
T9-T3_POCKET
 10
2.510454675811591
 20
77.41315009304924
 30
0.0
  0
VERTEX
  5
632
  8
T9-T3_POCKET
 10
2.525330012246032
 20
77.41670123927781
 30
0.0
  0
VERTEX
  5
633
  8
T9-T3_POCKET
 10
2.540496577803618
 20
77.41994359018216
 30
0.0
  0
VERTEX
  5
634
  8
T9-T3_POCKET
 10
2.555954372484351
 20
77.4228771457623
 30
0.0
  0
VERTEX
  5
635
  8
T9-T3_POCKET
 10
2.571703396288228
 20
77.42550190601818
 30
0.0
  0
VERTEX
  5
636
  8
T9-T3_POCKET
 10
2.587743649215251
 20
77.42781787094987
 30
0.0
  0
VERTEX
  5
637
  8
T9-T3_POCKET
 10
2.604075131265419
 20
77.42982504055732
 30
0.0
  0
VERTEX
  5
638
  8
T9-T3_POCKET
 10
2.620697842438733
 20
77.43152341484057
 30
0.0
  0
VERTEX
  5
639
  8
T9-T3_POCKET
 10
2.637611782735193
 20
77.43291299379956
 30
0.0
  0
VERTEX
  5
63A
  8
T9-T3_POCKET
 10
2.654816952154798
 20
77.43399377743435
 30
0.0
  0
VERTEX
  5
63B
  8
T9-T3_POCKET
 10
2.672313350697547
 20
77.43476576574491
 30
0.0
  0
VERTEX
  5
63C
  8
T9-T3_POCKET
 10
2.690100978363444
 20
77.43522895873124
 30
0.0
  0
VERTEX
  5
63D
  8
T9-T3_POCKET
 10
2.708179835152485
 20
77.43538335639336
 30
0.0
  0
VERTEX
  5
63E
  8
T9-T3_POCKET
 10
2.742424681886796
 20
77.43484342684441
 30
0.0
  0
VERTEX
  5
63F
  8
T9-T3_POCKET
 10
2.775101514040616
 20
77.43322363819759
 30
0.0
  0
VERTEX
  5
640
  8
T9-T3_POCKET
 10
2.790851924649842
 20
77.43200879671247
 30
0.0
  0
VERTEX
  5
641
  8
T9-T3_POCKET
 10
2.806210331613944
 20
77.43052399045287
 30
0.0
  0
VERTEX
  5
642
  8
T9-T3_POCKET
 10
2.821176734932925
 20
77.42876921941881
 30
0.0
  0
VERTEX
  5
643
  8
T9-T3_POCKET
 10
2.835751134606782
 20
77.42674448361028
 30
0.0
  0
VERTEX
  5
644
  8
T9-T3_POCKET
 10
2.849933530635516
 20
77.42444978302727
 30
0.0
  0
VERTEX
  5
645
  8
T9-T3_POCKET
 10
2.863723923019128
 20
77.42188511766979
 30
0.0
  0
VERTEX
  5
646
  8
T9-T3_POCKET
 10
2.877122311757617
 20
77.41905048753785
 30
0.0
  0
VERTEX
  5
647
  8
T9-T3_POCKET
 10
2.890128696850984
 20
77.41594589263143
 30
0.0
  0
VERTEX
  5
648
  8
T9-T3_POCKET
 10
2.902743078299228
 20
77.41257133295053
 30
0.0
  0
VERTEX
  5
649
  8
T9-T3_POCKET
 10
2.914965456102348
 20
77.40892680849517
 30
0.0
  0
VERTEX
  5
64A
  8
T9-T3_POCKET
 10
2.926795830260347
 20
77.40501231926534
 30
0.0
  0
VERTEX
  5
64B
  8
T9-T3_POCKET
 10
2.938234200773222
 20
77.40082786526104
 30
0.0
  0
VERTEX
  5
64C
  8
T9-T3_POCKET
 10
2.960201197490479
 20
77.39186355548954
 30
0.0
  0
VERTEX
  5
64D
  8
T9-T3_POCKET
 10
2.981132712880997
 20
77.38224837174126
 30
0.0
  0
VERTEX
  5
64E
  8
T9-T3_POCKET
 10
3.001028746944777
 20
77.37198231401615
 30
0.0
  0
VERTEX
  5
64F
  8
T9-T3_POCKET
 10
3.019889299681816
 20
77.36106538231424
 30
0.0
  0
VERTEX
  5
650
  8
T9-T3_POCKET
 10
3.037714371092116
 20
77.34949757663551
 30
0.0
  0
VERTEX
  5
651
  8
T9-T3_POCKET
 10
3.054503961175677
 20
77.33727889698
 30
0.0
  0
VERTEX
  5
652
  8
T9-T3_POCKET
 10
3.070258069932498
 20
77.32440934334765
 30
0.0
  0
VERTEX
  5
653
  8
T9-T3_POCKET
 10
3.08497669736258
 20
77.31088891573852
 30
0.0
  0
VERTEX
  5
654
  8
T9-T3_POCKET
 10
3.098800373074551
 20
77.29695429559868
 30
0.0
  0
VERTEX
  5
655
  8
T9-T3_POCKET
 10
3.111869626677041
 20
77.28284216437427
 30
0.0
  0
VERTEX
  5
656
  8
T9-T3_POCKET
 10
3.12418445817005
 20
77.26855252206528
 30
0.0
  0
VERTEX
  5
657
  8
T9-T3_POCKET
 10
3.135744867553576
 20
77.25408536867167
 30
0.0
  0
VERTEX
  5
658
  8
T9-T3_POCKET
 10
3.146550854827622
 20
77.2394407041935
 30
0.0
  0
VERTEX
  5
659
  8
T9-T3_POCKET
 10
3.156602419992184
 20
77.22461852863074
 30
0.0
  0
VERTEX
  5
65A
  8
T9-T3_POCKET
 10
3.165899563047266
 20
77.20961884198341
 30
0.0
  0
VERTEX
  5
65B
  8
T9-T3_POCKET
 10
3.174442283992867
 20
77.19444164425148
 30
0.0
  0
VERTEX
  5
65C
  8
T9-T3_POCKET
 10
3.182408093913569
 20
77.17885765028404
 30
0.0
  0
VERTEX
  5
65D
  8
T9-T3_POCKET
 10
3.189974503893958
 20
77.16263757493019
 30
0.0
  0
VERTEX
  5
65E
  8
T9-T3_POCKET
 10
3.197141513934032
 20
77.14578141818991
 30
0.0
  0
VERTEX
  5
65F
  8
T9-T3_POCKET
 10
3.203909124033794
 20
77.1282891800632
 30
0.0
  0
VERTEX
  5
660
  8
T9-T3_POCKET
 10
3.210277334193242
 20
77.11016086055008
 30
0.0
  0
VERTEX
  5
661
  8
T9-T3_POCKET
 10
3.216246144412375
 20
77.09139645965053
 30
0.0
  0
VERTEX
  5
662
  8
T9-T3_POCKET
 10
3.221815554691195
 20
77.07199597736454
 30
0.0
  0
VERTEX
  5
663
  8
T9-T3_POCKET
 10
3.226985565029701
 20
77.05195941369213
 30
0.0
  0
VERTEX
  5
664
  8
T9-T3_POCKET
 10
3.231685910623579
 20
77.03249976104462
 30
0.0
  0
VERTEX
  5
665
  8
T9-T3_POCKET
 10
3.236083008114626
 20
77.01293656026444
 30
0.0
  0
VERTEX
  5
666
  8
T9-T3_POCKET
 10
3.240176857502842
 20
76.99326981135158
 30
0.0
  0
VERTEX
  5
667
  8
T9-T3_POCKET
 10
3.243967458788228
 20
76.97349951430604
 30
0.0
  0
VERTEX
  5
668
  8
T9-T3_POCKET
 10
3.247454811970782
 20
76.95362566912783
 30
0.0
  0
VERTEX
  5
669
  8
T9-T3_POCKET
 10
3.250638917050506
 20
76.93364827581696
 30
0.0
  0
VERTEX
  5
66A
  8
T9-T3_POCKET
 10
3.253519774027399
 20
76.91356733437341
 30
0.0
  0
VERTEX
  5
66B
  8
T9-T3_POCKET
 10
3.256097382901461
 20
76.89338284479717
 30
0.0
  0
VERTEX
  5
66C
  8
T9-T3_POCKET
 10
3.258371743672693
 20
76.87309480708828
 30
0.0
  0
VERTEX
  5
66D
  8
T9-T3_POCKET
 10
3.260342856341093
 20
76.85270322124671
 30
0.0
  0
VERTEX
  5
66E
  8
T9-T3_POCKET
 10
3.262010720906662
 20
76.83220808727246
 30
0.0
  0
VERTEX
  5
66F
  8
T9-T3_POCKET
 10
3.263375337369401
 20
76.81160940516554
 30
0.0
  0
VERTEX
  5
670
  8
T9-T3_POCKET
 10
3.264436705729309
 20
76.79090717492593
 30
0.0
  0
VERTEX
  5
671
  8
T9-T3_POCKET
 10
3.265194825986386
 20
76.77010139655366
 30
0.0
  0
VERTEX
  5
672
  8
T9-T3_POCKET
 10
3.265649698140632
 20
76.74919207004872
 30
0.0
  0
VERTEX
  5
673
  8
T9-T3_POCKET
 10
3.265801322192048
 20
76.7281791954111
 30
0.0
  0
VERTEX
  5
674
  8
T9-T3_POCKET
 10
3.265302072266655
 20
76.68175265049722
 30
0.0
  0
VERTEX
  5
675
  8
T9-T3_POCKET
 10
3.263804322490479
 20
76.6369089127542
 30
0.0
  0
VERTEX
  5
676
  8
T9-T3_POCKET
 10
3.261308072863518
 20
76.59364798218206
 30
0.0
  0
VERTEX
  5
677
  8
T9-T3_POCKET
 10
3.257813323385772
 20
76.55196985878081
 30
0.0
  0
VERTEX
  5
678
  8
T9-T3_POCKET
 10
3.253320074057242
 20
76.51187454255042
 30
0.0
  0
VERTEX
  5
679
  8
T9-T3_POCKET
 10
3.250699011948933
 20
76.49242043712431
 30
0.0
  0
VERTEX
  5
67A
  8
T9-T3_POCKET
 10
3.247828324877928
 20
76.4733620334909
 30
0.0
  0
VERTEX
  5
67B
  8
T9-T3_POCKET
 10
3.244708012844226
 20
76.45469933165023
 30
0.0
  0
VERTEX
  5
67C
  8
T9-T3_POCKET
 10
3.241338075847828
 20
76.43643233160226
 30
0.0
  0
VERTEX
  5
67D
  8
T9-T3_POCKET
 10
3.237718513888735
 20
76.41856103334703
 30
0.0
  0
VERTEX
  5
67E
  8
T9-T3_POCKET
 10
3.233849326966945
 20
76.4010854368845
 30
0.0
  0
VERTEX
  5
67F
  8
T9-T3_POCKET
 10
3.22973051508246
 20
76.38400554221471
 30
0.0
  0
VERTEX
  5
680
  8
T9-T3_POCKET
 10
3.225362078235277
 20
76.3673213493376
 30
0.0
  0
VERTEX
  5
681
  8
T9-T3_POCKET
 10
3.2207440164254
 20
76.35103285825323
 30
0.0
  0
VERTEX
  5
682
  8
T9-T3_POCKET
 10
3.215876329652825
 20
76.33514006896158
 30
0.0
  0
VERTEX
  5
683
  8
T9-T3_POCKET
 10
3.210759017917555
 20
76.31964298146266
 30
0.0
  0
VERTEX
  5
684
  8
T9-T3_POCKET
 10
3.205392081219588
 20
76.30454159575643
 30
0.0
  0
VERTEX
  5
685
  8
T9-T3_POCKET
 10
3.199775519558926
 20
76.28983591184294
 30
0.0
  0
VERTEX
  5
686
  8
T9-T3_POCKET
 10
3.193909332935568
 20
76.27552592972216
 30
0.0
  0
VERTEX
  5
687
  8
T9-T3_POCKET
 10
3.187793521349513
 20
76.2616116493941
 30
0.0
  0
VERTEX
  5
688
  8
T9-T3_POCKET
 10
3.181428084800761
 20
76.24809307085876
 30
0.0
  0
VERTEX
  5
689
  8
T9-T3_POCKET
 10
3.174813023289315
 20
76.23497019411613
 30
0.0
  0
VERTEX
  5
68A
  8
T9-T3_POCKET
 10
3.167948336815172
 20
76.22224301916623
 30
0.0
  0
VERTEX
  5
68B
  8
T9-T3_POCKET
 10
3.160834025378333
 20
76.20991154600904
 30
0.0
  0
VERTEX
  5
68C
  8
T9-T3_POCKET
 10
3.153470088978797
 20
76.19797577464456
 30
0.0
  0
VERTEX
  5
68D
  8
T9-T3_POCKET
 10
3.145856527616567
 20
76.1864357050728
 30
0.0
  0
VERTEX
  5
68E
  8
T9-T3_POCKET
 10
3.137993341291639
 20
76.17529133729377
 30
0.0
  0
VERTEX
  5
68F
  8
T9-T3_POCKET
 10
3.129825057790083
 20
76.1645158597374
 30
0.0
  0
VERTEX
  5
690
  8
T9-T3_POCKET
 10
3.121296204897966
 20
76.15408246083359
 30
0.0
  0
VERTEX
  5
691
  8
T9-T3_POCKET
 10
3.112406782615287
 20
76.14399114058239
 30
0.0
  0
VERTEX
  5
692
  8
T9-T3_POCKET
 10
3.103156790942048
 20
76.13424189898373
 30
0.0
  0
VERTEX
  5
693
  8
T9-T3_POCKET
 10
3.093546229878248
 20
76.12483473603771
 30
0.0
  0
VERTEX
  5
694
  8
T9-T3_POCKET
 10
3.083575099423886
 20
76.11576965174424
 30
0.0
  0
VERTEX
  5
695
  8
T9-T3_POCKET
 10
3.073243399578964
 20
76.10704664610336
 30
0.0
  0
VERTEX
  5
696
  8
T9-T3_POCKET
 10
3.06255113034348
 20
76.09866571911505
 30
0.0
  0
VERTEX
  5
697
  8
T9-T3_POCKET
 10
3.051498291717436
 20
76.09062687077935
 30
0.0
  0
VERTEX
  5
698
  8
T9-T3_POCKET
 10
3.040084883700831
 20
76.08293010109622
 30
0.0
  0
VERTEX
  5
699
  8
T9-T3_POCKET
 10
3.028310906293664
 20
76.07557541006568
 30
0.0
  0
VERTEX
  5
69A
  8
T9-T3_POCKET
 10
3.016176359495936
 20
76.0685627976877
 30
0.0
  0
VERTEX
  5
69B
  8
T9-T3_POCKET
 10
3.003681243307648
 20
76.06189226396233
 30
0.0
  0
VERTEX
  5
69C
  8
T9-T3_POCKET
 10
2.990825557728798
 20
76.05556380888953
 30
0.0
  0
VERTEX
  5
69D
  8
T9-T3_POCKET
 10
2.977609302759387
 20
76.04957743246932
 30
0.0
  0
VERTEX
  5
69E
  8
T9-T3_POCKET
 10
2.964032478399415
 20
76.04393313470169
 30
0.0
  0
VERTEX
  5
69F
  8
T9-T3_POCKET
 10
2.950095084648882
 20
76.03863091558665
 30
0.0
  0
VERTEX
  5
6A0
  8
T9-T3_POCKET
 10
2.935797121507788
 20
76.0336707751242
 30
0.0
  0
VERTEX
  5
6A1
  8
T9-T3_POCKET
 10
2.921138588976133
 20
76.02905271331431
 30
0.0
  0
VERTEX
  5
6A2
  8
T9-T3_POCKET
 10
2.906119487053917
 20
76.024776730157
 30
0.0
  0
VERTEX
  5
6A3
  8
T9-T3_POCKET
 10
2.89073981574114
 20
76.0208428256523
 30
0.0
  0
VERTEX
  5
6A4
  8
T9-T3_POCKET
 10
2.874999575037802
 20
76.01725099980017
 30
0.0
  0
VERTEX
  5
6A5
  8
T9-T3_POCKET
 10
2.858898764943903
 20
76.01400125260064
 30
0.0
  0
VERTEX
  5
6A6
  8
T9-T3_POCKET
 10
2.842437385459442
 20
76.01109358405365
 30
0.0
  0
VERTEX
  5
6A7
  8
T9-T3_POCKET
 10
2.825615436584421
 20
76.00852799415928
 30
0.0
  0
VERTEX
  5
6A8
  8
T9-T3_POCKET
 10
2.808432918318839
 20
76.00630448291749
 30
0.0
  0
VERTEX
  5
6A9
  8
T9-T3_POCKET
 10
2.790889830662695
 20
76.00442305032828
 30
0.0
  0
VERTEX
  5
6AA
  8
T9-T3_POCKET
 10
2.772986173615991
 20
76.00288369639165
 30
0.0
  0
VERTEX
  5
6AB
  8
T9-T3_POCKET
 10
2.754721947178725
 20
76.00168642110762
 30
0.0
  0
VERTEX
  5
6AC
  8
T9-T3_POCKET
 10
2.736097151350899
 20
76.00083122447616
 30
0.0
  0
VERTEX
  5
6AD
  8
T9-T3_POCKET
 10
2.717111786132511
 20
76.00031810649729
 30
0.0
  0
VERTEX
  5
6AE
  8
T9-T3_POCKET
 10
2.697765851523562
 20
76.00014706717099
 30
0.0
  0
VERTEX
  5
6AF
  8
T9-T3_POCKET
 10
2.676135386237495
 20
76.00036525787911
 30
0.0
  0
VERTEX
  5
6B0
  8
T9-T3_POCKET
 10
2.655030057909988
 20
76.00101983000353
 30
0.0
  0
VERTEX
  5
6B1
  8
T9-T3_POCKET
 10
2.634449866541042
 20
76.0021107835442
 30
0.0
  0
VERTEX
  5
6B2
  8
T9-T3_POCKET
 10
2.614394812130656
 20
76.00363811850114
 30
0.0
  0
VERTEX
  5
6B3
  8
T9-T3_POCKET
 10
2.594864894678832
 20
76.00560183487434
 30
0.0
  0
VERTEX
  5
6B4
  8
T9-T3_POCKET
 10
2.575860114185568
 20
76.00800193266383
 30
0.0
  0
VERTEX
  5
6B5
  8
T9-T3_POCKET
 10
2.557380470650864
 20
76.01083841186957
 30
0.0
  0
VERTEX
  5
6B6
  8
T9-T3_POCKET
 10
2.539425964074722
 20
76.01411127249159
 30
0.0
  0
VERTEX
  5
6B7
  8
T9-T3_POCKET
 10
2.52199659445714
 20
76.01782051452989
 30
0.0
  0
VERTEX
  5
6B8
  8
T9-T3_POCKET
 10
2.505092361798119
 20
76.02196613798444
 30
0.0
  0
VERTEX
  5
6B9
  8
T9-T3_POCKET
 10
2.488713266097658
 20
76.02654814285525
 30
0.0
  0
VERTEX
  5
6BA
  8
T9-T3_POCKET
 10
2.472859307355758
 20
76.03156652914235
 30
0.0
  0
VERTEX
  5
6BB
  8
T9-T3_POCKET
 10
2.457530485572419
 20
76.03702129684572
 30
0.0
  0
VERTEX
  5
6BC
  8
T9-T3_POCKET
 10
2.442726800747641
 20
76.04291244596534
 30
0.0
  0
VERTEX
  5
6BD
  8
T9-T3_POCKET
 10
2.428448252881424
 20
76.04923997650124
 30
0.0
  0
VERTEX
  5
6BE
  8
T9-T3_POCKET
 10
2.414694841973767
 20
76.05600388845339
 30
0.0
  0
VERTEX
  5
6BF
  8
T9-T3_POCKET
 10
2.401355623596806
 20
76.06318938923144
 30
0.0
  0
VERTEX
  5
6C0
  8
T9-T3_POCKET
 10
2.388319653322676
 20
76.07078168624498
 30
0.0
  0
VERTEX
  5
6C1
  8
T9-T3_POCKET
 10
2.375586931151376
 20
76.07878077949405
 30
0.0
  0
VERTEX
  5
6C2
  8
T9-T3_POCKET
 10
2.363157457082908
 20
76.08718666897862
 30
0.0
  0
VERTEX
  5
6C3
  8
T9-T3_POCKET
 10
2.35103123111727
 20
76.09599935469869
 30
0.0
  0
VERTEX
  5
6C4
  8
T9-T3_POCKET
 10
2.339208253254463
 20
76.10521883665427
 30
0.0
  0
VERTEX
  5
6C5
  8
T9-T3_POCKET
 10
2.327688523494487
 20
76.11484511484537
 30
0.0
  0
VERTEX
  5
6C6
  8
T9-T3_POCKET
 10
2.316472041837342
 20
76.12487818927195
 30
0.0
  0
VERTEX
  5
6C7
  8
T9-T3_POCKET
 10
2.305558808283027
 20
76.13531805993405
 30
0.0
  0
VERTEX
  5
6C8
  8
T9-T3_POCKET
 10
2.294948822831544
 20
76.14616472683164
 30
0.0
  0
VERTEX
  5
6C9
  8
T9-T3_POCKET
 10
2.284642085482891
 20
76.15741818996474
 30
0.0
  0
VERTEX
  5
6CA
  8
T9-T3_POCKET
 10
2.274638596237069
 20
76.16907844933334
 30
0.0
  0
VERTEX
  5
6CB
  8
T9-T3_POCKET
 10
2.264938355094078
 20
76.18114550493746
 30
0.0
  0
VERTEX
  5
6CC
  8
T9-T3_POCKET
 10
2.255541362053917
 20
76.19361935677708
 30
0.0
  0
VERTEX
  5
6CD
  8
T9-T3_POCKET
 10
2.246447617116588
 20
76.20650000485219
 30
0.0
  0
VERTEX
  5
6CE
  8
T9-T3_POCKET
 10
2.237657120282089
 20
76.21978744916281
 30
0.0
  0
VERTEX
  5
6CF
  8
T9-T3_POCKET
 10
2.231471968428619
 20
76.22959308751228
 30
0.0
  0
VERTEX
  5
6D0
  8
T9-T3_POCKET
 10
2.225460629512138
 20
76.2398388054256
 30
0.0
  0
VERTEX
  5
6D1
  8
T9-T3_POCKET
 10
2.219623103532643
 20
76.25052460290279
 30
0.0
  0
VERTEX
  5
6D2
  8
T9-T3_POCKET
 10
2.213959390490138
 20
76.26165047994384
 30
0.0
  0
VERTEX
  5
6D3
  8
T9-T3_POCKET
 10
2.208469490384622
 20
76.27321643654876
 30
0.0
  0
VERTEX
  5
6D4
  8
T9-T3_POCKET
 10
2.203153403216094
 20
76.28522247271755
 30
0.0
  0
VERTEX
  5
6D5
  8
T9-T3_POCKET
 10
2.198011128984553
 20
76.2976685884502
 30
0.0
  0
VERTEX
  5
6D6
  8
T9-T3_POCKET
 10
2.193042667690002
 20
76.31055478374671
 30
0.0
  0
VERTEX
  5
6D7
  8
T9-T3_POCKET
 10
2.188248019332439
 20
76.3238810586071
 30
0.0
  0
VERTEX
  5
6D8
  8
T9-T3_POCKET
 10
2.183627183911864
 20
76.33764741303133
 30
0.0
  0
VERTEX
  5
6D9
  8
T9-T3_POCKET
 10
2.17490695188168
 20
76.3665003605714
 30
0.0
  0
VERTEX
  5
6DA
  8
T9-T3_POCKET
 10
2.166881971599449
 20
76.39711362636695
 30
0.0
  0
VERTEX
  5
6DB
  8
T9-T3_POCKET
 10
2.159552243065172
 20
76.42948721041792
 30
0.0
  0
VERTEX
  5
6DC
  8
T9-T3_POCKET
 10
2.15300652182114
 20
76.46317733501289
 30
0.0
  0
VERTEX
  5
6DD
  8
T9-T3_POCKET
 10
2.147333563409647
 20
76.49774022244043
 30
0.0
  0
VERTEX
  5
6DE
  8
T9-T3_POCKET
 10
2.14253336783069
 20
76.5331758727005
 30
0.0
  0
VERTEX
  5
6DF
  8
T9-T3_POCKET
 10
2.138605935084271
 20
76.5694842857931
 30
0.0
  0
VERTEX
  5
6E0
  8
T9-T3_POCKET
 10
2.135551265170391
 20
76.60666546171822
 30
0.0
  0
VERTEX
  5
6E1
  8
T9-T3_POCKET
 10
2.133369358089047
 20
76.6447194004759
 30
0.0
  0
VERTEX
  5
6E2
  8
T9-T3_POCKET
 10
2.132060213840241
 20
76.68364610206612
 30
0.0
  0
SEQEND
  5
D94
  8
T9-T3_POCKET
  0
POLYLINE
  5
89
  8
T9-T3_POCKET
 66
     1
 10
0.0
 20
0.0
 30
0.0
 70
     1
  0
VERTEX
  5
6E3
  8
T9-T3_POCKET
 10
0.9946061653025533
 20
77.41171521178218
 30
0.0
  0
VERTEX
  5
6E4
  8
T9-T3_POCKET
 10
1.910089998863262
 20
77.41171521178218
 30
0.0
  0
VERTEX
  5
6E5
  8
T9-T3_POCKET
 10
1.910089998863262
 20
77.10402933183674
 30
0.0
  0
VERTEX
  5
6E6
  8
T9-T3_POCKET
 10
1.289984610050166
 20
77.10402933183674
 30
0.0
  0
VERTEX
  5
6E7
  8
T9-T3_POCKET
 10
1.256849207594504
 20
76.8957496592583
 30
0.0
  0
VERTEX
  5
6E8
  8
T9-T3_POCKET
 10
1.272921357044538
 20
76.90308678408778
 30
0.0
  0
VERTEX
  5
6E9
  8
T9-T3_POCKET
 10
1.288949128723426
 20
76.90995054602502
 30
0.0
  0
VERTEX
  5
6EA
  8
T9-T3_POCKET
 10
1.304932522631169
 20
76.91634094507003
 30
0.0
  0
VERTEX
  5
6EB
  8
T9-T3_POCKET
 10
1.320871538767765
 20
76.92225798122283
 30
0.0
  0
VERTEX
  5
6EC
  8
T9-T3_POCKET
 10
1.336766177133215
 20
76.9277016544834
 30
0.0
  0
VERTEX
  5
6ED
  8
T9-T3_POCKET
 10
1.352616437727519
 20
76.93267196485175
 30
0.0
  0
VERTEX
  5
6EE
  8
T9-T3_POCKET
 10
1.368422320550678
 20
76.93716891232788
 30
0.0
  0
VERTEX
  5
6EF
  8
T9-T3_POCKET
 10
1.38418382560269
 20
76.94119249691178
 30
0.0
  0
VERTEX
  5
6F0
  8
T9-T3_POCKET
 10
1.399900952883556
 20
76.94474271860346
 30
0.0
  0
VERTEX
  5
6F1
  8
T9-T3_POCKET
 10
1.415573702393276
 20
76.94781957740292
 30
0.0
  0
VERTEX
  5
6F2
  8
T9-T3_POCKET
 10
1.431202074131851
 20
76.95042307331015
 30
0.0
  0
VERTEX
  5
6F3
  8
T9-T3_POCKET
 10
1.446786068099279
 20
76.95255320632515
 30
0.0
  0
VERTEX
  5
6F4
  8
T9-T3_POCKET
 10
1.462325684295561
 20
76.95420997644793
 30
0.0
  0
VERTEX
  5
6F5
  8
T9-T3_POCKET
 10
1.477820922720698
 20
76.95539338367848
 30
0.0
  0
VERTEX
  5
6F6
  8
T9-T3_POCKET
 10
1.493271783374688
 20
76.95610342801683
 30
0.0
  0
VERTEX
  5
6F7
  8
T9-T3_POCKET
 10
1.508678266257533
 20
76.95634010946294
 30
0.0
  0
VERTEX
  5
6F8
  8
T9-T3_POCKET
 10
1.534406279079412
 20
76.95584825583273
 30
0.0
  0
VERTEX
  5
6F9
  8
T9-T3_POCKET
 10
1.559520399400439
 20
76.95437269494214
 30
0.0
  0
VERTEX
  5
6FA
  8
T9-T3_POCKET
 10
1.584020627220613
 20
76.95191342679114
 30
0.0
  0
VERTEX
  5
6FB
  8
T9-T3_POCKET
 10
1.607906962539934
 20
76.94847045137972
 30
0.0
  0
VERTEX
  5
6FC
  8
T9-T3_POCKET
 10
1.631179405358402
 20
76.9440437687079
 30
0.0
  0
VERTEX
  5
6FD
  8
T9-T3_POCKET
 10
1.653837955676018
 20
76.93863337877569
 30
0.0
  0
VERTEX
  5
6FE
  8
T9-T3_POCKET
 10
1.675882613492782
 20
76.93223928158308
 30
0.0
  0
VERTEX
  5
6FF
  8
T9-T3_POCKET
 10
1.697313378808692
 20
76.92486147713007
 30
0.0
  0
VERTEX
  5
700
  8
T9-T3_POCKET
 10
1.71813025162375
 20
76.91649996541665
 30
0.0
  0
VERTEX
  5
701
  8
T9-T3_POCKET
 10
1.738333231937956
 20
76.90715474644281
 30
0.0
  0
VERTEX
  5
702
  8
T9-T3_POCKET
 10
1.757922319751308
 20
76.89682582020859
 30
0.0
  0
VERTEX
  5
703
  8
T9-T3_POCKET
 10
1.776897515063808
 20
76.88551318671396
 30
0.0
  0
VERTEX
  5
704
  8
T9-T3_POCKET
 10
1.795258817875456
 20
76.87321684595895
 30
0.0
  0
VERTEX
  5
705
  8
T9-T3_POCKET
 10
1.81300622818625
 20
76.8599367979435
 30
0.0
  0
VERTEX
  5
706
  8
T9-T3_POCKET
 10
1.830139745996192
 20
76.84567304266767
 30
0.0
  0
VERTEX
  5
707
  8
T9-T3_POCKET
 10
1.846659371305282
 20
76.83042558013143
 30
0.0
  0
VERTEX
  5
708
  8
T9-T3_POCKET
 10
1.862365404143361
 20
76.8144310917809
 30
0.0
  0
VERTEX
  5
709
  8
T9-T3_POCKET
 10
1.877058144540275
 20
76.7979262590622
 30
0.0
  0
VERTEX
  5
70A
  8
T9-T3_POCKET
 10
1.890737592496022
 20
76.78091108197529
 30
0.0
  0
VERTEX
  5
70B
  8
T9-T3_POCKET
 10
1.903403748010602
 20
76.76338556052023
 30
0.0
  0
VERTEX
  5
70C
  8
T9-T3_POCKET
 10
1.915056611084016
 20
76.74534969469698
 30
0.0
  0
VERTEX
  5
70D
  8
T9-T3_POCKET
 10
1.925696181716264
 20
76.72680348450557
 30
0.0
  0
VERTEX
  5
70E
  8
T9-T3_POCKET
 10
1.935322459907345
 20
76.70774692994596
 30
0.0
  0
VERTEX
  5
70F
  8
T9-T3_POCKET
 10
1.94393544565726
 20
76.68818003101819
 30
0.0
  0
VERTEX
  5
710
  8
T9-T3_POCKET
 10
1.951535138966008
 20
76.66810278772223
 30
0.0
  0
VERTEX
  5
711
  8
T9-T3_POCKET
 10
1.95812153983359
 20
76.6475152000581
 30
0.0
  0
VERTEX
  5
712
  8
T9-T3_POCKET
 10
1.963694648260006
 20
76.62641726802579
 30
0.0
  0
VERTEX
  5
713
  8
T9-T3_POCKET
 10
1.968254464245254
 20
76.60480899162529
 30
0.0
  0
VERTEX
  5
714
  8
T9-T3_POCKET
 10
1.971800987789337
 20
76.58269037085662
 30
0.0
  0
VERTEX
  5
715
  8
T9-T3_POCKET
 10
1.974334218892253
 20
76.56006140571976
 30
0.0
  0
VERTEX
  5
716
  8
T9-T3_POCKET
 10
1.975854157554003
 20
76.53692209621472
 30
0.0
  0
VERTEX
  5
717
  8
T9-T3_POCKET
 10
1.976360803774586
 20
76.51327244234152
 30
0.0
  0
VERTEX
  5
718
  8
T9-T3_POCKET
 10
1.976100084369104
 20
76.49650873929112
 30
0.0
  0
VERTEX
  5
719
  8
T9-T3_POCKET
 10
1.975317926152656
 20
76.47982639548783
 30
0.0
  0
VERTEX
  5
71A
  8
T9-T3_POCKET
 10
1.974014329125243
 20
76.46322541093164
 30
0.0
  0
VERTEX
  5
71B
  8
T9-T3_POCKET
 10
1.972189293286864
 20
76.44670578562256
 30
0.0
  0
VERTEX
  5
71C
  8
T9-T3_POCKET
 10
1.969842818637521
 20
76.43026751956057
 30
0.0
  0
VERTEX
  5
71D
  8
T9-T3_POCKET
 10
1.966974905177212
 20
76.41391061274568
 30
0.0
  0
VERTEX
  5
71E
  8
T9-T3_POCKET
 10
1.963585552905939
 20
76.3976350651779
 30
0.0
  0
VERTEX
  5
71F
  8
T9-T3_POCKET
 10
1.959674761823699
 20
76.38144087685721
 30
0.0
  0
VERTEX
  5
720
  8
T9-T3_POCKET
 10
1.955242531930495
 20
76.36532804778363
 30
0.0
  0
VERTEX
  5
721
  8
T9-T3_POCKET
 10
1.950288863226326
 20
76.34929657795715
 30
0.0
  0
VERTEX
  5
722
  8
T9-T3_POCKET
 10
1.944813755711191
 20
76.33334646737777
 30
0.0
  0
VERTEX
  5
723
  8
T9-T3_POCKET
 10
1.938817209385091
 20
76.31747771604549
 30
0.0
  0
VERTEX
  5
724
  8
T9-T3_POCKET
 10
1.932299224248026
 20
76.3016903239603
 30
0.0
  0
VERTEX
  5
725
  8
T9-T3_POCKET
 10
1.925259800299995
 20
76.28598429112222
 30
0.0
  0
VERTEX
  5
726
  8
T9-T3_POCKET
 10
1.917698937541
 20
76.27035961753124
 30
0.0
  0
VERTEX
  5
727
  8
T9-T3_POCKET
 10
1.909616635971039
 20
76.25481630318737
 30
0.0
  0
VERTEX
  5
728
  8
T9-T3_POCKET
 10
1.901055424287461
 20
76.23954295361796
 30
0.0
  0
VERTEX
  5
729
  8
T9-T3_POCKET
 10
1.892057831187615
 20
76.2247281743504
 30
0.0
  0
VERTEX
  5
72A
  8
T9-T3_POCKET
 10
1.882623856671499
 20
76.21037196538467
 30
0.0
  0
VERTEX
  5
72B
  8
T9-T3_POCKET
 10
1.872753500739115
 20
76.19647432672079
 30
0.0
  0
VERTEX
  5
72C
  8
T9-T3_POCKET
 10
1.862446763390463
 20
76.18303525835876
 30
0.0
  0
VERTEX
  5
72D
  8
T9-T3_POCKET
 10
1.851703644625541
 20
76.17005476029856
 30
0.0
  0
VERTEX
  5
72E
  8
T9-T3_POCKET
 10
1.840524144444351
 20
76.1575328325402
 30
0.0
  0
VERTEX
  5
72F
  8
T9-T3_POCKET
 10
1.828908262846892
 20
76.14546947508367
 30
0.0
  0
VERTEX
  5
730
  8
T9-T3_POCKET
 10
1.816855999833164
 20
76.13386468792899
 30
0.0
  0
VERTEX
  5
731
  8
T9-T3_POCKET
 10
1.804367355403167
 20
76.12271847107617
 30
0.0
  0
VERTEX
  5
732
  8
T9-T3_POCKET
 10
1.791442329556902
 20
76.11203082452518
 30
0.0
  0
VERTEX
  5
733
  8
T9-T3_POCKET
 10
1.778080922294368
 20
76.10180174827603
 30
0.0
  0
VERTEX
  5
734
  8
T9-T3_POCKET
 10
1.764283133615565
 20
76.09203124232872
 30
0.0
  0
VERTEX
  5
735
  8
T9-T3_POCKET
 10
1.750048963520493
 20
76.08271930668326
 30
0.0
  0
VERTEX
  5
736
  8
T9-T3_POCKET
 10
1.735378412009153
 20
76.07386594133965
 30
0.0
  0
VERTEX
  5
737
  8
T9-T3_POCKET
 10
1.720271479081544
 20
76.06547114629787
 30
0.0
  0
VERTEX
  5
738
  8
T9-T3_POCKET
 10
1.704678239745127
 20
76.05756080859109
 30
0.0
  0
VERTEX
  5
739
  8
T9-T3_POCKET
 10
1.688548769007362
 20
76.05016081525251
 30
0.0
  0
VERTEX
  5
73A
  8
T9-T3_POCKET
 10
1.671883066868251
 20
76.0432711662821
 30
0.0
  0
VERTEX
  5
73B
  8
T9-T3_POCKET
 10
1.654681133327792
 20
76.03689186167986
 30
0.0
  0
VERTEX
  5
73C
  8
T9-T3_POCKET
 10
1.636942968385986
 20
76.0310229014458
 30
0.0
  0
VERTEX
  5
73D
  8
T9-T3_POCKET
 10
1.618668572042833
 20
76.02566428557992
 30
0.0
  0
VERTEX
  5
73E
  8
T9-T3_POCKET
 10
1.599857944298333
 20
76.02081601408221
 30
0.0
  0
VERTEX
  5
73F
  8
T9-T3_POCKET
 10
1.580511085152485
 20
76.0164780869527
 30
0.0
  0
VERTEX
  5
740
  8
T9-T3_POCKET
 10
1.56062799460529
 20
76.01265050419136
 30
0.0
  0
VERTEX
  5
741
  8
T9-T3_POCKET
 10
1.540208672656748
 20
76.0093332657982
 30
0.0
  0
VERTEX
  5
742
  8
T9-T3_POCKET
 10
1.519253119306859
 20
76.00652637177322
 30
0.0
  0
VERTEX
  5
743
  8
T9-T3_POCKET
 10
1.497761334555623
 20
76.00422982211641
 30
0.0
  0
VERTEX
  5
744
  8
T9-T3_POCKET
 10
1.475733318403039
 20
76.00244361682779
 30
0.0
  0
VERTEX
  5
745
  8
T9-T3_POCKET
 10
1.453169070849109
 20
76.00116775590735
 30
0.0
  0
VERTEX
  5
746
  8
T9-T3_POCKET
 10
1.430068591893831
 20
76.00040223935508
 30
0.0
  0
VERTEX
  5
747
  8
T9-T3_POCKET
 10
1.406431881537205
 20
76.00014706717099
 30
0.0
  0
VERTEX
  5
748
  8
T9-T3_POCKET
 10
1.372726964351837
 20
76.0005538634065
 30
0.0
  0
VERTEX
  5
749
  8
T9-T3_POCKET
 10
1.340249832168174
 20
76.001774252113
 30
0.0
  0
VERTEX
  5
74A
  8
T9-T3_POCKET
 10
1.309000484986216
 20
76.00380823329053
 30
0.0
  0
VERTEX
  5
74B
  8
T9-T3_POCKET
 10
1.278978922805964
 20
76.00665580693907
 30
0.0
  0
VERTEX
  5
74C
  8
T9-T3_POCKET
 10
1.250185145627416
 20
76.01031697305862
 30
0.0
  0
VERTEX
  5
74D
  8
T9-T3_POCKET
 10
1.222619153450575
 20
76.01479173164915
 30
0.0
  0
VERTEX
  5
74E
  8
T9-T3_POCKET
 10
1.196280946275439
 20
76.02008008271073
 30
0.0
  0
VERTEX
  5
74F
  8
T9-T3_POCKET
 10
1.171170524102008
 20
76.02618202624329
 30
0.0
  0
VERTEX
  5
750
  8
T9-T3_POCKET
 10
1.147132564731271
 20
76.03309016595168
 30
0.0
  0
VERTEX
  5
751
  8
T9-T3_POCKET
 10
1.124011745964218
 20
76.0407971055407
 30
0.0
  0
VERTEX
  5
752
  8
T9-T3_POCKET
 10
1.101808067800848
 20
76.04930284501036
 30
0.0
  0
VERTEX
  5
753
  8
T9-T3_POCKET
 10
1.080521530241162
 20
76.05860738436063
 30
0.0
  0
VERTEX
  5
754
  8
T9-T3_POCKET
 10
1.060152133285159
 20
76.06871072359152
 30
0.0
  0
VERTEX
  5
755
  8
T9-T3_POCKET
 10
1.04069987693284
 20
76.07961286270306
 30
0.0
  0
VERTEX
  5
756
  8
T9-T3_POCKET
 10
1.022164761184204
 20
76.09131380169521
 30
0.0
  0
VERTEX
  5
757
  8
T9-T3_POCKET
 10
1.004546786039252
 20
76.10381354056798
 30
0.0
  0
VERTEX
  5
758
  8
T9-T3_POCKET
 10
0.9877941774316461
 20
76.11692717194163
 30
0.0
  0
VERTEX
  5
759
  8
T9-T3_POCKET
 10
0.9718551612950499
 20
76.13046978843636
 30
0.0
  0
VERTEX
  5
75A
  8
T9-T3_POCKET
 10
0.9567297376294632
 20
76.14444139005214
 30
0.0
  0
VERTEX
  5
75B
  8
T9-T3_POCKET
 10
0.9424179064348861
 20
76.158841976789
 30
0.0
  0
VERTEX
  5
75C
  8
T9-T3_POCKET
 10
0.9289196677113187
 20
76.17367154864695
 30
0.0
  0
VERTEX
  5
75D
  8
T9-T3_POCKET
 10
0.9162350214587607
 20
76.18893010562597
 30
0.0
  0
VERTEX
  5
75E
  8
T9-T3_POCKET
 10
0.9043639676772122
 20
76.20461764772608
 30
0.0
  0
VERTEX
  5
75F
  8
T9-T3_POCKET
 10
0.8933065063666733
 20
76.22073417494725
 30
0.0
  0
VERTEX
  5
760
  8
T9-T3_POCKET
 10
0.8828777301473691
 20
76.23756814280196
 30
0.0
  0
VERTEX
  5
761
  8
T9-T3_POCKET
 10
0.8728927316395246
 20
76.25540800680264
 30
0.0
  0
VERTEX
  5
762
  8
T9-T3_POCKET
 10
0.8633515108431399
 20
76.2742537669493
 30
0.0
  0
VERTEX
  5
763
  8
T9-T3_POCKET
 10
0.8542540677582149
 20
76.29410542324193
 30
0.0
  0
VERTEX
  5
764
  8
T9-T3_POCKET
 10
0.8456004023847496
 20
76.31496297568054
 30
0.0
  0
VERTEX
  5
765
  8
T9-T3_POCKET
 10
0.8373905147227443
 20
76.33682642426513
 30
0.0
  0
VERTEX
  5
766
  8
T9-T3_POCKET
 10
0.8296244047721986
 20
76.35969576899568
 30
0.0
  0
VERTEX
  5
767
  8
T9-T3_POCKET
 10
0.8223020725331126
 20
76.38357100987221
 30
0.0
  0
VERTEX
  5
768
  8
T9-T3_POCKET
 10
1.212353095725473
 20
76.42617367017236
 30
0.0
  0
VERTEX
  5
769
  8
T9-T3_POCKET
 10
1.214276132475132
 20
76.41463360060061
 30
0.0
  0
VERTEX
  5
76A
  8
T9-T3_POCKET
 10
1.216495021032431
 20
76.40344485505042
 30
0.0
  0
VERTEX
  5
76B
  8
T9-T3_POCKET
 10
1.219009761397369
 20
76.39260743352182
 30
0.0
  0
VERTEX
  5
76C
  8
T9-T3_POCKET
 10
1.221820353569948
 20
76.38212133601479
 30
0.0
  0
VERTEX
  5
76D
  8
T9-T3_POCKET
 10
1.224926797550166
 20
76.37198656252932
 30
0.0
  0
VERTEX
  5
76E
  8
T9-T3_POCKET
 10
1.228329093338024
 20
76.36220311306542
 30
0.0
  0
VERTEX
  5
76F
  8
T9-T3_POCKET
 10
1.232027240933522
 20
76.35277098762312
 30
0.0
  0
VERTEX
  5
770
  8
T9-T3_POCKET
 10
1.236021240336659
 20
76.34369018620237
 30
0.0
  0
VERTEX
  5
771
  8
T9-T3_POCKET
 10
1.240311091547437
 20
76.3349607088032
 30
0.0
  0
VERTEX
  5
772
  8
T9-T3_POCKET
 10
1.244896794565854
 20
76.32658255542559
 30
0.0
  0
VERTEX
  5
773
  8
T9-T3_POCKET
 10
1.249778349391912
 20
76.31855572606958
 30
0.0
  0
VERTEX
  5
774
  8
T9-T3_POCKET
 10
1.254955756025609
 20
76.31088022073511
 30
0.0
  0
VERTEX
  5
775
  8
T9-T3_POCKET
 10
1.260429014466946
 20
76.30355603942223
 30
0.0
  0
VERTEX
  5
776
  8
T9-T3_POCKET
 10
1.266198124715923
 20
76.29658318213092
 30
0.0
  0
VERTEX
  5
777
  8
T9-T3_POCKET
 10
1.27226308677254
 20
76.28996164886118
 30
0.0
  0
VERTEX
  5
778
  8
T9-T3_POCKET
 10
1.278623900636796
 20
76.28369143961301
 30
0.0
  0
VERTEX
  5
779
  8
T9-T3_POCKET
 10
1.285210301504378
 20
76.2777873469768
 30
0.0
  0
VERTEX
  5
77A
  8
T9-T3_POCKET
 10
1.291952024570971
 20
76.27226416354291
 30
0.0
  0
VERTEX
  5
77B
  8
T9-T3_POCKET
 10
1.298849069836574
 20
76.26712188931137
 30
0.0
  0
VERTEX
  5
77C
  8
T9-T3_POCKET
 10
1.305901437301189
 20
76.26236052428217
 30
0.0
  0
VERTEX
  5
77D
  8
T9-T3_POCKET
 10
1.313109126964815
 20
76.25798006845531
 30
0.0
  0
VERTEX
  5
77E
  8
T9-T3_POCKET
 10
1.320472138827451
 20
76.25398052183078
 30
0.0
  0
VERTEX
  5
77F
  8
T9-T3_POCKET
 10
1.327990472889098
 20
76.25036188440859
 30
0.0
  0
VERTEX
  5
780
  8
T9-T3_POCKET
 10
1.335664129149756
 20
76.24712415618873
 30
0.0
  0
VERTEX
  5
781
  8
T9-T3_POCKET
 10
1.343493107609425
 20
76.24426733717121
 30
0.0
  0
VERTEX
  5
782
  8
T9-T3_POCKET
 10
1.351477408268106
 20
76.24179142735602
 30
0.0
  0
VERTEX
  5
783
  8
T9-T3_POCKET
 10
1.359617031125797
 20
76.23969642674317
 30
0.0
  0
VERTEX
  5
784
  8
T9-T3_POCKET
 10
1.367911976182498
 20
76.23798233533265
 30
0.0
  0
VERTEX
  5
785
  8
T9-T3_POCKET
 10
1.376362243438211
 20
76.23664915312447
 30
0.0
  0
VERTEX
  5
786
  8
T9-T3_POCKET
 10
1.384967832892935
 20
76.23569688011864
 30
0.0
  0
VERTEX
  5
787
  8
T9-T3_POCKET
 10
1.39372874454667
 20
76.23512551631514
 30
0.0
  0
VERTEX
  5
788
  8
T9-T3_POCKET
 10
1.402644978399415
 20
76.23493506171397
 30
0.0
  0
VERTEX
  5
789
  8
T9-T3_POCKET
 10
1.412594844505103
 20
76.23517359223388
 30
0.0
  0
VERTEX
  5
78A
  8
T9-T3_POCKET
 10
1.422326519902656
 20
76.2358891837936
 30
0.0
  0
VERTEX
  5
78B
  8
T9-T3_POCKET
 10
1.431840004592074
 20
76.23708183639314
 30
0.0
  0
VERTEX
  5
78C
  8
T9-T3_POCKET
 10
1.441135298573358
 20
76.23875155003252
 30
0.0
  0
VERTEX
  5
78D
  8
T9-T3_POCKET
 10
1.450212401846508
 20
76.2408983247117
 30
0.0
  0
VERTEX
  5
78E
  8
T9-T3_POCKET
 10
1.459071314411523
 20
76.2435221604307
 30
0.0
  0
VERTEX
  5
78F
  8
T9-T3_POCKET
 10
1.467712036268404
 20
76.24662305718952
 30
0.0
  0
VERTEX
  5
790
  8
T9-T3_POCKET
 10
1.476134567417151
 20
76.25020101498818
 30
0.0
  0
VERTEX
  5
791
  8
T9-T3_POCKET
 10
1.484338907857763
 20
76.25425603382664
 30
0.0
  0
VERTEX
  5
792
  8
T9-T3_POCKET
 10
1.492325057590241
 20
76.25878811370492
 30
0.0
  0
VERTEX
  5
793
  8
T9-T3_POCKET
 10
1.500093016614584
 20
76.26379725462303
 30
0.0
  0
VERTEX
  5
794
  8
T9-T3_POCKET
 10
1.507642784930793
 20
76.26928345658095
 30
0.0
  0
VERTEX
  5
795
  8
T9-T3_POCKET
 10
1.514974362538868
 20
76.27524671957869
 30
0.0
  0
VERTEX
  5
796
  8
T9-T3_POCKET
 10
1.522087749438808
 20
76.28168704361626
 30
0.0
  0
VERTEX
  5
797
  8
T9-T3_POCKET
 10
1.528982945630614
 20
76.28860442869363
 30
0.0
  0
VERTEX
  5
798
  8
T9-T3_POCKET
 10
1.535659951114286
 20
76.29599887481083
 30
0.0
  0
VERTEX
  5
799
  8
T9-T3_POCKET
 10
1.54202261405234
 20
76.30386668382026
 30
0.0
  0
VERTEX
  5
79A
  8
T9-T3_POCKET
 10
1.547974782607294
 20
76.31220415757431
 30
0.0
  0
VERTEX
  5
79B
  8
T9-T3_POCKET
 10
1.553516456779147
 20
76.32101129607301
 30
0.0
  0
VERTEX
  5
79C
  8
T9-T3_POCKET
 10
1.558647636567901
 20
76.3302880993163
 30
0.0
  0
VERTEX
  5
79D
  8
T9-T3_POCKET
 10
1.563368321973554
 20
76.34003456730426
 30
0.0
  0
VERTEX
  5
79E
  8
T9-T3_POCKET
 10
1.567678512996107
 20
76.35025070003681
 30
0.0
  0
VERTEX
  5
79F
  8
T9-T3_POCKET
 10
1.571578209635559
 20
76.36093649751399
 30
0.0
  0
VERTEX
  5
7A0
  8
T9-T3_POCKET
 10
1.575067411891912
 20
76.3720919597358
 30
0.0
  0
VERTEX
  5
7A1
  8
T9-T3_POCKET
 10
1.578146119765164
 20
76.38371708670226
 30
0.0
  0
VERTEX
  5
7A2
  8
T9-T3_POCKET
 10
1.580814333255316
 20
76.39581187841333
 30
0.0
  0
VERTEX
  5
7A3
  8
T9-T3_POCKET
 10
1.583072052362367
 20
76.40837633486902
 30
0.0
  0
VERTEX
  5
7A4
  8
T9-T3_POCKET
 10
1.584919277086318
 20
76.42141045606935
 30
0.0
  0
VERTEX
  5
7A5
  8
T9-T3_POCKET
 10
1.586356007427169
 20
76.43491424201433
 30
0.0
  0
VERTEX
  5
7A6
  8
T9-T3_POCKET
 10
1.58738224338492
 20
76.4488876927039
 30
0.0
  0
VERTEX
  5
7A7
  8
T9-T3_POCKET
 10
1.58799798495957
 20
76.46333080813812
 30
0.0
  0
VERTEX
  5
7A8
  8
T9-T3_POCKET
 10
1.588203232151121
 20
76.47824358831697
 30
0.0
  0
VERTEX
  5
7A9
  8
T9-T3_POCKET
 10
1.587996135885773
 20
76.49348735270561
 30
0.0
  0
VERTEX
  5
7AA
  8
T9-T3_POCKET
 10
1.587374847089729
 20
76.50821337643089
 30
0.0
  0
VERTEX
  5
7AB
  8
T9-T3_POCKET
 10
1.58633936576299
 20
76.52242165949278
 30
0.0
  0
VERTEX
  5
7AC
  8
T9-T3_POCKET
 10
1.584889691905554
 20
76.53611220189133
 30
0.0
  0
VERTEX
  5
7AD
  8
T9-T3_POCKET
 10
1.583025825517423
 20
76.5492850036265
 30
0.0
  0
VERTEX
  5
7AE
  8
T9-T3_POCKET
 10
1.580747766598597
 20
76.56194006469829
 30
0.0
  0
VERTEX
  5
7AF
  8
T9-T3_POCKET
 10
1.578055515149074
 20
76.5740773851067
 30
0.0
  0
VERTEX
  5
7B0
  8
T9-T3_POCKET
 10
1.574949071168856
 20
76.58569696485176
 30
0.0
  0
VERTEX
  5
7B1
  8
T9-T3_POCKET
 10
1.571428434657942
 20
76.59679880393344
 30
0.0
  0
VERTEX
  5
7B2
  8
T9-T3_POCKET
 10
1.567493605616332
 20
76.60738290235176
 30
0.0
  0
VERTEX
  5
7B3
  8
T9-T3_POCKET
 10
1.563144584044027
 20
76.6174492601067
 30
0.0
  0
VERTEX
  5
7B4
  8
T9-T3_POCKET
 10
1.558381369941025
 20
76.62699787719828
 30
0.0
  0
VERTEX
  5
7B5
  8
T9-T3_POCKET
 10
1.553203963307328
 20
76.63602875362648
 30
0.0
  0
VERTEX
  5
7B6
  8
T9-T3_POCKET
 10
1.547612364142935
 20
76.64454188939132
 30
0.0
  0
VERTEX
  5
7B7
  8
T9-T3_POCKET
 10
1.541606572447846
 20
76.65253728449278
 30
0.0
  0
VERTEX
  5
7B8
  8
T9-T3_POCKET
 10
1.535186588222062
 20
76.66001493893089
 30
0.0
  0
VERTEX
  5
7B9
  8
T9-T3_POCKET
 10
1.528422676269896
 20
76.66700813603397
 30
0.0
  0
VERTEX
  5
7BA
  8
T9-T3_POCKET
 10
1.521385101395664
 20
76.6735501591304
 30
0.0
  0
VERTEX
  5
7BB
  8
T9-T3_POCKET
 10
1.514073863599364
 20
76.67964100822019
 30
0.0
  0
VERTEX
  5
7BC
  8
T9-T3_POCKET
 10
1.506488962880998
 20
76.68528068330333
 30
0.0
  0
VERTEX
  5
7BD
  8
T9-T3_POCKET
 10
1.498630399240565
 20
76.69046918437982
 30
0.0
  0
VERTEX
  5
7BE
  8
T9-T3_POCKET
 10
1.490498172678065
 20
76.69520651144964
 30
0.0
  0
VERTEX
  5
7BF
  8
T9-T3_POCKET
 10
1.482092283193498
 20
76.69949266451283
 30
0.0
  0
VERTEX
  5
7C0
  8
T9-T3_POCKET
 10
1.473412730786864
 20
76.70332764356937
 30
0.0
  0
VERTEX
  5
7C1
  8
T9-T3_POCKET
 10
1.464459515458164
 20
76.70671144861925
 30
0.0
  0
VERTEX
  5
7C2
  8
T9-T3_POCKET
 10
1.455232637207396
 20
76.70964407966247
 30
0.0
  0
VERTEX
  5
7C3
  8
T9-T3_POCKET
 10
1.445732096034562
 20
76.71212553669905
 30
0.0
  0
VERTEX
  5
7C4
  8
T9-T3_POCKET
 10
1.435957891939661
 20
76.71415581972897
 30
0.0
  0
VERTEX
  5
7C5
  8
T9-T3_POCKET
 10
1.425910024922693
 20
76.71573492875225
 30
0.0
  0
VERTEX
  5
7C6
  8
T9-T3_POCKET
 10
1.415588494983658
 20
76.71686286376888
 30
0.0
  0
VERTEX
  5
7C7
  8
T9-T3_POCKET
 10
1.404993302122556
 20
76.71753962477885
 30
0.0
  0
VERTEX
  5
7C8
  8
T9-T3_POCKET
 10
1.394124446339388
 20
76.71776521178218
 30
0.0
  0
VERTEX
  5
7C9
  8
T9-T3_POCKET
 10
1.380219411380316
 20
76.7173362266611
 30
0.0
  0
VERTEX
  5
7CA
  8
T9-T3_POCKET
 10
1.3664327171443
 20
76.71604927129786
 30
0.0
  0
VERTEX
  5
7CB
  8
T9-T3_POCKET
 10
1.352764363631339
 20
76.71390434569247
 30
0.0
  0
VERTEX
  5
7CC
  8
T9-T3_POCKET
 10
1.339214350841435
 20
76.71090144984494
 30
0.0
  0
VERTEX
  5
7CD
  8
T9-T3_POCKET
 10
1.325782678774586
 20
76.70704058375524
 30
0.0
  0
VERTEX
  5
7CE
  8
T9-T3_POCKET
 10
1.312469347430793
 20
76.70232174742338
 30
0.0
  0
VERTEX
  5
7CF
  8
T9-T3_POCKET
 10
1.299274356810057
 20
76.69674494084938
 30
0.0
  0
VERTEX
  5
7D0
  8
T9-T3_POCKET
 10
1.286197706912376
 20
76.6903101640332
 30
0.0
  0
VERTEX
  5
7D1
  8
T9-T3_POCKET
 10
1.276375426898733
 20
76.68483690559187
 30
0.0
  0
VERTEX
  5
7D2
  8
T9-T3_POCKET
 10
1.266316465438979
 20
76.67835775100454
 30
0.0
  0
VERTEX
  5
7D3
  8
T9-T3_POCKET
 10
1.256020822533113
 20
76.67087270027126
 30
0.0
  0
VERTEX
  5
7D4
  8
T9-T3_POCKET
 10
1.245488498181134
 20
76.662381753392
 30
0.0
  0
VERTEX
  5
7D5
  8
T9-T3_POCKET
 10
1.234719492383044
 20
76.65288491036677
 30
0.0
  0
VERTEX
  5
7D6
  8
T9-T3_POCKET
 10
1.223713805138842
 20
76.64238217119555
 30
0.0
  0
VERTEX
  5
7D7
  8
T9-T3_POCKET
 10
1.212471436448529
 20
76.63087353587837
 30
0.0
  0
VERTEX
  5
7D8
  8
T9-T3_POCKET
 10
1.200992386312103
 20
76.6183590044152
 30
0.0
  0
VERTEX
  5
7D9
  8
T9-T3_POCKET
 10
0.8724785391088288
 20
76.66569529363757
 30
0.0
  0
SEQEND
  5
D95
  8
T9-T3_POCKET
  0
POLYLINE
  5
8A
  8
T9-T3_POCKET
 66
     1
 10
0.0
 20
0.0
 30
0.0
 70
     1
  0
VERTEX
  5
7DA
  8
T9-T3_POCKET
 10
0.75459018451188
 20
68.82478731362401
 30
0.0
  0
VERTEX
  5
7DB
  8
T9-T3_POCKET
 10
1.391736637445032
 20
68.82478731362401
 30
0.0
  0
VERTEX
  5
7DC
  8
T9-T3_POCKET
 10
1.415003533042107
 20
68.82458761365386
 30
0.0
  0
VERTEX
  5
7DD
  8
T9-T3_POCKET
 10
1.437704612057071
 20
68.82398851374339
 30
0.0
  0
VERTEX
  5
7DE
  8
T9-T3_POCKET
 10
1.459839874489924
 20
68.82299001389259
 30
0.0
  0
VERTEX
  5
7DF
  8
T9-T3_POCKET
 10
1.481409320340666
 20
68.8215921141015
 30
0.0
  0
VERTEX
  5
7E0
  8
T9-T3_POCKET
 10
1.502412949609297
 20
68.81979481437008
 30
0.0
  0
VERTEX
  5
7E1
  8
T9-T3_POCKET
 10
1.522850762295816
 20
68.81759811469837
 30
0.0
  0
VERTEX
  5
7E2
  8
T9-T3_POCKET
 10
1.542722758400224
 20
68.81500201508632
 30
0.0
  0
VERTEX
  5
7E3
  8
T9-T3_POCKET
 10
1.562028937922521
 20
68.81200651553397
 30
0.0
  0
VERTEX
  5
7E4
  8
T9-T3_POCKET
 10
1.580769300862707
 20
68.8086116160413
 30
0.0
  0
VERTEX
  5
7E5
  8
T9-T3_POCKET
 10
1.598943847220782
 20
68.80481731660832
 30
0.0
  0
VERTEX
  5
7E6
  8
T9-T3_POCKET
 10
1.616552576996745
 20
68.80062361723502
 30
0.0
  0
VERTEX
  5
7E7
  8
T9-T3_POCKET
 10
1.633595490190598
 20
68.79603051792142
 30
0.0
  0
VERTEX
  5
7E8
  8
T9-T3_POCKET
 10
1.650072586802339
 20
68.79103801866749
 30
0.0
  0
VERTEX
  5
7E9
  8
T9-T3_POCKET
 10
1.665983866831969
 20
68.78564611947326
 30
0.0
  0
VERTEX
  5
7EA
  8
T9-T3_POCKET
 10
1.681329330279487
 20
68.7798548203387
 30
0.0
  0
VERTEX
  5
7EB
  8
T9-T3_POCKET
 10
1.696108977144895
 20
68.77366412126385
 30
0.0
  0
VERTEX
  5
7EC
  8
T9-T3_POCKET
 10
1.710448544446439
 20
68.76709990928184
 30
0.0
  0
VERTEX
  5
7ED
  8
T9-T3_POCKET
 10
1.724473769202365
 20
68.76018807142586
 30
0.0
  0
VERTEX
  5
7EE
  8
T9-T3_POCKET
 10
1.738184651412673
 20
68.7529286076959
 30
0.0
  0
VERTEX
  5
7EF
  8
T9-T3_POCKET
 10
1.751581191077364
 20
68.74532151809197
 30
0.0
  0
VERTEX
  5
7F0
  8
T9-T3_POCKET
 10
1.764663388196439
 20
68.73736680261405
 30
0.0
  0
VERTEX
  5
7F1
  8
T9-T3_POCKET
 10
1.777431242769895
 20
68.72906446126214
 30
0.0
  0
VERTEX
  5
7F2
  8
T9-T3_POCKET
 10
1.789884754797734
 20
68.72041449403628
 30
0.0
  0
VERTEX
  5
7F3
  8
T9-T3_POCKET
 10
1.802023924279956
 20
68.71141690093643
 30
0.0
  0
VERTEX
  5
7F4
  8
T9-T3_POCKET
 10
1.813848751216561
 20
68.7020716819626
 30
0.0
  0
VERTEX
  5
7F5
  8
T9-T3_POCKET
 10
1.825359235607549
 20
68.6923788371148
 30
0.0
  0
VERTEX
  5
7F6
  8
T9-T3_POCKET
 10
1.836555377452919
 20
68.68233836639304
 30
0.0
  0
VERTEX
  5
7F7
  8
T9-T3_POCKET
 10
1.847437176752671
 20
68.67195026979729
 30
0.0
  0
VERTEX
  5
7F8
  8
T9-T3_POCKET
 10
1.858004633506807
 20
68.66121454732756
 30
0.0
  0
VERTEX
  5
7F9
  8
T9-T3_POCKET
 10
1.868257747715325
 20
68.65013119898384
 30
0.0
  0
VERTEX
  5
7FA
  8
T9-T3_POCKET
 10
1.878196519378226
 20
68.63870022476615
 30
0.0
  0
VERTEX
  5
7FB
  8
T9-T3_POCKET
 10
1.887820948495509
 20
68.6269216246745
 30
0.0
  0
VERTEX
  5
7FC
  8
T9-T3_POCKET
 10
1.897125487845782
 20
68.61484717277519
 30
0.0
  0
VERTEX
  5
7FD
  8
T9-T3_POCKET
 10
1.906104590207651
 20
68.60252864313458
 30
0.0
  0
VERTEX
  5
7FE
  8
T9-T3_POCKET
 10
1.914758255581116
 20
68.58996603575267
 30
0.0
  0
VERTEX
  5
7FF
  8
T9-T3_POCKET
 10
1.923086483966177
 20
68.57715935062946
 30
0.0
  0
VERTEX
  5
800
  8
T9-T3_POCKET
 10
1.931089275362835
 20
68.56410858776495
 30
0.0
  0
VERTEX
  5
801
  8
T9-T3_POCKET
 10
1.938766629771089
 20
68.55081374715913
 30
0.0
  0
VERTEX
  5
802
  8
T9-T3_POCKET
 10
1.946118547190939
 20
68.53727482881202
 30
0.0
  0
VERTEX
  5
803
  8
T9-T3_POCKET
 10
1.953145027622385
 20
68.5234918327236
 30
0.0
  0
VERTEX
  5
804
  8
T9-T3_POCKET
 10
1.959846071065427
 20
68.50946475889386
 30
0.0
  0
VERTEX
  5
805
  8
T9-T3_POCKET
 10
1.966221677520066
 20
68.49519360732283
 30
0.0
  0
VERTEX
  5
806
  8
T9-T3_POCKET
 10
1.9722718469863
 20
68.48067837801051
 30
0.0
  0
VERTEX
  5
807
  8
T9-T3_POCKET
 10
1.977996579464131
 20
68.46591907095689
 30
0.0
  0
VERTEX
  5
808
  8
T9-T3_POCKET
 10
1.983395874953558
 20
68.45091568616195
 30
0.0
  0
VERTEX
  5
809
  8
T9-T3_POCKET
 10
1.988469733454581
 20
68.43566822362571
 30
0.0
  0
VERTEX
  5
80A
  8
T9-T3_POCKET
 10
1.993218154967201
 20
68.42017668334817
 30
0.0
  0
VERTEX
  5
80B
  8
T9-T3_POCKET
 10
1.997641139491416
 20
68.40444106532934
 30
0.0
  0
VERTEX
  5
80C
  8
T9-T3_POCKET
 10
2.005629138297691
 20
68.37248907010424
 30
0.0
  0
VERTEX
  5
80D
  8
T9-T3_POCKET
 10
2.012552070596464
 20
68.34006371198691
 30
0.0
  0
VERTEX
  5
80E
  8
T9-T3_POCKET
 10
2.018409936387733
 20
68.30716499097736
 30
0.0
  0
VERTEX
  5
80F
  8
T9-T3_POCKET
 10
2.023202735671498
 20
68.27379290707557
 30
0.0
  0
VERTEX
  5
810
  8
T9-T3_POCKET
 10
2.02693046844776
 20
68.23994746028158
 30
0.0
  0
VERTEX
  5
811
  8
T9-T3_POCKET
 10
2.029593134716519
 20
68.20562865059537
 30
0.0
  0
VERTEX
  5
812
  8
T9-T3_POCKET
 10
2.031190734477774
 20
68.17083647801692
 30
0.0
  0
VERTEX
  5
813
  8
T9-T3_POCKET
 10
2.031723267731525
 20
68.13557094254625
 30
0.0
  0
VERTEX
  5
814
  8
T9-T3_POCKET
 10
2.031525416835166
 20
68.10815102719943
 30
0.0
  0
VERTEX
  5
815
  8
T9-T3_POCKET
 10
2.030931864146089
 20
68.08151142099527
 30
0.0
  0
VERTEX
  5
816
  8
T9-T3_POCKET
 10
2.029942609664293
 20
68.05565212393375
 30
0.0
  0
VERTEX
  5
817
  8
T9-T3_POCKET
 10
2.028557653389779
 20
68.03057313601488
 30
0.0
  0
VERTEX
  5
818
  8
T9-T3_POCKET
 10
2.026776995322547
 20
68.00627445723865
 30
0.0
  0
VERTEX
  5
819
  8
T9-T3_POCKET
 10
2.024600635462597
 20
67.98275608760508
 30
0.0
  0
VERTEX
  5
81A
  8
T9-T3_POCKET
 10
2.022028573809927
 20
67.96001802711416
 30
0.0
  0
VERTEX
  5
81B
  8
T9-T3_POCKET
 10
2.01906081036454
 20
67.9380602757659
 30
0.0
  0
VERTEX
  5
81C
  8
T9-T3_POCKET
 10
2.015697345126435
 20
67.91688283356027
 30
0.0
  0
VERTEX
  5
81D
  8
T9-T3_POCKET
 10
2.011938178095612
 20
67.89648570049731
 30
0.0
  0
VERTEX
  5
81E
  8
T9-T3_POCKET
 10
2.007783309272069
 20
67.87686887657698
 30
0.0
  0
VERTEX
  5
81F
  8
T9-T3_POCKET
 10
2.003232738655809
 20
67.85803236179932
 30
0.0
  0
VERTEX
  5
820
  8
T9-T3_POCKET
 10
1.99828646624683
 20
67.8399761561643
 30
0.0
  0
VERTEX
  5
821
  8
T9-T3_POCKET
 10
1.992944492045134
 20
67.82270025967193
 30
0.0
  0
VERTEX
  5
822
  8
T9-T3_POCKET
 10
1.987206816050719
 20
67.80620467232221
 30
0.0
  0
VERTEX
  5
823
  8
T9-T3_POCKET
 10
1.981073438263585
 20
67.79048939411514
 30
0.0
  0
VERTEX
  5
824
  8
T9-T3_POCKET
 10
1.97458873645488
 20
67.7753195926784
 30
0.0
  0
VERTEX
  5
825
  8
T9-T3_POCKET
 10
1.967797088395748
 20
67.76046043563969
 30
0.0
  0
VERTEX
  5
826
  8
T9-T3_POCKET
 10
1.960698494086189
 20
67.74591192299901
 30
0.0
  0
VERTEX
  5
827
  8
T9-T3_POCKET
 10
1.953292953526204
 20
67.73167405475635
 30
0.0
  0
VERTEX
  5
828
  8
T9-T3_POCKET
 10
1.945580466715794
 20
67.71774683091171
 30
0.0
  0
VERTEX
  5
829
  8
T9-T3_POCKET
 10
1.937561033654956
 20
67.70413025146507
 30
0.0
  0
VERTEX
  5
82A
  8
T9-T3_POCKET
 10
1.929234654343693
 20
67.69082431641647
 30
0.0
  0
VERTEX
  5
82B
  8
T9-T3_POCKET
 10
1.920601328782003
 20
67.67782902576589
 30
0.0
  0
VERTEX
  5
82C
  8
T9-T3_POCKET
 10
1.911661056969886
 20
67.66514437951332
 30
0.0
  0
VERTEX
  5
82D
  8
T9-T3_POCKET
 10
1.902413838907344
 20
67.65277037765878
 30
0.0
  0
VERTEX
  5
82E
  8
T9-T3_POCKET
 10
1.892859674594375
 20
67.64070702020229
 30
0.0
  0
VERTEX
  5
82F
  8
T9-T3_POCKET
 10
1.88299856403098
 20
67.6289543071438
 30
0.0
  0
VERTEX
  5
830
  8
T9-T3_POCKET
 10
1.872830507217158
 20
67.61751223848333
 30
0.0
  0
VERTEX
  5
831
  8
T9-T3_POCKET
 10
1.86235550415291
 20
67.60638081422087
 30
0.0
  0
VERTEX
  5
832
  8
T9-T3_POCKET
 10
1.851573554838236
 20
67.59556003435645
 30
0.0
  0
VERTEX
  5
833
  8
T9-T3_POCKET
 10
1.840484659273135
 20
67.58504989889005
 30
0.0
  0
VERTEX
  5
834
  8
T9-T3_POCKET
 10
1.829190516516485
 20
67.57491142725698
 30
0.0
  0
VERTEX
  5
835
  8
T9-T3_POCKET
 10
1.81779282562716
 20
67.56520563889259
 30
0.0
  0
VERTEX
  5
836
  8
T9-T3_POCKET
 10
1.806291586605161
 20
67.55593253379689
 30
0.0
  0
VERTEX
  5
837
  8
T9-T3_POCKET
 10
1.794686799450488
 20
67.54709211196985
 30
0.0
  0
VERTEX
  5
838
  8
T9-T3_POCKET
 10
1.782978464163142
 20
67.53868437341148
 30
0.0
  0
VERTEX
  5
839
  8
T9-T3_POCKET
 10
1.771166580743122
 20
67.5307093181218
 30
0.0
  0
VERTEX
  5
83A
  8
T9-T3_POCKET
 10
1.759251149190427
 20
67.52316694610076
 30
0.0
  0
VERTEX
  5
83B
  8
T9-T3_POCKET
 10
1.747232169505059
 20
67.51605725734842
 30
0.0
  0
VERTEX
  5
83C
  8
T9-T3_POCKET
 10
1.735109641687016
 20
67.50938025186474
 30
0.0
  0
VERTEX
  5
83D
  8
T9-T3_POCKET
 10
1.7228835657363
 20
67.50313592964974
 30
0.0
  0
VERTEX
  5
83E
  8
T9-T3_POCKET
 10
1.71055394165291
 20
67.49732429070342
 30
0.0
  0
VERTEX
  5
83F
  8
T9-T3_POCKET
 10
1.698120769436846
 20
67.49194533502578
 30
0.0
  0
VERTEX
  5
840
  8
T9-T3_POCKET
 10
1.685584049088108
 20
67.48699906261679
 30
0.0
  0
VERTEX
  5
841
  8
T9-T3_POCKET
 10
1.672943780606696
 20
67.48248547347649
 30
0.0
  0
VERTEX
  5
842
  8
T9-T3_POCKET
 10
1.66019996399261
 20
67.47840456760485
 30
0.0
  0
VERTEX
  5
843
  8
T9-T3_POCKET
 10
1.64735259924585
 20
67.47475634500191
 30
0.0
  0
VERTEX
  5
844
  8
T9-T3_POCKET
 10
1.612501256305877
 20
67.46588079077273
 30
0.0
  0
VERTEX
  5
845
  8
T9-T3_POCKET
 10
1.578478298427296
 20
67.45818864377408
 30
0.0
  0
VERTEX
  5
846
  8
T9-T3_POCKET
 10
1.545283725610107
 20
67.45167990400601
 30
0.0
  0
VERTEX
  5
847
  8
T9-T3_POCKET
 10
1.512917537854308
 20
67.44635457146849
 30
0.0
  0
VERTEX
  5
848
  8
T9-T3_POCKET
 10
1.481379735159902
 20
67.44221264616154
 30
0.0
  0
VERTEX
  5
849
  8
T9-T3_POCKET
 10
1.450670317526887
 20
67.43925412808514
 30
0.0
  0
VERTEX
  5
84A
  8
T9-T3_POCKET
 10
1.420789284955263
 20
67.4374790172393
 30
0.0
  0
VERTEX
  5
84B
  8
T9-T3_POCKET
 10
1.391736637445032
 20
67.43688731362401
 30
0.0
  0
VERTEX
  5
84C
  8
T9-T3_POCKET
 10
0.75459018451188
 20
67.43688731362401
 30
0.0
  0
SEQEND
  5
D96
  8
T9-T3_POCKET
  0
POLYLINE
  5
8B
  8
T9-T3_POCKET
 66
     1
 10
0.0
 20
0.0
 30
0.0
 70
     1
  0
VERTEX
  5
84D
  8
T9-T3_POCKET
 10
1.183456964866587
 20
68.51047435318745
 30
0.0
  0
VERTEX
  5
84E
  8
T9-T3_POCKET
 10
1.183456964866587
 20
67.75214699984502
 30
0.0
  0
VERTEX
  5
84F
  8
T9-T3_POCKET
 10
1.288543526940257
 20
67.75214699984502
 30
0.0
  0
VERTEX
  5
850
  8
T9-T3_POCKET
 10
1.320939299876819
 20
67.75261296644206
 30
0.0
  0
VERTEX
  5
851
  8
T9-T3_POCKET
 10
1.350909087990734
 20
67.75401086623316
 30
0.0
  0
VERTEX
  5
852
  8
T9-T3_POCKET
 10
1.378452891282003
 20
67.75634069921833
 30
0.0
  0
VERTEX
  5
853
  8
T9-T3_POCKET
 10
1.391315048619144
 20
67.75785509065867
 30
0.0
  0
VERTEX
  5
854
  8
T9-T3_POCKET
 10
1.403570709750625
 20
67.75960246539755
 30
0.0
  0
VERTEX
  5
855
  8
T9-T3_POCKET
 10
1.415219874676443
 20
67.76158282343495
 30
0.0
  0
VERTEX
  5
856
  8
T9-T3_POCKET
 10
1.4262625433966
 20
67.76379616477085
 30
0.0
  0
VERTEX
  5
857
  8
T9-T3_POCKET
 10
1.436698715911095
 20
67.76624248940527
 30
0.0
  0
VERTEX
  5
858
  8
T9-T3_POCKET
 10
1.446528392219929
 20
67.76892179733821
 30
0.0
  0
VERTEX
  5
859
  8
T9-T3_POCKET
 10
1.455751572323101
 20
67.77183408856968
 30
0.0
  0
VERTEX
  5
85A
  8
T9-T3_POCKET
 10
1.464368256220611
 20
67.77497936309965
 30
0.0
  0
VERTEX
  5
85B
  8
T9-T3_POCKET
 10
1.47237844391246
 20
67.77835762092812
 30
0.0
  0
VERTEX
  5
85C
  8
T9-T3_POCKET
 10
1.479782135398647
 20
67.78196886205512
 30
0.0
  0
VERTEX
  5
85D
  8
T9-T3_POCKET
 10
1.48678642694452
 20
67.78587040776839
 30
0.0
  0
VERTEX
  5
85E
  8
T9-T3_POCKET
 10
1.493598414815427
 20
67.7901195793556
 30
0.0
  0
VERTEX
  5
85F
  8
T9-T3_POCKET
 10
1.500218099011368
 20
67.79471637681681
 30
0.0
  0
VERTEX
  5
860
  8
T9-T3_POCKET
 10
1.506645479532344
 20
67.79966080015197
 30
0.0
  0
VERTEX
  5
861
  8
T9-T3_POCKET
 10
1.512880556378353
 20
67.80495284936114
 30
0.0
  0
VERTEX
  5
862
  8
T9-T3_POCKET
 10
1.518923329549397
 20
67.81059252444427
 30
0.0
  0
VERTEX
  5
863
  8
T9-T3_POCKET
 10
1.524773799045475
 20
67.81657982540138
 30
0.0
  0
VERTEX
  5
864
  8
T9-T3_POCKET
 10
1.530431964866587
 20
67.82291475223246
 30
0.0
  0
VERTEX
  5
865
  8
T9-T3_POCKET
 10
1.535897827012733
 20
67.82959730493754
 30
0.0
  0
VERTEX
  5
866
  8
T9-T3_POCKET
 10
1.541171385483913
 20
67.83662748351658
 30
0.0
  0
VERTEX
  5
867
  8
T9-T3_POCKET
 10
1.546252640280127
 20
67.8440052879696
 30
0.0
  0
VERTEX
  5
868
  8
T9-T3_POCKET
 10
1.551141591401375
 20
67.85173071829658
 30
0.0
  0
VERTEX
  5
869
  8
T9-T3_POCKET
 10
1.555838238847658
 20
67.85980377449755
 30
0.0
  0
VERTEX
  5
86A
  8
T9-T3_POCKET
 10
1.560342582618974
 20
67.8682244565725
 30
0.0
  0
VERTEX
  5
86B
  8
T9-T3_POCKET
 10
1.564654622715325
 20
67.87699276452145
 30
0.0
  0
VERTEX
  5
86C
  8
T9-T3_POCKET
 10
1.568774359136709
 20
67.88610869834434
 30
0.0
  0
VERTEX
  5
86D
  8
T9-T3_POCKET
 10
1.572672206702364
 20
67.89575901449479
 30
0.0
  0
VERTEX
  5
86E
  8
T9-T3_POCKET
 10
1.576318580231525
 20
67.90613046942636
 30
0.0
  0
VERTEX
  5
86F
  8
T9-T3_POCKET
 10
1.579713479724193
 20
67.91722306313908
 30
0.0
  0
VERTEX
  5
870
  8
T9-T3_POCKET
 10
1.582856905180366
 20
67.92903679563288
 30
0.0
  0
VERTEX
  5
871
  8
T9-T3_POCKET
 10
1.585748856600045
 20
67.94157166690782
 30
0.0
  0
VERTEX
  5
872
  8
T9-T3_POCKET
 10
1.588389333983231
 20
67.95482767696387
 30
0.0
  0
VERTEX
  5
873
  8
T9-T3_POCKET
 10
1.590778337329922
 20
67.96880482580107
 30
0.0
  0
VERTEX
  5
874
  8
T9-T3_POCKET
 10
1.59291586664012
 20
67.98350311341937
 30
0.0
  0
VERTEX
  5
875
  8
T9-T3_POCKET
 10
1.594801921913824
 20
67.9989225398188
 30
0.0
  0
VERTEX
  5
876
  8
T9-T3_POCKET
 10
1.596436503151034
 20
68.01506310499936
 30
0.0
  0
VERTEX
  5
877
  8
T9-T3_POCKET
 10
1.597819610351751
 20
68.03192480896104
 30
0.0
  0
VERTEX
  5
878
  8
T9-T3_POCKET
 10
1.598951243515973
 20
68.04950765170382
 30
0.0
  0
VERTEX
  5
879
  8
T9-T3_POCKET
 10
1.600460087734936
 20
68.08683675353276
 30
0.0
  0
VERTEX
  5
87A
  8
T9-T3_POCKET
 10
1.600963035807924
 20
68.12705041048622
 30
0.0
  0
VERTEX
  5
87B
  8
T9-T3_POCKET
 10
1.600681976590666
 20
68.15408017126171
 30
0.0
  0
VERTEX
  5
87C
  8
T9-T3_POCKET
 10
1.599838798938892
 20
68.18002267664411
 30
0.0
  0
VERTEX
  5
87D
  8
T9-T3_POCKET
 10
1.598433502852603
 20
68.20487792663346
 30
0.0
  0
VERTEX
  5
87E
  8
T9-T3_POCKET
 10
1.596466088331798
 20
68.22864592122974
 30
0.0
  0
VERTEX
  5
87F
  8
T9-T3_POCKET
 10
1.593936555376477
 20
68.25132666043291
 30
0.0
  0
VERTEX
  5
880
  8
T9-T3_POCKET
 10
1.590844903986641
 20
68.27292014424302
 30
0.0
  0
VERTEX
  5
881
  8
T9-T3_POCKET
 10
1.587191134162289
 20
68.29342637266006
 30
0.0
  0
VERTEX
  5
882
  8
T9-T3_POCKET
 10
1.582975245903421
 20
68.31284534568402
 30
0.0
  0
VERTEX
  5
883
  8
T9-T3_POCKET
 10
1.578197239210038
 20
68.3311770633149
 30
0.0
  0
VERTEX
  5
884
  8
T9-T3_POCKET
 10
1.572857114082139
 20
68.34842152555271
 30
0.0
  0
VERTEX
  5
885
  8
T9-T3_POCKET
 10
1.566954870519724
 20
68.36457873239743
 30
0.0
  0
VERTEX
  5
886
  8
T9-T3_POCKET
 10
1.560490508522794
 20
68.3796486838491
 30
0.0
  0
VERTEX
  5
887
  8
T9-T3_POCKET
 10
1.553464028091348
 20
68.39363137990769
 30
0.0
  0
VERTEX
  5
888
  8
T9-T3_POCKET
 10
1.545875429225386
 20
68.40652682057319
 30
0.0
  0
VERTEX
  5
889
  8
T9-T3_POCKET
 10
1.537724711924909
 20
68.41833500584562
 30
0.0
  0
VERTEX
  5
88A
  8
T9-T3_POCKET
 10
1.529011876189915
 20
68.42905593572496
 30
0.0
  0
VERTEX
  5
88B
  8
T9-T3_POCKET
 10
1.519648166478115
 20
68.43891519721457
 30
0.0
  0
VERTEX
  5
88C
  8
T9-T3_POCKET
 10
1.509544827247214
 20
68.44813837731775
 30
0.0
  0
VERTEX
  5
88D
  8
T9-T3_POCKET
 10
1.498701858497214
 20
68.45672547603449
 30
0.0
  0
VERTEX
  5
88E
  8
T9-T3_POCKET
 10
1.487119260228115
 20
68.4646764933648
 30
0.0
  0
VERTEX
  5
88F
  8
T9-T3_POCKET
 10
1.474797032439915
 20
68.4719914293087
 30
0.0
  0
VERTEX
  5
890
  8
T9-T3_POCKET
 10
1.461735175132617
 20
68.47867028386617
 30
0.0
  0
VERTEX
  5
891
  8
T9-T3_POCKET
 10
1.447933688306218
 20
68.48471305703721
 30
0.0
  0
VERTEX
  5
892
  8
T9-T3_POCKET
 10
1.43339257196072
 20
68.49011974882183
 30
0.0
  0
VERTEX
  5
893
  8
T9-T3_POCKET
 10
1.418111826096123
 20
68.49489035922002
 30
0.0
  0
VERTEX
  5
894
  8
T9-T3_POCKET
 10
1.402091450712426
 20
68.49902488823179
 30
0.0
  0
VERTEX
  5
895
  8
T9-T3_POCKET
 10
1.385331445809629
 20
68.50252333585713
 30
0.0
  0
VERTEX
  5
896
  8
T9-T3_POCKET
 10
1.367831811387733
 20
68.50538570209605
 30
0.0
  0
VERTEX
  5
897
  8
T9-T3_POCKET
 10
1.349592547446737
 20
68.50761198694853
 30
0.0
  0
VERTEX
  5
898
  8
T9-T3_POCKET
 10
1.330613653986641
 20
68.50920219041458
 30
0.0
  0
VERTEX
  5
899
  8
T9-T3_POCKET
 10
1.310895131007446
 20
68.51015631249423
 30
0.0
  0
VERTEX
  5
89A
  8
T9-T3_POCKET
 10
1.290436978509152
 20
68.51047435318745
 30
0.0
  0
SEQEND
  5
D97
  8
T9-T3_POCKET
  0
POLYLINE
  5
8C
  8
T9-T3_POCKET
 66
     1
 10
0.0
 20
0.0
 30
0.0
 70
     1
  0
VERTEX
  5
89B
  8
T9-T3_POCKET
 10
2.446389161319521
 20
66.05372094254625
 30
0.0
  0
VERTEX
  5
89C
  8
T9-T3_POCKET
 10
2.446572219625498
 20
66.02124196128878
 30
0.0
  0
VERTEX
  5
89D
  8
T9-T3_POCKET
 10
2.44712139454343
 20
65.99007582242774
 30
0.0
  0
VERTEX
  5
89E
  8
T9-T3_POCKET
 10
2.448036686073316
 20
65.96022252596308
 30
0.0
  0
VERTEX
  5
89F
  8
T9-T3_POCKET
 10
2.449318094215156
 20
65.93168207189481
 30
0.0
  0
VERTEX
  5
8A0
  8
T9-T3_POCKET
 10
2.45096561896895
 20
65.90445446022295
 30
0.0
  0
VERTEX
  5
8A1
  8
T9-T3_POCKET
 10
2.452979260334698
 20
65.87853969094752
 30
0.0
  0
VERTEX
  5
8A2
  8
T9-T3_POCKET
 10
2.455359018312401
 20
65.85393776406846
 30
0.0
  0
VERTEX
  5
8A3
  8
T9-T3_POCKET
 10
2.458104892902059
 20
65.8306486795858
 30
0.0
  0
VERTEX
  5
8A4
  8
T9-T3_POCKET
 10
2.46121688410367
 20
65.80867243749955
 30
0.0
  0
VERTEX
  5
8A5
  8
T9-T3_POCKET
 10
2.464694991917236
 20
65.78800903780972
 30
0.0
  0
VERTEX
  5
8A6
  8
T9-T3_POCKET
 10
2.468539216342756
 20
65.76865848051627
 30
0.0
  0
VERTEX
  5
8A7
  8
T9-T3_POCKET
 10
2.47274955738023
 20
65.75062076561923
 30
0.0
  0
VERTEX
  5
8A8
  8
T9-T3_POCKET
 10
2.477326015029659
 20
65.73389589311859
 30
0.0
  0
VERTEX
  5
8A9
  8
T9-T3_POCKET
 10
2.482268589291042
 20
65.71848386301437
 30
0.0
  0
VERTEX
  5
8AA
  8
T9-T3_POCKET
 10
2.487577280164379
 20
65.70438467530653
 30
0.0
  0
VERTEX
  5
8AB
  8
T9-T3_POCKET
 10
2.493252087649671
 20
65.69159832999509
 30
0.0
  0
VERTEX
  5
8AC
  8
T9-T3_POCKET
 10
2.49927452100894
 20
65.67984746601039
 30
0.0
  0
VERTEX
  5
8AD
  8
T9-T3_POCKET
 10
2.505626089504208
 20
65.66885472228279
 30
0.0
  0
VERTEX
  5
8AE
  8
T9-T3_POCKET
 10
2.512306793135475
 20
65.65862009881224
 30
0.0
  0
VERTEX
  5
8AF
  8
T9-T3_POCKET
 10
2.519316631902741
 20
65.64914359559877
 30
0.0
  0
VERTEX
  5
8B0
  8
T9-T3_POCKET
 10
2.526655605806007
 20
65.64042521264238
 30
0.0
  0
VERTEX
  5
8B1
  8
T9-T3_POCKET
 10
2.534323714845272
 20
65.63246494994308
 30
0.0
  0
VERTEX
  5
8B2
  8
T9-T3_POCKET
 10
2.542320959020536
 20
65.62526280750083
 30
0.0
  0
VERTEX
  5
8B3
  8
T9-T3_POCKET
 10
2.5506473383318
 20
65.61881878531568
 30
0.0
  0
VERTEX
  5
8B4
  8
T9-T3_POCKET
 10
2.559302852779062
 20
65.61313288338759
 30
0.0
  0
VERTEX
  5
8B5
  8
T9-T3_POCKET
 10
2.568287502362325
 20
65.6082051017166
 30
0.0
  0
VERTEX
  5
8B6
  8
T9-T3_POCKET
 10
2.577601287081587
 20
65.60403544030268
 30
0.0
  0
VERTEX
  5
8B7
  8
T9-T3_POCKET
 10
2.587244206936847
 20
65.60062389914583
 30
0.0
  0
VERTEX
  5
8B8
  8
T9-T3_POCKET
 10
2.597216261928107
 20
65.59797047824605
 30
0.0
  0
VERTEX
  5
8B9
  8
T9-T3_POCKET
 10
2.607517452055367
 20
65.59607517760337
 30
0.0
  0
VERTEX
  5
8BA
  8
T9-T3_POCKET
 10
2.618147777318625
 20
65.59493799721776
 30
0.0
  0
VERTEX
  5
8BB
  8
T9-T3_POCKET
 10
2.629107237717884
 20
65.59455893708922
 30
0.0
  0
VERTEX
  5
8BC
  8
T9-T3_POCKET
 10
2.636383343112026
 20
65.59471980650963
 30
0.0
  0
VERTEX
  5
8BD
  8
T9-T3_POCKET
 10
2.643537409635517
 20
65.59520241477084
 30
0.0
  0
VERTEX
  5
8BE
  8
T9-T3_POCKET
 10
2.650569437288357
 20
65.59600676187286
 30
0.0
  0
VERTEX
  5
8BF
  8
T9-T3_POCKET
 10
2.657479426070545
 20
65.59713284781569
 30
0.0
  0
VERTEX
  5
8C0
  8
T9-T3_POCKET
 10
2.664267375982081
 20
65.59858067259933
 30
0.0
  0
VERTEX
  5
8C1
  8
T9-T3_POCKET
 10
2.670933287022966
 20
65.60035023622376
 30
0.0
  0
VERTEX
  5
8C2
  8
T9-T3_POCKET
 10
2.677477159193199
 20
65.60244153868902
 30
0.0
  0
VERTEX
  5
8C3
  8
T9-T3_POCKET
 10
2.683898992492781
 20
65.60485457999508
 30
0.0
  0
VERTEX
  5
8C4
  8
T9-T3_POCKET
 10
2.690198786921712
 20
65.60758936014196
 30
0.0
  0
VERTEX
  5
8C5
  8
T9-T3_POCKET
 10
2.696376542479991
 20
65.61064587912963
 30
0.0
  0
VERTEX
  5
8C6
  8
T9-T3_POCKET
 10
2.70243225916762
 20
65.61402413695812
 30
0.0
  0
VERTEX
  5
8C7
  8
T9-T3_POCKET
 10
2.708365936984596
 20
65.6177241336274
 30
0.0
  0
VERTEX
  5
8C8
  8
T9-T3_POCKET
 10
2.714177575930921
 20
65.6217458691375
 30
0.0
  0
VERTEX
  5
8C9
  8
T9-T3_POCKET
 10
2.719867176006594
 20
65.62608934348842
 30
0.0
  0
VERTEX
  5
8CA
  8
T9-T3_POCKET
 10
2.725434737211617
 20
65.63075455668016
 30
0.0
  0
VERTEX
  5
8CB
  8
T9-T3_POCKET
 10
2.730880259545988
 20
65.63574150871268
 30
0.0
  0
VERTEX
  5
8CC
  8
T9-T3_POCKET
 10
2.736176006902741
 20
65.6410760866192
 30
0.0
  0
VERTEX
  5
8CD
  8
T9-T3_POCKET
 10
2.74129424317491
 20
65.64678417743283
 30
0.0
  0
VERTEX
  5
8CE
  8
T9-T3_POCKET
 10
2.746234968362495
 20
65.65286578115365
 30
0.0
  0
VERTEX
  5
8CF
  8
T9-T3_POCKET
 10
2.750998182465497
 20
65.65932089778158
 30
0.0
  0
VERTEX
  5
8D0
  8
T9-T3_POCKET
 10
2.755583885483914
 20
65.66614952731668
 30
0.0
  0
VERTEX
  5
8D1
  8
T9-T3_POCKET
 10
2.759992077417748
 20
65.6733516697589
 30
0.0
  0
VERTEX
  5
8D2
  8
T9-T3_POCKET
 10
2.764222758266998
 20
65.68092732510829
 30
0.0
  0
VERTEX
  5
8D3
  8
T9-T3_POCKET
 10
2.768275928031663
 20
65.6888764933648
 30
0.0
  0
VERTEX
  5
8D4
  8
T9-T3_POCKET
 10
2.772151586711745
 20
65.69719917452846
 30
0.0
  0
VERTEX
  5
8D5
  8
T9-T3_POCKET
 10
2.775849734307243
 20
65.70589536859927
 30
0.0
  0
VERTEX
  5
8D6
  8
T9-T3_POCKET
 10
2.782713496244487
 20
65.72440829546233
 30
0.0
  0
VERTEX
  5
8D7
  8
T9-T3_POCKET
 10
2.788867213843396
 20
65.74441527395396
 30
0.0
  0
VERTEX
  5
8D8
  8
T9-T3_POCKET
 10
2.794310887103969
 20
65.76591630407421
 30
0.0
  0
VERTEX
  5
8D9
  8
T9-T3_POCKET
 10
2.796775702476368
 20
65.777428637539
 30
0.0
  0
VERTEX
  5
8DA
  8
T9-T3_POCKET
 10
2.799081497502161
 20
65.78971758199884
 30
0.0
  0
VERTEX
  5
8DB
  8
T9-T3_POCKET
 10
2.803216026513928
 20
65.81662530390368
 30
0.0
  0
VERTEX
  5
8DC
  8
T9-T3_POCKET
 10
2.806714474139269
 20
65.84663946978874
 30
0.0
  0
VERTEX
  5
8DD
  8
T9-T3_POCKET
 10
2.809576840378184
 20
65.87976007965402
 30
0.0
  0
VERTEX
  5
8DE
  8
T9-T3_POCKET
 10
2.811803125230674
 20
65.91598713349951
 30
0.0
  0
VERTEX
  5
8DF
  8
T9-T3_POCKET
 10
2.813393328696738
 20
65.95532063132524
 30
0.0
  0
VERTEX
  5
8E0
  8
T9-T3_POCKET
 10
2.814347450776376
 20
65.99776057313117
 30
0.0
  0
VERTEX
  5
8E1
  8
T9-T3_POCKET
 10
2.814665491469589
 20
66.04330695891733
 30
0.0
  0
VERTEX
  5
8E2
  8
T9-T3_POCKET
 10
2.814482433163612
 20
66.07715425478511
 30
0.0
  0
VERTEX
  5
8E3
  8
T9-T3_POCKET
 10
2.813933258245681
 20
66.10958516012383
 30
0.0
  0
VERTEX
  5
8E4
  8
T9-T3_POCKET
 10
2.813017966715795
 20
66.14059967493347
 30
0.0
  0
VERTEX
  5
8E5
  8
T9-T3_POCKET
 10
2.811736558573955
 20
66.17019779921405
 30
0.0
  0
VERTEX
  5
8E6
  8
T9-T3_POCKET
 10
2.810089033820161
 20
66.19837953296553
 30
0.0
  0
VERTEX
  5
8E7
  8
T9-T3_POCKET
 10
2.808075392454412
 20
66.22514487618795
 30
0.0
  0
VERTEX
  5
8E8
  8
T9-T3_POCKET
 10
2.805695634476709
 20
66.25049382888129
 30
0.0
  0
VERTEX
  5
8E9
  8
T9-T3_POCKET
 10
2.802949759887052
 20
66.27442639104557
 30
0.0
  0
VERTEX
  5
8EA
  8
T9-T3_POCKET
 10
2.79983776868544
 20
66.29694256268075
 30
0.0
  0
VERTEX
  5
8EB
  8
T9-T3_POCKET
 10
2.796359660871875
 20
66.31804234378686
 30
0.0
  0
VERTEX
  5
8EC
  8
T9-T3_POCKET
 10
2.792515436446354
 20
66.33772573436389
 30
0.0
  0
VERTEX
  5
8ED
  8
T9-T3_POCKET
 10
2.78830509540888
 20
66.35599273441187
 30
0.0
  0
VERTEX
  5
8EE
  8
T9-T3_POCKET
 10
2.783728637759451
 20
66.37284334393075
 30
0.0
  0
VERTEX
  5
8EF
  8
T9-T3_POCKET
 10
2.778786063498069
 20
66.38827756292056
 30
0.0
  0
VERTEX
  5
8F0
  8
T9-T3_POCKET
 10
2.773477372624731
 20
66.4022953913813
 30
0.0
  0
VERTEX
  5
8F1
  8
T9-T3_POCKET
 10
2.767802565139439
 20
66.41489682931297
 30
0.0
  0
VERTEX
  5
8F2
  8
T9-T3_POCKET
 10
2.761761641042193
 20
66.42641840814673
 30
0.0
  0
VERTEX
  5
8F3
  8
T9-T3_POCKET
 10
2.755354600332993
 20
66.43719665931383
 30
0.0
  0
VERTEX
  5
8F4
  8
T9-T3_POCKET
 10
2.748581443011838
 20
66.4472315828142
 30
0.0
  0
VERTEX
  5
8F5
  8
T9-T3_POCKET
 10
2.74144216907873
 20
66.4565231786479
 30
0.0
  0
VERTEX
  5
8F6
  8
T9-T3_POCKET
 10
2.733936778533667
 20
66.46507144681487
 30
0.0
  0
VERTEX
  5
8F7
  8
T9-T3_POCKET
 10
2.72606527137665
 20
66.47287638731518
 30
0.0
  0
VERTEX
  5
8F8
  8
T9-T3_POCKET
 10
2.717827647607678
 20
66.47993800014876
 30
0.0
  0
VERTEX
  5
8F9
  8
T9-T3_POCKET
 10
2.709223907226752
 20
66.48625628531569
 30
0.0
  0
VERTEX
  5
8FA
  8
T9-T3_POCKET
 10
2.700254050233871
 20
66.4918312428159
 30
0.0
  0
VERTEX
  5
8FB
  8
T9-T3_POCKET
 10
2.690918076629037
 20
66.49666287264944
 30
0.0
  0
VERTEX
  5
8FC
  8
T9-T3_POCKET
 10
2.681215986412248
 20
66.50075117481626
 30
0.0
  0
VERTEX
  5
8FD
  8
T9-T3_POCKET
 10
2.671147779583505
 20
66.50409614931638
 30
0.0
  0
VERTEX
  5
8FE
  8
T9-T3_POCKET
 10
2.660713456142807
 20
66.50669779614981
 30
0.0
  0
VERTEX
  5
8FF
  8
T9-T3_POCKET
 10
2.649913016090156
 20
66.50855611531655
 30
0.0
  0
VERTEX
  5
900
  8
T9-T3_POCKET
 10
2.63874645942555
 20
66.50967110681658
 30
0.0
  0
VERTEX
  5
901
  8
T9-T3_POCKET
 10
2.627213786148989
 20
66.51004277064993
 30
0.0
  0
VERTEX
  5
902
  8
T9-T3_POCKET
 10
2.615468469385688
 20
66.5096637105214
 30
0.0
  0
VERTEX
  5
903
  8
T9-T3_POCKET
 10
2.604137345153082
 20
66.50852653013577
 30
0.0
  0
VERTEX
  5
904
  8
T9-T3_POCKET
 10
2.593220413451172
 20
66.50663122949308
 30
0.0
  0
VERTEX
  5
905
  8
T9-T3_POCKET
 10
2.582717674279958
 20
66.5039778085933
 30
0.0
  0
VERTEX
  5
906
  8
T9-T3_POCKET
 10
2.57262912763944
 20
66.50056626743645
 30
0.0
  0
VERTEX
  5
907
  8
T9-T3_POCKET
 10
2.562954773529617
 20
66.49639660602253
 30
0.0
  0
VERTEX
  5
908
  8
T9-T3_POCKET
 10
2.55369461195049
 20
66.49146882435154
 30
0.0
  0
VERTEX
  5
909
  8
T9-T3_POCKET
 10
2.544848642902059
 20
66.48578292242347
 30
0.0
  0
VERTEX
  5
90A
  8
T9-T3_POCKET
 10
2.536416866384323
 20
66.47933890023833
 30
0.0
  0
VERTEX
  5
90B
  8
T9-T3_POCKET
 10
2.528399282397284
 20
66.47213675779608
 30
0.0
  0
VERTEX
  5
90C
  8
T9-T3_POCKET
 10
2.520795890940939
 20
66.46417649509678
 30
0.0
  0
VERTEX
  5
90D
  8
T9-T3_POCKET
 10
2.513606692015292
 20
66.45545811214038
 30
0.0
  0
VERTEX
  5
90E
  8
T9-T3_POCKET
 10
2.506831685620339
 20
66.44598160892693
 30
0.0
  0
VERTEX
  5
90F
  8
T9-T3_POCKET
 10
2.500470871756083
 20
66.43574698545638
 30
0.0
  0
VERTEX
  5
910
  8
T9-T3_POCKET
 10
2.494524250422522
 20
66.42475424172876
 30
0.0
  0
VERTEX
  5
911
  8
T9-T3_POCKET
 10
2.488991821619658
 20
66.41300337774406
 30
0.0
  0
VERTEX
  5
912
  8
T9-T3_POCKET
 10
2.483832905723939
 20
66.40022812687542
 30
0.0
  0
VERTEX
  5
913
  8
T9-T3_POCKET
 10
2.479006823111814
 20
66.38616222249594
 30
0.0
  0
VERTEX
  5
914
  8
T9-T3_POCKET
 10
2.474513573783284
 20
66.37080566460563
 30
0.0
  0
VERTEX
  5
915
  8
T9-T3_POCKET
 10
2.470353157738348
 20
66.35415845320449
 30
0.0
  0
VERTEX
  5
916
  8
T9-T3_POCKET
 10
2.466525574977008
 20
66.33622058829252
 30
0.0
  0
VERTEX
  5
917
  8
T9-T3_POCKET
 10
2.463030825499263
 20
66.31699206986974
 30
0.0
  0
VERTEX
  5
918
  8
T9-T3_POCKET
 10
2.459868909305111
 20
66.29647289793613
 30
0.0
  0
VERTEX
  5
919
  8
T9-T3_POCKET
 10
2.457039826394555
 20
66.27466307249168
 30
0.0
  0
VERTEX
  5
91A
  8
T9-T3_POCKET
 10
2.454543576767595
 20
66.25156259353639
 30
0.0
  0
VERTEX
  5
91B
  8
T9-T3_POCKET
 10
2.452380160424228
 20
66.2271714610703
 30
0.0
  0
VERTEX
  5
91C
  8
T9-T3_POCKET
 10
2.450549577364456
 20
66.20148967509337
 30
0.0
  0
VERTEX
  5
91D
  8
T9-T3_POCKET
 10
2.44905182758828
 20
66.1745172356056
 30
0.0
  0
VERTEX
  5
91E
  8
T9-T3_POCKET
 10
2.447886911095698
 20
66.146254142607
 30
0.0
  0
VERTEX
  5
91F
  8
T9-T3_POCKET
 10
2.447054827886711
 20
66.11670039609758
 30
0.0
  0
VERTEX
  5
920
  8
T9-T3_POCKET
 10
2.446555577961319
 20
66.08585599607733
 30
0.0
  0
SEQEND
  5
D98
  8
T9-T3_POCKET
  0
POLYLINE
  5
8D
  8
T9-T3_POCKET
 66
     1
 10
0.0
 20
0.0
 30
0.0
 70
     1
  0
VERTEX
  5
921
  8
T9-T3_POCKET
 10
2.063911944402741
 20
66.0546676683307
 30
0.0
  0
VERTEX
  5
922
  8
T9-T3_POCKET
 10
2.064468515615864
 20
66.1032058555216
 30
0.0
  0
VERTEX
  5
923
  8
T9-T3_POCKET
 10
2.066138229255231
 20
66.14988757261958
 30
0.0
  0
VERTEX
  5
924
  8
T9-T3_POCKET
 10
2.067390514484756
 20
66.17253225488372
 30
0.0
  0
VERTEX
  5
925
  8
T9-T3_POCKET
 10
2.068921085320843
 20
66.19471281962461
 30
0.0
  0
VERTEX
  5
926
  8
T9-T3_POCKET
 10
2.07072994176349
 20
66.21642926684228
 30
0.0
  0
VERTEX
  5
927
  8
T9-T3_POCKET
 10
2.0728170838127
 20
66.2376815965367
 30
0.0
  0
VERTEX
  5
928
  8
T9-T3_POCKET
 10
2.07518251146847
 20
66.2584698087079
 30
0.0
  0
VERTEX
  5
929
  8
T9-T3_POCKET
 10
2.077826224730801
 20
66.27879390335585
 30
0.0
  0
VERTEX
  5
92A
  8
T9-T3_POCKET
 10
2.080748223599694
 20
66.29865388048057
 30
0.0
  0
VERTEX
  5
92B
  8
T9-T3_POCKET
 10
2.083948508075149
 20
66.31804974008206
 30
0.0
  0
VERTEX
  5
92C
  8
T9-T3_POCKET
 10
2.087427078157164
 20
66.33698148216031
 30
0.0
  0
VERTEX
  5
92D
  8
T9-T3_POCKET
 10
2.09118393384574
 20
66.35544910671533
 30
0.0
  0
VERTEX
  5
92E
  8
T9-T3_POCKET
 10
2.095219075140878
 20
66.37345261374712
 30
0.0
  0
VERTEX
  5
92F
  8
T9-T3_POCKET
 10
2.099532502042577
 20
66.39099200325566
 30
0.0
  0
VERTEX
  5
930
  8
T9-T3_POCKET
 10
2.104124214550837
 20
66.40806727524098
 30
0.0
  0
VERTEX
  5
931
  8
T9-T3_POCKET
 10
2.108994212665658
 20
66.42467842970305
 30
0.0
  0
VERTEX
  5
932
  8
T9-T3_POCKET
 10
2.114142496387041
 20
66.4408254666419
 30
0.0
  0
VERTEX
  5
933
  8
T9-T3_POCKET
 10
2.119569065714985
 20
66.45650838605751
 30
0.0
  0
VERTEX
  5
934
  8
T9-T3_POCKET
 10
2.12527392064949
 20
66.47172718794988
 30
0.0
  0
VERTEX
  5
935
  8
T9-T3_POCKET
 10
2.131257061190556
 20
66.48648187231902
 30
0.0
  0
VERTEX
  5
936
  8
T9-T3_POCKET
 10
2.137518487338184
 20
66.50077243916493
 30
0.0
  0
VERTEX
  5
937
  8
T9-T3_POCKET
 10
2.144058199092372
 20
66.5145988884876
 30
0.0
  0
VERTEX
  5
938
  8
T9-T3_POCKET
 10
2.150876196453122
 20
66.52796122028704
 30
0.0
  0
VERTEX
  5
939
  8
T9-T3_POCKET
 10
2.157972479420433
 20
66.54085943456323
 30
0.0
  0
VERTEX
  5
93A
  8
T9-T3_POCKET
 10
2.165347047994306
 20
66.55329353131619
 30
0.0
  0
VERTEX
  5
93B
  8
T9-T3_POCKET
 10
2.172999902174739
 20
66.56526351054592
 30
0.0
  0
VERTEX
  5
93C
  8
T9-T3_POCKET
 10
2.180931041961734
 20
66.57676937225241
 30
0.0
  0
VERTEX
  5
93D
  8
T9-T3_POCKET
 10
2.18914046735529
 20
66.58781111643566
 30
0.0
  0
VERTEX
  5
93E
  8
T9-T3_POCKET
 10
2.197628178355408
 20
66.59838874309568
 30
0.0
  0
VERTEX
  5
93F
  8
T9-T3_POCKET
 10
2.206394174962086
 20
66.60850225223247
 30
0.0
  0
VERTEX
  5
940
  8
T9-T3_POCKET
 10
2.215444928933618
 20
66.61822930494552
 30
0.0
  0
VERTEX
  5
941
  8
T9-T3_POCKET
 10
2.224786912028295
 20
66.62764756233436
 30
0.0
  0
VERTEX
  5
942
  8
T9-T3_POCKET
 10
2.234420124246117
 20
66.63675702439897
 30
0.0
  0
VERTEX
  5
943
  8
T9-T3_POCKET
 10
2.244344565587086
 20
66.64555769113936
 30
0.0
  0
VERTEX
  5
944
  8
T9-T3_POCKET
 10
2.2545602360512
 20
66.65404956255551
 30
0.0
  0
VERTEX
  5
945
  8
T9-T3_POCKET
 10
2.265067135638458
 20
66.66223263864745
 30
0.0
  0
VERTEX
  5
946
  8
T9-T3_POCKET
 10
2.275865264348863
 20
66.67010691941518
 30
0.0
  0
VERTEX
  5
947
  8
T9-T3_POCKET
 10
2.286954622182413
 20
66.67767240485867
 30
0.0
  0
VERTEX
  5
948
  8
T9-T3_POCKET
 10
2.298335209139109
 20
66.68492909497795
 30
0.0
  0
VERTEX
  5
949
  8
T9-T3_POCKET
 10
2.31000702521895
 20
66.69187698977298
 30
0.0
  0
VERTEX
  5
94A
  8
T9-T3_POCKET
 10
2.321970070421936
 20
66.6985160892438
 30
0.0
  0
VERTEX
  5
94B
  8
T9-T3_POCKET
 10
2.334224344748068
 20
66.7048463933904
 30
0.0
  0
VERTEX
  5
94C
  8
T9-T3_POCKET
 10
2.346769848197345
 20
66.71086790221275
 30
0.0
  0
VERTEX
  5
94D
  8
T9-T3_POCKET
 10
2.359606580769768
 20
66.71658061571091
 30
0.0
  0
VERTEX
  5
94E
  8
T9-T3_POCKET
 10
2.372734542465337
 20
66.72198453388482
 30
0.0
  0
VERTEX
  5
94F
  8
T9-T3_POCKET
 10
2.386153733284051
 20
66.72707965673452
 30
0.0
  0
VERTEX
  5
950
  8
T9-T3_POCKET
 10
2.39986415322591
 20
66.73186598426
 30
0.0
  0
VERTEX
  5
951
  8
T9-T3_POCKET
 10
2.413865802290914
 20
66.73634351646123
 30
0.0
  0
VERTEX
  5
952
  8
T9-T3_POCKET
 10
2.428158680479064
 20
66.74051225333827
 30
0.0
  0
VERTEX
  5
953
  8
T9-T3_POCKET
 10
2.44274278779036
 20
66.74437219489107
 30
0.0
  0
VERTEX
  5
954
  8
T9-T3_POCKET
 10
2.457618124224801
 20
66.74792334111964
 30
0.0
  0
VERTEX
  5
955
  8
T9-T3_POCKET
 10
2.472784689782388
 20
66.75116569202399
 30
0.0
  0
VERTEX
  5
956
  8
T9-T3_POCKET
 10
2.48824248446312
 20
66.75409924760413
 30
0.0
  0
VERTEX
  5
957
  8
T9-T3_POCKET
 10
2.503991508266997
 20
66.75672400786002
 30
0.0
  0
VERTEX
  5
958
  8
T9-T3_POCKET
 10
2.52003176119402
 20
66.7590399727917
 30
0.0
  0
VERTEX
  5
959
  8
T9-T3_POCKET
 10
2.536363243244188
 20
66.76104714239915
 30
0.0
  0
VERTEX
  5
95A
  8
T9-T3_POCKET
 10
2.552985954417502
 20
66.7627455166824
 30
0.0
  0
VERTEX
  5
95B
  8
T9-T3_POCKET
 10
2.569899894713962
 20
66.7641350956414
 30
0.0
  0
VERTEX
  5
95C
  8
T9-T3_POCKET
 10
2.587105064133567
 20
66.76521587927618
 30
0.0
  0
VERTEX
  5
95D
  8
T9-T3_POCKET
 10
2.604601462676317
 20
66.76598786758674
 30
0.0
  0
VERTEX
  5
95E
  8
T9-T3_POCKET
 10
2.622389090342213
 20
66.76645106057308
 30
0.0
  0
VERTEX
  5
95F
  8
T9-T3_POCKET
 10
2.640467947131254
 20
66.76660545823519
 30
0.0
  0
VERTEX
  5
960
  8
T9-T3_POCKET
 10
2.674712793865565
 20
66.76606552868624
 30
0.0
  0
VERTEX
  5
961
  8
T9-T3_POCKET
 10
2.707389626019385
 20
66.76444574003942
 30
0.0
  0
VERTEX
  5
962
  8
T9-T3_POCKET
 10
2.723140036628611
 20
66.7632308985543
 30
0.0
  0
VERTEX
  5
963
  8
T9-T3_POCKET
 10
2.738498443592714
 20
66.7617460922947
 30
0.0
  0
VERTEX
  5
964
  8
T9-T3_POCKET
 10
2.753464846911694
 20
66.75999132126064
 30
0.0
  0
VERTEX
  5
965
  8
T9-T3_POCKET
 10
2.768039246585551
 20
66.75796658545211
 30
0.0
  0
VERTEX
  5
966
  8
T9-T3_POCKET
 10
2.782221642614285
 20
66.7556718848691
 30
0.0
  0
VERTEX
  5
967
  8
T9-T3_POCKET
 10
2.796012034997897
 20
66.75310721951162
 30
0.0
  0
VERTEX
  5
968
  8
T9-T3_POCKET
 10
2.809410423736386
 20
66.75027258937968
 30
0.0
  0
VERTEX
  5
969
  8
T9-T3_POCKET
 10
2.822416808829753
 20
66.74716799447326
 30
0.0
  0
VERTEX
  5
96A
  8
T9-T3_POCKET
 10
2.835031190277997
 20
66.74379343479237
 30
0.0
  0
VERTEX
  5
96B
  8
T9-T3_POCKET
 10
2.847253568081118
 20
66.740148910337
 30
0.0
  0
VERTEX
  5
96C
  8
T9-T3_POCKET
 10
2.859083942239116
 20
66.73623442110717
 30
0.0
  0
VERTEX
  5
96D
  8
T9-T3_POCKET
 10
2.870522312751991
 20
66.73204996710287
 30
0.0
  0
VERTEX
  5
96E
  8
T9-T3_POCKET
 10
2.892489309469248
 20
66.72308565733137
 30
0.0
  0
VERTEX
  5
96F
  8
T9-T3_POCKET
 10
2.913420824859767
 20
66.71347047358309
 30
0.0
  0
VERTEX
  5
970
  8
T9-T3_POCKET
 10
2.933316858923546
 20
66.70320441585798
 30
0.0
  0
VERTEX
  5
971
  8
T9-T3_POCKET
 10
2.952177411660585
 20
66.69228748415607
 30
0.0
  0
VERTEX
  5
972
  8
T9-T3_POCKET
 10
2.970002483070886
 20
66.68071967847735
 30
0.0
  0
VERTEX
  5
973
  8
T9-T3_POCKET
 10
2.986792073154446
 20
66.66850099882183
 30
0.0
  0
VERTEX
  5
974
  8
T9-T3_POCKET
 10
3.002546181911268
 20
66.65563144518948
 30
0.0
  0
VERTEX
  5
975
  8
T9-T3_POCKET
 10
3.017264809341349
 20
66.64211101758035
 30
0.0
  0
VERTEX
  5
976
  8
T9-T3_POCKET
 10
3.031088485053321
 20
66.62817639744051
 30
0.0
  0
VERTEX
  5
977
  8
T9-T3_POCKET
 10
3.044157738655811
 20
66.6140642662161
 30
0.0
  0
VERTEX
  5
978
  8
T9-T3_POCKET
 10
3.056472570148819
 20
66.59977462390711
 30
0.0
  0
VERTEX
  5
979
  8
T9-T3_POCKET
 10
3.068032979532346
 20
66.5853074705135
 30
0.0
  0
VERTEX
  5
97A
  8
T9-T3_POCKET
 10
3.078838966806391
 20
66.57066280603533
 30
0.0
  0
VERTEX
  5
97B
  8
T9-T3_POCKET
 10
3.088890531970954
 20
66.55584063047257
 30
0.0
  0
VERTEX
  5
97C
  8
T9-T3_POCKET
 10
3.098187675026035
 20
66.54084094382524
 30
0.0
  0
VERTEX
  5
97D
  8
T9-T3_POCKET
 10
3.106730395971636
 20
66.52566374609331
 30
0.0
  0
VERTEX
  5
97E
  8
T9-T3_POCKET
 10
3.114696205892338
 20
66.51007975212588
 30
0.0
  0
VERTEX
  5
97F
  8
T9-T3_POCKET
 10
3.122262615872727
 20
66.49385967677202
 30
0.0
  0
VERTEX
  5
980
  8
T9-T3_POCKET
 10
3.129429625912802
 20
66.47700352003174
 30
0.0
  0
VERTEX
  5
981
  8
T9-T3_POCKET
 10
3.136197236012563
 20
66.45951128190504
 30
0.0
  0
VERTEX
  5
982
  8
T9-T3_POCKET
 10
3.142565446172011
 20
66.44138296239191
 30
0.0
  0
VERTEX
  5
983
  8
T9-T3_POCKET
 10
3.148534256391144
 20
66.42261856149236
 30
0.0
  0
VERTEX
  5
984
  8
T9-T3_POCKET
 10
3.154103666669964
 20
66.40321807920637
 30
0.0
  0
VERTEX
  5
985
  8
T9-T3_POCKET
 10
3.15927367700847
 20
66.38318151553396
 30
0.0
  0
VERTEX
  5
986
  8
T9-T3_POCKET
 10
3.163974022602348
 20
66.36372186288645
 30
0.0
  0
VERTEX
  5
987
  8
T9-T3_POCKET
 10
3.168371120093395
 20
66.34415866210627
 30
0.0
  0
VERTEX
  5
988
  8
T9-T3_POCKET
 10
3.172464969481612
 20
66.32449191319341
 30
0.0
  0
VERTEX
  5
989
  8
T9-T3_POCKET
 10
3.176255570766997
 20
66.30472161614787
 30
0.0
  0
VERTEX
  5
98A
  8
T9-T3_POCKET
 10
3.179742923949552
 20
66.28484777096966
 30
0.0
  0
VERTEX
  5
98B
  8
T9-T3_POCKET
 10
3.182927029029275
 20
66.2648703776588
 30
0.0
  0
VERTEX
  5
98C
  8
T9-T3_POCKET
 10
3.185807886006168
 20
66.24478943621524
 30
0.0
  0
VERTEX
  5
98D
  8
T9-T3_POCKET
 10
3.18838549488023
 20
66.224604946639
 30
0.0
  0
VERTEX
  5
98E
  8
T9-T3_POCKET
 10
3.190659855651462
 20
66.20431690893011
 30
0.0
  0
VERTEX
  5
98F
  8
T9-T3_POCKET
 10
3.192630968319862
 20
66.18392532308854
 30
0.0
  0
VERTEX
  5
990
  8
T9-T3_POCKET
 10
3.194298832885432
 20
66.1634301891143
 30
0.0
  0
VERTEX
  5
991
  8
T9-T3_POCKET
 10
3.19566344934817
 20
66.14283150700737
 30
0.0
  0
VERTEX
  5
992
  8
T9-T3_POCKET
 10
3.196724817708078
 20
66.12212927676777
 30
0.0
  0
VERTEX
  5
993
  8
T9-T3_POCKET
 10
3.197482937965155
 20
66.10132349839549
 30
0.0
  0
VERTEX
  5
994
  8
T9-T3_POCKET
 10
3.197937810119401
 20
66.08041417189055
 30
0.0
  0
VERTEX
  5
995
  8
T9-T3_POCKET
 10
3.198089434170817
 20
66.05940129725293
 30
0.0
  0
VERTEX
  5
996
  8
T9-T3_POCKET
 10
3.197590184245425
 20
66.01297475233905
 30
0.0
  0
VERTEX
  5
997
  8
T9-T3_POCKET
 10
3.196092434469248
 20
65.96813101459603
 30
0.0
  0
VERTEX
  5
998
  8
T9-T3_POCKET
 10
3.193596184842287
 20
65.9248700840239
 30
0.0
  0
VERTEX
  5
999
  8
T9-T3_POCKET
 10
3.190101435364542
 20
65.88319196062264
 30
0.0
  0
VERTEX
  5
99A
  8
T9-T3_POCKET
 10
3.185608186036011
 20
65.84309664439225
 30
0.0
  0
VERTEX
  5
99B
  8
T9-T3_POCKET
 10
3.182987123927703
 20
65.82364253896614
 30
0.0
  0
VERTEX
  5
99C
  8
T9-T3_POCKET
 10
3.180116436856697
 20
65.80458413533273
 30
0.0
  0
VERTEX
  5
99D
  8
T9-T3_POCKET
 10
3.176996124822995
 20
65.78592143349206
 30
0.0
  0
VERTEX
  5
99E
  8
T9-T3_POCKET
 10
3.173626187826597
 20
65.7676544334441
 30
0.0
  0
VERTEX
  5
99F
  8
T9-T3_POCKET
 10
3.170006625867504
 20
65.74978313518886
 30
0.0
  0
VERTEX
  5
9A0
  8
T9-T3_POCKET
 10
3.166137438945714
 20
65.73230753872633
 30
0.0
  0
VERTEX
  5
9A1
  8
T9-T3_POCKET
 10
3.162018627061229
 20
65.71522764405654
 30
0.0
  0
VERTEX
  5
9A2
  8
T9-T3_POCKET
 10
3.157650190214047
 20
65.69854345117943
 30
0.0
  0
VERTEX
  5
9A3
  8
T9-T3_POCKET
 10
3.153032128404169
 20
65.68225496009507
 30
0.0
  0
VERTEX
  5
9A4
  8
T9-T3_POCKET
 10
3.148164441631594
 20
65.66636217080341
 30
0.0
  0
VERTEX
  5
9A5
  8
T9-T3_POCKET
 10
3.143047129896324
 20
65.6508650833045
 30
0.0
  0
VERTEX
  5
9A6
  8
T9-T3_POCKET
 10
3.137680193198357
 20
65.63576369759826
 30
0.0
  0
VERTEX
  5
9A7
  8
T9-T3_POCKET
 10
3.132063631537696
 20
65.62105801368477
 30
0.0
  0
VERTEX
  5
9A8
  8
T9-T3_POCKET
 10
3.126197444914337
 20
65.606748031564
 30
0.0
  0
VERTEX
  5
9A9
  8
T9-T3_POCKET
 10
3.120081633328282
 20
65.59283375123593
 30
0.0
  0
VERTEX
  5
9AA
  8
T9-T3_POCKET
 10
3.113716196779531
 20
65.57931517270059
 30
0.0
  0
VERTEX
  5
9AB
  8
T9-T3_POCKET
 10
3.107101135268084
 20
65.56619229595796
 30
0.0
  0
VERTEX
  5
9AC
  8
T9-T3_POCKET
 10
3.100236448793941
 20
65.55346512100806
 30
0.0
  0
VERTEX
  5
9AD
  8
T9-T3_POCKET
 10
3.093122137357102
 20
65.54113364785087
 30
0.0
  0
VERTEX
  5
9AE
  8
T9-T3_POCKET
 10
3.085758200957566
 20
65.52919787648639
 30
0.0
  0
VERTEX
  5
9AF
  8
T9-T3_POCKET
 10
3.078144639595336
 20
65.51765780691463
 30
0.0
  0
VERTEX
  5
9B0
  8
T9-T3_POCKET
 10
3.070281453270408
 20
65.5065134391356
 30
0.0
  0
VERTEX
  5
9B1
  8
T9-T3_POCKET
 10
3.062113169768852
 20
65.49573796157924
 30
0.0
  0
VERTEX
  5
9B2
  8
T9-T3_POCKET
 10
3.053584316876735
 20
65.48530456267542
 30
0.0
  0
VERTEX
  5
9B3
  8
T9-T3_POCKET
 10
3.044694894594056
 20
65.47521324242422
 30
0.0
  0
VERTEX
  5
9B4
  8
T9-T3_POCKET
 10
3.035444902920817
 20
65.46546400082556
 30
0.0
  0
VERTEX
  5
9B5
  8
T9-T3_POCKET
 10
3.025834341857017
 20
65.45605683787954
 30
0.0
  0
VERTEX
  5
9B6
  8
T9-T3_POCKET
 10
3.015863211402655
 20
65.44699175358608
 30
0.0
  0
VERTEX
  5
9B7
  8
T9-T3_POCKET
 10
3.005531511557733
 20
65.43826874794519
 30
0.0
  0
VERTEX
  5
9B8
  8
T9-T3_POCKET
 10
2.99483924232225
 20
65.42988782095688
 30
0.0
  0
VERTEX
  5
9B9
  8
T9-T3_POCKET
 10
2.983786403696205
 20
65.42184897262118
 30
0.0
  0
VERTEX
  5
9BA
  8
T9-T3_POCKET
 10
2.9723729956796
 20
65.41415220293806
 30
0.0
  0
VERTEX
  5
9BB
  8
T9-T3_POCKET
 10
2.960599018272433
 20
65.40679751190751
 30
0.0
  0
VERTEX
  5
9BC
  8
T9-T3_POCKET
 10
2.948464471474705
 20
65.39978489952954
 30
0.0
  0
VERTEX
  5
9BD
  8
T9-T3_POCKET
 10
2.935969355286417
 20
65.39311436580417
 30
0.0
  0
VERTEX
  5
9BE
  8
T9-T3_POCKET
 10
2.923113669707567
 20
65.38678591073136
 30
0.0
  0
VERTEX
  5
9BF
  8
T9-T3_POCKET
 10
2.909897414738156
 20
65.38079953431115
 30
0.0
  0
VERTEX
  5
9C0
  8
T9-T3_POCKET
 10
2.896320590378184
 20
65.37515523654352
 30
0.0
  0
VERTEX
  5
9C1
  8
T9-T3_POCKET
 10
2.882383196627651
 20
65.36985301742848
 30
0.0
  0
VERTEX
  5
9C2
  8
T9-T3_POCKET
 10
2.868085233486557
 20
65.36489287696602
 30
0.0
  0
VERTEX
  5
9C3
  8
T9-T3_POCKET
 10
2.853426700954902
 20
65.36027481515615
 30
0.0
  0
VERTEX
  5
9C4
  8
T9-T3_POCKET
 10
2.838407599032686
 20
65.35599883199883
 30
0.0
  0
VERTEX
  5
9C5
  8
T9-T3_POCKET
 10
2.823027927719909
 20
65.35206492749413
 30
0.0
  0
VERTEX
  5
9C6
  8
T9-T3_POCKET
 10
2.807287687016571
 20
65.348473101642
 30
0.0
  0
VERTEX
  5
9C7
  8
T9-T3_POCKET
 10
2.791186876922672
 20
65.34522335444247
 30
0.0
  0
VERTEX
  5
9C8
  8
T9-T3_POCKET
 10
2.774725497438212
 20
65.34231568589549
 30
0.0
  0
VERTEX
  5
9C9
  8
T9-T3_POCKET
 10
2.75790354856319
 20
65.33975009600111
 30
0.0
  0
VERTEX
  5
9CA
  8
T9-T3_POCKET
 10
2.740721030297608
 20
65.33752658475932
 30
0.0
  0
VERTEX
  5
9CB
  8
T9-T3_POCKET
 10
2.723177942641465
 20
65.33564515217012
 30
0.0
  0
VERTEX
  5
9CC
  8
T9-T3_POCKET
 10
2.70527428559476
 20
65.33410579823348
 30
0.0
  0
VERTEX
  5
9CD
  8
T9-T3_POCKET
 10
2.687010059157494
 20
65.33290852294945
 30
0.0
  0
VERTEX
  5
9CE
  8
T9-T3_POCKET
 10
2.668385263329668
 20
65.33205332631799
 30
0.0
  0
VERTEX
  5
9CF
  8
T9-T3_POCKET
 10
2.64939989811128
 20
65.33154020833912
 30
0.0
  0
VERTEX
  5
9D0
  8
T9-T3_POCKET
 10
2.630053963502331
 20
65.33136916901282
 30
0.0
  0
VERTEX
  5
9D1
  8
T9-T3_POCKET
 10
2.608423498216264
 20
65.33158735972094
 30
0.0
  0
VERTEX
  5
9D2
  8
T9-T3_POCKET
 10
2.587318169888757
 20
65.33224193184536
 30
0.0
  0
VERTEX
  5
9D3
  8
T9-T3_POCKET
 10
2.566737978519811
 20
65.33333288538603
 30
0.0
  0
VERTEX
  5
9D4
  8
T9-T3_POCKET
 10
2.546682924109426
 20
65.33486022034297
 30
0.0
  0
VERTEX
  5
9D5
  8
T9-T3_POCKET
 10
2.527153006657601
 20
65.33682393671617
 30
0.0
  0
VERTEX
  5
9D6
  8
T9-T3_POCKET
 10
2.508148226164337
 20
65.33922403450566
 30
0.0
  0
VERTEX
  5
9D7
  8
T9-T3_POCKET
 10
2.489668582629633
 20
65.3420605137114
 30
0.0
  0
VERTEX
  5
9D8
  8
T9-T3_POCKET
 10
2.471714076053491
 20
65.34533337433342
 30
0.0
  0
VERTEX
  5
9D9
  8
T9-T3_POCKET
 10
2.454284706435909
 20
65.34904261637172
 30
0.0
  0
VERTEX
  5
9DA
  8
T9-T3_POCKET
 10
2.437380473776888
 20
65.35318823982627
 30
0.0
  0
VERTEX
  5
9DB
  8
T9-T3_POCKET
 10
2.421001378076427
 20
65.35777024469708
 30
0.0
  0
VERTEX
  5
9DC
  8
T9-T3_POCKET
 10
2.405147419334527
 20
65.36278863098418
 30
0.0
  0
VERTEX
  5
9DD
  8
T9-T3_POCKET
 10
2.389818597551189
 20
65.36824339868755
 30
0.0
  0
VERTEX
  5
9DE
  8
T9-T3_POCKET
 10
2.37501491272641
 20
65.37413454780717
 30
0.0
  0
VERTEX
  5
9DF
  8
T9-T3_POCKET
 10
2.360736364860193
 20
65.38046207834307
 30
0.0
  0
VERTEX
  5
9E0
  8
T9-T3_POCKET
 10
2.346982953952536
 20
65.38722599029522
 30
0.0
  0
VERTEX
  5
9E1
  8
T9-T3_POCKET
 10
2.333643735575575
 20
65.39441149107327
 30
0.0
  0
VERTEX
  5
9E2
  8
T9-T3_POCKET
 10
2.320607765301445
 20
65.40200378808682
 30
0.0
  0
VERTEX
  5
9E3
  8
T9-T3_POCKET
 10
2.307875043130145
 20
65.41000288133588
 30
0.0
  0
VERTEX
  5
9E4
  8
T9-T3_POCKET
 10
2.295445569061677
 20
65.41840877082045
 30
0.0
  0
VERTEX
  5
9E5
  8
T9-T3_POCKET
 10
2.283319343096039
 20
65.42722145654052
 30
0.0
  0
VERTEX
  5
9E6
  8
T9-T3_POCKET
 10
2.271496365233232
 20
65.4364409384961
 30
0.0
  0
VERTEX
  5
9E7
  8
T9-T3_POCKET
 10
2.259976635473256
 20
65.4460672166872
 30
0.0
  0
VERTEX
  5
9E8
  8
T9-T3_POCKET
 10
2.248760153816111
 20
65.45610029111378
 30
0.0
  0
VERTEX
  5
9E9
  8
T9-T3_POCKET
 10
2.237846920261796
 20
65.46654016177588
 30
0.0
  0
VERTEX
  5
9EA
  8
T9-T3_POCKET
 10
2.227236934810313
 20
65.47738682867347
 30
0.0
  0
VERTEX
  5
9EB
  8
T9-T3_POCKET
 10
2.21693019746166
 20
65.48864029180658
 30
0.0
  0
VERTEX
  5
9EC
  8
T9-T3_POCKET
 10
2.206926708215838
 20
65.50030055117517
 30
0.0
  0
VERTEX
  5
9ED
  8
T9-T3_POCKET
 10
2.197226467072847
 20
65.51236760677929
 30
0.0
  0
VERTEX
  5
9EE
  8
T9-T3_POCKET
 10
2.187829474032686
 20
65.52484145861891
 30
0.0
  0
VERTEX
  5
9EF
  8
T9-T3_POCKET
 10
2.178735729095357
 20
65.53772210669402
 30
0.0
  0
VERTEX
  5
9F0
  8
T9-T3_POCKET
 10
2.169945232260858
 20
65.55100955100464
 30
0.0
  0
VERTEX
  5
9F1
  8
T9-T3_POCKET
 10
2.163760080407388
 20
65.56081518935412
 30
0.0
  0
VERTEX
  5
9F2
  8
T9-T3_POCKET
 10
2.157748741490907
 20
65.57106090726744
 30
0.0
  0
VERTEX
  5
9F3
  8
T9-T3_POCKET
 10
2.151911215511412
 20
65.58174670474462
 30
0.0
  0
VERTEX
  5
9F4
  8
T9-T3_POCKET
 10
2.146247502468908
 20
65.59287258178567
 30
0.0
  0
VERTEX
  5
9F5
  8
T9-T3_POCKET
 10
2.140757602363391
 20
65.6044385383906
 30
0.0
  0
VERTEX
  5
9F6
  8
T9-T3_POCKET
 10
2.135441515194863
 20
65.61644457455938
 30
0.0
  0
VERTEX
  5
9F7
  8
T9-T3_POCKET
 10
2.130299240963323
 20
65.62889069029202
 30
0.0
  0
VERTEX
  5
9F8
  8
T9-T3_POCKET
 10
2.125330779668771
 20
65.64177688558854
 30
0.0
  0
VERTEX
  5
9F9
  8
T9-T3_POCKET
 10
2.120536131311208
 20
65.65510316044893
 30
0.0
  0
VERTEX
  5
9FA
  8
T9-T3_POCKET
 10
2.115915295890634
 20
65.66886951487317
 30
0.0
  0
VERTEX
  5
9FB
  8
T9-T3_POCKET
 10
2.107195063860449
 20
65.69772246241322
 30
0.0
  0
VERTEX
  5
9FC
  8
T9-T3_POCKET
 10
2.099170083578218
 20
65.72833572820878
 30
0.0
  0
VERTEX
  5
9FD
  8
T9-T3_POCKET
 10
2.091840355043941
 20
65.76070931225975
 30
0.0
  0
VERTEX
  5
9FE
  8
T9-T3_POCKET
 10
2.08529463379991
 20
65.79439943685472
 30
0.0
  0
VERTEX
  5
9FF
  8
T9-T3_POCKET
 10
2.079621675388416
 20
65.82896232428226
 30
0.0
  0
VERTEX
  5
A00
  8
T9-T3_POCKET
 10
2.074821479809459
 20
65.86439797454233
 30
0.0
  0
VERTEX
  5
A01
  8
T9-T3_POCKET
 10
2.070894047063041
 20
65.90070638763493
 30
0.0
  0
VERTEX
  5
A02
  8
T9-T3_POCKET
 10
2.06783937714916
 20
65.93788756356005
 30
0.0
  0
VERTEX
  5
A03
  8
T9-T3_POCKET
 10
2.065657470067816
 20
65.97594150231774
 30
0.0
  0
VERTEX
  5
A04
  8
T9-T3_POCKET
 10
2.06434832581901
 20
66.01486820390795
 30
0.0
  0
SEQEND
  5
D99
  8
T9-T3_POCKET
  0
POLYLINE
  5
8E
  8
T9-T3_POCKET
 66
     1
 10
0.0
 20
0.0
 30
0.0
 70
     1
  0
VERTEX
  5
A05
  8
T9-T3_POCKET
 10
0.9268942772813189
 20
66.74293731362401
 30
0.0
  0
VERTEX
  5
A06
  8
T9-T3_POCKET
 10
1.842378110842028
 20
66.74293731362401
 30
0.0
  0
VERTEX
  5
A07
  8
T9-T3_POCKET
 10
1.842378110842028
 20
66.43525143367857
 30
0.0
  0
VERTEX
  5
A08
  8
T9-T3_POCKET
 10
1.222272722028931
 20
66.43525143367857
 30
0.0
  0
VERTEX
  5
A09
  8
T9-T3_POCKET
 10
1.18913731957327
 20
66.22697176110013
 30
0.0
  0
VERTEX
  5
A0A
  8
T9-T3_POCKET
 10
1.205209469023304
 20
66.23430888592961
 30
0.0
  0
VERTEX
  5
A0B
  8
T9-T3_POCKET
 10
1.221237240702192
 20
66.24117264786685
 30
0.0
  0
VERTEX
  5
A0C
  8
T9-T3_POCKET
 10
1.237220634609934
 20
66.24756304691186
 30
0.0
  0
VERTEX
  5
A0D
  8
T9-T3_POCKET
 10
1.25315965074653
 20
66.25348008306466
 30
0.0
  0
VERTEX
  5
A0E
  8
T9-T3_POCKET
 10
1.269054289111981
 20
66.25892375632523
 30
0.0
  0
VERTEX
  5
A0F
  8
T9-T3_POCKET
 10
1.284904549706285
 20
66.26389406669358
 30
0.0
  0
VERTEX
  5
A10
  8
T9-T3_POCKET
 10
1.300710432529443
 20
66.26839101416971
 30
0.0
  0
VERTEX
  5
A11
  8
T9-T3_POCKET
 10
1.316471937581455
 20
66.27241459875361
 30
0.0
  0
VERTEX
  5
A12
  8
T9-T3_POCKET
 10
1.332189064862322
 20
66.2759648204453
 30
0.0
  0
VERTEX
  5
A13
  8
T9-T3_POCKET
 10
1.347861814372042
 20
66.27904167924476
 30
0.0
  0
VERTEX
  5
A14
  8
T9-T3_POCKET
 10
1.363490186110616
 20
66.28164517515198
 30
0.0
  0
VERTEX
  5
A15
  8
T9-T3_POCKET
 10
1.379074180078045
 20
66.28377530816698
 30
0.0
  0
VERTEX
  5
A16
  8
T9-T3_POCKET
 10
1.394613796274327
 20
66.28543207828976
 30
0.0
  0
VERTEX
  5
A17
  8
T9-T3_POCKET
 10
1.410109034699464
 20
66.28661548552031
 30
0.0
  0
VERTEX
  5
A18
  8
T9-T3_POCKET
 10
1.425559895353454
 20
66.28732552985866
 30
0.0
  0
VERTEX
  5
A19
  8
T9-T3_POCKET
 10
1.440966378236298
 20
66.28756221130477
 30
0.0
  0
VERTEX
  5
A1A
  8
T9-T3_POCKET
 10
1.466694391058178
 20
66.28707035767457
 30
0.0
  0
VERTEX
  5
A1B
  8
T9-T3_POCKET
 10
1.491808511379204
 20
66.28559479678397
 30
0.0
  0
VERTEX
  5
A1C
  8
T9-T3_POCKET
 10
1.516308739199378
 20
66.28313552863297
 30
0.0
  0
VERTEX
  5
A1D
  8
T9-T3_POCKET
 10
1.540195074518699
 20
66.27969255322155
 30
0.0
  0
VERTEX
  5
A1E
  8
T9-T3_POCKET
 10
1.563467517337168
 20
66.27526587054973
 30
0.0
  0
VERTEX
  5
A1F
  8
T9-T3_POCKET
 10
1.586126067654784
 20
66.26985548061752
 30
0.0
  0
VERTEX
  5
A20
  8
T9-T3_POCKET
 10
1.608170725471547
 20
66.26346138342491
 30
0.0
  0
VERTEX
  5
A21
  8
T9-T3_POCKET
 10
1.629601490787458
 20
66.2560835789719
 30
0.0
  0
VERTEX
  5
A22
  8
T9-T3_POCKET
 10
1.650418363602516
 20
66.24772206725848
 30
0.0
  0
VERTEX
  5
A23
  8
T9-T3_POCKET
 10
1.670621343916721
 20
66.23837684828464
 30
0.0
  0
VERTEX
  5
A24
  8
T9-T3_POCKET
 10
1.690210431730074
 20
66.22804792205042
 30
0.0
  0
VERTEX
  5
A25
  8
T9-T3_POCKET
 10
1.709185627042574
 20
66.2167352885558
 30
0.0
  0
VERTEX
  5
A26
  8
T9-T3_POCKET
 10
1.727546929854221
 20
66.20443894780078
 30
0.0
  0
VERTEX
  5
A27
  8
T9-T3_POCKET
 10
1.745294340165016
 20
66.19115889978534
 30
0.0
  0
VERTEX
  5
A28
  8
T9-T3_POCKET
 10
1.762427857974958
 20
66.1768951445095
 30
0.0
  0
VERTEX
  5
A29
  8
T9-T3_POCKET
 10
1.778947483284047
 20
66.16164768197326
 30
0.0
  0
VERTEX
  5
A2A
  8
T9-T3_POCKET
 10
1.794653516122127
 20
66.14565319362273
 30
0.0
  0
VERTEX
  5
A2B
  8
T9-T3_POCKET
 10
1.80934625651904
 20
66.12914836090403
 30
0.0
  0
VERTEX
  5
A2C
  8
T9-T3_POCKET
 10
1.823025704474787
 20
66.11213318381712
 30
0.0
  0
VERTEX
  5
A2D
  8
T9-T3_POCKET
 10
1.835691859989368
 20
66.09460766236207
 30
0.0
  0
VERTEX
  5
A2E
  8
T9-T3_POCKET
 10
1.847344723062782
 20
66.07657179653881
 30
0.0
  0
VERTEX
  5
A2F
  8
T9-T3_POCKET
 10
1.857984293695029
 20
66.0580255863474
 30
0.0
  0
VERTEX
  5
A30
  8
T9-T3_POCKET
 10
1.86761057188611
 20
66.03896903178779
 30
0.0
  0
VERTEX
  5
A31
  8
T9-T3_POCKET
 10
1.876223557636025
 20
66.01940213286002
 30
0.0
  0
VERTEX
  5
A32
  8
T9-T3_POCKET
 10
1.883823250944774
 20
65.99932488956406
 30
0.0
  0
VERTEX
  5
A33
  8
T9-T3_POCKET
 10
1.890409651812356
 20
65.97873730189993
 30
0.0
  0
VERTEX
  5
A34
  8
T9-T3_POCKET
 10
1.895982760238771
 20
65.95763936986762
 30
0.0
  0
VERTEX
  5
A35
  8
T9-T3_POCKET
 10
1.90054257622402
 20
65.93603109346712
 30
0.0
  0
VERTEX
  5
A36
  8
T9-T3_POCKET
 10
1.904089099768103
 20
65.91391247269846
 30
0.0
  0
VERTEX
  5
A37
  8
T9-T3_POCKET
 10
1.906622330871019
 20
65.8912835075616
 30
0.0
  0
VERTEX
  5
A38
  8
T9-T3_POCKET
 10
1.908142269532769
 20
65.86814419805656
 30
0.0
  0
VERTEX
  5
A39
  8
T9-T3_POCKET
 10
1.908648915753352
 20
65.84449454418335
 30
0.0
  0
VERTEX
  5
A3A
  8
T9-T3_POCKET
 10
1.908388196347869
 20
65.82773084113295
 30
0.0
  0
VERTEX
  5
A3B
  8
T9-T3_POCKET
 10
1.907606038131421
 20
65.81104849732966
 30
0.0
  0
VERTEX
  5
A3C
  8
T9-T3_POCKET
 10
1.906302441104009
 20
65.79444751277347
 30
0.0
  0
VERTEX
  5
A3D
  8
T9-T3_POCKET
 10
1.90447740526563
 20
65.77792788746439
 30
0.0
  0
VERTEX
  5
A3E
  8
T9-T3_POCKET
 10
1.902130930616287
 20
65.7614896214024
 30
0.0
  0
VERTEX
  5
A3F
  8
T9-T3_POCKET
 10
1.899263017155978
 20
65.74513271458751
 30
0.0
  0
VERTEX
  5
A40
  8
T9-T3_POCKET
 10
1.895873664884704
 20
65.72885716701973
 30
0.0
  0
VERTEX
  5
A41
  8
T9-T3_POCKET
 10
1.891962873802465
 20
65.71266297869904
 30
0.0
  0
VERTEX
  5
A42
  8
T9-T3_POCKET
 10
1.887530643909261
 20
65.69655014962547
 30
0.0
  0
VERTEX
  5
A43
  8
T9-T3_POCKET
 10
1.882576975205091
 20
65.68051867979898
 30
0.0
  0
VERTEX
  5
A44
  8
T9-T3_POCKET
 10
1.877101867689956
 20
65.6645685692196
 30
0.0
  0
VERTEX
  5
A45
  8
T9-T3_POCKET
 10
1.871105321363856
 20
65.64869981788732
 30
0.0
  0
VERTEX
  5
A46
  8
T9-T3_POCKET
 10
1.864587336226791
 20
65.63291242580213
 30
0.0
  0
VERTEX
  5
A47
  8
T9-T3_POCKET
 10
1.857547912278761
 20
65.61720639296405
 30
0.0
  0
VERTEX
  5
A48
  8
T9-T3_POCKET
 10
1.849987049519765
 20
65.60158171937307
 30
0.0
  0
VERTEX
  5
A49
  8
T9-T3_POCKET
 10
1.841904747949805
 20
65.5860384050292
 30
0.0
  0
VERTEX
  5
A4A
  8
T9-T3_POCKET
 10
1.833343536266227
 20
65.57076505545979
 30
0.0
  0
VERTEX
  5
A4B
  8
T9-T3_POCKET
 10
1.82434594316638
 20
65.55595027619223
 30
0.0
  0
VERTEX
  5
A4C
  8
T9-T3_POCKET
 10
1.814911968650265
 20
65.5415940672265
 30
0.0
  0
VERTEX
  5
A4D
  8
T9-T3_POCKET
 10
1.805041612717881
 20
65.52769642856262
 30
0.0
  0
VERTEX
  5
A4E
  8
T9-T3_POCKET
 10
1.794734875369228
 20
65.51425736020059
 30
0.0
  0
VERTEX
  5
A4F
  8
T9-T3_POCKET
 10
1.783991756604307
 20
65.50127686214039
 30
0.0
  0
VERTEX
  5
A50
  8
T9-T3_POCKET
 10
1.772812256423116
 20
65.48875493438203
 30
0.0
  0
VERTEX
  5
A51
  8
T9-T3_POCKET
 10
1.761196374825657
 20
65.4766915769255
 30
0.0
  0
VERTEX
  5
A52
  8
T9-T3_POCKET
 10
1.749144111811929
 20
65.46508678977082
 30
0.0
  0
VERTEX
  5
A53
  8
T9-T3_POCKET
 10
1.736655467381933
 20
65.453940572918
 30
0.0
  0
VERTEX
  5
A54
  8
T9-T3_POCKET
 10
1.723730441535667
 20
65.44325292636701
 30
0.0
  0
VERTEX
  5
A55
  8
T9-T3_POCKET
 10
1.710369034273133
 20
65.43302385011786
 30
0.0
  0
VERTEX
  5
A56
  8
T9-T3_POCKET
 10
1.69657124559433
 20
65.42325334417055
 30
0.0
  0
VERTEX
  5
A57
  8
T9-T3_POCKET
 10
1.682337075499259
 20
65.41394140852509
 30
0.0
  0
VERTEX
  5
A58
  8
T9-T3_POCKET
 10
1.667666523987918
 20
65.40508804318148
 30
0.0
  0
VERTEX
  5
A59
  8
T9-T3_POCKET
 10
1.652559591060309
 20
65.3966932481397
 30
0.0
  0
VERTEX
  5
A5A
  8
T9-T3_POCKET
 10
1.636966351723892
 20
65.38878291043292
 30
0.0
  0
VERTEX
  5
A5B
  8
T9-T3_POCKET
 10
1.620836880986128
 20
65.38138291709434
 30
0.0
  0
VERTEX
  5
A5C
  8
T9-T3_POCKET
 10
1.604171178847017
 20
65.37449326812393
 30
0.0
  0
VERTEX
  5
A5D
  8
T9-T3_POCKET
 10
1.586969245306558
 20
65.3681139635217
 30
0.0
  0
VERTEX
  5
A5E
  8
T9-T3_POCKET
 10
1.569231080364752
 20
65.36224500328763
 30
0.0
  0
VERTEX
  5
A5F
  8
T9-T3_POCKET
 10
1.550956684021599
 20
65.35688638742175
 30
0.0
  0
VERTEX
  5
A60
  8
T9-T3_POCKET
 10
1.532146056277099
 20
65.35203811592405
 30
0.0
  0
VERTEX
  5
A61
  8
T9-T3_POCKET
 10
1.512799197131251
 20
65.34770018879453
 30
0.0
  0
VERTEX
  5
A62
  8
T9-T3_POCKET
 10
1.492916106584056
 20
65.34387260603319
 30
0.0
  0
VERTEX
  5
A63
  8
T9-T3_POCKET
 10
1.472496784635514
 20
65.34055536764004
 30
0.0
  0
VERTEX
  5
A64
  8
T9-T3_POCKET
 10
1.451541231285625
 20
65.33774847361505
 30
0.0
  0
VERTEX
  5
A65
  8
T9-T3_POCKET
 10
1.430049446534388
 20
65.33545192395825
 30
0.0
  0
VERTEX
  5
A66
  8
T9-T3_POCKET
 10
1.408021430381805
 20
65.33366571866962
 30
0.0
  0
VERTEX
  5
A67
  8
T9-T3_POCKET
 10
1.385457182827874
 20
65.33238985774918
 30
0.0
  0
VERTEX
  5
A68
  8
T9-T3_POCKET
 10
1.362356703872596
 20
65.33162434119691
 30
0.0
  0
VERTEX
  5
A69
  8
T9-T3_POCKET
 10
1.338719993515971
 20
65.33136916901282
 30
0.0
  0
VERTEX
  5
A6A
  8
T9-T3_POCKET
 10
1.305015076330602
 20
65.33177596524833
 30
0.0
  0
VERTEX
  5
A6B
  8
T9-T3_POCKET
 10
1.27253794414694
 20
65.33299635395483
 30
0.0
  0
VERTEX
  5
A6C
  8
T9-T3_POCKET
 10
1.241288596964981
 20
65.33503033513236
 30
0.0
  0
VERTEX
  5
A6D
  8
T9-T3_POCKET
 10
1.211267034784729
 20
65.3378779087809
 30
0.0
  0
VERTEX
  5
A6E
  8
T9-T3_POCKET
 10
1.182473257606182
 20
65.34153907490045
 30
0.0
  0
VERTEX
  5
A6F
  8
T9-T3_POCKET
 10
1.15490726542934
 20
65.34601383349099
 30
0.0
  0
VERTEX
  5
A70
  8
T9-T3_POCKET
 10
1.128569058254204
 20
65.35130218455257
 30
0.0
  0
VERTEX
  5
A71
  8
T9-T3_POCKET
 10
1.103458636080773
 20
65.35740412808512
 30
0.0
  0
VERTEX
  5
A72
  8
T9-T3_POCKET
 10
1.079420676710036
 20
65.36431226779351
 30
0.0
  0
VERTEX
  5
A73
  8
T9-T3_POCKET
 10
1.056299857942983
 20
65.37201920738254
 30
0.0
  0
VERTEX
  5
A74
  8
T9-T3_POCKET
 10
1.034096179779614
 20
65.38052494685219
 30
0.0
  0
VERTEX
  5
A75
  8
T9-T3_POCKET
 10
1.012809642219927
 20
65.38982948620246
 30
0.0
  0
VERTEX
  5
A76
  8
T9-T3_POCKET
 10
0.9924402452639245
 20
65.39993282543335
 30
0.0
  0
VERTEX
  5
A77
  8
T9-T3_POCKET
 10
0.9729879889116053
 20
65.41083496454489
 30
0.0
  0
VERTEX
  5
A78
  8
T9-T3_POCKET
 10
0.9544528731629697
 20
65.42253590353704
 30
0.0
  0
VERTEX
  5
A79
  8
T9-T3_POCKET
 10
0.9368348980180174
 20
65.43503564240982
 30
0.0
  0
VERTEX
  5
A7A
  8
T9-T3_POCKET
 10
0.9200822894104117
 20
65.44814927378346
 30
0.0
  0
VERTEX
  5
A7B
  8
T9-T3_POCKET
 10
0.9041432732738155
 20
65.46169189027819
 30
0.0
  0
VERTEX
  5
A7C
  8
T9-T3_POCKET
 10
0.8890178496082288
 20
65.47566349189397
 30
0.0
  0
VERTEX
  5
A7D
  8
T9-T3_POCKET
 10
0.8747060184136517
 20
65.49006407863084
 30
0.0
  0
VERTEX
  5
A7E
  8
T9-T3_POCKET
 10
0.8612077796900843
 20
65.50489365048878
 30
0.0
  0
VERTEX
  5
A7F
  8
T9-T3_POCKET
 10
0.8485231334375263
 20
65.5201522074678
 30
0.0
  0
VERTEX
  5
A80
  8
T9-T3_POCKET
 10
0.8366520796559778
 20
65.53583974956791
 30
0.0
  0
VERTEX
  5
A81
  8
T9-T3_POCKET
 10
0.8255946183454389
 20
65.55195627678908
 30
0.0
  0
VERTEX
  5
A82
  8
T9-T3_POCKET
 10
0.8151658421261347
 20
65.5687902446438
 30
0.0
  0
VERTEX
  5
A83
  8
T9-T3_POCKET
 10
0.8051808436182902
 20
65.58663010864447
 30
0.0
  0
VERTEX
  5
A84
  8
T9-T3_POCKET
 10
0.7956396228219055
 20
65.60547586879113
 30
0.0
  0
VERTEX
  5
A85
  8
T9-T3_POCKET
 10
0.7865421797369805
 20
65.62532752508376
 30
0.0
  0
VERTEX
  5
A86
  8
T9-T3_POCKET
 10
0.7778885143635152
 20
65.64618507752238
 30
0.0
  0
VERTEX
  5
A87
  8
T9-T3_POCKET
 10
0.7696786267015099
 20
65.66804852610696
 30
0.0
  0
VERTEX
  5
A88
  8
T9-T3_POCKET
 10
0.7619125167509642
 20
65.69091787083751
 30
0.0
  0
VERTEX
  5
A89
  8
T9-T3_POCKET
 10
0.7545901845118782
 20
65.71479311171404
 30
0.0
  0
VERTEX
  5
A8A
  8
T9-T3_POCKET
 10
1.144641207704238
 20
65.75739577201419
 30
0.0
  0
VERTEX
  5
A8B
  8
T9-T3_POCKET
 10
1.146564244453897
 20
65.74585570244244
 30
0.0
  0
VERTEX
  5
A8C
  8
T9-T3_POCKET
 10
1.148783133011196
 20
65.73466695689226
 30
0.0
  0
VERTEX
  5
A8D
  8
T9-T3_POCKET
 10
1.151297873376135
 20
65.72382953536365
 30
0.0
  0
VERTEX
  5
A8E
  8
T9-T3_POCKET
 10
1.154108465548713
 20
65.71334343785662
 30
0.0
  0
VERTEX
  5
A8F
  8
T9-T3_POCKET
 10
1.157214909528931
 20
65.70320866437115
 30
0.0
  0
VERTEX
  5
A90
  8
T9-T3_POCKET
 10
1.160617205316789
 20
65.69342521490725
 30
0.0
  0
VERTEX
  5
A91
  8
T9-T3_POCKET
 10
1.164315352912287
 20
65.68399308946495
 30
0.0
  0
VERTEX
  5
A92
  8
T9-T3_POCKET
 10
1.168309352315425
 20
65.6749122880442
 30
0.0
  0
VERTEX
  5
A93
  8
T9-T3_POCKET
 10
1.172599203526203
 20
65.66618281064503
 30
0.0
  0
VERTEX
  5
A94
  8
T9-T3_POCKET
 10
1.17718490654462
 20
65.65780465726742
 30
0.0
  0
VERTEX
  5
A95
  8
T9-T3_POCKET
 10
1.182066461370677
 20
65.64977782791141
 30
0.0
  0
VERTEX
  5
A96
  8
T9-T3_POCKET
 10
1.187243868004375
 20
65.64210232257695
 30
0.0
  0
VERTEX
  5
A97
  8
T9-T3_POCKET
 10
1.192717126445711
 20
65.63477814126406
 30
0.0
  0
VERTEX
  5
A98
  8
T9-T3_POCKET
 10
1.198486236694688
 20
65.62780528397275
 30
0.0
  0
VERTEX
  5
A99
  8
T9-T3_POCKET
 10
1.204551198751305
 20
65.62118375070301
 30
0.0
  0
VERTEX
  5
A9A
  8
T9-T3_POCKET
 10
1.210912012615562
 20
65.61491354145484
 30
0.0
  0
VERTEX
  5
A9B
  8
T9-T3_POCKET
 10
1.217498413483144
 20
65.60900944881863
 30
0.0
  0
VERTEX
  5
A9C
  8
T9-T3_POCKET
 10
1.224240136549736
 20
65.60348626538475
 30
0.0
  0
VERTEX
  5
A9D
  8
T9-T3_POCKET
 10
1.23113718181534
 20
65.5983439911532
 30
0.0
  0
VERTEX
  5
A9E
  8
T9-T3_POCKET
 10
1.238189549279955
 20
65.593582626124
 30
0.0
  0
VERTEX
  5
A9F
  8
T9-T3_POCKET
 10
1.24539723894358
 20
65.58920217029714
 30
0.0
  0
VERTEX
  5
AA0
  8
T9-T3_POCKET
 10
1.252760250806217
 20
65.58520262367261
 30
0.0
  0
VERTEX
  5
AA1
  8
T9-T3_POCKET
 10
1.260278584867864
 20
65.58158398625042
 30
0.0
  0
VERTEX
  5
AA2
  8
T9-T3_POCKET
 10
1.267952241128522
 20
65.57834625803056
 30
0.0
  0
VERTEX
  5
AA3
  8
T9-T3_POCKET
 10
1.275781219588191
 20
65.57548943901304
 30
0.0
  0
VERTEX
  5
AA4
  8
T9-T3_POCKET
 10
1.283765520246871
 20
65.57301352919785
 30
0.0
  0
VERTEX
  5
AA5
  8
T9-T3_POCKET
 10
1.291905143104562
 20
65.570918528585
 30
0.0
  0
VERTEX
  5
AA6
  8
T9-T3_POCKET
 10
1.300200088161264
 20
65.56920443717448
 30
0.0
  0
VERTEX
  5
AA7
  8
T9-T3_POCKET
 10
1.308650355416977
 20
65.5678712549663
 30
0.0
  0
VERTEX
  5
AA8
  8
T9-T3_POCKET
 10
1.317255944871701
 20
65.56691898196047
 30
0.0
  0
VERTEX
  5
AA9
  8
T9-T3_POCKET
 10
1.326016856525436
 20
65.56634761815697
 30
0.0
  0
VERTEX
  5
AAA
  8
T9-T3_POCKET
 10
1.334933090378181
 20
65.5661571635558
 30
0.0
  0
VERTEX
  5
AAB
  8
T9-T3_POCKET
 10
1.344882956483868
 20
65.56639569407571
 30
0.0
  0
VERTEX
  5
AAC
  8
T9-T3_POCKET
 10
1.354614631881421
 20
65.56711128563543
 30
0.0
  0
VERTEX
  5
AAD
  8
T9-T3_POCKET
 10
1.36412811657084
 20
65.56830393823498
 30
0.0
  0
VERTEX
  5
AAE
  8
T9-T3_POCKET
 10
1.373423410552124
 20
65.56997365187435
 30
0.0
  0
VERTEX
  5
AAF
  8
T9-T3_POCKET
 10
1.382500513825274
 20
65.57212042655352
 30
0.0
  0
VERTEX
  5
AB0
  8
T9-T3_POCKET
 10
1.391359426390289
 20
65.57474426227253
 30
0.0
  0
VERTEX
  5
AB1
  8
T9-T3_POCKET
 10
1.40000014824717
 20
65.57784515903136
 30
0.0
  0
VERTEX
  5
AB2
  8
T9-T3_POCKET
 10
1.408422679395916
 20
65.58142311683001
 30
0.0
  0
VERTEX
  5
AB3
  8
T9-T3_POCKET
 10
1.416627019836529
 20
65.58547813566847
 30
0.0
  0
VERTEX
  5
AB4
  8
T9-T3_POCKET
 10
1.424613169569007
 20
65.59001021554676
 30
0.0
  0
VERTEX
  5
AB5
  8
T9-T3_POCKET
 10
1.43238112859335
 20
65.59501935646486
 30
0.0
  0
VERTEX
  5
AB6
  8
T9-T3_POCKET
 10
1.439930896909559
 20
65.60050555842278
 30
0.0
  0
VERTEX
  5
AB7
  8
T9-T3_POCKET
 10
1.447262474517634
 20
65.60646882142052
 30
0.0
  0
VERTEX
  5
AB8
  8
T9-T3_POCKET
 10
1.454375861417574
 20
65.61290914545809
 30
0.0
  0
VERTEX
  5
AB9
  8
T9-T3_POCKET
 10
1.46127105760938
 20
65.61982653053546
 30
0.0
  0
VERTEX
  5
ABA
  8
T9-T3_POCKET
 10
1.467948063093051
 20
65.62722097665267
 30
0.0
  0
VERTEX
  5
ABB
  8
T9-T3_POCKET
 10
1.474310726031105
 20
65.63508878566209
 30
0.0
  0
VERTEX
  5
ABC
  8
T9-T3_POCKET
 10
1.480262894586059
 20
65.64342625941615
 30
0.0
  0
VERTEX
  5
ABD
  8
T9-T3_POCKET
 10
1.485804568757913
 20
65.65223339791484
 30
0.0
  0
VERTEX
  5
ABE
  8
T9-T3_POCKET
 10
1.490935748546667
 20
65.66151020115814
 30
0.0
  0
VERTEX
  5
ABF
  8
T9-T3_POCKET
 10
1.49565643395232
 20
65.67125666914609
 30
0.0
  0
VERTEX
  5
AC0
  8
T9-T3_POCKET
 10
1.499966624974872
 20
65.68147280187864
 30
0.0
  0
VERTEX
  5
AC1
  8
T9-T3_POCKET
 10
1.503866321614325
 20
65.69215859935582
 30
0.0
  0
VERTEX
  5
AC2
  8
T9-T3_POCKET
 10
1.507355523870678
 20
65.70331406157763
 30
0.0
  0
VERTEX
  5
AC3
  8
T9-T3_POCKET
 10
1.510434231743929
 20
65.7149391885441
 30
0.0
  0
VERTEX
  5
AC4
  8
T9-T3_POCKET
 10
1.513102445234081
 20
65.72703398025516
 30
0.0
  0
VERTEX
  5
AC5
  8
T9-T3_POCKET
 10
1.515360164341133
 20
65.73959843671085
 30
0.0
  0
VERTEX
  5
AC6
  8
T9-T3_POCKET
 10
1.517207389065084
 20
65.75263255791118
 30
0.0
  0
VERTEX
  5
AC7
  8
T9-T3_POCKET
 10
1.518644119405935
 20
65.76613634385616
 30
0.0
  0
VERTEX
  5
AC8
  8
T9-T3_POCKET
 10
1.519670355363685
 20
65.78010979454574
 30
0.0
  0
VERTEX
  5
AC9
  8
T9-T3_POCKET
 10
1.520286096938336
 20
65.79455290997996
 30
0.0
  0
VERTEX
  5
ACA
  8
T9-T3_POCKET
 10
1.520491344129886
 20
65.8094656901588
 30
0.0
  0
VERTEX
  5
ACB
  8
T9-T3_POCKET
 10
1.520284247864538
 20
65.82470945454745
 30
0.0
  0
VERTEX
  5
ACC
  8
T9-T3_POCKET
 10
1.519662959068494
 20
65.83943547827272
 30
0.0
  0
VERTEX
  5
ACD
  8
T9-T3_POCKET
 10
1.518627477741755
 20
65.85364376133461
 30
0.0
  0
VERTEX
  5
ACE
  8
T9-T3_POCKET
 10
1.51717780388432
 20
65.86733430373316
 30
0.0
  0
VERTEX
  5
ACF
  8
T9-T3_POCKET
 10
1.515313937496189
 20
65.88050710546833
 30
0.0
  0
VERTEX
  5
AD0
  8
T9-T3_POCKET
 10
1.513035878577362
 20
65.89316216654012
 30
0.0
  0
VERTEX
  5
AD1
  8
T9-T3_POCKET
 10
1.51034362712784
 20
65.90529948694854
 30
0.0
  0
VERTEX
  5
AD2
  8
T9-T3_POCKET
 10
1.507237183147622
 20
65.9169190666936
 30
0.0
  0
VERTEX
  5
AD3
  8
T9-T3_POCKET
 10
1.503716546636708
 20
65.92802090577527
 30
0.0
  0
VERTEX
  5
AD4
  8
T9-T3_POCKET
 10
1.499781717595098
 20
65.93860500419359
 30
0.0
  0
VERTEX
  5
AD5
  8
T9-T3_POCKET
 10
1.495432696022792
 20
65.94867136194853
 30
0.0
  0
VERTEX
  5
AD6
  8
T9-T3_POCKET
 10
1.490669481919791
 20
65.95821997904011
 30
0.0
  0
VERTEX
  5
AD7
  8
T9-T3_POCKET
 10
1.485492075286094
 20
65.96725085546831
 30
0.0
  0
VERTEX
  5
AD8
  8
T9-T3_POCKET
 10
1.479900476121701
 20
65.97576399123315
 30
0.0
  0
VERTEX
  5
AD9
  8
T9-T3_POCKET
 10
1.473894684426612
 20
65.98375938633461
 30
0.0
  0
VERTEX
  5
ADA
  8
T9-T3_POCKET
 10
1.467474700200828
 20
65.99123704077272
 30
0.0
  0
VERTEX
  5
ADB
  8
T9-T3_POCKET
 10
1.460710788248662
 20
65.9982302378758
 30
0.0
  0
VERTEX
  5
ADC
  8
T9-T3_POCKET
 10
1.453673213374429
 20
66.00477226097223
 30
0.0
  0
VERTEX
  5
ADD
  8
T9-T3_POCKET
 10
1.44636197557813
 20
66.01086311006202
 30
0.0
  0
VERTEX
  5
ADE
  8
T9-T3_POCKET
 10
1.438777074859764
 20
66.01650278514516
 30
0.0
  0
VERTEX
  5
ADF
  8
T9-T3_POCKET
 10
1.43091851121933
 20
66.02169128622165
 30
0.0
  0
VERTEX
  5
AE0
  8
T9-T3_POCKET
 10
1.42278628465683
 20
66.02642861329147
 30
0.0
  0
VERTEX
  5
AE1
  8
T9-T3_POCKET
 10
1.414380395172264
 20
66.03071476635466
 30
0.0
  0
VERTEX
  5
AE2
  8
T9-T3_POCKET
 10
1.40570084276563
 20
66.0345497454112
 30
0.0
  0
VERTEX
  5
AE3
  8
T9-T3_POCKET
 10
1.396747627436929
 20
66.03793355046108
 30
0.0
  0
VERTEX
  5
AE4
  8
T9-T3_POCKET
 10
1.387520749186162
 20
66.0408661815043
 30
0.0
  0
VERTEX
  5
AE5
  8
T9-T3_POCKET
 10
1.378020208013328
 20
66.04334763854088
 30
0.0
  0
VERTEX
  5
AE6
  8
T9-T3_POCKET
 10
1.368246003918427
 20
66.0453779215708
 30
0.0
  0
VERTEX
  5
AE7
  8
T9-T3_POCKET
 10
1.358198136901458
 20
66.04695703059409
 30
0.0
  0
VERTEX
  5
AE8
  8
T9-T3_POCKET
 10
1.347876606962424
 20
66.04808496561071
 30
0.0
  0
VERTEX
  5
AE9
  8
T9-T3_POCKET
 10
1.337281414101322
 20
66.04876172662068
 30
0.0
  0
VERTEX
  5
AEA
  8
T9-T3_POCKET
 10
1.326412558318154
 20
66.04898731362401
 30
0.0
  0
VERTEX
  5
AEB
  8
T9-T3_POCKET
 10
1.312507523359081
 20
66.04855832850293
 30
0.0
  0
VERTEX
  5
AEC
  8
T9-T3_POCKET
 10
1.298720829123065
 20
66.0472713731397
 30
0.0
  0
VERTEX
  5
AED
  8
T9-T3_POCKET
 10
1.285052475610105
 20
66.0451264475343
 30
0.0
  0
VERTEX
  5
AEE
  8
T9-T3_POCKET
 10
1.2715024628202
 20
66.04212355168677
 30
0.0
  0
VERTEX
  5
AEF
  8
T9-T3_POCKET
 10
1.258070790753351
 20
66.03826268559708
 30
0.0
  0
VERTEX
  5
AF0
  8
T9-T3_POCKET
 10
1.244757459409559
 20
66.03354384926521
 30
0.0
  0
VERTEX
  5
AF1
  8
T9-T3_POCKET
 10
1.231562468788822
 20
66.02796704269122
 30
0.0
  0
VERTEX
  5
AF2
  8
T9-T3_POCKET
 10
1.218485818891141
 20
66.02153226587504
 30
0.0
  0
VERTEX
  5
AF3
  8
T9-T3_POCKET
 10
1.208663538877499
 20
66.0160590074337
 30
0.0
  0
VERTEX
  5
AF4
  8
T9-T3_POCKET
 10
1.198604577417744
 20
66.00957985284637
 30
0.0
  0
VERTEX
  5
AF5
  8
T9-T3_POCKET
 10
1.188308934511878
 20
66.00209480211309
 30
0.0
  0
VERTEX
  5
AF6
  8
T9-T3_POCKET
 10
1.1777766101599
 20
65.99360385523383
 30
0.0
  0
VERTEX
  5
AF7
  8
T9-T3_POCKET
 10
1.16700760436181
 20
65.9841070122086
 30
0.0
  0
VERTEX
  5
AF8
  8
T9-T3_POCKET
 10
1.156001917117608
 20
65.97360427303738
 30
0.0
  0
VERTEX
  5
AF9
  8
T9-T3_POCKET
 10
1.144759548427294
 20
65.9620956377202
 30
0.0
  0
VERTEX
  5
AFA
  8
T9-T3_POCKET
 10
1.133280498290869
 20
65.94958110625703
 30
0.0
  0
VERTEX
  5
AFB
  8
T9-T3_POCKET
 10
0.8047666510875944
 20
65.9969173954794
 30
0.0
  0
SEQEND
  5
D9A
  8
T9-T3_POCKET
  0
POLYLINE
  5
8F
  8
T9-T3_POCKET
 66
     1
 10
0.0
 20
0.0
 30
0.0
 70
     1
  0
VERTEX
  5
AFC
  8
T9-T3_POCKET
 10
0.5874626189156266
 20
42.75967385071834
 30
0.0
  0
VERTEX
  5
AFD
  8
T9-T3_POCKET
 10
1.6477954974968
 20
42.75967385071834
 30
0.0
  0
VERTEX
  5
AFE
  8
T9-T3_POCKET
 10
1.6477954974968
 20
42.46145522861738
 30
0.0
  0
VERTEX
  5
AFF
  8
T9-T3_POCKET
 10
1.018222850839228
 20
42.46145522861738
 30
0.0
  0
VERTEX
  5
B00
  8
T9-T3_POCKET
 10
1.018222850839228
 20
42.21909342779882
 30
0.0
  0
VERTEX
  5
B01
  8
T9-T3_POCKET
 10
1.555963096405395
 20
42.21909342779882
 30
0.0
  0
VERTEX
  5
B02
  8
T9-T3_POCKET
 10
1.555963096405395
 20
41.93886259560237
 30
0.0
  0
VERTEX
  5
B03
  8
T9-T3_POCKET
 10
1.018222850839228
 20
41.93886259560237
 30
0.0
  0
VERTEX
  5
B04
  8
T9-T3_POCKET
 10
1.018222850839228
 20
41.37177385071833
 30
0.0
  0
VERTEX
  5
B05
  8
T9-T3_POCKET
 10
0.5874626189156266
 20
41.37177385071833
 30
0.0
  0
SEQEND
  5
D9B
  8
T9-T3_POCKET
  0
POLYLINE
  5
90
  8
T9-T3_POCKET
 66
     1
 10
0.0
 20
0.0
 30
0.0
 70
     1
  0
VERTEX
  5
B06
  8
T9-T3_POCKET
 10
1.878796588901984
 20
42.75967385071834
 30
0.0
  0
VERTEX
  5
B07
  8
T9-T3_POCKET
 10
2.30766336925669
 20
42.75967385071834
 30
0.0
  0
VERTEX
  5
B08
  8
T9-T3_POCKET
 10
2.30766336925669
 20
41.71354185890387
 30
0.0
  0
VERTEX
  5
B09
  8
T9-T3_POCKET
 10
2.976998498861056
 20
41.71354185890387
 30
0.0
  0
VERTEX
  5
B0A
  8
T9-T3_POCKET
 10
2.976998498861056
 20
41.37177385071833
 30
0.0
  0
VERTEX
  5
B0B
  8
T9-T3_POCKET
 10
1.878796588901984
 20
41.37177385071833
 30
0.0
  0
SEQEND
  5
D9C
  8
T9-T3_POCKET
  0
POLYLINE
  5
91
  8
T9-T3_POCKET
 66
     1
 10
0.0
 20
0.0
 30
0.0
 70
     1
  0
VERTEX
  5
B0C
  8
T9-T3_POCKET
 10
2.279261595723266
 20
39.98860747964058
 30
0.0
  0
VERTEX
  5
B0D
  8
T9-T3_POCKET
 10
2.279444654029243
 20
39.95612849838312
 30
0.0
  0
VERTEX
  5
B0E
  8
T9-T3_POCKET
 10
2.279993828947175
 20
39.92496235952206
 30
0.0
  0
VERTEX
  5
B0F
  8
T9-T3_POCKET
 10
2.280909120477061
 20
39.89510906305739
 30
0.0
  0
VERTEX
  5
B10
  8
T9-T3_POCKET
 10
2.282190528618901
 20
39.86656860898914
 30
0.0
  0
VERTEX
  5
B11
  8
T9-T3_POCKET
 10
2.283838053372695
 20
39.83934099731728
 30
0.0
  0
VERTEX
  5
B12
  8
T9-T3_POCKET
 10
2.285851694738443
 20
39.81342622804183
 30
0.0
  0
VERTEX
  5
B13
  8
T9-T3_POCKET
 10
2.288231452716146
 20
39.78882430116278
 30
0.0
  0
VERTEX
  5
B14
  8
T9-T3_POCKET
 10
2.290977327305804
 20
39.76553521668014
 30
0.0
  0
VERTEX
  5
B15
  8
T9-T3_POCKET
 10
2.294089318507415
 20
39.74355897459388
 30
0.0
  0
VERTEX
  5
B16
  8
T9-T3_POCKET
 10
2.297567426320981
 20
39.72289557490404
 30
0.0
  0
VERTEX
  5
B17
  8
T9-T3_POCKET
 10
2.301411650746501
 20
39.70354501761059
 30
0.0
  0
VERTEX
  5
B18
  8
T9-T3_POCKET
 10
2.305621991783975
 20
39.68550730271356
 30
0.0
  0
VERTEX
  5
B19
  8
T9-T3_POCKET
 10
2.310198449433404
 20
39.66878243021292
 30
0.0
  0
VERTEX
  5
B1A
  8
T9-T3_POCKET
 10
2.315141023694787
 20
39.65337040010868
 30
0.0
  0
VERTEX
  5
B1B
  8
T9-T3_POCKET
 10
2.320449714568124
 20
39.63927121240084
 30
0.0
  0
VERTEX
  5
B1C
  8
T9-T3_POCKET
 10
2.326124522053416
 20
39.62648486708942
 30
0.0
  0
VERTEX
  5
B1D
  8
T9-T3_POCKET
 10
2.332146955412685
 20
39.61473400310472
 30
0.0
  0
VERTEX
  5
B1E
  8
T9-T3_POCKET
 10
2.338498523907953
 20
39.6037412593771
 30
0.0
  0
VERTEX
  5
B1F
  8
T9-T3_POCKET
 10
2.34517922753922
 20
39.59350663590656
 30
0.0
  0
VERTEX
  5
B20
  8
T9-T3_POCKET
 10
2.352189066306486
 20
39.5840301326931
 30
0.0
  0
VERTEX
  5
B21
  8
T9-T3_POCKET
 10
2.359528040209752
 20
39.57531174973671
 30
0.0
  0
VERTEX
  5
B22
  8
T9-T3_POCKET
 10
2.367196149249017
 20
39.5673514870374
 30
0.0
  0
VERTEX
  5
B23
  8
T9-T3_POCKET
 10
2.375193393424281
 20
39.56014934459517
 30
0.0
  0
VERTEX
  5
B24
  8
T9-T3_POCKET
 10
2.383519772735545
 20
39.55370532241001
 30
0.0
  0
VERTEX
  5
B25
  8
T9-T3_POCKET
 10
2.392175287182807
 20
39.54801942048194
 30
0.0
  0
VERTEX
  5
B26
  8
T9-T3_POCKET
 10
2.40115993676607
 20
39.54309163881094
 30
0.0
  0
VERTEX
  5
B27
  8
T9-T3_POCKET
 10
2.410473721485332
 20
39.53892197739701
 30
0.0
  0
VERTEX
  5
B28
  8
T9-T3_POCKET
 10
2.420116641340592
 20
39.53551043624017
 30
0.0
  0
VERTEX
  5
B29
  8
T9-T3_POCKET
 10
2.430088696331852
 20
39.5328570153404
 30
0.0
  0
VERTEX
  5
B2A
  8
T9-T3_POCKET
 10
2.440389886459112
 20
39.5309617146977
 30
0.0
  0
VERTEX
  5
B2B
  8
T9-T3_POCKET
 10
2.451020211722371
 20
39.52982453431208
 30
0.0
  0
VERTEX
  5
B2C
  8
T9-T3_POCKET
 10
2.461979672121629
 20
39.52944547418355
 30
0.0
  0
VERTEX
  5
B2D
  8
T9-T3_POCKET
 10
2.469255777515771
 20
39.52960634360394
 30
0.0
  0
VERTEX
  5
B2E
  8
T9-T3_POCKET
 10
2.476409844039262
 20
39.53008895186516
 30
0.0
  0
VERTEX
  5
B2F
  8
T9-T3_POCKET
 10
2.483441871692102
 20
39.53089329896717
 30
0.0
  0
VERTEX
  5
B30
  8
T9-T3_POCKET
 10
2.49035186047429
 20
39.53201938491001
 30
0.0
  0
VERTEX
  5
B31
  8
T9-T3_POCKET
 10
2.497139810385826
 20
39.53346720969365
 30
0.0
  0
VERTEX
  5
B32
  8
T9-T3_POCKET
 10
2.503805721426711
 20
39.5352367733181
 30
0.0
  0
VERTEX
  5
B33
  8
T9-T3_POCKET
 10
2.510349593596944
 20
39.53732807578335
 30
0.0
  0
VERTEX
  5
B34
  8
T9-T3_POCKET
 10
2.516771426896526
 20
39.53974111708941
 30
0.0
  0
VERTEX
  5
B35
  8
T9-T3_POCKET
 10
2.523071221325457
 20
39.54247589723629
 30
0.0
  0
VERTEX
  5
B36
  8
T9-T3_POCKET
 10
2.529248976883737
 20
39.54553241622396
 30
0.0
  0
VERTEX
  5
B37
  8
T9-T3_POCKET
 10
2.535304693571365
 20
39.54891067405245
 30
0.0
  0
VERTEX
  5
B38
  8
T9-T3_POCKET
 10
2.541238371388341
 20
39.55261067072175
 30
0.0
  0
VERTEX
  5
B39
  8
T9-T3_POCKET
 10
2.547050010334666
 20
39.55663240623186
 30
0.0
  0
VERTEX
  5
B3A
  8
T9-T3_POCKET
 10
2.552739610410339
 20
39.56097588058277
 30
0.0
  0
VERTEX
  5
B3B
  8
T9-T3_POCKET
 10
2.558307171615362
 20
39.56564109377449
 30
0.0
  0
VERTEX
  5
B3C
  8
T9-T3_POCKET
 10
2.563752693949733
 20
39.57062804580701
 30
0.0
  0
VERTEX
  5
B3D
  8
T9-T3_POCKET
 10
2.569048441306486
 20
39.57596262371352
 30
0.0
  0
VERTEX
  5
B3E
  8
T9-T3_POCKET
 10
2.574166677578655
 20
39.58167071452717
 30
0.0
  0
VERTEX
  5
B3F
  8
T9-T3_POCKET
 10
2.57910740276624
 20
39.58775231824797
 30
0.0
  0
VERTEX
  5
B40
  8
T9-T3_POCKET
 10
2.583870616869242
 20
39.59420743487591
 30
0.0
  0
VERTEX
  5
B41
  8
T9-T3_POCKET
 10
2.588456319887659
 20
39.60103606441101
 30
0.0
  0
VERTEX
  5
B42
  8
T9-T3_POCKET
 10
2.592864511821493
 20
39.60823820685323
 30
0.0
  0
VERTEX
  5
B43
  8
T9-T3_POCKET
 10
2.597095192670743
 20
39.61581386220261
 30
0.0
  0
VERTEX
  5
B44
  8
T9-T3_POCKET
 10
2.601148362435408
 20
39.62376303045913
 30
0.0
  0
VERTEX
  5
B45
  8
T9-T3_POCKET
 10
2.60502402111549
 20
39.6320857116228
 30
0.0
  0
VERTEX
  5
B46
  8
T9-T3_POCKET
 10
2.608722168710988
 20
39.64078190569361
 30
0.0
  0
VERTEX
  5
B47
  8
T9-T3_POCKET
 10
2.615585930648232
 20
39.65929483255668
 30
0.0
  0
VERTEX
  5
B48
  8
T9-T3_POCKET
 10
2.621739648247141
 20
39.67930181104833
 30
0.0
  0
VERTEX
  5
B49
  8
T9-T3_POCKET
 10
2.627183321507714
 20
39.70080284116855
 30
0.0
  0
VERTEX
  5
B4A
  8
T9-T3_POCKET
 10
2.629648136880113
 20
39.71231517463333
 30
0.0
  0
VERTEX
  5
B4B
  8
T9-T3_POCKET
 10
2.631953931905906
 20
39.72460411909316
 30
0.0
  0
VERTEX
  5
B4C
  8
T9-T3_POCKET
 10
2.636088460917673
 20
39.75151184099801
 30
0.0
  0
VERTEX
  5
B4D
  8
T9-T3_POCKET
 10
2.639586908543014
 20
39.78152600688307
 30
0.0
  0
VERTEX
  5
B4E
  8
T9-T3_POCKET
 10
2.642449274781929
 20
39.81464661674836
 30
0.0
  0
VERTEX
  5
B4F
  8
T9-T3_POCKET
 10
2.644675559634419
 20
39.85087367059386
 30
0.0
  0
VERTEX
  5
B50
  8
T9-T3_POCKET
 10
2.646265763100483
 20
39.89020716841956
 30
0.0
  0
VERTEX
  5
B51
  8
T9-T3_POCKET
 10
2.647219885180121
 20
39.9326471102255
 30
0.0
  0
VERTEX
  5
B52
  8
T9-T3_POCKET
 10
2.647537925873334
 20
39.97819349601166
 30
0.0
  0
VERTEX
  5
B53
  8
T9-T3_POCKET
 10
2.647354867567357
 20
40.01204079187945
 30
0.0
  0
VERTEX
  5
B54
  8
T9-T3_POCKET
 10
2.646805692649426
 20
40.04447169721817
 30
0.0
  0
VERTEX
  5
B55
  8
T9-T3_POCKET
 10
2.64589040111954
 20
40.07548621202781
 30
0.0
  0
VERTEX
  5
B56
  8
T9-T3_POCKET
 10
2.6446089929777
 20
40.10508433630838
 30
0.0
  0
VERTEX
  5
B57
  8
T9-T3_POCKET
 10
2.642961468223906
 20
40.13326607005988
 30
0.0
  0
VERTEX
  5
B58
  8
T9-T3_POCKET
 10
2.640947826858157
 20
40.16003141328229
 30
0.0
  0
VERTEX
  5
B59
  8
T9-T3_POCKET
 10
2.638568068880454
 20
40.18538036597563
 30
0.0
  0
VERTEX
  5
B5A
  8
T9-T3_POCKET
 10
2.635822194290797
 20
40.20931292813989
 30
0.0
  0
VERTEX
  5
B5B
  8
T9-T3_POCKET
 10
2.632710203089185
 20
40.23182909977508
 30
0.0
  0
VERTEX
  5
B5C
  8
T9-T3_POCKET
 10
2.62923209527562
 20
40.2529288808812
 30
0.0
  0
VERTEX
  5
B5D
  8
T9-T3_POCKET
 10
2.6253878708501
 20
40.27261227145824
 30
0.0
  0
VERTEX
  5
B5E
  8
T9-T3_POCKET
 10
2.621177529812625
 20
40.2908792715062
 30
0.0
  0
VERTEX
  5
B5F
  8
T9-T3_POCKET
 10
2.616601072163196
 20
40.30772988102509
 30
0.0
  0
VERTEX
  5
B60
  8
T9-T3_POCKET
 10
2.611658497901814
 20
40.32316410001489
 30
0.0
  0
VERTEX
  5
B61
  8
T9-T3_POCKET
 10
2.606349807028476
 20
40.33718192847563
 30
0.0
  0
VERTEX
  5
B62
  8
T9-T3_POCKET
 10
2.600674999543184
 20
40.34978336640729
 30
0.0
  0
VERTEX
  5
B63
  8
T9-T3_POCKET
 10
2.594634075445938
 20
40.36130494524107
 30
0.0
  0
VERTEX
  5
B64
  8
T9-T3_POCKET
 10
2.588227034736738
 20
40.37208319640815
 30
0.0
  0
VERTEX
  5
B65
  8
T9-T3_POCKET
 10
2.581453877415584
 20
40.38211811990853
 30
0.0
  0
VERTEX
  5
B66
  8
T9-T3_POCKET
 10
2.574314603482475
 20
40.39140971574222
 30
0.0
  0
VERTEX
  5
B67
  8
T9-T3_POCKET
 10
2.566809212937412
 20
40.39995798390921
 30
0.0
  0
VERTEX
  5
B68
  8
T9-T3_POCKET
 10
2.558937705780395
 20
40.40776292440951
 30
0.0
  0
VERTEX
  5
B69
  8
T9-T3_POCKET
 10
2.550700082011423
 20
40.41482453724311
 30
0.0
  0
VERTEX
  5
B6A
  8
T9-T3_POCKET
 10
2.542096341630497
 20
40.42114282241002
 30
0.0
  0
VERTEX
  5
B6B
  8
T9-T3_POCKET
 10
2.533126484637616
 20
40.42671777991023
 30
0.0
  0
VERTEX
  5
B6C
  8
T9-T3_POCKET
 10
2.523790511032782
 20
40.43154940974375
 30
0.0
  0
VERTEX
  5
B6D
  8
T9-T3_POCKET
 10
2.514088420815993
 20
40.43563771191057
 30
0.0
  0
VERTEX
  5
B6E
  8
T9-T3_POCKET
 10
2.50402021398725
 20
40.4389826864107
 30
0.0
  0
VERTEX
  5
B6F
  8
T9-T3_POCKET
 10
2.493585890546552
 20
40.44158433324414
 30
0.0
  0
VERTEX
  5
B70
  8
T9-T3_POCKET
 10
2.482785450493901
 20
40.44344265241087
 30
0.0
  0
VERTEX
  5
B71
  8
T9-T3_POCKET
 10
2.471618893829295
 20
40.44455764391091
 30
0.0
  0
VERTEX
  5
B72
  8
T9-T3_POCKET
 10
2.460086220552734
 20
40.44492930774426
 30
0.0
  0
VERTEX
  5
B73
  8
T9-T3_POCKET
 10
2.448340903789433
 20
40.44455024761572
 30
0.0
  0
VERTEX
  5
B74
  8
T9-T3_POCKET
 10
2.437009779556827
 20
40.4434130672301
 30
0.0
  0
VERTEX
  5
B75
  8
T9-T3_POCKET
 10
2.426092847854917
 20
40.44151776658741
 30
0.0
  0
VERTEX
  5
B76
  8
T9-T3_POCKET
 10
2.415590108683703
 20
40.43886434568764
 30
0.0
  0
VERTEX
  5
B77
  8
T9-T3_POCKET
 10
2.405501562043185
 20
40.4354528045308
 30
0.0
  0
VERTEX
  5
B78
  8
T9-T3_POCKET
 10
2.395827207933362
 20
40.43128314311687
 30
0.0
  0
VERTEX
  5
B79
  8
T9-T3_POCKET
 10
2.386567046354235
 20
40.42635536144587
 30
0.0
  0
VERTEX
  5
B7A
  8
T9-T3_POCKET
 10
2.377721077305804
 20
40.4206694595178
 30
0.0
  0
VERTEX
  5
B7B
  8
T9-T3_POCKET
 10
2.369289300788068
 20
40.41422543733264
 30
0.0
  0
VERTEX
  5
B7C
  8
T9-T3_POCKET
 10
2.361271716801029
 20
40.40702329489041
 30
0.0
  0
VERTEX
  5
B7D
  8
T9-T3_POCKET
 10
2.353668325344684
 20
40.39906303219109
 30
0.0
  0
VERTEX
  5
B7E
  8
T9-T3_POCKET
 10
2.346479126419037
 20
40.39034464923471
 30
0.0
  0
VERTEX
  5
B7F
  8
T9-T3_POCKET
 10
2.339704120024084
 20
40.38086814602124
 30
0.0
  0
VERTEX
  5
B80
  8
T9-T3_POCKET
 10
2.333343306159828
 20
40.3706335225507
 30
0.0
  0
VERTEX
  5
B81
  8
T9-T3_POCKET
 10
2.327396684826267
 20
40.35964077882309
 30
0.0
  0
VERTEX
  5
B82
  8
T9-T3_POCKET
 10
2.321864256023403
 20
40.34788991483839
 30
0.0
  0
VERTEX
  5
B83
  8
T9-T3_POCKET
 10
2.316705340127684
 20
40.33511466396975
 30
0.0
  0
VERTEX
  5
B84
  8
T9-T3_POCKET
 10
2.311879257515559
 20
40.32104875959027
 30
0.0
  0
VERTEX
  5
B85
  8
T9-T3_POCKET
 10
2.307386008187029
 20
40.30569220169997
 30
0.0
  0
VERTEX
  5
B86
  8
T9-T3_POCKET
 10
2.303225592142093
 20
40.28904499029883
 30
0.0
  0
VERTEX
  5
B87
  8
T9-T3_POCKET
 10
2.299398009380753
 20
40.27110712538688
 30
0.0
  0
VERTEX
  5
B88
  8
T9-T3_POCKET
 10
2.295903259903008
 20
40.25187860696407
 30
0.0
  0
VERTEX
  5
B89
  8
T9-T3_POCKET
 10
2.292741343708856
 20
40.23135943503046
 30
0.0
  0
VERTEX
  5
B8A
  8
T9-T3_POCKET
 10
2.2899122607983
 20
40.20954960958601
 30
0.0
  0
VERTEX
  5
B8B
  8
T9-T3_POCKET
 10
2.28741601117134
 20
40.18644913063073
 30
0.0
  0
VERTEX
  5
B8C
  8
T9-T3_POCKET
 10
2.285252594827973
 20
40.16205799816463
 30
0.0
  0
VERTEX
  5
B8D
  8
T9-T3_POCKET
 10
2.283422011768201
 20
40.13637621218768
 30
0.0
  0
VERTEX
  5
B8E
  8
T9-T3_POCKET
 10
2.281924261992025
 20
40.10940377269992
 30
0.0
  0
VERTEX
  5
B8F
  8
T9-T3_POCKET
 10
2.280759345499443
 20
40.08114067970133
 30
0.0
  0
VERTEX
  5
B90
  8
T9-T3_POCKET
 10
2.279927262290456
 20
40.05158693319191
 30
0.0
  0
VERTEX
  5
B91
  8
T9-T3_POCKET
 10
2.279428012365064
 20
40.02074253317166
 30
0.0
  0
SEQEND
  5
D9D
  8
T9-T3_POCKET
  0
POLYLINE
  5
92
  8
T9-T3_POCKET
 66
     1
 10
0.0
 20
0.0
 30
0.0
 70
     1
  0
VERTEX
  5
B92
  8
T9-T3_POCKET
 10
1.896784378806486
 20
39.98955420542502
 30
0.0
  0
VERTEX
  5
B93
  8
T9-T3_POCKET
 10
1.897340950019609
 20
40.03809239261594
 30
0.0
  0
VERTEX
  5
B94
  8
T9-T3_POCKET
 10
1.899010663658976
 20
40.0847741097139
 30
0.0
  0
VERTEX
  5
B95
  8
T9-T3_POCKET
 10
1.900262948888501
 20
40.10741879197803
 30
0.0
  0
VERTEX
  5
B96
  8
T9-T3_POCKET
 10
1.901793519724588
 20
40.12959935671894
 30
0.0
  0
VERTEX
  5
B97
  8
T9-T3_POCKET
 10
1.903602376167236
 20
40.1513158039366
 30
0.0
  0
VERTEX
  5
B98
  8
T9-T3_POCKET
 10
1.905689518216445
 20
40.17256813363103
 30
0.0
  0
VERTEX
  5
B99
  8
T9-T3_POCKET
 10
1.908054945872215
 20
40.19335634580222
 30
0.0
  0
VERTEX
  5
B9A
  8
T9-T3_POCKET
 10
1.910698659134547
 20
40.21368044045018
 30
0.0
  0
VERTEX
  5
B9B
  8
T9-T3_POCKET
 10
1.91362065800344
 20
40.2335404175749
 30
0.0
  0
VERTEX
  5
B9C
  8
T9-T3_POCKET
 10
1.916820942478894
 20
40.25293627717639
 30
0.0
  0
VERTEX
  5
B9D
  8
T9-T3_POCKET
 10
1.920299512560909
 20
40.27186801925464
 30
0.0
  0
VERTEX
  5
B9E
  8
T9-T3_POCKET
 10
1.924056368249486
 20
40.29033564380966
 30
0.0
  0
VERTEX
  5
B9F
  8
T9-T3_POCKET
 10
1.928091509544623
 20
40.30833915084144
 30
0.0
  0
VERTEX
  5
BA0
  8
T9-T3_POCKET
 10
1.932404936446322
 20
40.32587854034999
 30
0.0
  0
VERTEX
  5
BA1
  8
T9-T3_POCKET
 10
1.936996648954582
 20
40.3429538123353
 30
0.0
  0
VERTEX
  5
BA2
  8
T9-T3_POCKET
 10
1.941866647069404
 20
40.35956496679739
 30
0.0
  0
VERTEX
  5
BA3
  8
T9-T3_POCKET
 10
1.947014930790786
 20
40.37571200373623
 30
0.0
  0
VERTEX
  5
BA4
  8
T9-T3_POCKET
 10
1.95244150011873
 20
40.39139492315184
 30
0.0
  0
VERTEX
  5
BA5
  8
T9-T3_POCKET
 10
1.958146355053235
 20
40.40661372504421
 30
0.0
  0
VERTEX
  5
BA6
  8
T9-T3_POCKET
 10
1.964129495594301
 20
40.42136840941335
 30
0.0
  0
VERTEX
  5
BA7
  8
T9-T3_POCKET
 10
1.970390921741929
 20
40.43565897625925
 30
0.0
  0
VERTEX
  5
BA8
  8
T9-T3_POCKET
 10
1.976930633496118
 20
40.44948542558192
 30
0.0
  0
VERTEX
  5
BA9
  8
T9-T3_POCKET
 10
1.983748630856867
 20
40.46284775738135
 30
0.0
  0
VERTEX
  5
BAA
  8
T9-T3_POCKET
 10
1.990844913824179
 20
40.47574597165755
 30
0.0
  0
VERTEX
  5
BAB
  8
T9-T3_POCKET
 10
1.998219482398051
 20
40.48818006841051
 30
0.0
  0
VERTEX
  5
BAC
  8
T9-T3_POCKET
 10
2.005872336578484
 20
40.50015004764024
 30
0.0
  0
VERTEX
  5
BAD
  8
T9-T3_POCKET
 10
2.013803476365479
 20
40.51165590934673
 30
0.0
  0
VERTEX
  5
BAE
  8
T9-T3_POCKET
 10
2.022012901759035
 20
40.52269765352999
 30
0.0
  0
VERTEX
  5
BAF
  8
T9-T3_POCKET
 10
2.030500612759153
 20
40.53327528019
 30
0.0
  0
VERTEX
  5
BB0
  8
T9-T3_POCKET
 10
2.039266609365831
 20
40.5433887893268
 30
0.0
  0
VERTEX
  5
BB1
  8
T9-T3_POCKET
 10
2.048317363337363
 20
40.55311584203986
 30
0.0
  0
VERTEX
  5
BB2
  8
T9-T3_POCKET
 10
2.05765934643204
 20
40.56253409942869
 30
0.0
  0
VERTEX
  5
BB3
  8
T9-T3_POCKET
 10
2.067292558649862
 20
40.5716435614933
 30
0.0
  0
VERTEX
  5
BB4
  8
T9-T3_POCKET
 10
2.077216999990831
 20
40.58044422823369
 30
0.0
  0
VERTEX
  5
BB5
  8
T9-T3_POCKET
 10
2.087432670454945
 20
40.58893609964986
 30
0.0
  0
VERTEX
  5
BB6
  8
T9-T3_POCKET
 10
2.097939570042203
 20
40.59711917574178
 30
0.0
  0
VERTEX
  5
BB7
  8
T9-T3_POCKET
 10
2.108737698752608
 20
40.6049934565095
 30
0.0
  0
VERTEX
  5
BB8
  8
T9-T3_POCKET
 10
2.119827056586158
 20
40.61255894195298
 30
0.0
  0
VERTEX
  5
BB9
  8
T9-T3_POCKET
 10
2.131207643542854
 20
40.61981563207226
 30
0.0
  0
VERTEX
  5
BBA
  8
T9-T3_POCKET
 10
2.142879459622695
 20
40.62676352686729
 30
0.0
  0
VERTEX
  5
BBB
  8
T9-T3_POCKET
 10
2.154842504825681
 20
40.63340262633812
 30
0.0
  0
VERTEX
  5
BBC
  8
T9-T3_POCKET
 10
2.167096779151813
 20
40.63973293048471
 30
0.0
  0
VERTEX
  5
BBD
  8
T9-T3_POCKET
 10
2.17964228260109
 20
40.64575443930708
 30
0.0
  0
VERTEX
  5
BBE
  8
T9-T3_POCKET
 10
2.192479015173513
 20
40.65146715280522
 30
0.0
  0
VERTEX
  5
BBF
  8
T9-T3_POCKET
 10
2.205606976869082
 20
40.65687107097915
 30
0.0
  0
VERTEX
  5
BC0
  8
T9-T3_POCKET
 10
2.219026167687796
 20
40.66196619382885
 30
0.0
  0
VERTEX
  5
BC1
  8
T9-T3_POCKET
 10
2.232736587629655
 20
40.66675252135433
 30
0.0
  0
VERTEX
  5
BC2
  8
T9-T3_POCKET
 10
2.246738236694659
 20
40.67123005355558
 30
0.0
  0
VERTEX
  5
BC3
  8
T9-T3_POCKET
 10
2.26103111488281
 20
40.6753987904326
 30
0.0
  0
VERTEX
  5
BC4
  8
T9-T3_POCKET
 10
2.275615222194105
 20
40.6792587319854
 30
0.0
  0
VERTEX
  5
BC5
  8
T9-T3_POCKET
 10
2.290490558628546
 20
40.68280987821397
 30
0.0
  0
VERTEX
  5
BC6
  8
T9-T3_POCKET
 10
2.305657124186133
 20
40.68605222911832
 30
0.0
  0
VERTEX
  5
BC7
  8
T9-T3_POCKET
 10
2.321114918866865
 20
40.68898578469846
 30
0.0
  0
VERTEX
  5
BC8
  8
T9-T3_POCKET
 10
2.336863942670742
 20
40.69161054495436
 30
0.0
  0
VERTEX
  5
BC9
  8
T9-T3_POCKET
 10
2.352904195597765
 20
40.69392650988604
 30
0.0
  0
VERTEX
  5
BCA
  8
T9-T3_POCKET
 10
2.369235677647933
 20
40.69593367949349
 30
0.0
  0
VERTEX
  5
BCB
  8
T9-T3_POCKET
 10
2.385858388821247
 20
40.69763205377673
 30
0.0
  0
VERTEX
  5
BCC
  8
T9-T3_POCKET
 10
2.402772329117707
 20
40.69902163273574
 30
0.0
  0
VERTEX
  5
BCD
  8
T9-T3_POCKET
 10
2.419977498537312
 20
40.70010241637052
 30
0.0
  0
VERTEX
  5
BCE
  8
T9-T3_POCKET
 10
2.437473897080062
 20
40.70087440468107
 30
0.0
  0
VERTEX
  5
BCF
  8
T9-T3_POCKET
 10
2.455261524745958
 20
40.70133759766741
 30
0.0
  0
VERTEX
  5
BD0
  8
T9-T3_POCKET
 10
2.473340381534999
 20
40.70149199532953
 30
0.0
  0
VERTEX
  5
BD1
  8
T9-T3_POCKET
 10
2.50758522826931
 20
40.70095206578058
 30
0.0
  0
VERTEX
  5
BD2
  8
T9-T3_POCKET
 10
2.54026206042313
 20
40.69933227713375
 30
0.0
  0
VERTEX
  5
BD3
  8
T9-T3_POCKET
 10
2.556012471032356
 20
40.69811743564863
 30
0.0
  0
VERTEX
  5
BD4
  8
T9-T3_POCKET
 10
2.571370877996459
 20
40.69663262938904
 30
0.0
  0
VERTEX
  5
BD5
  8
T9-T3_POCKET
 10
2.586337281315439
 20
40.69487785835497
 30
0.0
  0
VERTEX
  5
BD6
  8
T9-T3_POCKET
 10
2.600911680989296
 20
40.69285312254644
 30
0.0
  0
VERTEX
  5
BD7
  8
T9-T3_POCKET
 10
2.61509407701803
 20
40.69055842196343
 30
0.0
  0
VERTEX
  5
BD8
  8
T9-T3_POCKET
 10
2.628884469401642
 20
40.68799375660596
 30
0.0
  0
VERTEX
  5
BD9
  8
T9-T3_POCKET
 10
2.642282858140131
 20
40.68515912647401
 30
0.0
  0
VERTEX
  5
BDA
  8
T9-T3_POCKET
 10
2.655289243233498
 20
40.68205453156759
 30
0.0
  0
VERTEX
  5
BDB
  8
T9-T3_POCKET
 10
2.667903624681742
 20
40.67867997188669
 30
0.0
  0
VERTEX
  5
BDC
  8
T9-T3_POCKET
 10
2.680126002484863
 20
40.67503544743133
 30
0.0
  0
VERTEX
  5
BDD
  8
T9-T3_POCKET
 10
2.691956376642861
 20
40.6711209582015
 30
0.0
  0
VERTEX
  5
BDE
  8
T9-T3_POCKET
 10
2.703394747155736
 20
40.6669365041972
 30
0.0
  0
VERTEX
  5
BDF
  8
T9-T3_POCKET
 10
2.725361743872993
 20
40.65797219442571
 30
0.0
  0
VERTEX
  5
BE0
  8
T9-T3_POCKET
 10
2.746293259263512
 20
40.64835701067742
 30
0.0
  0
VERTEX
  5
BE1
  8
T9-T3_POCKET
 10
2.766189293327291
 20
40.63809095295231
 30
0.0
  0
VERTEX
  5
BE2
  8
T9-T3_POCKET
 10
2.78504984606433
 20
40.6271740212504
 30
0.0
  0
VERTEX
  5
BE3
  8
T9-T3_POCKET
 10
2.802874917474631
 20
40.61560621557168
 30
0.0
  0
VERTEX
  5
BE4
  8
T9-T3_POCKET
 10
2.819664507558191
 20
40.60338753591616
 30
0.0
  0
VERTEX
  5
BE5
  8
T9-T3_POCKET
 10
2.835418616315013
 20
40.59051798228382
 30
0.0
  0
VERTEX
  5
BE6
  8
T9-T3_POCKET
 10
2.850137243745094
 20
40.57699755467468
 30
0.0
  0
VERTEX
  5
BE7
  8
T9-T3_POCKET
 10
2.863960919457066
 20
40.56306293453485
 30
0.0
  0
VERTEX
  5
BE8
  8
T9-T3_POCKET
 10
2.877030173059556
 20
40.54895080331043
 30
0.0
  0
VERTEX
  5
BE9
  8
T9-T3_POCKET
 10
2.889345004552564
 20
40.53466116100142
 30
0.0
  0
VERTEX
  5
BEA
  8
T9-T3_POCKET
 10
2.900905413936091
 20
40.52019400760784
 30
0.0
  0
VERTEX
  5
BEB
  8
T9-T3_POCKET
 10
2.911711401210136
 20
40.50554934312967
 30
0.0
  0
VERTEX
  5
BEC
  8
T9-T3_POCKET
 10
2.921762966374699
 20
40.49072716756691
 30
0.0
  0
VERTEX
  5
BED
  8
T9-T3_POCKET
 10
2.93106010942978
 20
40.47572748091957
 30
0.0
  0
VERTEX
  5
BEE
  8
T9-T3_POCKET
 10
2.939602830375381
 20
40.46055028318764
 30
0.0
  0
VERTEX
  5
BEF
  8
T9-T3_POCKET
 10
2.947568640296083
 20
40.44496628922021
 30
0.0
  0
VERTEX
  5
BF0
  8
T9-T3_POCKET
 10
2.955135050276472
 20
40.42874621386635
 30
0.0
  0
VERTEX
  5
BF1
  8
T9-T3_POCKET
 10
2.962302060316547
 20
40.41189005712607
 30
0.0
  0
VERTEX
  5
BF2
  8
T9-T3_POCKET
 10
2.969069670416308
 20
40.39439781899937
 30
0.0
  0
VERTEX
  5
BF3
  8
T9-T3_POCKET
 10
2.975437880575756
 20
40.37626949948624
 30
0.0
  0
VERTEX
  5
BF4
  8
T9-T3_POCKET
 10
2.98140669079489
 20
40.35750509858669
 30
0.0
  0
VERTEX
  5
BF5
  8
T9-T3_POCKET
 10
2.986976101073709
 20
40.3381046163007
 30
0.0
  0
VERTEX
  5
BF6
  8
T9-T3_POCKET
 10
2.992146111412215
 20
40.3180680526283
 30
0.0
  0
VERTEX
  5
BF7
  8
T9-T3_POCKET
 10
2.996846457006093
 20
40.29860839998079
 30
0.0
  0
VERTEX
  5
BF8
  8
T9-T3_POCKET
 10
3.00124355449714
 20
40.27904519920061
 30
0.0
  0
VERTEX
  5
BF9
  8
T9-T3_POCKET
 10
3.005337403885357
 20
40.25937845028775
 30
0.0
  0
VERTEX
  5
BFA
  8
T9-T3_POCKET
 10
3.009128005170742
 20
40.23960815324222
 30
0.0
  0
VERTEX
  5
BFB
  8
T9-T3_POCKET
 10
3.012615358353297
 20
40.21973430806401
 30
0.0
  0
VERTEX
  5
BFC
  8
T9-T3_POCKET
 10
3.01579946343302
 20
40.19975691475312
 30
0.0
  0
VERTEX
  5
BFD
  8
T9-T3_POCKET
 10
3.018680320409914
 20
40.17967597330957
 30
0.0
  0
VERTEX
  5
BFE
  8
T9-T3_POCKET
 10
3.021257929283975
 20
40.15949148373335
 30
0.0
  0
VERTEX
  5
BFF
  8
T9-T3_POCKET
 10
3.023532290055207
 20
40.13920344602445
 30
0.0
  0
VERTEX
  5
C00
  8
T9-T3_POCKET
 10
3.025503402723607
 20
40.11881186018287
 30
0.0
  0
VERTEX
  5
C01
  8
T9-T3_POCKET
 10
3.027171267289177
 20
40.09831672620862
 30
0.0
  0
VERTEX
  5
C02
  8
T9-T3_POCKET
 10
3.028535883751915
 20
40.07771804410169
 30
0.0
  0
VERTEX
  5
C03
  8
T9-T3_POCKET
 10
3.029597252111823
 20
40.05701581386209
 30
0.0
  0
VERTEX
  5
C04
  8
T9-T3_POCKET
 10
3.0303553723689
 20
40.03621003548983
 30
0.0
  0
VERTEX
  5
C05
  8
T9-T3_POCKET
 10
3.030810244523146
 20
40.01530070898488
 30
0.0
  0
VERTEX
  5
C06
  8
T9-T3_POCKET
 10
3.030961868574562
 20
39.99428783434726
 30
0.0
  0
VERTEX
  5
C07
  8
T9-T3_POCKET
 10
3.03046261864917
 20
39.94786128943338
 30
0.0
  0
VERTEX
  5
C08
  8
T9-T3_POCKET
 10
3.028964868872993
 20
39.90301755169038
 30
0.0
  0
VERTEX
  5
C09
  8
T9-T3_POCKET
 10
3.026468619246032
 20
39.85975662111824
 30
0.0
  0
VERTEX
  5
C0A
  8
T9-T3_POCKET
 10
3.022973869768287
 20
39.81807849771698
 30
0.0
  0
VERTEX
  5
C0B
  8
T9-T3_POCKET
 10
3.018480620439756
 20
39.77798318148659
 30
0.0
  0
VERTEX
  5
C0C
  8
T9-T3_POCKET
 10
3.015859558331448
 20
39.75852907606048
 30
0.0
  0
VERTEX
  5
C0D
  8
T9-T3_POCKET
 10
3.012988871260442
 20
39.73947067242707
 30
0.0
  0
VERTEX
  5
C0E
  8
T9-T3_POCKET
 10
3.00986855922674
 20
39.7208079705864
 30
0.0
  0
VERTEX
  5
C0F
  8
T9-T3_POCKET
 10
3.006498622230342
 20
39.70254097053844
 30
0.0
  0
VERTEX
  5
C10
  8
T9-T3_POCKET
 10
3.002879060271249
 20
39.68466967228319
 30
0.0
  0
VERTEX
  5
C11
  8
T9-T3_POCKET
 10
2.999009873349459
 20
39.66719407582066
 30
0.0
  0
VERTEX
  5
C12
  8
T9-T3_POCKET
 10
2.994891061464974
 20
39.65011418115085
 30
0.0
  0
VERTEX
  5
C13
  8
T9-T3_POCKET
 10
2.990522624617792
 20
39.63342998827376
 30
0.0
  0
VERTEX
  5
C14
  8
T9-T3_POCKET
 10
2.985904562807914
 20
39.61714149718939
 30
0.0
  0
VERTEX
  5
C15
  8
T9-T3_POCKET
 10
2.981036876035339
 20
39.60124870789774
 30
0.0
  0
VERTEX
  5
C16
  8
T9-T3_POCKET
 10
2.975919564300069
 20
39.58575162039881
 30
0.0
  0
VERTEX
  5
C17
  8
T9-T3_POCKET
 10
2.970552627602102
 20
39.57065023469259
 30
0.0
  0
VERTEX
  5
C18
  8
T9-T3_POCKET
 10
2.964936065941441
 20
39.55594455077909
 30
0.0
  0
VERTEX
  5
C19
  8
T9-T3_POCKET
 10
2.959069879318082
 20
39.54163456865831
 30
0.0
  0
VERTEX
  5
C1A
  8
T9-T3_POCKET
 10
2.952954067732027
 20
39.52772028833026
 30
0.0
  0
VERTEX
  5
C1B
  8
T9-T3_POCKET
 10
2.946588631183276
 20
39.51420170979491
 30
0.0
  0
VERTEX
  5
C1C
  8
T9-T3_POCKET
 10
2.939973569671829
 20
39.50107883305229
 30
0.0
  0
VERTEX
  5
C1D
  8
T9-T3_POCKET
 10
2.933108883197686
 20
39.48835165810238
 30
0.0
  0
VERTEX
  5
C1E
  8
T9-T3_POCKET
 10
2.925994571760847
 20
39.4760201849452
 30
0.0
  0
VERTEX
  5
C1F
  8
T9-T3_POCKET
 10
2.918630635361311
 20
39.46408441358072
 30
0.0
  0
VERTEX
  5
C20
  8
T9-T3_POCKET
 10
2.911017073999081
 20
39.45254434400897
 30
0.0
  0
VERTEX
  5
C21
  8
T9-T3_POCKET
 10
2.903153887674153
 20
39.44139997622993
 30
0.0
  0
VERTEX
  5
C22
  8
T9-T3_POCKET
 10
2.894985604172597
 20
39.43062449867355
 30
0.0
  0
VERTEX
  5
C23
  8
T9-T3_POCKET
 10
2.88645675128048
 20
39.42019109976975
 30
0.0
  0
VERTEX
  5
C24
  8
T9-T3_POCKET
 10
2.877567328997801
 20
39.41009977951853
 30
0.0
  0
VERTEX
  5
C25
  8
T9-T3_POCKET
 10
2.868317337324562
 20
39.40035053791991
 30
0.0
  0
VERTEX
  5
C26
  8
T9-T3_POCKET
 10
2.858706776260762
 20
39.39094337497386
 30
0.0
  0
VERTEX
  5
C27
  8
T9-T3_POCKET
 10
2.8487356458064
 20
39.38187829068039
 30
0.0
  0
VERTEX
  5
C28
  8
T9-T3_POCKET
 10
2.838403945961478
 20
39.37315528503951
 30
0.0
  0
VERTEX
  5
C29
  8
T9-T3_POCKET
 10
2.827711676725995
 20
39.36477435805121
 30
0.0
  0
VERTEX
  5
C2A
  8
T9-T3_POCKET
 10
2.81665883809995
 20
39.3567355097155
 30
0.0
  0
VERTEX
  5
C2B
  8
T9-T3_POCKET
 10
2.805245430083345
 20
39.34903874003237
 30
0.0
  0
VERTEX
  5
C2C
  8
T9-T3_POCKET
 10
2.793471452676178
 20
39.34168404900183
 30
0.0
  0
VERTEX
  5
C2D
  8
T9-T3_POCKET
 10
2.781336905878451
 20
39.33467143662386
 30
0.0
  0
VERTEX
  5
C2E
  8
T9-T3_POCKET
 10
2.768841789690162
 20
39.32800090289849
 30
0.0
  0
VERTEX
  5
C2F
  8
T9-T3_POCKET
 10
2.755986104111312
 20
39.32167244782569
 30
0.0
  0
VERTEX
  5
C30
  8
T9-T3_POCKET
 10
2.742769849141901
 20
39.31568607140548
 30
0.0
  0
VERTEX
  5
C31
  8
T9-T3_POCKET
 10
2.729193024781929
 20
39.31004177363785
 30
0.0
  0
VERTEX
  5
C32
  8
T9-T3_POCKET
 10
2.715255631031396
 20
39.3047395545228
 30
0.0
  0
VERTEX
  5
C33
  8
T9-T3_POCKET
 10
2.700957667890302
 20
39.29977941406034
 30
0.0
  0
VERTEX
  5
C34
  8
T9-T3_POCKET
 10
2.686299135358647
 20
39.29516135225046
 30
0.0
  0
VERTEX
  5
C35
  8
T9-T3_POCKET
 10
2.671280033436431
 20
39.29088536909316
 30
0.0
  0
VERTEX
  5
C36
  8
T9-T3_POCKET
 10
2.655900362123654
 20
39.28695146458845
 30
0.0
  0
VERTEX
  5
C37
  8
T9-T3_POCKET
 10
2.640160121420316
 20
39.28335963873633
 30
0.0
  0
VERTEX
  5
C38
  8
T9-T3_POCKET
 10
2.624059311326417
 20
39.28010989153678
 30
0.0
  0
VERTEX
  5
C39
  8
T9-T3_POCKET
 10
2.607597931841957
 20
39.27720222298983
 30
0.0
  0
VERTEX
  5
C3A
  8
T9-T3_POCKET
 10
2.590775982966935
 20
39.27463663309545
 30
0.0
  0
VERTEX
  5
C3B
  8
T9-T3_POCKET
 10
2.573593464701353
 20
39.27241312185366
 30
0.0
  0
VERTEX
  5
C3C
  8
T9-T3_POCKET
 10
2.55605037704521
 20
39.27053168926444
 30
0.0
  0
VERTEX
  5
C3D
  8
T9-T3_POCKET
 10
2.538146719998505
 20
39.26899233532782
 30
0.0
  0
VERTEX
  5
C3E
  8
T9-T3_POCKET
 10
2.519882493561239
 20
39.26779506004378
 30
0.0
  0
VERTEX
  5
C3F
  8
T9-T3_POCKET
 10
2.501257697733413
 20
39.26693986341232
 30
0.0
  0
VERTEX
  5
C40
  8
T9-T3_POCKET
 10
2.482272332515025
 20
39.26642674543344
 30
0.0
  0
VERTEX
  5
C41
  8
T9-T3_POCKET
 10
2.462926397906076
 20
39.26625570610715
 30
0.0
  0
VERTEX
  5
C42
  8
T9-T3_POCKET
 10
2.441295932620009
 20
39.26647389681528
 30
0.0
  0
VERTEX
  5
C43
  8
T9-T3_POCKET
 10
2.420190604292502
 20
39.26712846893969
 30
0.0
  0
VERTEX
  5
C44
  8
T9-T3_POCKET
 10
2.399610412923556
 20
39.26821942248036
 30
0.0
  0
VERTEX
  5
C45
  8
T9-T3_POCKET
 10
2.379555358513171
 20
39.2697467574373
 30
0.0
  0
VERTEX
  5
C46
  8
T9-T3_POCKET
 10
2.360025441061346
 20
39.2717104738105
 30
0.0
  0
VERTEX
  5
C47
  8
T9-T3_POCKET
 10
2.341020660568082
 20
39.27411057159999
 30
0.0
  0
VERTEX
  5
C48
  8
T9-T3_POCKET
 10
2.322541017033378
 20
39.27694705080573
 30
0.0
  0
VERTEX
  5
C49
  8
T9-T3_POCKET
 10
2.304586510457236
 20
39.28021991142775
 30
0.0
  0
VERTEX
  5
C4A
  8
T9-T3_POCKET
 10
2.287157140839654
 20
39.28392915346603
 30
0.0
  0
VERTEX
  5
C4B
  8
T9-T3_POCKET
 10
2.270252908180633
 20
39.2880747769206
 30
0.0
  0
VERTEX
  5
C4C
  8
T9-T3_POCKET
 10
2.253873812480172
 20
39.29265678179141
 30
0.0
  0
VERTEX
  5
C4D
  8
T9-T3_POCKET
 10
2.238019853738273
 20
39.2976751680785
 30
0.0
  0
VERTEX
  5
C4E
  8
T9-T3_POCKET
 10
2.222691031954934
 20
39.30312993578185
 30
0.0
  0
VERTEX
  5
C4F
  8
T9-T3_POCKET
 10
2.207887347130155
 20
39.30902108490149
 30
0.0
  0
VERTEX
  5
C50
  8
T9-T3_POCKET
 10
2.193608799263938
 20
39.31534861543738
 30
0.0
  0
VERTEX
  5
C51
  8
T9-T3_POCKET
 10
2.179855388356281
 20
39.32211252738955
 30
0.0
  0
VERTEX
  5
C52
  8
T9-T3_POCKET
 10
2.16651616997932
 20
39.32929802816761
 30
0.0
  0
VERTEX
  5
C53
  8
T9-T3_POCKET
 10
2.15348019970519
 20
39.33689032518116
 30
0.0
  0
VERTEX
  5
C54
  8
T9-T3_POCKET
 10
2.14074747753389
 20
39.34488941843023
 30
0.0
  0
VERTEX
  5
C55
  8
T9-T3_POCKET
 10
2.128318003465422
 20
39.35329530791479
 30
0.0
  0
VERTEX
  5
C56
  8
T9-T3_POCKET
 10
2.116191777499784
 20
39.36210799363487
 30
0.0
  0
VERTEX
  5
C57
  8
T9-T3_POCKET
 10
2.104368799636977
 20
39.37132747559044
 30
0.0
  0
VERTEX
  5
C58
  8
T9-T3_POCKET
 10
2.092849069877001
 20
39.38095375378153
 30
0.0
  0
VERTEX
  5
C59
  8
T9-T3_POCKET
 10
2.081632588219856
 20
39.39098682820811
 30
0.0
  0
VERTEX
  5
C5A
  8
T9-T3_POCKET
 10
2.070719354665541
 20
39.40142669887021
 30
0.0
  0
VERTEX
  5
C5B
  8
T9-T3_POCKET
 10
2.060109369214058
 20
39.4122733657678
 30
0.0
  0
VERTEX
  5
C5C
  8
T9-T3_POCKET
 10
2.049802631865405
 20
39.4235268289009
 30
0.0
  0
VERTEX
  5
C5D
  8
T9-T3_POCKET
 10
2.039799142619583
 20
39.4351870882695
 30
0.0
  0
VERTEX
  5
C5E
  8
T9-T3_POCKET
 10
2.030098901476592
 20
39.44725414387361
 30
0.0
  0
VERTEX
  5
C5F
  8
T9-T3_POCKET
 10
2.020701908436431
 20
39.45972799571322
 30
0.0
  0
VERTEX
  5
C60
  8
T9-T3_POCKET
 10
2.011608163499102
 20
39.47260864378835
 30
0.0
  0
VERTEX
  5
C61
  8
T9-T3_POCKET
 10
2.002817666664603
 20
39.48589608809897
 30
0.0
  0
VERTEX
  5
C62
  8
T9-T3_POCKET
 10
1.996632514811133
 20
39.49570172644843
 30
0.0
  0
VERTEX
  5
C63
  8
T9-T3_POCKET
 10
1.990621175894651
 20
39.50594744436176
 30
0.0
  0
VERTEX
  5
C64
  8
T9-T3_POCKET
 10
1.984783649915157
 20
39.51663324183895
 30
0.0
  0
VERTEX
  5
C65
  8
T9-T3_POCKET
 10
1.979119936872652
 20
39.52775911888
 30
0.0
  0
VERTEX
  5
C66
  8
T9-T3_POCKET
 10
1.973630036767136
 20
39.53932507548492
 30
0.0
  0
VERTEX
  5
C67
  8
T9-T3_POCKET
 10
1.968313949598607
 20
39.55133111165371
 30
0.0
  0
VERTEX
  5
C68
  8
T9-T3_POCKET
 10
1.963171675367067
 20
39.56377722738635
 30
0.0
  0
VERTEX
  5
C69
  8
T9-T3_POCKET
 10
1.958203214072516
 20
39.57666342268287
 30
0.0
  0
VERTEX
  5
C6A
  8
T9-T3_POCKET
 10
1.953408565714953
 20
39.58998969754325
 30
0.0
  0
VERTEX
  5
C6B
  8
T9-T3_POCKET
 10
1.948787730294378
 20
39.60375605196749
 30
0.0
  0
VERTEX
  5
C6C
  8
T9-T3_POCKET
 10
1.940067498264194
 20
39.63260899950756
 30
0.0
  0
VERTEX
  5
C6D
  8
T9-T3_POCKET
 10
1.932042517981964
 20
39.6632222653031
 30
0.0
  0
VERTEX
  5
C6E
  8
T9-T3_POCKET
 10
1.924712789447687
 20
39.69559584935408
 30
0.0
  0
VERTEX
  5
C6F
  8
T9-T3_POCKET
 10
1.918167068203655
 20
39.72928597394908
 30
0.0
  0
VERTEX
  5
C70
  8
T9-T3_POCKET
 10
1.912494109792161
 20
39.7638488613766
 30
0.0
  0
VERTEX
  5
C71
  8
T9-T3_POCKET
 10
1.907693914213205
 20
39.79928451163666
 30
0.0
  0
VERTEX
  5
C72
  8
T9-T3_POCKET
 10
1.903766481466786
 20
39.83559292472926
 30
0.0
  0
VERTEX
  5
C73
  8
T9-T3_POCKET
 10
1.900711811552905
 20
39.87277410065439
 30
0.0
  0
VERTEX
  5
C74
  8
T9-T3_POCKET
 10
1.898529904471561
 20
39.91082803941207
 30
0.0
  0
VERTEX
  5
C75
  8
T9-T3_POCKET
 10
1.897220760222755
 20
39.94975474100227
 30
0.0
  0
SEQEND
  5
D9E
  8
T9-T3_POCKET
  0
POLYLINE
  5
93
  8
T9-T3_POCKET
 66
     1
 10
0.0
 20
0.0
 30
0.0
 70
     1
  0
VERTEX
  5
C76
  8
T9-T3_POCKET
 10
0.7597667116850675
 20
40.67782385071834
 30
0.0
  0
VERTEX
  5
C77
  8
T9-T3_POCKET
 10
1.675250545245777
 20
40.67782385071834
 30
0.0
  0
VERTEX
  5
C78
  8
T9-T3_POCKET
 10
1.675250545245777
 20
40.37013797077291
 30
0.0
  0
VERTEX
  5
C79
  8
T9-T3_POCKET
 10
1.05514515643268
 20
40.37013797077291
 30
0.0
  0
VERTEX
  5
C7A
  8
T9-T3_POCKET
 10
1.022009753977018
 20
40.16185829819447
 30
0.0
  0
VERTEX
  5
C7B
  8
T9-T3_POCKET
 10
1.038081903427052
 20
40.16919542302393
 30
0.0
  0
VERTEX
  5
C7C
  8
T9-T3_POCKET
 10
1.05410967510594
 20
40.17605918496118
 30
0.0
  0
VERTEX
  5
C7D
  8
T9-T3_POCKET
 10
1.070093069013683
 20
40.1824495840062
 30
0.0
  0
VERTEX
  5
C7E
  8
T9-T3_POCKET
 10
1.086032085150279
 20
40.18836662015899
 30
0.0
  0
VERTEX
  5
C7F
  8
T9-T3_POCKET
 10
1.101926723515729
 20
40.19381029341957
 30
0.0
  0
VERTEX
  5
C80
  8
T9-T3_POCKET
 10
1.117776984110034
 20
40.19878060378792
 30
0.0
  0
VERTEX
  5
C81
  8
T9-T3_POCKET
 10
1.133582866933192
 20
40.20327755126404
 30
0.0
  0
VERTEX
  5
C82
  8
T9-T3_POCKET
 10
1.149344371985204
 20
40.20730113584794
 30
0.0
  0
VERTEX
  5
C83
  8
T9-T3_POCKET
 10
1.16506149926607
 20
40.21085135753962
 30
0.0
  0
VERTEX
  5
C84
  8
T9-T3_POCKET
 10
1.180734248775791
 20
40.21392821633908
 30
0.0
  0
VERTEX
  5
C85
  8
T9-T3_POCKET
 10
1.196362620514365
 20
40.21653171224631
 30
0.0
  0
VERTEX
  5
C86
  8
T9-T3_POCKET
 10
1.211946614481793
 20
40.21866184526132
 30
0.0
  0
VERTEX
  5
C87
  8
T9-T3_POCKET
 10
1.227486230678076
 20
40.2203186153841
 30
0.0
  0
VERTEX
  5
C88
  8
T9-T3_POCKET
 10
1.242981469103212
 20
40.22150202261466
 30
0.0
  0
VERTEX
  5
C89
  8
T9-T3_POCKET
 10
1.258432329757202
 20
40.22221206695299
 30
0.0
  0
VERTEX
  5
C8A
  8
T9-T3_POCKET
 10
1.273838812640047
 20
40.2224487483991
 30
0.0
  0
VERTEX
  5
C8B
  8
T9-T3_POCKET
 10
1.299566825461926
 20
40.2219568947689
 30
0.0
  0
VERTEX
  5
C8C
  8
T9-T3_POCKET
 10
1.324680945782953
 20
40.2204813338783
 30
0.0
  0
VERTEX
  5
C8D
  8
T9-T3_POCKET
 10
1.349181173603127
 20
40.2180220657273
 30
0.0
  0
VERTEX
  5
C8E
  8
T9-T3_POCKET
 10
1.373067508922448
 20
40.21457909031589
 30
0.0
  0
VERTEX
  5
C8F
  8
T9-T3_POCKET
 10
1.396339951740917
 20
40.21015240764407
 30
0.0
  0
VERTEX
  5
C90
  8
T9-T3_POCKET
 10
1.418998502058533
 20
40.20474201771187
 30
0.0
  0
VERTEX
  5
C91
  8
T9-T3_POCKET
 10
1.441043159875296
 20
40.19834792051924
 30
0.0
  0
VERTEX
  5
C92
  8
T9-T3_POCKET
 10
1.462473925191206
 20
40.19097011606623
 30
0.0
  0
VERTEX
  5
C93
  8
T9-T3_POCKET
 10
1.483290798006264
 20
40.18260860435281
 30
0.0
  0
VERTEX
  5
C94
  8
T9-T3_POCKET
 10
1.50349377832047
 20
40.17326338537899
 30
0.0
  0
VERTEX
  5
C95
  8
T9-T3_POCKET
 10
1.523082866133822
 20
40.16293445914475
 30
0.0
  0
VERTEX
  5
C96
  8
T9-T3_POCKET
 10
1.542058061446323
 20
40.15162182565013
 30
0.0
  0
VERTEX
  5
C97
  8
T9-T3_POCKET
 10
1.56041936425797
 20
40.1393254848951
 30
0.0
  0
VERTEX
  5
C98
  8
T9-T3_POCKET
 10
1.578166774568765
 20
40.12604543687967
 30
0.0
  0
VERTEX
  5
C99
  8
T9-T3_POCKET
 10
1.595300292378707
 20
40.11178168160383
 30
0.0
  0
VERTEX
  5
C9A
  8
T9-T3_POCKET
 10
1.611819917687796
 20
40.09653421906759
 30
0.0
  0
VERTEX
  5
C9B
  8
T9-T3_POCKET
 10
1.627525950525876
 20
40.08053973071705
 30
0.0
  0
VERTEX
  5
C9C
  8
T9-T3_POCKET
 10
1.642218690922789
 20
40.06403489799835
 30
0.0
  0
VERTEX
  5
C9D
  8
T9-T3_POCKET
 10
1.655898138878536
 20
40.04701972091146
 30
0.0
  0
VERTEX
  5
C9E
  8
T9-T3_POCKET
 10
1.668564294393116
 20
40.02949419945639
 30
0.0
  0
VERTEX
  5
C9F
  8
T9-T3_POCKET
 10
1.68021715746653
 20
40.01145833363315
 30
0.0
  0
VERTEX
  5
CA0
  8
T9-T3_POCKET
 10
1.690856728098778
 20
39.99291212344173
 30
0.0
  0
VERTEX
  5
CA1
  8
T9-T3_POCKET
 10
1.700483006289859
 20
39.97385556888213
 30
0.0
  0
VERTEX
  5
CA2
  8
T9-T3_POCKET
 10
1.709095992039774
 20
39.95428866995435
 30
0.0
  0
VERTEX
  5
CA3
  8
T9-T3_POCKET
 10
1.716695685348522
 20
39.93421142665839
 30
0.0
  0
VERTEX
  5
CA4
  8
T9-T3_POCKET
 10
1.723282086216104
 20
39.91362383899426
 30
0.0
  0
VERTEX
  5
CA5
  8
T9-T3_POCKET
 10
1.72885519464252
 20
39.89252590696194
 30
0.0
  0
VERTEX
  5
CA6
  8
T9-T3_POCKET
 10
1.733415010627769
 20
39.87091763056145
 30
0.0
  0
VERTEX
  5
CA7
  8
T9-T3_POCKET
 10
1.736961534171851
 20
39.84879900979278
 30
0.0
  0
VERTEX
  5
CA8
  8
T9-T3_POCKET
 10
1.739494765274767
 20
39.82617004465593
 30
0.0
  0
VERTEX
  5
CA9
  8
T9-T3_POCKET
 10
1.741014703936517
 20
39.8030307351509
 30
0.0
  0
VERTEX
  5
CAA
  8
T9-T3_POCKET
 10
1.7415213501571
 20
39.77938108127768
 30
0.0
  0
VERTEX
  5
CAB
  8
T9-T3_POCKET
 10
1.741260630751618
 20
39.76261737822729
 30
0.0
  0
VERTEX
  5
CAC
  8
T9-T3_POCKET
 10
1.74047847253517
 20
39.745935034424
 30
0.0
  0
VERTEX
  5
CAD
  8
T9-T3_POCKET
 10
1.739174875507757
 20
39.72933404986781
 30
0.0
  0
VERTEX
  5
CAE
  8
T9-T3_POCKET
 10
1.737349839669379
 20
39.71281442455872
 30
0.0
  0
VERTEX
  5
CAF
  8
T9-T3_POCKET
 10
1.735003365020035
 20
39.69637615849673
 30
0.0
  0
VERTEX
  5
CB0
  8
T9-T3_POCKET
 10
1.732135451559726
 20
39.68001925168184
 30
0.0
  0
VERTEX
  5
CB1
  8
T9-T3_POCKET
 10
1.728746099288453
 20
39.66374370411405
 30
0.0
  0
VERTEX
  5
CB2
  8
T9-T3_POCKET
 10
1.724835308206214
 20
39.64754951579337
 30
0.0
  0
VERTEX
  5
CB3
  8
T9-T3_POCKET
 10
1.72040307831301
 20
39.63143668671979
 30
0.0
  0
VERTEX
  5
CB4
  8
T9-T3_POCKET
 10
1.71544940960884
 20
39.61540521689331
 30
0.0
  0
VERTEX
  5
CB5
  8
T9-T3_POCKET
 10
1.709974302093705
 20
39.59945510631393
 30
0.0
  0
VERTEX
  5
CB6
  8
T9-T3_POCKET
 10
1.703977755767605
 20
39.58358635498164
 30
0.0
  0
VERTEX
  5
CB7
  8
T9-T3_POCKET
 10
1.69745977063054
 20
39.56779896289646
 30
0.0
  0
VERTEX
  5
CB8
  8
T9-T3_POCKET
 10
1.690420346682509
 20
39.55209293005838
 30
0.0
  0
VERTEX
  5
CB9
  8
T9-T3_POCKET
 10
1.682859483923514
 20
39.5364682564674
 30
0.0
  0
VERTEX
  5
CBA
  8
T9-T3_POCKET
 10
1.674777182353553
 20
39.52092494212352
 30
0.0
  0
VERTEX
  5
CBB
  8
T9-T3_POCKET
 10
1.666215970669975
 20
39.50565159255412
 30
0.0
  0
VERTEX
  5
CBC
  8
T9-T3_POCKET
 10
1.657218377570129
 20
39.49083681328655
 30
0.0
  0
VERTEX
  5
CBD
  8
T9-T3_POCKET
 10
1.647784403054013
 20
39.47648060432083
 30
0.0
  0
VERTEX
  5
CBE
  8
T9-T3_POCKET
 10
1.63791404712163
 20
39.46258296565694
 30
0.0
  0
VERTEX
  5
CBF
  8
T9-T3_POCKET
 10
1.627607309772977
 20
39.4491438972949
 30
0.0
  0
VERTEX
  5
CC0
  8
T9-T3_POCKET
 10
1.616864191008055
 20
39.4361633992347
 30
0.0
  0
VERTEX
  5
CC1
  8
T9-T3_POCKET
 10
1.605684690826865
 20
39.42364147147634
 30
0.0
  0
VERTEX
  5
CC2
  8
T9-T3_POCKET
 10
1.594068809229406
 20
39.41157811401983
 30
0.0
  0
VERTEX
  5
CC3
  8
T9-T3_POCKET
 10
1.582016546215678
 20
39.39997332686515
 30
0.0
  0
VERTEX
  5
CC4
  8
T9-T3_POCKET
 10
1.569527901785681
 20
39.38882711001233
 30
0.0
  0
VERTEX
  5
CC5
  8
T9-T3_POCKET
 10
1.556602875939416
 20
39.37813946346134
 30
0.0
  0
VERTEX
  5
CC6
  8
T9-T3_POCKET
 10
1.543241468676882
 20
39.3679103872122
 30
0.0
  0
VERTEX
  5
CC7
  8
T9-T3_POCKET
 10
1.529443679998079
 20
39.35813988126489
 30
0.0
  0
VERTEX
  5
CC8
  8
T9-T3_POCKET
 10
1.515209509903007
 20
39.34882794561943
 30
0.0
  0
VERTEX
  5
CC9
  8
T9-T3_POCKET
 10
1.500538958391667
 20
39.3399745802758
 30
0.0
  0
VERTEX
  5
CCA
  8
T9-T3_POCKET
 10
1.485432025464058
 20
39.33157978523403
 30
0.0
  0
VERTEX
  5
CCB
  8
T9-T3_POCKET
 10
1.469838786127641
 20
39.32366944752726
 30
0.0
  0
VERTEX
  5
CCC
  8
T9-T3_POCKET
 10
1.453709315389877
 20
39.31626945418866
 30
0.0
  0
VERTEX
  5
CCD
  8
T9-T3_POCKET
 10
1.437043613250765
 20
39.30937980521826
 30
0.0
  0
VERTEX
  5
CCE
  8
T9-T3_POCKET
 10
1.419841679710306
 20
39.30300050061602
 30
0.0
  0
VERTEX
  5
CCF
  8
T9-T3_POCKET
 10
1.4021035147685
 20
39.29713154038197
 30
0.0
  0
VERTEX
  5
CD0
  8
T9-T3_POCKET
 10
1.383829118425347
 20
39.29177292451609
 30
0.0
  0
VERTEX
  5
CD1
  8
T9-T3_POCKET
 10
1.365018490680847
 20
39.2869246530184
 30
0.0
  0
VERTEX
  5
CD2
  8
T9-T3_POCKET
 10
1.345671631534999
 20
39.28258672588888
 30
0.0
  0
VERTEX
  5
CD3
  8
T9-T3_POCKET
 10
1.325788540987805
 20
39.27875914312754
 30
0.0
  0
VERTEX
  5
CD4
  8
T9-T3_POCKET
 10
1.305369219039263
 20
39.27544190473437
 30
0.0
  0
VERTEX
  5
CD5
  8
T9-T3_POCKET
 10
1.284413665689374
 20
39.27263501070939
 30
0.0
  0
VERTEX
  5
CD6
  8
T9-T3_POCKET
 10
1.262921880938137
 20
39.27033846105259
 30
0.0
  0
VERTEX
  5
CD7
  8
T9-T3_POCKET
 10
1.240893864785554
 20
39.26855225576396
 30
0.0
  0
VERTEX
  5
CD8
  8
T9-T3_POCKET
 10
1.218329617231623
 20
39.26727639484351
 30
0.0
  0
VERTEX
  5
CD9
  8
T9-T3_POCKET
 10
1.195229138276345
 20
39.26651087829124
 30
0.0
  0
VERTEX
  5
CDA
  8
T9-T3_POCKET
 10
1.17159242791972
 20
39.26625570610715
 30
0.0
  0
VERTEX
  5
CDB
  8
T9-T3_POCKET
 10
1.137887510734351
 20
39.26666250234265
 30
0.0
  0
VERTEX
  5
CDC
  8
T9-T3_POCKET
 10
1.105410378550688
 20
39.26788289104917
 30
0.0
  0
VERTEX
  5
CDD
  8
T9-T3_POCKET
 10
1.07416103136873
 20
39.26991687222669
 30
0.0
  0
VERTEX
  5
CDE
  8
T9-T3_POCKET
 10
1.044139469188478
 20
39.27276444587523
 30
0.0
  0
VERTEX
  5
CDF
  8
T9-T3_POCKET
 10
1.015345692009931
 20
39.27642561199477
 30
0.0
  0
VERTEX
  5
CE0
  8
T9-T3_POCKET
 10
0.9877796998330891
 20
39.28090037058532
 30
0.0
  0
VERTEX
  5
CE1
  8
T9-T3_POCKET
 10
0.9614414926579528
 20
39.28618872164689
 30
0.0
  0
VERTEX
  5
CE2
  8
T9-T3_POCKET
 10
0.9363310704845217
 20
39.29229066517946
 30
0.0
  0
VERTEX
  5
CE3
  8
T9-T3_POCKET
 10
0.9122931111137851
 20
39.29919880488784
 30
0.0
  0
VERTEX
  5
CE4
  8
T9-T3_POCKET
 10
0.8891722923467318
 20
39.30690574447686
 30
0.0
  0
VERTEX
  5
CE5
  8
T9-T3_POCKET
 10
0.8669686141833621
 20
39.31541148394651
 30
0.0
  0
VERTEX
  5
CE6
  8
T9-T3_POCKET
 10
0.8456820766236759
 20
39.32471602329678
 30
0.0
  0
VERTEX
  5
CE7
  8
T9-T3_POCKET
 10
0.8253126796676731
 20
39.33481936252768
 30
0.0
  0
VERTEX
  5
CE8
  8
T9-T3_POCKET
 10
0.8058604233153539
 20
39.34572150163921
 30
0.0
  0
VERTEX
  5
CE9
  8
T9-T3_POCKET
 10
0.7873253075667183
 20
39.35742244063137
 30
0.0
  0
VERTEX
  5
CEA
  8
T9-T3_POCKET
 10
0.769707332421766
 20
39.36992217950415
 30
0.0
  0
VERTEX
  5
CEB
  8
T9-T3_POCKET
 10
0.7529547238141603
 20
39.38303581087779
 30
0.0
  0
VERTEX
  5
CEC
  8
T9-T3_POCKET
 10
0.7370157076775641
 20
39.3965784273725
 30
0.0
  0
VERTEX
  5
CED
  8
T9-T3_POCKET
 10
0.7218902840119774
 20
39.4105500289883
 30
0.0
  0
VERTEX
  5
CEE
  8
T9-T3_POCKET
 10
0.7075784528174003
 20
39.42495061572517
 30
0.0
  0
VERTEX
  5
CEF
  8
T9-T3_POCKET
 10
0.6940802140938329
 20
39.43978018758311
 30
0.0
  0
VERTEX
  5
CF0
  8
T9-T3_POCKET
 10
0.6813955678412749
 20
39.45503874456213
 30
0.0
  0
VERTEX
  5
CF1
  8
T9-T3_POCKET
 10
0.6695245140597264
 20
39.47072628666224
 30
0.0
  0
VERTEX
  5
CF2
  8
T9-T3_POCKET
 10
0.6584670527491875
 20
39.48684281388341
 30
0.0
  0
VERTEX
  5
CF3
  8
T9-T3_POCKET
 10
0.6480382765298833
 20
39.50367678173812
 30
0.0
  0
VERTEX
  5
CF4
  8
T9-T3_POCKET
 10
0.6380532780220388
 20
39.5215166457388
 30
0.0
  0
VERTEX
  5
CF5
  8
T9-T3_POCKET
 10
0.6285120572256541
 20
39.54036240588546
 30
0.0
  0
VERTEX
  5
CF6
  8
T9-T3_POCKET
 10
0.6194146141407291
 20
39.56021406217809
 30
0.0
  0
VERTEX
  5
CF7
  8
T9-T3_POCKET
 10
0.6107609487672638
 20
39.5810716146167
 30
0.0
  0
VERTEX
  5
CF8
  8
T9-T3_POCKET
 10
0.6025510611052585
 20
39.60293506320129
 30
0.0
  0
VERTEX
  5
CF9
  8
T9-T3_POCKET
 10
0.5947849511547127
 20
39.62580440793184
 30
0.0
  0
VERTEX
  5
CFA
  8
T9-T3_POCKET
 10
0.5874626189156268
 20
39.64967964880838
 30
0.0
  0
VERTEX
  5
CFB
  8
T9-T3_POCKET
 10
0.977513642107987
 20
39.69228230910851
 30
0.0
  0
VERTEX
  5
CFC
  8
T9-T3_POCKET
 10
0.979436678857646
 20
39.68074223953676
 30
0.0
  0
VERTEX
  5
CFD
  8
T9-T3_POCKET
 10
0.9816555674149448
 20
39.66955349398658
 30
0.0
  0
VERTEX
  5
CFE
  8
T9-T3_POCKET
 10
0.9841703077798833
 20
39.65871607245798
 30
0.0
  0
VERTEX
  5
CFF
  8
T9-T3_POCKET
 10
0.9869808999524619
 20
39.64822997495094
 30
0.0
  0
VERTEX
  5
D00
  8
T9-T3_POCKET
 10
0.99008734393268
 20
39.63809520146548
 30
0.0
  0
VERTEX
  5
D01
  8
T9-T3_POCKET
 10
0.9934896397205382
 20
39.62831175200159
 30
0.0
  0
VERTEX
  5
D02
  8
T9-T3_POCKET
 10
0.9971877873160362
 20
39.61887962655927
 30
0.0
  0
VERTEX
  5
D03
  8
T9-T3_POCKET
 10
1.001181786719174
 20
39.60979882513853
 30
0.0
  0
VERTEX
  5
D04
  8
T9-T3_POCKET
 10
1.005471637929952
 20
39.60106934773935
 30
0.0
  0
VERTEX
  5
D05
  8
T9-T3_POCKET
 10
1.010057340948369
 20
39.59269119436175
 30
0.0
  0
VERTEX
  5
D06
  8
T9-T3_POCKET
 10
1.014938895774426
 20
39.58466436500572
 30
0.0
  0
VERTEX
  5
D07
  8
T9-T3_POCKET
 10
1.020116302408123
 20
39.57698885967126
 30
0.0
  0
VERTEX
  5
D08
  8
T9-T3_POCKET
 10
1.02558956084946
 20
39.56966467835838
 30
0.0
  0
VERTEX
  5
D09
  8
T9-T3_POCKET
 10
1.031358671098437
 20
39.56269182106706
 30
0.0
  0
VERTEX
  5
D0A
  8
T9-T3_POCKET
 10
1.037423633155054
 20
39.55607028779733
 30
0.0
  0
VERTEX
  5
D0B
  8
T9-T3_POCKET
 10
1.04378444701931
 20
39.54980007854917
 30
0.0
  0
VERTEX
  5
D0C
  8
T9-T3_POCKET
 10
1.050370847886892
 20
39.54389598591295
 30
0.0
  0
VERTEX
  5
D0D
  8
T9-T3_POCKET
 10
1.057112570953485
 20
39.53837280247907
 30
0.0
  0
VERTEX
  5
D0E
  8
T9-T3_POCKET
 10
1.064009616219089
 20
39.53323052824754
 30
0.0
  0
VERTEX
  5
D0F
  8
T9-T3_POCKET
 10
1.071061983683703
 20
39.52846916321833
 30
0.0
  0
VERTEX
  5
D10
  8
T9-T3_POCKET
 10
1.078269673347329
 20
39.52408870739147
 30
0.0
  0
VERTEX
  5
D11
  8
T9-T3_POCKET
 10
1.085632685209965
 20
39.52008916076694
 30
0.0
  0
VERTEX
  5
D12
  8
T9-T3_POCKET
 10
1.093151019271613
 20
39.51647052334474
 30
0.0
  0
VERTEX
  5
D13
  8
T9-T3_POCKET
 10
1.100824675532271
 20
39.51323279512489
 30
0.0
  0
VERTEX
  5
D14
  8
T9-T3_POCKET
 10
1.10865365399194
 20
39.51037597610736
 30
0.0
  0
VERTEX
  5
D15
  8
T9-T3_POCKET
 10
1.11663795465062
 20
39.50790006629217
 30
0.0
  0
VERTEX
  5
D16
  8
T9-T3_POCKET
 10
1.124777577508311
 20
39.50580506567933
 30
0.0
  0
VERTEX
  5
D17
  8
T9-T3_POCKET
 10
1.133072522565013
 20
39.50409097426881
 30
0.0
  0
VERTEX
  5
D18
  8
T9-T3_POCKET
 10
1.141522789820726
 20
39.50275779206063
 30
0.0
  0
VERTEX
  5
D19
  8
T9-T3_POCKET
 10
1.150128379275449
 20
39.5018055190548
 30
0.0
  0
VERTEX
  5
D1A
  8
T9-T3_POCKET
 10
1.158889290929184
 20
39.5012341552513
 30
0.0
  0
VERTEX
  5
D1B
  8
T9-T3_POCKET
 10
1.16780552478193
 20
39.50104370065012
 30
0.0
  0
VERTEX
  5
D1C
  8
T9-T3_POCKET
 10
1.177755390887617
 20
39.50128223117003
 30
0.0
  0
VERTEX
  5
D1D
  8
T9-T3_POCKET
 10
1.18748706628517
 20
39.50199782272976
 30
0.0
  0
VERTEX
  5
D1E
  8
T9-T3_POCKET
 10
1.197000550974588
 20
39.50319047532932
 30
0.0
  0
VERTEX
  5
D1F
  8
T9-T3_POCKET
 10
1.206295844955872
 20
39.50486018896868
 30
0.0
  0
VERTEX
  5
D20
  8
T9-T3_POCKET
 10
1.215372948229022
 20
39.50700696364787
 30
0.0
  0
VERTEX
  5
D21
  8
T9-T3_POCKET
 10
1.224231860794037
 20
39.50963079936687
 30
0.0
  0
VERTEX
  5
D22
  8
T9-T3_POCKET
 10
1.232872582650918
 20
39.5127316961257
 30
0.0
  0
VERTEX
  5
D23
  8
T9-T3_POCKET
 10
1.241295113799665
 20
39.51630965392434
 30
0.0
  0
VERTEX
  5
D24
  8
T9-T3_POCKET
 10
1.249499454240277
 20
39.5203646727628
 30
0.0
  0
VERTEX
  5
D25
  8
T9-T3_POCKET
 10
1.257485603972755
 20
39.52489675264108
 30
0.0
  0
VERTEX
  5
D26
  8
T9-T3_POCKET
 10
1.265253562997099
 20
39.52990589355919
 30
0.0
  0
VERTEX
  5
D27
  8
T9-T3_POCKET
 10
1.272803331313308
 20
39.53539209551711
 30
0.0
  0
VERTEX
  5
D28
  8
T9-T3_POCKET
 10
1.280134908921382
 20
39.54135535851486
 30
0.0
  0
VERTEX
  5
D29
  8
T9-T3_POCKET
 10
1.287248295821322
 20
39.54779568255242
 30
0.0
  0
VERTEX
  5
D2A
  8
T9-T3_POCKET
 10
1.294143492013129
 20
39.55471306762979
 30
0.0
  0
VERTEX
  5
D2B
  8
T9-T3_POCKET
 10
1.3008204974968
 20
39.56210751374699
 30
0.0
  0
VERTEX
  5
D2C
  8
T9-T3_POCKET
 10
1.307183160434854
 20
39.56997532275641
 30
0.0
  0
VERTEX
  5
D2D
  8
T9-T3_POCKET
 10
1.313135328989808
 20
39.57831279651046
 30
0.0
  0
VERTEX
  5
D2E
  8
T9-T3_POCKET
 10
1.318677003161661
 20
39.58711993500914
 30
0.0
  0
VERTEX
  5
D2F
  8
T9-T3_POCKET
 10
1.323808182950415
 20
39.59639673825244
 30
0.0
  0
VERTEX
  5
D30
  8
T9-T3_POCKET
 10
1.328528868356068
 20
39.60614320624038
 30
0.0
  0
VERTEX
  5
D31
  8
T9-T3_POCKET
 10
1.332839059378621
 20
39.61635933897294
 30
0.0
  0
VERTEX
  5
D32
  8
T9-T3_POCKET
 10
1.336738756018073
 20
39.62704513645014
 30
0.0
  0
VERTEX
  5
D33
  8
T9-T3_POCKET
 10
1.340227958274426
 20
39.63820059867196
 30
0.0
  0
VERTEX
  5
D34
  8
T9-T3_POCKET
 10
1.343306666147678
 20
39.64982572563839
 30
0.0
  0
VERTEX
  5
D35
  8
T9-T3_POCKET
 10
1.34597487963783
 20
39.66192051734947
 30
0.0
  0
VERTEX
  5
D36
  8
T9-T3_POCKET
 10
1.348232598744881
 20
39.67448497380518
 30
0.0
  0
VERTEX
  5
D37
  8
T9-T3_POCKET
 10
1.350079823468832
 20
39.68751909500551
 30
0.0
  0
VERTEX
  5
D38
  8
T9-T3_POCKET
 10
1.351516553809683
 20
39.70102288095048
 30
0.0
  0
VERTEX
  5
D39
  8
T9-T3_POCKET
 10
1.352542789767434
 20
39.71499633164007
 30
0.0
  0
VERTEX
  5
D3A
  8
T9-T3_POCKET
 10
1.353158531342084
 20
39.72943944707428
 30
0.0
  0
VERTEX
  5
D3B
  8
T9-T3_POCKET
 10
1.353363778533635
 20
39.74435222725312
 30
0.0
  0
VERTEX
  5
D3C
  8
T9-T3_POCKET
 10
1.353156682268287
 20
39.75959599164177
 30
0.0
  0
VERTEX
  5
D3D
  8
T9-T3_POCKET
 10
1.352535393472243
 20
39.77432201536704
 30
0.0
  0
VERTEX
  5
D3E
  8
T9-T3_POCKET
 10
1.351499912145504
 20
39.78853029842895
 30
0.0
  0
VERTEX
  5
D3F
  8
T9-T3_POCKET
 10
1.350050238288069
 20
39.80222084082747
 30
0.0
  0
VERTEX
  5
D40
  8
T9-T3_POCKET
 10
1.348186371899938
 20
39.81539364256264
 30
0.0
  0
VERTEX
  5
D41
  8
T9-T3_POCKET
 10
1.345908312981111
 20
39.82804870363442
 30
0.0
  0
VERTEX
  5
D42
  8
T9-T3_POCKET
 10
1.343216061531588
 20
39.84018602404285
 30
0.0
  0
VERTEX
  5
D43
  8
T9-T3_POCKET
 10
1.34010961755137
 20
39.85180560378791
 30
0.0
  0
VERTEX
  5
D44
  8
T9-T3_POCKET
 10
1.336588981040456
 20
39.8629074428696
 30
0.0
  0
VERTEX
  5
D45
  8
T9-T3_POCKET
 10
1.332654151998846
 20
39.8734915412879
 30
0.0
  0
VERTEX
  5
D46
  8
T9-T3_POCKET
 10
1.328305130426541
 20
39.88355789904286
 30
0.0
  0
VERTEX
  5
D47
  8
T9-T3_POCKET
 10
1.323541916323539
 20
39.89310651613443
 30
0.0
  0
VERTEX
  5
D48
  8
T9-T3_POCKET
 10
1.318364509689842
 20
39.90213739256264
 30
0.0
  0
VERTEX
  5
D49
  8
T9-T3_POCKET
 10
1.312772910525449
 20
39.91065052832747
 30
0.0
  0
VERTEX
  5
D4A
  8
T9-T3_POCKET
 10
1.306767118830361
 20
39.91864592342895
 30
0.0
  0
VERTEX
  5
D4B
  8
T9-T3_POCKET
 10
1.300347134604576
 20
39.92612357786705
 30
0.0
  0
VERTEX
  5
D4C
  8
T9-T3_POCKET
 10
1.293583222652411
 20
39.93311677497013
 30
0.0
  0
VERTEX
  5
D4D
  8
T9-T3_POCKET
 10
1.286545647778178
 20
39.93965879806656
 30
0.0
  0
VERTEX
  5
D4E
  8
T9-T3_POCKET
 10
1.279234409981878
 20
39.94574964715635
 30
0.0
  0
VERTEX
  5
D4F
  8
T9-T3_POCKET
 10
1.271649509263512
 20
39.95138932223948
 30
0.0
  0
VERTEX
  5
D50
  8
T9-T3_POCKET
 10
1.263790945623079
 20
39.95657782331596
 30
0.0
  0
VERTEX
  5
D51
  8
T9-T3_POCKET
 10
1.255658719060579
 20
39.96131515038579
 30
0.0
  0
VERTEX
  5
D52
  8
T9-T3_POCKET
 10
1.247252829576012
 20
39.96560130344898
 30
0.0
  0
VERTEX
  5
D53
  8
T9-T3_POCKET
 10
1.238573277169378
 20
39.96943628250551
 30
0.0
  0
VERTEX
  5
D54
  8
T9-T3_POCKET
 10
1.229620061840678
 20
39.97282008755539
 30
0.0
  0
VERTEX
  5
D55
  8
T9-T3_POCKET
 10
1.220393183589911
 20
39.97575271859862
 30
0.0
  0
VERTEX
  5
D56
  8
T9-T3_POCKET
 10
1.210892642417076
 20
39.9782341756352
 30
0.0
  0
VERTEX
  5
D57
  8
T9-T3_POCKET
 10
1.201118438322175
 20
39.98026445866513
 30
0.0
  0
VERTEX
  5
D58
  8
T9-T3_POCKET
 10
1.191070571305207
 20
39.98184356768841
 30
0.0
  0
VERTEX
  5
D59
  8
T9-T3_POCKET
 10
1.180749041366172
 20
39.98297150270503
 30
0.0
  0
VERTEX
  5
D5A
  8
T9-T3_POCKET
 10
1.170153848505071
 20
39.98364826371501
 30
0.0
  0
VERTEX
  5
D5B
  8
T9-T3_POCKET
 10
1.159284992721902
 20
39.98387385071834
 30
0.0
  0
VERTEX
  5
D5C
  8
T9-T3_POCKET
 10
1.14537995776283
 20
39.98344486559726
 30
0.0
  0
VERTEX
  5
D5D
  8
T9-T3_POCKET
 10
1.131593263526814
 20
39.98215791023402
 30
0.0
  0
VERTEX
  5
D5E
  8
T9-T3_POCKET
 10
1.117924910013854
 20
39.98001298462863
 30
0.0
  0
VERTEX
  5
D5F
  8
T9-T3_POCKET
 10
1.104374897223949
 20
39.97701008878109
 30
0.0
  0
VERTEX
  5
D60
  8
T9-T3_POCKET
 10
1.0909432251571
 20
39.97314922269139
 30
0.0
  0
VERTEX
  5
D61
  8
T9-T3_POCKET
 10
1.077629893813308
 20
39.96843038635953
 30
0.0
  0
VERTEX
  5
D62
  8
T9-T3_POCKET
 10
1.064434903192571
 20
39.96285357978552
 30
0.0
  0
VERTEX
  5
D63
  8
T9-T3_POCKET
 10
1.05135825329489
 20
39.95641880296936
 30
0.0
  0
VERTEX
  5
D64
  8
T9-T3_POCKET
 10
1.041535973281247
 20
39.95094554452803
 30
0.0
  0
VERTEX
  5
D65
  8
T9-T3_POCKET
 10
1.031477011821493
 20
39.94446638994071
 30
0.0
  0
VERTEX
  5
D66
  8
T9-T3_POCKET
 10
1.021181368915627
 20
39.93698133920742
 30
0.0
  0
VERTEX
  5
D67
  8
T9-T3_POCKET
 10
1.010649044563649
 20
39.92849039232816
 30
0.0
  0
VERTEX
  5
D68
  8
T9-T3_POCKET
 10
0.9998800387655586
 20
39.91899354930292
 30
0.0
  0
VERTEX
  5
D69
  8
T9-T3_POCKET
 10
0.9888743515213567
 20
39.90849081013171
 30
0.0
  0
VERTEX
  5
D6A
  8
T9-T3_POCKET
 10
0.9776319828310429
 20
39.89698217481453
 30
0.0
  0
VERTEX
  5
D6B
  8
T9-T3_POCKET
 10
0.9661529326946172
 20
39.88446764335136
 30
0.0
  0
VERTEX
  5
D6C
  8
T9-T3_POCKET
 10
0.637639085491343
 20
39.93180393257373
 30
0.0
  0
SEQEND
  5
D9F
  8
T9-T3_POCKET
  0
POLYLINE
  5
95
  8
T3_PROFILE_INSIDE_2
 66
     1
 10
0.0
 20
0.0
 30
0.0
 70
     1
  0
VERTEX
  5
D6D
  8
T3_PROFILE_INSIDE_2
 10
1.286166034620759
 20
86.5675280847158
 30
0.0
 42
0.4142135623730951
  0
VERTEX
  5
D6E
  8
T3_PROFILE_INSIDE_2
 10
1.411166034620759
 20
86.6925280847158
 30
0.0
 42
0.4142135623730951
  0
VERTEX
  5
D6F
  8
T3_PROFILE_INSIDE_2
 10
1.286166034620766
 20
86.8175280847158
 30
0.0
 42
0.4142135623730951
  0
VERTEX
  5
D70
  8
T3_PROFILE_INSIDE_2
 10
1.161166034620702
 20
86.6925280847158
 30
0.0
 42
0.4142135623730951
  0
SEQEND
  5
DA0
  8
T3_PROFILE_INSIDE_2
  0
POLYLINE
  5
96
  8
T3_PROFILE_INSIDE_2
 66
     1
 10
0.0
 20
0.0
 30
0.0
 70
     1
  0
VERTEX
  5
D71
  8
T3_PROFILE_INSIDE_2
 10
2.036149153608076
 20
86.69256794892388
 30
0.0
 42
0.4142135623730951
  0
VERTEX
  5
D72
  8
T3_PROFILE_INSIDE_2
 10
1.286149153608054
 20
87.44256794892388
 30
0.0
 42
0.4142135623730951
  0
VERTEX
  5
D73
  8
T3_PROFILE_INSIDE_2
 10
0.5361491536080081
 20
86.69256794892388
 30
0.0
 42
0.4142135623730951
  0
VERTEX
  5
D74
  8
T3_PROFILE_INSIDE_2
 10
1.286149153608061
 20
85.94256794892391
 30
0.0
 42
0.4142135623730951
  0
SEQEND
  5
DA1
  8
T3_PROFILE_INSIDE_2
  0
POLYLINE
  5
97
  8
T3_PROFILE_INSIDE_2
 66
     1
 10
0.0
 20
0.0
 30
0.0
  0
VERTEX
  5
D75
  8
T3_PROFILE_INSIDE_2
 10
3.460415116984588
 20
84.67735662985149
 30
0.0
  0
VERTEX
  5
D76
  8
T3_PROFILE_INSIDE_2
 10
0.908701373191434
 20
85.5007606402354
 30
0.0
 42
-0.3269702414499648
  0
VERTEX
  5
D77
  8
T3_PROFILE_INSIDE_2
 10
0.0361491536079974
 20
86.6924892087664
 30
0.0
 42
-0.3269702414499648
  0
VERTEX
  5
D78
  8
T3_PROFILE_INSIDE_2
 10
0.9087013731914482
 20
87.88421777729744
 30
0.0
  0
VERTEX
  5
D79
  8
T3_PROFILE_INSIDE_2
 10
3.466050846392005
 20
88.7094433701485
 30
0.0
  0
SEQEND
  5
DA2
  8
T3_PROFILE_INSIDE_2
  0
POLYLINE
  5
98
  8
T3_PROFILE_INSIDE_2
 66
     1
 10
0.0
 20
0.0
 30
0.0
 70
     1
  0
VERTEX
  5
D7A
  8
T3_PROFILE_INSIDE_2
 10
0.0
 20
0.0
 30
0.0
  0
VERTEX
  5
D7B
  8
T3_PROFILE_INSIDE_2
 10
3.5
 20
0.0
 30
0.0
  0
VERTEX
  5
D7C
  8
T3_PROFILE_INSIDE_2
 10
3.5
 20
97.0
 30
0.0
  0
VERTEX
  5
D7D
  8
T3_PROFILE_INSIDE_2
 10
0.0
 20
97.0
 30
0.0
  0
SEQEND
  5
DA3
  8
T3_PROFILE_INSIDE_2
  0
ENDSEC
  0
EOF
