  0
SECTION
  2
HEADER
  9
$ACADVER
  1
AC1009
  9
$DWGCODEPAGE
  3
ansi_1252
  9
$INSBASE
 10
0.0
 20
0.0
 30
0.0
  9
$EXTMIN
 10
0.0
 20
1.664494869983343
 30
0.0
  9
$EXTMAX
 10
3.508623743179633
 20
93.33550513001666
 30
0.0
  9
$LIMMIN
 10
0.0
 20
0.0
  9
$LIMMAX
 10
12.0
 20
9.0
  9
$ORTHOMODE
 70
     0
  9
$REGENMODE
 70
     1
  9
$FILLMODE
 70
     1
  9
$QTEXTMODE
 70
     0
  9
$MIRRTEXT
 70
     1
  9
$DRAGMODE
 70
     2
  9
$LTSCALE
 40
1.0
  9
$OSMODE
 70
    37
  9
$ATTMODE
 70
     1
  9
$TEXTSIZE
 40
0.2
  9
$TRACEWID
 40
0.05
  9
$TEXTSTYLE
  7
STANDARD
  9
$CLAYER
  8
0
  9
$CELTYPE
  6
BYLAYER
  9
$CECOLOR
 62
   256
  9
$DIMSCALE
 40
1.0
  9
$DIMASZ
 40
0.18
  9
$DIMEXO
 40
0.0625
  9
$DIMDLI
 40
0.38
  9
$DIMRND
 40
0.0
  9
$DIMDLE
 40
0.0
  9
$DIMEXE
 40
0.18
  9
$DIMTP
 40
0.0
  9
$DIMTM
 40
0.0
  9
$DIMTXT
 40
0.18
  9
$DIMCEN
 40
0.09
  9
$DIMTSZ
 40
0.0
  9
$DIMTOL
 70
     0
  9
$DIMLIM
 70
     0
  9
$DIMTIH
 70
     1
  9
$DIMTOH
 70
     1
  9
$DIMSE1
 70
     0
  9
$DIMSE2
 70
     0
  9
$DIMTAD
 70
     0
  9
$DIMZIN
 70
     0
  9
$DIMBLK
  1

  9
$DIMASO
 70
     1
  9
$DIMSHO
 70
     1
  9
$DIMPOST
  1

  9
$DIMAPOST
  1

  9
$DIMALT
 70
     0
  9
$DIMALTD
 70
     2
  9
$DIMALTF
 40
25.4
  9
$DIMLFAC
 40
1.0
  9
$DIMTOFL
 70
     0
  9
$DIMTVP
 40
0.0
  9
$DIMTIX
 70
     0
  9
$DIMSOXD
 70
     0
  9
$DIMSAH
 70
     0
  9
$DIMBLK1
  1

  9
$DIMBLK2
  1

  9
$DIMSTYLE
  2
STANDARD
  9
$DIMCLRD
 70
     0
  9
$DIMCLRE
 70
     0
  9
$DIMCLRT
 70
     0
  9
$DIMTFAC
 40
1.0
  9
$DIMGAP
 40
0.09
  9
$LUNITS
 70
     2
  9
$LUPREC
 70
     4
  9
$SKETCHINC
 40
0.1
  9
$FILLETRAD
 40
0.5
  9
$AUNITS
 70
     0
  9
$AUPREC
 70
     0
  9
$MENU
  1
.
  9
$ELEVATION
 40
0.0
  9
$PELEVATION
 40
0.0
  9
$THICKNESS
 40
0.0
  9
$LIMCHECK
 70
     0
  9
$CHAMFERA
 40
0.0
  9
$CHAMFERB
 40
0.0
  9
$SKPOLY
 70
     0
  9
$TDCREATE
 40
2454910.5
  9
$TDUPDATE
 40
2461252.035429688
  9
$TDINDWG
 40
0.0000000116
  9
$TDUSRTIMER
 40
0.0000000116
  9
$USRTIMER
 70
     1
  9
$ANGBASE
 50
0.0
  9
$ANGDIR
 70
     0
  9
$PDMODE
 70
     0
  9
$PDSIZE
 40
0.0
  9
$PLINEWID
 40
0.0
  9
$COORDS
 70
     1
  9
$SPLFRAME
 70
     0
  9
$SPLINETYPE
 70
     6
  9
$SPLINESEGS
 70
     8
  9
$ATTDIA
 70
     0
  9
$ATTREQ
 70
     1
  9
$HANDLING
 70
     1
  9
$HANDSEED
  5
161A
  9
$SURFTAB1
 70
     6
  9
$SURFTAB2
 70
     6
  9
$SURFTYPE
 70
     6
  9
$SURFU
 70
     6
  9
$SURFV
 70
     6
  9
$UCSNAME
  2

  9
$UCSORG
 10
0.0
 20
0.0
 30
0.0
  9
$UCSXDIR
 10
1.0
 20
0.0
 30
0.0
  9
$UCSYDIR
 10
0.0
 20
1.0
 30
0.0
  9
$PUCSNAME
  2

  9
$PUCSORG
 10
0.0
 20
0.0
 30
0.0
  9
$PUCSXDIR
 10
1.0
 20
0.0
 30
0.0
  9
$PUCSYDIR
 10
0.0
 20
1.0
 30
0.0
  9
$USERI1
 70
     0
  9
$USERI2
 70
     0
  9
$USERI3
 70
     0
  9
$USERI4
 70
     0
  9
$USERI5
 70
     0
  9
$USERR1
 40
0.0
  9
$USERR2
 40
0.0
  9
$USERR3
 40
0.0
  9
$USERR4
 40
0.0
  9
$USERR5
 40
0.0
  9
$WORLDVIEW
 70
     1
  9
$SHADEDGE
 70
     3
  9
$SHADEDIF
 70
    70
  9
$TILEMODE
 70
     1
  9
$MAXACTVP
 70
    64
  9
$PLIMCHECK
 70
     0
  9
$PEXTMIN
 10
1.000000000000000E+20
 20
1.000000000000000E+20
 30
1.000000000000000E+20
  9
$PEXTMAX
 10
-1.000000000000000E+20
 20
-1.000000000000000E+20
 30
-1.000000000000000E+20
  9
$PLIMMIN
 10
0.0
 20
0.0
  9
$PLIMMAX
 10
12.0
 20
9.0
  9
$UNITMODE
 70
     0
  9
$VISRETAIN
 70
     1
  9
$PLINEGEN
 70
     0
  9
$PSLTSCALE
 70
     1
  0
ENDSEC
  0
SECTION
  2
TABLES
  0
TABLE
  2
VPORT
 70
     1
  0
VPORT
  2
*ACTIVE
 70
     0
 10
0.0
 20
0.0
 11
1.0
 21
1.0
 12
10.42990654205607
 22
4.5
 13
0.0
 23
0.0
 14
0.5
 24
0.5
 15
0.5
 25
0.5
 16
0.0
 26
0.0
 36
1.0
 17
0.0
 27
0.0
 37
0.0
 40
9.0
 41
1.972972972850329
 42
50.0
 43
0.0
 44
0.0
 50
0.0
 51
0.0
 71
     0
 72
   100
 73
     1
 74
     3
 75
     0
 76
     0
 77
     0
 78
     0
  0
ENDTAB
  0
TABLE
  2
LTYPE
 70
     2
  0
LTYPE
  2
CONTINUOUS
 70
     0
  3
Solid line
 72
    65
 73
     0
 40
0.0
  0
LTYPE
  2
CONTINUOUS2
 70
     0
  3
Solid Line
 72
    65
 73
     0
 40
0.0
  0
ENDTAB
  0
TABLE
  2
LAYER
 70
     5
  0
LAYER
  2
0
 70
     0
 62
     7
  6
CONTINUOUS
  0
LAYER
  2
T8_DRILL
 70
     0
 62
    18
  6
CONTINUOUS
  0
LAYER
  2
T3_PROFILE_INSIDE
 70
     0
 62
    18
  6
CONTINUOUS
  0
LAYER
  2
T5_BEVEL_INSIDE
 70
     0
 62
    18
  6
CONTINUOUS
  0
LAYER
  2
T3_PROFILE_INSIDE_2
 70
     0
 62
    18
  6
CONTINUOUS
  0
ENDTAB
  0
TABLE
  2
STYLE
 70
     1
  0
STYLE
  2
STANDARD
 70
     0
 40
0.0
 41
1.0
 50
0.0
 71
     0
 42
0.2
  3
txt
  4

  0
ENDTAB
  0
TABLE
  2
VIEW
 70
     0
  0
ENDTAB
  0
TABLE
  2
UCS
 70
     0
  0
ENDTAB
  0
TABLE
  2
APPID
 70
     1
  0
APPID
  2
ACAD
 70
     0
  0
ENDTAB
  0
TABLE
  2
DIMSTYLE
 70
     1
  0
DIMSTYLE
  2
STANDARD
 70
     0
  3

  4

  5

  6

  7

 40
1.0
 41
0.18
 42
0.0625
 43
0.38
 44
0.18
 45
0.0
 46
0.0
 47
0.0
 48
0.0
140
0.18
141
0.09
142
0.0
143
25.4
144
1.0
145
0.0
146
1.0
147
0.09
 71
     0
 72
     0
 73
     1
 74
     1
 75
     0
 76
     0
 77
     0
 78
     0
170
     0
171
     2
172
     0
173
     0
174
     0
175
     0
176
     0
177
     0
178
     0
  0
ENDTAB
  0
ENDSEC
  0
SECTION
  2
BLOCKS
  0
BLOCK
  8
0
  2
$MODEL_SPACE
 70
     0
 10
0.0
 20
0.0
 30
0.0
  3
$MODEL_SPACE
  1

  0
ENDBLK
  5
21
  8
0
  0
BLOCK
 67
     1
  8
0
  2
$PAPER_SPACE
 70
     0
 10
0.0
 20
0.0
 30
0.0
  3
$PAPER_SPACE
  1

  0
ENDBLK
  5
1D
 67
     1
  8
0
  0
ENDSEC
  0
SECTION
  2
ENTITIES
  0
POLYLINE
  5
70
  8
T8_DRILL
 66
     1
 10
0.0
 20
0.0
 30
0.0
 70
     1
  0
VERTEX
  5
98
  8
T8_DRILL
 10
1.754301273032269
 20
12.5298
 30
0.0
 42
0.4142135623730951
  0
VERTEX
  5
99
  8
T8_DRILL
 10
1.566801273032269
 20
12.3423
 30
0.0
 42
0.4142135623730951
  0
VERTEX
  5
9A
  8
T8_DRILL
 10
1.754301273032269
 20
12.1548
 30
0.0
 42
0.4142135623730951
  0
VERTEX
  5
9B
  8
T8_DRILL
 10
1.941801273032269
 20
12.3423
 30
0.0
 42
0.4142135623730951
  0
SEQEND
  5
15FC
  8
T8_DRILL
  0
POLYLINE
  5
71
  8
T8_DRILL
 66
     1
 10
0.0
 20
0.0
 30
0.0
 70
     1
  0
VERTEX
  5
9C
  8
T8_DRILL
 10
1.754301273032269
 20
45.7913
 30
0.0
 42
0.4142135623730951
  0
VERTEX
  5
9D
  8
T8_DRILL
 10
1.566801273032269
 20
45.6038
 30
0.0
 42
0.4142135623730951
  0
VERTEX
  5
9E
  8
T8_DRILL
 10
1.754301273032269
 20
45.4163
 30
0.0
 42
0.4142135623730951
  0
VERTEX
  5
9F
  8
T8_DRILL
 10
1.941801273032269
 20
45.6038
 30
0.0
 42
0.4142135623730951
  0
SEQEND
  5
15FD
  8
T8_DRILL
  0
POLYLINE
  5
72
  8
T8_DRILL
 66
     1
 10
0.0
 20
0.0
 30
0.0
 70
     1
  0
VERTEX
  5
A0
  8
T8_DRILL
 10
1.754301273032269
 20
49.2087
 30
0.0
 42
0.4142135623730951
  0
VERTEX
  5
A1
  8
T8_DRILL
 10
1.941801273032269
 20
49.3962
 30
0.0
 42
0.4142135623730951
  0
VERTEX
  5
A2
  8
T8_DRILL
 10
1.754301273032269
 20
49.5837
 30
0.0
 42
0.4142135623730951
  0
VERTEX
  5
A3
  8
T8_DRILL
 10
1.566801273032269
 20
49.3962
 30
0.0
 42
0.4142135623730951
  0
SEQEND
  5
15FE
  8
T8_DRILL
  0
POLYLINE
  5
73
  8
T8_DRILL
 66
     1
 10
0.0
 20
0.0
 30
0.0
 70
     1
  0
VERTEX
  5
A4
  8
T8_DRILL
 10
1.754301273032269
 20
82.4702
 30
0.0
 42
0.4142135623730951
  0
VERTEX
  5
A5
  8
T8_DRILL
 10
1.941801273032269
 20
82.6577
 30
0.0
 42
0.4142135623730951
  0
VERTEX
  5
A6
  8
T8_DRILL
 10
1.754301273032269
 20
82.8452
 30
0.0
 42
0.4142135623730951
  0
VERTEX
  5
A7
  8
T8_DRILL
 10
1.566801273032269
 20
82.6577
 30
0.0
 42
0.4142135623730951
  0
SEQEND
  5
15FF
  8
T8_DRILL
  0
POLYLINE
  5
75
  8
T3_PROFILE_INSIDE
 66
     1
 10
0.0
 20
0.0
 30
0.0
  0
VERTEX
  5
A8
  8
T3_PROFILE_INSIDE
 10
3.503274125266643
 20
47.58318418162405
 30
0.0
  0
VERTEX
  5
A9
  8
T3_PROFILE_INSIDE
 10
0.0053496179129837
 20
47.84632621572469
 30
0.0
  0
SEQEND
  5
1600
  8
T3_PROFILE_INSIDE
  0
POLYLINE
  5
76
  8
T3_PROFILE_INSIDE
 66
     1
 10
0.0
 20
0.0
 30
0.0
  0
VERTEX
  5
AA
  8
T3_PROFILE_INSIDE
 10
0.0053496179129837
 20
47.41681581837604
 30
0.0
  0
VERTEX
  5
AB
  8
T3_PROFILE_INSIDE
 10
3.503274125266643
 20
47.1536737842754
 30
0.0
  0
SEQEND
  5
1601
  8
T3_PROFILE_INSIDE
  0
POLYLINE
  5
78
  8
T5_BEVEL_INSIDE
 66
     1
 10
0.0
 20
0.0
 30
0.0
  0
VERTEX
  5
AC
  8
T5_BEVEL_INSIDE
 10
0.0086237431796263
 20
93.33550513001666
 30
0.0
  0
VERTEX
  5
AD
  8
T5_BEVEL_INSIDE
 10
3.508623743179633
 20
93.33550513001666
 30
0.0
  0
SEQEND
  5
1602
  8
T5_BEVEL_INSIDE
  0
POLYLINE
  5
79
  8
T5_BEVEL_INSIDE
 66
     1
 10
0.0
 20
0.0
 30
0.0
  0
VERTEX
  5
AE
  8
T5_BEVEL_INSIDE
 10
3.500000000000007
 20
1.664494869983343
 30
0.0
  0
VERTEX
  5
AF
  8
T5_BEVEL_INSIDE
 10
0.0
 20
1.664494869983343
 30
0.0
  0
SEQEND
  5
1603
  8
T5_BEVEL_INSIDE
  0
POLYLINE
  5
7B
  8
T3_PROFILE_INSIDE_2
 66
     1
 10
0.0
 20
0.0
 30
0.0
 70
     1
  0
VERTEX
  5
B0
  8
T3_PROFILE_INSIDE_2
 10
0.5972566158382407
 20
33.78130179191493
 30
0.0
  0
VERTEX
  5
B1
  8
T3_PROFILE_INSIDE_2
 10
1.0382525230688
 20
33.80892798563936
 30
0.0
  0
VERTEX
  5
B2
  8
T3_PROFILE_INSIDE_2
 10
1.042297330367572
 20
33.78286855521644
 30
0.0
  0
VERTEX
  5
B3
  8
T3_PROFILE_INSIDE_2
 10
1.044667459545608
 20
33.77043836677852
 30
0.0
  0
VERTEX
  5
B4
  8
T3_PROFILE_INSIDE_2
 10
1.047269405742743
 20
33.75840786285627
 30
0.0
  0
VERTEX
  5
B5
  8
T3_PROFILE_INSIDE_2
 10
1.050103168958977
 20
33.74677704344974
 30
0.0
  0
VERTEX
  5
B6
  8
T3_PROFILE_INSIDE_2
 10
1.053168749194312
 20
33.73554590855888
 30
0.0
  0
VERTEX
  5
B7
  8
T3_PROFILE_INSIDE_2
 10
1.056466146448745
 20
33.7247144581837
 30
0.0
  0
VERTEX
  5
B8
  8
T3_PROFILE_INSIDE_2
 10
1.059995360722279
 20
33.71428269232422
 30
0.0
  0
VERTEX
  5
B9
  8
T3_PROFILE_INSIDE_2
 10
1.063756392014912
 20
33.70425061098043
 30
0.0
  0
VERTEX
  5
BA
  8
T3_PROFILE_INSIDE_2
 10
1.067749240326644
 20
33.69461821415233
 30
0.0
  0
VERTEX
  5
BB
  8
T3_PROFILE_INSIDE_2
 10
1.071973905657477
 20
33.68538550183992
 30
0.0
  0
VERTEX
  5
BC
  8
T3_PROFILE_INSIDE_2
 10
1.076430388007408
 20
33.67655247404318
 30
0.0
  0
VERTEX
  5
BD
  8
T3_PROFILE_INSIDE_2
 10
1.08111868737644
 20
33.66811913076215
 30
0.0
  0
VERTEX
  5
BE
  8
T3_PROFILE_INSIDE_2
 10
1.086038803764571
 20
33.66008547199679
 30
0.0
  0
VERTEX
  5
BF
  8
T3_PROFILE_INSIDE_2
 10
1.091190737171801
 20
33.65245149774714
 30
0.0
  0
VERTEX
  5
C0
  8
T3_PROFILE_INSIDE_2
 10
1.096574487598132
 20
33.64521720801316
 30
0.0
  0
VERTEX
  5
C1
  8
T3_PROFILE_INSIDE_2
 10
1.105767231458977
 20
33.6341899122253
 30
0.0
  0
VERTEX
  5
C2
  8
T3_PROFILE_INSIDE_2
 10
1.11543959673865
 20
33.62387405487537
 30
0.0
  0
VERTEX
  5
C3
  8
T3_PROFILE_INSIDE_2
 10
1.125591583437149
 20
33.61426963596337
 30
0.0
  0
VERTEX
  5
C4
  8
T3_PROFILE_INSIDE_2
 10
1.136223191554475
 20
33.60537665548929
 30
0.0
  0
VERTEX
  5
C5
  8
T3_PROFILE_INSIDE_2
 10
1.147334421090628
 20
33.59719511345314
 30
0.0
  0
VERTEX
  5
C6
  8
T3_PROFILE_INSIDE_2
 10
1.158925272045608
 20
33.58972500985492
 30
0.0
  0
VERTEX
  5
C7
  8
T3_PROFILE_INSIDE_2
 10
1.170995744419414
 20
33.58296634469461
 30
0.0
  0
VERTEX
  5
C8
  8
T3_PROFILE_INSIDE_2
 10
1.183545838212047
 20
33.57691911797224
 30
0.0
  0
VERTEX
  5
C9
  8
T3_PROFILE_INSIDE_2
 10
1.196575553423507
 20
33.57158332968779
 30
0.0
  0
VERTEX
  5
CA
  8
T3_PROFILE_INSIDE_2
 10
1.210084890053793
 20
33.56695897984127
 30
0.0
  0
VERTEX
  5
CB
  8
T3_PROFILE_INSIDE_2
 10
1.224073848102906
 20
33.56304606843268
 30
0.0
  0
VERTEX
  5
CC
  8
T3_PROFILE_INSIDE_2
 10
1.238542427570847
 20
33.55984459546201
 30
0.0
  0
VERTEX
  5
CD
  8
T3_PROFILE_INSIDE_2
 10
1.253490628457613
 20
33.55735456092927
 30
0.0
  0
VERTEX
  5
CE
  8
T3_PROFILE_INSIDE_2
 10
1.268918450763207
 20
33.55557596483445
 30
0.0
  0
VERTEX
  5
CF
  8
T3_PROFILE_INSIDE_2
 10
1.284825894487627
 20
33.55450880717756
 30
0.0
  0
VERTEX
  5
D0
  8
T3_PROFILE_INSIDE_2
 10
1.301212959630874
 20
33.5541530879586
 30
0.0
  0
VERTEX
  5
D1
  8
T3_PROFILE_INSIDE_2
 10
1.313441307388377
 20
33.55433494441323
 30
0.0
  0
VERTEX
  5
D2
  8
T3_PROFILE_INSIDE_2
 10
1.325313935926917
 20
33.55488051377716
 30
0.0
  0
VERTEX
  5
D3
  8
T3_PROFILE_INSIDE_2
 10
1.336830845246494
 20
33.55578979605035
 30
0.0
  0
VERTEX
  5
D4
  8
T3_PROFILE_INSIDE_2
 10
1.347992035347108
 20
33.55706279123282
 30
0.0
  0
VERTEX
  5
D5
  8
T3_PROFILE_INSIDE_2
 10
1.358797506228759
 20
33.55869949932456
 30
0.0
  0
VERTEX
  5
D6
  8
T3_PROFILE_INSIDE_2
 10
1.369247257891447
 20
33.56069992032559
 30
0.0
  0
VERTEX
  5
D7
  8
T3_PROFILE_INSIDE_2
 10
1.379341290335171
 20
33.56306405423588
 30
0.0
  0
VERTEX
  5
D8
  8
T3_PROFILE_INSIDE_2
 10
1.389079603559932
 20
33.56579190105546
 30
0.0
  0
VERTEX
  5
D9
  8
T3_PROFILE_INSIDE_2
 10
1.39846219756573
 20
33.56888346078432
 30
0.0
  0
VERTEX
  5
DA
  8
T3_PROFILE_INSIDE_2
 10
1.407489072352565
 20
33.57233873342246
 30
0.0
  0
VERTEX
  5
DB
  8
T3_PROFILE_INSIDE_2
 10
1.416160227920437
 20
33.57615771896985
 30
0.0
  0
VERTEX
  5
DC
  8
T3_PROFILE_INSIDE_2
 10
1.424475664269346
 20
33.58034041742654
 30
0.0
  0
VERTEX
  5
DD
  8
T3_PROFILE_INSIDE_2
 10
1.432435381399291
 20
33.5848868287925
 30
0.0
  0
VERTEX
  5
DE
  8
T3_PROFILE_INSIDE_2
 10
1.440039379310273
 20
33.58979695306774
 30
0.0
  0
VERTEX
  5
DF
  8
T3_PROFILE_INSIDE_2
 10
1.447287658002292
 20
33.59507079025225
 30
0.0
  0
VERTEX
  5
E0
  8
T3_PROFILE_INSIDE_2
 10
1.454180217475348
 20
33.60070834034605
 30
0.0
  0
VERTEX
  5
E1
  8
T3_PROFILE_INSIDE_2
 10
1.460685082968186
 20
33.60658570114925
 30
0.0
  0
VERTEX
  5
E2
  8
T3_PROFILE_INSIDE_2
 10
1.46677027971955
 20
33.612578970462
 30
0.0
  0
VERTEX
  5
E3
  8
T3_PROFILE_INSIDE_2
 10
1.472435807729441
 20
33.61868814828431
 30
0.0
  0
VERTEX
  5
E4
  8
T3_PROFILE_INSIDE_2
 10
1.477681666997859
 20
33.62491323461617
 30
0.0
  0
VERTEX
  5
E5
  8
T3_PROFILE_INSIDE_2
 10
1.482507857524803
 20
33.63125422945757
 30
0.0
  0
VERTEX
  5
E6
  8
T3_PROFILE_INSIDE_2
 10
1.486914379310273
 20
33.63771113280853
 30
0.0
  0
VERTEX
  5
E7
  8
T3_PROFILE_INSIDE_2
 10
1.490901232354271
 20
33.64428394466903
 30
0.0
  0
VERTEX
  5
E8
  8
T3_PROFILE_INSIDE_2
 10
1.494468416656794
 20
33.65097266503909
 30
0.0
  0
VERTEX
  5
E9
  8
T3_PROFILE_INSIDE_2
 10
1.497615932217845
 20
33.6577772939187
 30
0.0
  0
VERTEX
  5
EA
  8
T3_PROFILE_INSIDE_2
 10
1.500343779037422
 20
33.66469783130785
 30
0.0
  0
VERTEX
  5
EB
  8
T3_PROFILE_INSIDE_2
 10
1.502651957115526
 20
33.67173427720655
 30
0.0
  0
VERTEX
  5
EC
  8
T3_PROFILE_INSIDE_2
 10
1.504540466452156
 20
33.6788866316148
 30
0.0
  0
VERTEX
  5
ED
  8
T3_PROFILE_INSIDE_2
 10
1.506009307047313
 20
33.68615489453261
 30
0.0
  0
VERTEX
  5
EE
  8
T3_PROFILE_INSIDE_2
 10
1.507058478900996
 20
33.69353906595995
 30
0.0
  0
VERTEX
  5
EF
  8
T3_PROFILE_INSIDE_2
 10
1.507687982013207
 20
33.70103914589686
 30
0.0
  0
VERTEX
  5
F0
  8
T3_PROFILE_INSIDE_2
 10
1.507897816383943
 20
33.70865513434332
 30
0.0
  0
VERTEX
  5
F1
  8
T3_PROFILE_INSIDE_2
 10
1.507697974126099
 20
33.7158974177676
 30
0.0
  0
VERTEX
  5
F2
  8
T3_PROFILE_INSIDE_2
 10
1.507098447352565
 20
33.72304377690811
 30
0.0
  0
VERTEX
  5
F3
  8
T3_PROFILE_INSIDE_2
 10
1.506099236063343
 20
33.73009421176487
 30
0.0
  0
VERTEX
  5
F4
  8
T3_PROFILE_INSIDE_2
 10
1.504700340258431
 20
33.73704872233786
 30
0.0
  0
VERTEX
  5
F5
  8
T3_PROFILE_INSIDE_2
 10
1.502901759937831
 20
33.74390730862708
 30
0.0
  0
VERTEX
  5
F6
  8
T3_PROFILE_INSIDE_2
 10
1.500703495101542
 20
33.75066997063253
 30
0.0
  0
VERTEX
  5
F7
  8
T3_PROFILE_INSIDE_2
 10
1.498105545749564
 20
33.75733670835422
 30
0.0
  0
VERTEX
  5
F8
  8
T3_PROFILE_INSIDE_2
 10
1.495107911881897
 20
33.76390752179215
 30
0.0
  0
VERTEX
  5
F9
  8
T3_PROFILE_INSIDE_2
 10
1.49171059349854
 20
33.77038241094631
 30
0.0
  0
VERTEX
  5
FA
  8
T3_PROFILE_INSIDE_2
 10
1.487913590599496
 20
33.7767613758167
 30
0.0
  0
VERTEX
  5
FB
  8
T3_PROFILE_INSIDE_2
 10
1.483716903184761
 20
33.78304441640334
 30
0.0
  0
VERTEX
  5
FC
  8
T3_PROFILE_INSIDE_2
 10
1.479120531254339
 20
33.78923153270621
 30
0.0
  0
VERTEX
  5
FD
  8
T3_PROFILE_INSIDE_2
 10
1.474124474808227
 20
33.79532272472531
 30
0.0
  0
VERTEX
  5
FE
  8
T3_PROFILE_INSIDE_2
 10
1.468728733846426
 20
33.80131799246064
 30
0.0
  0
VERTEX
  5
FF
  8
T3_PROFILE_INSIDE_2
 10
1.462933308368936
 20
33.80721733591221
 30
0.0
  0
VERTEX
  5
100
  8
T3_PROFILE_INSIDE_2
 10
1.456738198375758
 20
33.81302075508001
 30
0.0
  0
VERTEX
  5
101
  8
T3_PROFILE_INSIDE_2
 10
1.449815662564025
 20
33.81875622788015
 30
0.0
  0
VERTEX
  5
102
  8
T3_PROFILE_INSIDE_2
 10
1.441837959630874
 20
33.82445173222871
 30
0.0
  0
VERTEX
  5
103
  8
T3_PROFILE_INSIDE_2
 10
1.432805089576304
 20
33.83010726812572
 30
0.0
  0
VERTEX
  5
104
  8
T3_PROFILE_INSIDE_2
 10
1.422717052400315
 20
33.83572283557115
 30
0.0
  0
VERTEX
  5
105
  8
T3_PROFILE_INSIDE_2
 10
1.411573848102907
 20
33.84129843456501
 30
0.0
  0
VERTEX
  5
106
  8
T3_PROFILE_INSIDE_2
 10
1.39937547668408
 20
33.8468340651073
 30
0.0
  0
VERTEX
  5
107
  8
T3_PROFILE_INSIDE_2
 10
1.386121938143834
 20
33.85232972719803
 30
0.0
  0
VERTEX
  5
108
  8
T3_PROFILE_INSIDE_2
 10
1.37181323248217
 20
33.85778542083717
 30
0.0
  0
VERTEX
  5
109
  8
T3_PROFILE_INSIDE_2
 10
1.356449359699087
 20
33.86320114602476
 30
0.0
  0
VERTEX
  5
10A
  8
T3_PROFILE_INSIDE_2
 10
1.340030319794585
 20
33.86857690276077
 30
0.0
  0
VERTEX
  5
10B
  8
T3_PROFILE_INSIDE_2
 10
1.322556112768664
 20
33.87391269104522
 30
0.0
  0
VERTEX
  5
10C
  8
T3_PROFILE_INSIDE_2
 10
1.304026738621324
 20
33.8792085108781
 30
0.0
  0
VERTEX
  5
10D
  8
T3_PROFILE_INSIDE_2
 10
1.284442197352565
 20
33.88446436225941
 30
0.0
  0
VERTEX
  5
10E
  8
T3_PROFILE_INSIDE_2
 10
1.263802488962388
 20
33.88968024518915
 30
0.0
  0
VERTEX
  5
10F
  8
T3_PROFILE_INSIDE_2
 10
1.219357570817777
 20
33.89999210569393
 30
0.0
  0
VERTEX
  5
110
  8
T3_PROFILE_INSIDE_2
 10
1.181927115923507
 20
33.9087372028972
 30
0.0
  0
VERTEX
  5
111
  8
T3_PROFILE_INSIDE_2
 10
1.145863582072893
 20
33.91783402247428
 30
0.0
  0
VERTEX
  5
112
  8
T3_PROFILE_INSIDE_2
 10
1.111166969265935
 20
33.92728256442517
 30
0.0
  0
VERTEX
  5
113
  8
T3_PROFILE_INSIDE_2
 10
1.077837277502633
 20
33.93708282874987
 30
0.0
  0
VERTEX
  5
114
  8
T3_PROFILE_INSIDE_2
 10
1.045874506782988
 20
33.94723481544837
 30
0.0
  0
VERTEX
  5
115
  8
T3_PROFILE_INSIDE_2
 10
1.015278657106999
 20
33.95773852452066
 30
0.0
  0
VERTEX
  5
116
  8
T3_PROFILE_INSIDE_2
 10
0.9860497284746663
 20
33.96859395596678
 30
0.0
  0
VERTEX
  5
117
  8
T3_PROFILE_INSIDE_2
 10
0.9581877208859896
 20
33.97980110978669
 30
0.0
  0
VERTEX
  5
118
  8
T3_PROFILE_INSIDE_2
 10
0.9316926343409692
 20
33.99135998598042
 30
0.0
  0
VERTEX
  5
119
  8
T3_PROFILE_INSIDE_2
 10
0.9065644688396048
 20
34.00327058454795
 30
0.0
  0
VERTEX
  5
11A
  8
T3_PROFILE_INSIDE_2
 10
0.8828032243818968
 20
34.01553290548929
 30
0.0
  0
VERTEX
  5
11B
  8
T3_PROFILE_INSIDE_2
 10
0.8604089009678451
 20
34.02814694880443
 30
0.0
  0
VERTEX
  5
11C
  8
T3_PROFILE_INSIDE_2
 10
0.8393814985974495
 20
34.04111271449338
 30
0.0
  0
VERTEX
  5
11D
  8
T3_PROFILE_INSIDE_2
 10
0.81972101727071
 20
34.05443020255614
 30
0.0
  0
VERTEX
  5
11E
  8
T3_PROFILE_INSIDE_2
 10
0.8014274569876269
 20
34.0680994129927
 30
0.0
  0
VERTEX
  5
11F
  8
T3_PROFILE_INSIDE_2
 10
0.7845008177481998
 20
34.08212034580307
 30
0.0
  0
VERTEX
  5
120
  8
T3_PROFILE_INSIDE_2
 10
0.7686413361656623
 20
34.09656094735492
 30
0.0
  0
VERTEX
  5
121
  8
T3_PROFILE_INSIDE_2
 10
0.7538050469432884
 20
34.11148916401589
 30
0.0
  0
VERTEX
  5
122
  8
T3_PROFILE_INSIDE_2
 10
0.7399919500810784
 20
34.12690499578602
 30
0.0
  0
VERTEX
  5
123
  8
T3_PROFILE_INSIDE_2
 10
0.727202045579032
 20
34.14280844266528
 30
0.0
  0
VERTEX
  5
124
  8
T3_PROFILE_INSIDE_2
 10
0.7154353334371493
 20
34.15919950465369
 30
0.0
  0
VERTEX
  5
125
  8
T3_PROFILE_INSIDE_2
 10
0.7046918136554303
 20
34.17607818175123
 30
0.0
  0
VERTEX
  5
126
  8
T3_PROFILE_INSIDE_2
 10
0.6949714862338751
 20
34.19344447395792
 30
0.0
  0
VERTEX
  5
127
  8
T3_PROFILE_INSIDE_2
 10
0.6862743511724835
 20
34.21129838127374
 30
0.0
  0
VERTEX
  5
128
  8
T3_PROFILE_INSIDE_2
 10
0.6786004084712557
 20
34.2296399036987
 30
0.0
  0
VERTEX
  5
129
  8
T3_PROFILE_INSIDE_2
 10
0.6719496581301915
 20
34.24846904123281
 30
0.0
  0
VERTEX
  5
12A
  8
T3_PROFILE_INSIDE_2
 10
0.666322100149291
 20
34.26778579387606
 30
0.0
  0
VERTEX
  5
12B
  8
T3_PROFILE_INSIDE_2
 10
0.6617177345285544
 20
34.28759016162844
 30
0.0
  0
VERTEX
  5
12C
  8
T3_PROFILE_INSIDE_2
 10
0.6581365612679815
 20
34.30788214448998
 30
0.0
  0
VERTEX
  5
12D
  8
T3_PROFILE_INSIDE_2
 10
0.6555785803675722
 20
34.32866174246064
 30
0.0
  0
VERTEX
  5
12E
  8
T3_PROFILE_INSIDE_2
 10
0.6540437918273266
 20
34.34992895554045
 30
0.0
  0
VERTEX
  5
12F
  8
T3_PROFILE_INSIDE_2
 10
0.6535321956472447
 20
34.3716837837294
 30
0.0
  0
VERTEX
  5
130
  8
T3_PROFILE_INSIDE_2
 10
0.6537939890050211
 20
34.38608641525225
 30
0.0
  0
VERTEX
  5
131
  8
T3_PROFILE_INSIDE_2
 10
0.6545793690783498
 20
34.40038912564617
 30
0.0
  0
VERTEX
  5
132
  8
T3_PROFILE_INSIDE_2
 10
0.655888335867231
 20
34.41459191491118
 30
0.0
  0
VERTEX
  5
133
  8
T3_PROFILE_INSIDE_2
 10
0.657720889371665
 20
34.42869478304726
 30
0.0
  0
VERTEX
  5
134
  8
T3_PROFILE_INSIDE_2
 10
0.6600770295916514
 20
34.44269773005443
 30
0.0
  0
VERTEX
  5
135
  8
T3_PROFILE_INSIDE_2
 10
0.6629567565271902
 20
34.45660075593267
 30
0.0
  0
VERTEX
  5
136
  8
T3_PROFILE_INSIDE_2
 10
0.6663600701782816
 20
34.470403860682
 30
0.0
  0
VERTEX
  5
137
  8
T3_PROFILE_INSIDE_2
 10
0.6702869705449255
 20
34.48410704430238
 30
0.0
  0
VERTEX
  5
138
  8
T3_PROFILE_INSIDE_2
 10
0.674737457627122
 20
34.49771030679386
 30
0.0
  0
VERTEX
  5
139
  8
T3_PROFILE_INSIDE_2
 10
0.679711531424871
 20
34.5112136481564
 30
0.0
  0
VERTEX
  5
13A
  8
T3_PROFILE_INSIDE_2
 10
0.6852091919381724
 20
34.52461706839003
 30
0.0
  0
VERTEX
  5
13B
  8
T3_PROFILE_INSIDE_2
 10
0.6912304391670265
 20
34.53792056749474
 30
0.0
  0
VERTEX
  5
13C
  8
T3_PROFILE_INSIDE_2
 10
0.6977752731114331
 20
34.55112414547052
 30
0.0
  0
VERTEX
  5
13D
  8
T3_PROFILE_INSIDE_2
 10
0.7048436937713922
 20
34.56422780231738
 30
0.0
  0
VERTEX
  5
13E
  8
T3_PROFILE_INSIDE_2
 10
0.7124357011469037
 20
34.57723153803533
 30
0.0
  0
VERTEX
  5
13F
  8
T3_PROFILE_INSIDE_2
 10
0.7205512952379678
 20
34.59013535262435
 30
0.0
  0
VERTEX
  5
140
  8
T3_PROFILE_INSIDE_2
 10
0.729192474467163
 20
34.60281734230717
 30
0.0
  0
VERTEX
  5
141
  8
T3_PROFILE_INSIDE_2
 10
0.7383612372570674
 20
34.61515560330649
 30
0.0
  0
VERTEX
  5
142
  8
T3_PROFILE_INSIDE_2
 10
0.7480575836076813
 20
34.62715013562232
 30
0.0
  0
VERTEX
  5
143
  8
T3_PROFILE_INSIDE_2
 10
0.7582815135190045
 20
34.63880093925464
 30
0.0
  0
VERTEX
  5
144
  8
T3_PROFILE_INSIDE_2
 10
0.7690330269910373
 20
34.65010801420348
 30
0.0
  0
VERTEX
  5
145
  8
T3_PROFILE_INSIDE_2
 10
0.7803121240237795
 20
34.66107136046884
 30
0.0
  0
VERTEX
  5
146
  8
T3_PROFILE_INSIDE_2
 10
0.792118804617231
 20
34.67169097805069
 30
0.0
  0
VERTEX
  5
147
  8
T3_PROFILE_INSIDE_2
 10
0.804453068771392
 20
34.68196686694905
 30
0.0
  0
VERTEX
  5
148
  8
T3_PROFILE_INSIDE_2
 10
0.8173149164862624
 20
34.69189902716391
 30
0.0
  0
VERTEX
  5
149
  8
T3_PROFILE_INSIDE_2
 10
0.8307043477618423
 20
34.70148745869529
 30
0.0
  0
VERTEX
  5
14A
  8
T3_PROFILE_INSIDE_2
 10
0.8446213625981316
 20
34.71073216154318
 30
0.0
  0
VERTEX
  5
14B
  8
T3_PROFILE_INSIDE_2
 10
0.8590659609951301
 20
34.71963313570757
 30
0.0
  0
VERTEX
  5
14C
  8
T3_PROFILE_INSIDE_2
 10
0.8740381429528383
 20
34.72819038118847
 30
0.0
  0
VERTEX
  5
14D
  8
T3_PROFILE_INSIDE_2
 10
0.8895379084712558
 20
34.73640389798588
 30
0.0
  0
VERTEX
  5
14E
  8
T3_PROFILE_INSIDE_2
 10
0.9055652575503825
 20
34.7442736860998
 30
0.0
  0
VERTEX
  5
14F
  8
T3_PROFILE_INSIDE_2
 10
0.9221201901902188
 20
34.75179974553021
 30
0.0
  0
VERTEX
  5
150
  8
T3_PROFILE_INSIDE_2
 10
0.9393286070132065
 20
34.75892412202236
 30
0.0
  0
VERTEX
  5
151
  8
T3_PROFILE_INSIDE_2
 10
0.9573164086417876
 20
34.76558886132148
 30
0.0
  0
VERTEX
  5
152
  8
T3_PROFILE_INSIDE_2
 10
0.9760835950759623
 20
34.77179396342756
 30
0.0
  0
VERTEX
  5
153
  8
T3_PROFILE_INSIDE_2
 10
0.9956301663157303
 20
34.77753942834059
 30
0.0
  0
VERTEX
  5
154
  8
T3_PROFILE_INSIDE_2
 10
1.015956122361092
 20
34.78282525606058
 30
0.0
  0
VERTEX
  5
155
  8
T3_PROFILE_INSIDE_2
 10
1.037061463212047
 20
34.78765144658752
 30
0.0
  0
VERTEX
  5
156
  8
T3_PROFILE_INSIDE_2
 10
1.058946188868595
 20
34.79201799992141
 30
0.0
  0
VERTEX
  5
157
  8
T3_PROFILE_INSIDE_2
 10
1.081610299330737
 20
34.79592491606228
 30
0.0
  0
VERTEX
  5
158
  8
T3_PROFILE_INSIDE_2
 10
1.105053794598472
 20
34.79937219501009
 30
0.0
  0
VERTEX
  5
159
  8
T3_PROFILE_INSIDE_2
 10
1.129276674671801
 20
34.80235983676487
 30
0.0
  0
VERTEX
  5
15A
  8
T3_PROFILE_INSIDE_2
 10
1.154278939550724
 20
34.8048878413266
 30
0.0
  0
VERTEX
  5
15B
  8
T3_PROFILE_INSIDE_2
 10
1.180060589235239
 20
34.8069562086953
 30
0.0
  0
VERTEX
  5
15C
  8
T3_PROFILE_INSIDE_2
 10
1.206621623725348
 20
34.80856493887094
 30
0.0
  0
VERTEX
  5
15D
  8
T3_PROFILE_INSIDE_2
 10
1.233962043021051
 20
34.80971403185355
 30
0.0
  0
VERTEX
  5
15E
  8
T3_PROFILE_INSIDE_2
 10
1.262081847122347
 20
34.81040348764311
 30
0.0
  0
VERTEX
  5
15F
  8
T3_PROFILE_INSIDE_2
 10
1.290981036029236
 20
34.81063330623963
 30
0.0
  0
VERTEX
  5
160
  8
T3_PROFILE_INSIDE_2
 10
1.326387088851542
 20
34.81021563592074
 30
0.0
  0
VERTEX
  5
161
  8
T3_PROFILE_INSIDE_2
 10
1.360725984016958
 20
34.80896262496405
 30
0.0
  0
VERTEX
  5
162
  8
T3_PROFILE_INSIDE_2
 10
1.393997721525485
 20
34.80687427336957
 30
0.0
  0
VERTEX
  5
163
  8
T3_PROFILE_INSIDE_2
 10
1.426202301377122
 20
34.80395058113731
 30
0.0
  0
VERTEX
  5
164
  8
T3_PROFILE_INSIDE_2
 10
1.457339723571869
 20
34.80019154826725
 30
0.0
  0
VERTEX
  5
165
  8
T3_PROFILE_INSIDE_2
 10
1.487409988109728
 20
34.79559717475941
 30
0.0
  0
VERTEX
  5
166
  8
T3_PROFILE_INSIDE_2
 10
1.516413094990696
 20
34.79016746061378
 30
0.0
  0
VERTEX
  5
167
  8
T3_PROFILE_INSIDE_2
 10
1.544349044214775
 20
34.78390240583035
 30
0.0
  0
VERTEX
  5
168
  8
T3_PROFILE_INSIDE_2
 10
1.571217835781965
 20
34.77680201040913
 30
0.0
  0
VERTEX
  5
169
  8
T3_PROFILE_INSIDE_2
 10
1.597019469692265
 20
34.76886627435013
 30
0.0
  0
VERTEX
  5
16A
  8
T3_PROFILE_INSIDE_2
 10
1.621753945945676
 20
34.76009519765334
 30
0.0
  0
VERTEX
  5
16B
  8
T3_PROFILE_INSIDE_2
 10
1.645421264542197
 20
34.75048878031875
 30
0.0
  0
VERTEX
  5
16C
  8
T3_PROFILE_INSIDE_2
 10
1.656854739719124
 20
34.74537231891229
 30
0.0
  0
VERTEX
  5
16D
  8
T3_PROFILE_INSIDE_2
 10
1.668021425481829
 20
34.74004702234638
 30
0.0
  0
VERTEX
  5
16E
  8
T3_PROFILE_INSIDE_2
 10
1.678921321830311
 20
34.73451289062102
 30
0.0
  0
VERTEX
  5
16F
  8
T3_PROFILE_INSIDE_2
 10
1.689554428764571
 20
34.72876992373622
 30
0.0
  0
VERTEX
  5
170
  8
T3_PROFILE_INSIDE_2
 10
1.699920746284608
 20
34.72281812169196
 30
0.0
  0
VERTEX
  5
171
  8
T3_PROFILE_INSIDE_2
 10
1.710020274390423
 20
34.71665748448827
 30
0.0
  0
VERTEX
  5
172
  8
T3_PROFILE_INSIDE_2
 10
1.719853013082016
 20
34.71028801212512
 30
0.0
  0
VERTEX
  5
173
  8
T3_PROFILE_INSIDE_2
 10
1.729418962359387
 20
34.70370970460252
 30
0.0
  0
VERTEX
  5
174
  8
T3_PROFILE_INSIDE_2
 10
1.738732111180584
 20
34.69690357690598
 30
0.0
  0
VERTEX
  5
175
  8
T3_PROFILE_INSIDE_2
 10
1.747806448503657
 20
34.68985064402101
 30
0.0
  0
VERTEX
  5
176
  8
T3_PROFILE_INSIDE_2
 10
1.756641974328606
 20
34.6825509059476
 30
0.0
  0
VERTEX
  5
177
  8
T3_PROFILE_INSIDE_2
 10
1.76523868865543
 20
34.67500436268574
 30
0.0
  0
VERTEX
  5
178
  8
T3_PROFILE_INSIDE_2
 10
1.773596591484131
 20
34.66721101423545
 30
0.0
  0
VERTEX
  5
179
  8
T3_PROFILE_INSIDE_2
 10
1.781715682814707
 20
34.65917086059672
 30
0.0
  0
VERTEX
  5
17A
  8
T3_PROFILE_INSIDE_2
 10
1.78959596264716
 20
34.65088390176956
 30
0.0
  0
VERTEX
  5
17B
  8
T3_PROFILE_INSIDE_2
 10
1.797237430981487
 20
34.64235013775395
 30
0.0
  0
VERTEX
  5
17C
  8
T3_PROFILE_INSIDE_2
 10
1.804640087817691
 20
34.63356956854992
 30
0.0
  0
VERTEX
  5
17D
  8
T3_PROFILE_INSIDE_2
 10
1.811803933155771
 20
34.62454219415743
 30
0.0
  0
VERTEX
  5
17E
  8
T3_PROFILE_INSIDE_2
 10
1.818728966995727
 20
34.61526801457651
 30
0.0
  0
VERTEX
  5
17F
  8
T3_PROFILE_INSIDE_2
 10
1.825415189337559
 20
34.60574702980716
 30
0.0
  0
VERTEX
  5
180
  8
T3_PROFILE_INSIDE_2
 10
1.831862600181266
 20
34.59597923984937
 30
0.0
  0
VERTEX
  5
181
  8
T3_PROFILE_INSIDE_2
 10
1.838071199526849
 20
34.58596464470314
 30
0.0
  0
VERTEX
  5
182
  8
T3_PROFILE_INSIDE_2
 10
1.844040987374308
 20
34.57570324436847
 30
0.0
  0
VERTEX
  5
183
  8
T3_PROFILE_INSIDE_2
 10
1.849771963723643
 20
34.56519503884536
 30
0.0
  0
VERTEX
  5
184
  8
T3_PROFILE_INSIDE_2
 10
1.855264128574854
 20
34.55444002813381
 30
0.0
  0
VERTEX
  5
185
  8
T3_PROFILE_INSIDE_2
 10
1.860517481927941
 20
34.54343821223383
 30
0.0
  0
VERTEX
  5
186
  8
T3_PROFILE_INSIDE_2
 10
1.865532023782903
 20
34.53218959114541
 30
0.0
  0
VERTEX
  5
187
  8
T3_PROFILE_INSIDE_2
 10
1.870307754139741
 20
34.52069416486855
 30
0.0
  0
VERTEX
  5
188
  8
T3_PROFILE_INSIDE_2
 10
1.874844672998456
 20
34.50895193340325
 30
0.0
  0
VERTEX
  5
189
  8
T3_PROFILE_INSIDE_2
 10
1.879142780359046
 20
34.49696289674952
 30
0.0
  0
VERTEX
  5
18A
  8
T3_PROFILE_INSIDE_2
 10
1.883202076221512
 20
34.48472705490735
 30
0.0
  0
VERTEX
  5
18B
  8
T3_PROFILE_INSIDE_2
 10
1.887022560585853
 20
34.47224440787673
 30
0.0
  0
VERTEX
  5
18C
  8
T3_PROFILE_INSIDE_2
 10
1.893947094820164
 20
34.44653869825019
 30
0.0
  0
VERTEX
  5
18D
  8
T3_PROFILE_INSIDE_2
 10
1.899916383061979
 20
34.41984576786992
 30
0.0
  0
VERTEX
  5
18E
  8
T3_PROFILE_INSIDE_2
 10
1.904930425311297
 20
34.39216561673587
 30
0.0
  0
VERTEX
  5
18F
  8
T3_PROFILE_INSIDE_2
 10
1.908989221568118
 20
34.36349824484809
 30
0.0
  0
VERTEX
  5
190
  8
T3_PROFILE_INSIDE_2
 10
1.472086083778213
 20
34.337918435844
 30
0.0
  0
VERTEX
  5
191
  8
T3_PROFILE_INSIDE_2
 10
1.469761918319482
 20
34.35036461166255
 30
0.0
  0
VERTEX
  5
192
  8
T3_PROFILE_INSIDE_2
 10
1.467137989473984
 20
34.36237912820415
 30
0.0
  0
VERTEX
  5
193
  8
T3_PROFILE_INSIDE_2
 10
1.464214297241719
 20
34.37396198546882
 30
0.0
  0
VERTEX
  5
194
  8
T3_PROFILE_INSIDE_2
 10
1.460990841622688
 20
34.38511318345655
 30
0.0
  0
VERTEX
  5
195
  8
T3_PROFILE_INSIDE_2
 10
1.45746762261689
 20
34.39583272216733
 30
0.0
  0
VERTEX
  5
196
  8
T3_PROFILE_INSIDE_2
 10
1.453644640224325
 20
34.40612060160116
 30
0.0
  0
VERTEX
  5
197
  8
T3_PROFILE_INSIDE_2
 10
1.449521894444994
 20
34.41597682175805
 30
0.0
  0
VERTEX
  5
198
  8
T3_PROFILE_INSIDE_2
 10
1.445099385278895
 20
34.42540138263799
 30
0.0
  0
VERTEX
  5
199
  8
T3_PROFILE_INSIDE_2
 10
1.440377112726031
 20
34.43439428424099
 30
0.0
  0
VERTEX
  5
19A
  8
T3_PROFILE_INSIDE_2
 10
1.435355076786399
 20
34.44295552656705
 30
0.0
  0
VERTEX
  5
19B
  8
T3_PROFILE_INSIDE_2
 10
1.430033277460001
 20
34.45108510961616
 30
0.0
  0
VERTEX
  5
19C
  8
T3_PROFILE_INSIDE_2
 10
1.424411714746835
 20
34.45878303338833
 30
0.0
  0
VERTEX
  5
19D
  8
T3_PROFILE_INSIDE_2
 10
1.418490388646904
 20
34.46604929788356
 30
0.0
  0
VERTEX
  5
19E
  8
T3_PROFILE_INSIDE_2
 10
1.412269299160205
 20
34.47288390310184
 30
0.0
  0
VERTEX
  5
19F
  8
T3_PROFILE_INSIDE_2
 10
1.40574844628674
 20
34.47928684904318
 30
0.0
  0
VERTEX
  5
1A0
  8
T3_PROFILE_INSIDE_2
 10
1.398927830026508
 20
34.48525813570757
 30
0.0
  0
VERTEX
  5
1A1
  8
T3_PROFILE_INSIDE_2
 10
1.391791462998882
 20
34.49083373470143
 30
0.0
  0
VERTEX
  5
1A2
  8
T3_PROFILE_INSIDE_2
 10
1.384323357823234
 20
34.49604961763117
 30
0.0
  0
VERTEX
  5
1A3
  8
T3_PROFILE_INSIDE_2
 10
1.376523514499564
 20
34.50090578449679
 30
0.0
  0
VERTEX
  5
1A4
  8
T3_PROFILE_INSIDE_2
 10
1.368391933027872
 20
34.50540223529829
 30
0.0
  0
VERTEX
  5
1A5
  8
T3_PROFILE_INSIDE_2
 10
1.359928613408159
 20
34.50953897003567
 30
0.0
  0
VERTEX
  5
1A6
  8
T3_PROFILE_INSIDE_2
 10
1.351133555640424
 20
34.51331598870892
 30
0.0
  0
VERTEX
  5
1A7
  8
T3_PROFILE_INSIDE_2
 10
1.342006759724667
 20
34.51673329131807
 30
0.0
  0
VERTEX
  5
1A8
  8
T3_PROFILE_INSIDE_2
 10
1.332548225660887
 20
34.51979087786309
 30
0.0
  0
VERTEX
  5
1A9
  8
T3_PROFILE_INSIDE_2
 10
1.322757953449087
 20
34.522488748344
 30
0.0
  0
VERTEX
  5
1AA
  8
T3_PROFILE_INSIDE_2
 10
1.312635943089264
 20
34.52482690276077
 30
0.0
  0
VERTEX
  5
1AB
  8
T3_PROFILE_INSIDE_2
 10
1.30218219458142
 20
34.52680534111343
 30
0.0
  0
VERTEX
  5
1AC
  8
T3_PROFILE_INSIDE_2
 10
1.291396707925553
 20
34.52842406340197
 30
0.0
  0
VERTEX
  5
1AD
  8
T3_PROFILE_INSIDE_2
 10
1.280279483121665
 20
34.52968306962639
 30
0.0
  0
VERTEX
  5
1AE
  8
T3_PROFILE_INSIDE_2
 10
1.268830520169755
 20
34.53058235978669
 30
0.0
  0
VERTEX
  5
1AF
  8
T3_PROFILE_INSIDE_2
 10
1.257049819069823
 20
34.53112193388287
 30
0.0
  0
VERTEX
  5
1B0
  8
T3_PROFILE_INSIDE_2
 10
1.24493737982187
 20
34.53130179191493
 30
0.0
  0
VERTEX
  5
1B1
  8
T3_PROFILE_INSIDE_2
 10
1.225352838553111
 20
34.53076621466391
 30
0.0
  0
VERTEX
  5
1B2
  8
T3_PROFILE_INSIDE_2
 10
1.207015312973302
 20
34.52915948291084
 30
0.0
  0
VERTEX
  5
1B3
  8
T3_PROFILE_INSIDE_2
 10
1.198314181066753
 20
34.52795443409603
 30
0.0
  0
VERTEX
  5
1B4
  8
T3_PROFILE_INSIDE_2
 10
1.189924803082443
 20
34.52648159665573
 30
0.0
  0
VERTEX
  5
1B5
  8
T3_PROFILE_INSIDE_2
 10
1.181847179020369
 20
34.5247409705899
 30
0.0
  0
VERTEX
  5
1B6
  8
T3_PROFILE_INSIDE_2
 10
1.174081308880533
 20
34.52273255589856
 30
0.0
  0
VERTEX
  5
1B7
  8
T3_PROFILE_INSIDE_2
 10
1.166627192662934
 20
34.52045635258172
 30
0.0
  0
VERTEX
  5
1B8
  8
T3_PROFILE_INSIDE_2
 10
1.159484830367572
 20
34.51791236063936
 30
0.0
  0
VERTEX
  5
1B9
  8
T3_PROFILE_INSIDE_2
 10
1.152654221994448
 20
34.51510058007148
 30
0.0
  0
VERTEX
  5
1BA
  8
T3_PROFILE_INSIDE_2
 10
1.146135367543561
 20
34.5120210108781
 30
0.0
  0
VERTEX
  5
1BB
  8
T3_PROFILE_INSIDE_2
 10
1.139928267014912
 20
34.5086736530592
 30
0.0
  0
VERTEX
  5
1BC
  8
T3_PROFILE_INSIDE_2
 10
1.1340329204085
 20
34.5050585066148
 30
0.0
  0
VERTEX
  5
1BD
  8
T3_PROFILE_INSIDE_2
 10
1.128449327724325
 20
34.50117557154488
 30
0.0
  0
VERTEX
  5
1BE
  8
T3_PROFILE_INSIDE_2
 10
1.123177488962388
 20
34.49702484784945
 30
0.0
  0
VERTEX
  5
1BF
  8
T3_PROFILE_INSIDE_2
 10
1.118221400967845
 20
34.49268227558649
 30
0.0
  0
VERTEX
  5
1C0
  8
T3_PROFILE_INSIDE_2
 10
1.113585060585853
 20
34.48822379481398
 30
0.0
  0
VERTEX
  5
1C1
  8
T3_PROFILE_INSIDE_2
 10
1.109268467816413
 20
34.48364940553192
 30
0.0
  0
VERTEX
  5
1C2
  8
T3_PROFILE_INSIDE_2
 10
1.105271622659523
 20
34.47895910774031
 30
0.0
  0
VERTEX
  5
1C3
  8
T3_PROFILE_INSIDE_2
 10
1.101594525115185
 20
34.47415290143915
 30
0.0
  0
VERTEX
  5
1C4
  8
T3_PROFILE_INSIDE_2
 10
1.098237175183398
 20
34.46923078662844
 30
0.0
  0
VERTEX
  5
1C5
  8
T3_PROFILE_INSIDE_2
 10
1.095199572864162
 20
34.46419276330818
 30
0.0
  0
VERTEX
  5
1C6
  8
T3_PROFILE_INSIDE_2
 10
1.092481718157477
 20
34.45903883147837
 30
0.0
  0
VERTEX
  5
1C7
  8
T3_PROFILE_INSIDE_2
 10
1.090083611063343
 20
34.45376899113902
 30
0.0
  0
VERTEX
  5
1C8
  8
T3_PROFILE_INSIDE_2
 10
1.088005251581761
 20
34.44838324229011
 30
0.0
  0
VERTEX
  5
1C9
  8
T3_PROFILE_INSIDE_2
 10
1.086246639712729
 20
34.44288158493165
 30
0.0
  0
VERTEX
  5
1CA
  8
T3_PROFILE_INSIDE_2
 10
1.084807775456249
 20
34.43726401906364
 30
0.0
  0
VERTEX
  5
1CB
  8
T3_PROFILE_INSIDE_2
 10
1.08368865881232
 20
34.43153054468608
 30
0.0
  0
VERTEX
  5
1CC
  8
T3_PROFILE_INSIDE_2
 10
1.082889289780942
 20
34.42568116179898
 30
0.0
  0
VERTEX
  5
1CD
  8
T3_PROFILE_INSIDE_2
 10
1.082409668362115
 20
34.41971587040231
 30
0.0
  0
VERTEX
  5
1CE
  8
T3_PROFILE_INSIDE_2
 10
1.08224979455584
 20
34.41363467049611
 30
0.0
  0
VERTEX
  5
1CF
  8
T3_PROFILE_INSIDE_2
 10
1.082777378116549
 20
34.40479364900908
 30
0.0
  0
VERTEX
  5
1D0
  8
T3_PROFILE_INSIDE_2
 10
1.084360128798677
 20
34.39617645085082
 30
0.0
  0
VERTEX
  5
1D1
  8
T3_PROFILE_INSIDE_2
 10
1.086998046602224
 20
34.38778307602135
 30
0.0
  0
VERTEX
  5
1D2
  8
T3_PROFILE_INSIDE_2
 10
1.09069113152719
 20
34.37961352452066
 30
0.0
  0
VERTEX
  5
1D3
  8
T3_PROFILE_INSIDE_2
 10
1.095439383573575
 20
34.37166779634877
 30
0.0
  0
VERTEX
  5
1D4
  8
T3_PROFILE_INSIDE_2
 10
1.101242802741379
 20
34.36394589150567
 30
0.0
  0
VERTEX
  5
1D5
  8
T3_PROFILE_INSIDE_2
 10
1.108101389030601
 20
34.35644780999134
 30
0.0
  0
VERTEX
  5
1D6
  8
T3_PROFILE_INSIDE_2
 10
1.116015142441242
 20
34.3491735518058
 30
0.0
  0
VERTEX
  5
1D7
  8
T3_PROFILE_INSIDE_2
 10
1.120459634255703
 20
34.34548046688083
 30
0.0
  0
VERTEX
  5
1D8
  8
T3_PROFILE_INSIDE_2
 10
1.125607570817777
 20
34.34181935671712
 30
0.0
  0
VERTEX
  5
1D9
  8
T3_PROFILE_INSIDE_2
 10
1.131458952127463
 20
34.33819022131467
 30
0.0
  0
VERTEX
  5
1DA
  8
T3_PROFILE_INSIDE_2
 10
1.138013778184762
 20
34.33459306067347
 30
0.0
  0
VERTEX
  5
1DB
  8
T3_PROFILE_INSIDE_2
 10
1.145272048989673
 20
34.33102787479353
 30
0.0
  0
VERTEX
  5
1DC
  8
T3_PROFILE_INSIDE_2
 10
1.153233764542197
 20
34.32749466367483
 30
0.0
  0
VERTEX
  5
1DD
  8
T3_PROFILE_INSIDE_2
 10
1.171267529890082
 20
34.32052416572121
 30
0.0
  0
VERTEX
  5
1DE
  8
T3_PROFILE_INSIDE_2
 10
1.192115074228418
 20
34.31368156681261
 30
0.0
  0
VERTEX
  5
1DF
  8
T3_PROFILE_INSIDE_2
 10
1.215776397557204
 20
34.30696686694904
 30
0.0
  0
VERTEX
  5
1E0
  8
T3_PROFILE_INSIDE_2
 10
1.24225149987644
 20
34.30038006613049
 30
0.0
  0
VERTEX
  5
1E1
  8
T3_PROFILE_INSIDE_2
 10
1.271540381186126
 20
34.29392116435696
 30
0.0
  0
VERTEX
  5
1E2
  8
T3_PROFILE_INSIDE_2
 10
1.308852929148268
 20
34.28572963020791
 30
0.0
  0
VERTEX
  5
1E3
  8
T3_PROFILE_INSIDE_2
 10
1.344818540292538
 20
34.27752610552339
 30
0.0
  0
VERTEX
  5
1E4
  8
T3_PROFILE_INSIDE_2
 10
1.379437214618936
 20
34.26931059030341
 30
0.0
  0
VERTEX
  5
1E5
  8
T3_PROFILE_INSIDE_2
 10
1.412708952127463
 20
34.26108308454796
 30
0.0
  0
VERTEX
  5
1E6
  8
T3_PROFILE_INSIDE_2
 10
1.444633752818118
 20
34.25284358825704
 30
0.0
  0
VERTEX
  5
1E7
  8
T3_PROFILE_INSIDE_2
 10
1.475211616690901
 20
34.24459210143063
 30
0.0
  0
VERTEX
  5
1E8
  8
T3_PROFILE_INSIDE_2
 10
1.504442543745812
 20
34.23632862406876
 30
0.0
  0
VERTEX
  5
1E9
  8
T3_PROFILE_INSIDE_2
 10
1.532326533982852
 20
34.22805315617142
 30
0.0
  0
VERTEX
  5
1EA
  8
T3_PROFILE_INSIDE_2
 10
1.55886358740202
 20
34.21976569773861
 30
0.0
  0
VERTEX
  5
1EB
  8
T3_PROFILE_INSIDE_2
 10
1.584053704003316
 20
34.21146624877032
 30
0.0
  0
VERTEX
  5
1EC
  8
T3_PROFILE_INSIDE_2
 10
1.60789688378674
 20
34.20315480926658
 30
0.0
  0
VERTEX
  5
1ED
  8
T3_PROFILE_INSIDE_2
 10
1.630393126752293
 20
34.19483137922735
 30
0.0
  0
VERTEX
  5
1EE
  8
T3_PROFILE_INSIDE_2
 10
1.651542432899973
 20
34.18649595865266
 30
0.0
  0
VERTEX
  5
1EF
  8
T3_PROFILE_INSIDE_2
 10
1.671344802229783
 20
34.17814854754249
 30
0.0
  0
VERTEX
  5
1F0
  8
T3_PROFILE_INSIDE_2
 10
1.68980023474172
 20
34.16978914589686
 30
0.0
  0
VERTEX
  5
1F1
  8
T3_PROFILE_INSIDE_2
 10
1.706908730435785
 20
34.16141775371575
 30
0.0
  0
VERTEX
  5
1F2
  8
T3_PROFILE_INSIDE_2
 10
1.723063978559932
 20
34.15291446564447
 30
0.0
  0
VERTEX
  5
1F3
  8
T3_PROFILE_INSIDE_2
 10
1.738659668362115
 20
34.1441593763283
 30
0.0
  0
VERTEX
  5
1F4
  8
T3_PROFILE_INSIDE_2
 10
1.753695799842333
 20
34.13515248576725
 30
0.0
  0
VERTEX
  5
1F5
  8
T3_PROFILE_INSIDE_2
 10
1.768172373000587
 20
34.12589379396132
 30
0.0
  0
VERTEX
  5
1F6
  8
T3_PROFILE_INSIDE_2
 10
1.782089387836876
 20
34.1163833009105
 30
0.0
  0
VERTEX
  5
1F7
  8
T3_PROFILE_INSIDE_2
 10
1.795446844351201
 20
34.1066210066148
 30
0.0
  0
VERTEX
  5
1F8
  8
T3_PROFILE_INSIDE_2
 10
1.808244742543561
 20
34.09660691107421
 30
0.0
  0
VERTEX
  5
1F9
  8
T3_PROFILE_INSIDE_2
 10
1.820483082413957
 20
34.08634101428874
 30
0.0
  0
VERTEX
  5
1FA
  8
T3_PROFILE_INSIDE_2
 10
1.832161863962388
 20
34.07582331625838
 30
0.0
  0
VERTEX
  5
1FB
  8
T3_PROFILE_INSIDE_2
 10
1.843281087188855
 20
34.06505381698315
 30
0.0
  0
VERTEX
  5
1FC
  8
T3_PROFILE_INSIDE_2
 10
1.853840752093357
 20
34.05403251646302
 30
0.0
  0
VERTEX
  5
1FD
  8
T3_PROFILE_INSIDE_2
 10
1.863840858675894
 20
34.04275941469802
 30
0.0
  0
VERTEX
  5
1FE
  8
T3_PROFILE_INSIDE_2
 10
1.873281406936467
 20
34.03123451168813
 30
0.0
  0
VERTEX
  5
1FF
  8
T3_PROFILE_INSIDE_2
 10
1.882162396875076
 20
34.01945780743335
 30
0.0
  0
VERTEX
  5
200
  8
T3_PROFILE_INSIDE_2
 10
1.89048382849172
 20
34.00742930193369
 30
0.0
  0
VERTEX
  5
201
  8
T3_PROFILE_INSIDE_2
 10
1.898245701786399
 20
33.99514899518915
 30
0.0
  0
VERTEX
  5
202
  8
T3_PROFILE_INSIDE_2
 10
1.905493980478418
 20
33.98265086038356
 30
0.0
  0
VERTEX
  5
203
  8
T3_PROFILE_INSIDE_2
 10
1.912274628287081
 20
33.96996887070075
 30
0.0
  0
VERTEX
  5
204
  8
T3_PROFILE_INSIDE_2
 10
1.918587645212388
 20
33.95710302614073
 30
0.0
  0
VERTEX
  5
205
  8
T3_PROFILE_INSIDE_2
 10
1.924433031254339
 20
33.94405332670348
 30
0.0
  0
VERTEX
  5
206
  8
T3_PROFILE_INSIDE_2
 10
1.929810786412934
 20
33.93081977238902
 30
0.0
  0
VERTEX
  5
207
  8
T3_PROFILE_INSIDE_2
 10
1.934720910688172
 20
33.91740236319734
 30
0.0
  0
VERTEX
  5
208
  8
T3_PROFILE_INSIDE_2
 10
1.939163404080055
 20
33.90380109912844
 30
0.0
  0
VERTEX
  5
209
  8
T3_PROFILE_INSIDE_2
 10
1.943138266588582
 20
33.89001598018233
 30
0.0
  0
VERTEX
  5
20A
  8
T3_PROFILE_INSIDE_2
 10
1.946645498213752
 20
33.876047006359
 30
0.0
  0
VERTEX
  5
20B
  8
T3_PROFILE_INSIDE_2
 10
1.949685098955567
 20
33.86189417765846
 30
0.0
  0
VERTEX
  5
20C
  8
T3_PROFILE_INSIDE_2
 10
1.952257068814025
 20
33.8475574940807
 30
0.0
  0
VERTEX
  5
20D
  8
T3_PROFILE_INSIDE_2
 10
1.954361407789127
 20
33.83303695562572
 30
0.0
  0
VERTEX
  5
20E
  8
T3_PROFILE_INSIDE_2
 10
1.955998115880874
 20
33.81833256229352
 30
0.0
  0
VERTEX
  5
20F
  8
T3_PROFILE_INSIDE_2
 10
1.957167193089264
 20
33.8034443140841
 30
0.0
  0
VERTEX
  5
210
  8
T3_PROFILE_INSIDE_2
 10
1.957868639414298
 20
33.78837221099747
 30
0.0
  0
VERTEX
  5
211
  8
T3_PROFILE_INSIDE_2
 10
1.958102454855976
 20
33.77311625303363
 30
0.0
  0
VERTEX
  5
212
  8
T3_PROFILE_INSIDE_2
 10
1.957790700933739
 20
33.75517041827919
 30
0.0
  0
VERTEX
  5
213
  8
T3_PROFILE_INSIDE_2
 10
1.956855439167027
 20
33.73740044471166
 30
0.0
  0
VERTEX
  5
214
  8
T3_PROFILE_INSIDE_2
 10
1.95529666955584
 20
33.71980633233103
 30
0.0
  0
VERTEX
  5
215
  8
T3_PROFILE_INSIDE_2
 10
1.953114392100178
 20
33.70238808113731
 30
0.0
  0
VERTEX
  5
216
  8
T3_PROFILE_INSIDE_2
 10
1.950308606800041
 20
33.68514569113049
 30
0.0
  0
VERTEX
  5
217
  8
T3_PROFILE_INSIDE_2
 10
1.94687931365543
 20
33.66807916231058
 30
0.0
  0
VERTEX
  5
218
  8
T3_PROFILE_INSIDE_2
 10
1.942826512666344
 20
33.65118849467756
 30
0.0
  0
VERTEX
  5
219
  8
T3_PROFILE_INSIDE_2
 10
1.938150203832784
 20
33.63447368823145
 30
0.0
  0
VERTEX
  5
21A
  8
T3_PROFILE_INSIDE_2
 10
1.932850387154748
 20
33.61793474297224
 30
0.0
  0
VERTEX
  5
21B
  8
T3_PROFILE_INSIDE_2
 10
1.926927062632238
 20
33.60157165889993
 30
0.0
  0
VERTEX
  5
21C
  8
T3_PROFILE_INSIDE_2
 10
1.920380230265253
 20
33.58538443601454
 30
0.0
  0
VERTEX
  5
21D
  8
T3_PROFILE_INSIDE_2
 10
1.913209890053793
 20
33.56937307431603
 30
0.0
  0
VERTEX
  5
21E
  8
T3_PROFILE_INSIDE_2
 10
1.905416041997858
 20
33.55353757380443
 30
0.0
  0
VERTEX
  5
21F
  8
T3_PROFILE_INSIDE_2
 10
1.896998686097449
 20
33.53787793447974
 30
0.0
  0
VERTEX
  5
220
  8
T3_PROFILE_INSIDE_2
 10
1.887957822352565
 20
33.52239415634195
 30
0.0
  0
VERTEX
  5
221
  8
T3_PROFILE_INSIDE_2
 10
1.878293450763207
 20
33.50708623939106
 30
0.0
  0
VERTEX
  5
222
  8
T3_PROFILE_INSIDE_2
 10
1.868069520851884
 20
33.49209607163016
 30
0.0
  0
VERTEX
  5
223
  8
T3_PROFILE_INSIDE_2
 10
1.857349982141106
 20
33.47756554106228
 30
0.0
  0
VERTEX
  5
224
  8
T3_PROFILE_INSIDE_2
 10
1.846134834630874
 20
33.46349464768745
 30
0.0
  0
VERTEX
  5
225
  8
T3_PROFILE_INSIDE_2
 10
1.834424078321188
 20
33.44988339150567
 30
0.0
  0
VERTEX
  5
226
  8
T3_PROFILE_INSIDE_2
 10
1.822217713212047
 20
33.43673177251692
 30
0.0
  0
VERTEX
  5
227
  8
T3_PROFILE_INSIDE_2
 10
1.809515739303452
 20
33.42403979072122
 30
0.0
  0
VERTEX
  5
228
  8
T3_PROFILE_INSIDE_2
 10
1.796318156595403
 20
33.41180744611856
 30
0.0
  0
VERTEX
  5
229
  8
T3_PROFILE_INSIDE_2
 10
1.7826249650879
 20
33.40003473870894
 30
0.0
  0
VERTEX
  5
22A
  8
T3_PROFILE_INSIDE_2
 10
1.768436164780942
 20
33.38872166849237
 30
0.0
  0
VERTEX
  5
22B
  8
T3_PROFILE_INSIDE_2
 10
1.75375175567453
 20
33.37786823546883
 30
0.0
  0
VERTEX
  5
22C
  8
T3_PROFILE_INSIDE_2
 10
1.738571737768664
 20
33.36747443963834
 30
0.0
  0
VERTEX
  5
22D
  8
T3_PROFILE_INSIDE_2
 10
1.722896111063343
 20
33.35754028100089
 30
0.0
  0
VERTEX
  5
22E
  8
T3_PROFILE_INSIDE_2
 10
1.706724875558568
 20
33.34806575955649
 30
0.0
  0
VERTEX
  5
22F
  8
T3_PROFILE_INSIDE_2
 10
1.690058031254339
 20
33.33905087530512
 30
0.0
  0
VERTEX
  5
230
  8
T3_PROFILE_INSIDE_2
 10
1.672895578150656
 20
33.33049562824679
 30
0.0
  0
VERTEX
  5
231
  8
T3_PROFILE_INSIDE_2
 10
1.655237516247518
 20
33.32240001838151
 30
0.0
  0
VERTEX
  5
232
  8
T3_PROFILE_INSIDE_2
 10
1.6370398802482
 20
33.3147800330899
 30
0.0
  0
VERTEX
  5
233
  8
T3_PROFILE_INSIDE_2
 10
1.618258704855976
 20
33.30765165975259
 30
0.0
  0
VERTEX
  5
234
  8
T3_PROFILE_INSIDE_2
 10
1.598893990070846
 20
33.30101489836957
 30
0.0
  0
VERTEX
  5
235
  8
T3_PROFILE_INSIDE_2
 10
1.578945735892811
 20
33.29486974894085
 30
0.0
  0
VERTEX
  5
236
  8
T3_PROFILE_INSIDE_2
 10
1.558413942321869
 20
33.28921621146644
 30
0.0
  0
VERTEX
  5
237
  8
T3_PROFILE_INSIDE_2
 10
1.537298609358022
 20
33.28405428594632
 30
0.0
  0
VERTEX
  5
238
  8
T3_PROFILE_INSIDE_2
 10
1.515599737001269
 20
33.27938397238049
 30
0.0
  0
VERTEX
  5
239
  8
T3_PROFILE_INSIDE_2
 10
1.49331732525161
 20
33.27520527076896
 30
0.0
  0
VERTEX
  5
23A
  8
T3_PROFILE_INSIDE_2
 10
1.470451374109046
 20
33.27151818111174
 30
0.0
  0
VERTEX
  5
23B
  8
T3_PROFILE_INSIDE_2
 10
1.447001883573575
 20
33.26832270340881
 30
0.0
  0
VERTEX
  5
23C
  8
T3_PROFILE_INSIDE_2
 10
1.422968853645199
 20
33.26561883766017
 30
0.0
  0
VERTEX
  5
23D
  8
T3_PROFILE_INSIDE_2
 10
1.398352284323916
 20
33.26340658386583
 30
0.0
  0
VERTEX
  5
23E
  8
T3_PROFILE_INSIDE_2
 10
1.373152175609728
 20
33.26168594202579
 30
0.0
  0
VERTEX
  5
23F
  8
T3_PROFILE_INSIDE_2
 10
1.347368527502634
 20
33.26045691214004
 30
0.0
  0
VERTEX
  5
240
  8
T3_PROFILE_INSIDE_2
 10
1.321001340002634
 20
33.2597194942086
 30
0.0
  0
VERTEX
  5
241
  8
T3_PROFILE_INSIDE_2
 10
1.294050613109728
 20
33.25947368823145
 30
0.0
  0
VERTEX
  5
242
  8
T3_PROFILE_INSIDE_2
 10
1.247135644658159
 20
33.26004923393404
 30
0.0
  0
VERTEX
  5
243
  8
T3_PROFILE_INSIDE_2
 10
1.224367616221938
 20
33.26076866606228
 30
0.0
  0
VERTEX
  5
244
  8
T3_PROFILE_INSIDE_2
 10
1.202059224978759
 20
33.26177587104181
 30
0.0
  0
VERTEX
  5
245
  8
T3_PROFILE_INSIDE_2
 10
1.180210470928623
 20
33.26307084887264
 30
0.0
  0
VERTEX
  5
246
  8
T3_PROFILE_INSIDE_2
 10
1.158821354071529
 20
33.26465359955477
 30
0.0
  0
VERTEX
  5
247
  8
T3_PROFILE_INSIDE_2
 10
1.137891874407477
 20
33.2665241230882
 30
0.0
  0
VERTEX
  5
248
  8
T3_PROFILE_INSIDE_2
 10
1.117422031936467
 20
33.26868241947292
 30
0.0
  0
VERTEX
  5
249
  8
T3_PROFILE_INSIDE_2
 10
1.0974118266585
 20
33.27112848870893
 30
0.0
  0
VERTEX
  5
24A
  8
T3_PROFILE_INSIDE_2
 10
1.077861258573575
 20
33.27386233079625
 30
0.0
  0
VERTEX
  5
24B
  8
T3_PROFILE_INSIDE_2
 10
1.058770327681692
 20
33.27688394573485
 30
0.0
  0
VERTEX
  5
24C
  8
T3_PROFILE_INSIDE_2
 10
1.040139033982852
 20
33.28019333352476
 30
0.0
  0
VERTEX
  5
24D
  8
T3_PROFILE_INSIDE_2
 10
1.021967377477054
 20
33.28379049416596
 30
0.0
  0
VERTEX
  5
24E
  8
T3_PROFILE_INSIDE_2
 10
1.004255358164298
 20
33.28767542765846
 30
0.0
  0
VERTEX
  5
24F
  8
T3_PROFILE_INSIDE_2
 10
0.9870029760445845
 20
33.29184813400225
 30
0.0
  0
VERTEX
  5
250
  8
T3_PROFILE_INSIDE_2
 10
0.9702102311179133
 20
33.29630861319734
 30
0.0
  0
VERTEX
  5
251
  8
T3_PROFILE_INSIDE_2
 10
0.9538771233842844
 20
33.30105686524372
 30
0.0
  0
VERTEX
  5
252
  8
T3_PROFILE_INSIDE_2
 10
0.9380036528436977
 20
33.30609289014141
 30
0.0
  0
VERTEX
  5
253
  8
T3_PROFILE_INSIDE_2
 10
0.9225898194961535
 20
33.31141668789039
 30
0.0
  0
VERTEX
  5
254
  8
T3_PROFILE_INSIDE_2
 10
0.9076356233416514
 20
33.31702825849067
 30
0.0
  0
VERTEX
  5
255
  8
T3_PROFILE_INSIDE_2
 10
0.8931410643801916
 20
33.32292760194223
 30
0.0
  0
VERTEX
  5
256
  8
T3_PROFILE_INSIDE_2
 10
0.8791061426117741
 20
33.32911471824509
 30
0.0
  0
VERTEX
  5
257
  8
T3_PROFILE_INSIDE_2
 10
0.8655308580363991
 20
33.33558960739926
 30
0.0
  0
VERTEX
  5
258
  8
T3_PROFILE_INSIDE_2
 10
0.8524152106540661
 20
33.34235226940471
 30
0.0
  0
VERTEX
  5
259
  8
T3_PROFILE_INSIDE_2
 10
0.8397592004647756
 20
33.34940270426146
 30
0.0
  0
VERTEX
  5
25A
  8
T3_PROFILE_INSIDE_2
 10
0.8275628274685272
 20
33.35674091196951
 30
0.0
  0
VERTEX
  5
25B
  8
T3_PROFILE_INSIDE_2
 10
0.8158260916653213
 20
33.36436689252885
 30
0.0
  0
VERTEX
  5
25C
  8
T3_PROFILE_INSIDE_2
 10
0.8045489930551575
 20
33.3722806459395
 30
0.0
  0
VERTEX
  5
25D
  8
T3_PROFILE_INSIDE_2
 10
0.793731531638036
 20
33.38048217220143
 30
0.0
  0
VERTEX
  5
25E
  8
T3_PROFILE_INSIDE_2
 10
0.7833737074139568
 20
33.38897147131466
 30
0.0
  0
VERTEX
  5
25F
  8
T3_PROFILE_INSIDE_2
 10
0.7734755203829201
 20
33.39774854327919
 30
0.0
  0
VERTEX
  5
260
  8
T3_PROFILE_INSIDE_2
 10
0.7640369705449256
 20
33.40681338809502
 30
0.0
  0
VERTEX
  5
261
  8
T3_PROFILE_INSIDE_2
 10
0.7461191137065899
 20
33.4255426045002
 30
0.0
  0
VERTEX
  5
262
  8
T3_PROFILE_INSIDE_2
 10
0.7292004681574766
 20
33.44489532874987
 30
0.0
  0
VERTEX
  5
263
  8
T3_PROFILE_INSIDE_2
 10
0.7132810338975858
 20
33.464871560844
 30
0.0
  0
VERTEX
  5
264
  8
T3_PROFILE_INSIDE_2
 10
0.6983608109269173
 20
33.4854713007826
 30
0.0
  0
VERTEX
  5
265
  8
T3_PROFILE_INSIDE_2
 10
0.6844397992454712
 20
33.50669454856568
 30
0.0
  0
VERTEX
  5
266
  8
T3_PROFILE_INSIDE_2
 10
0.6715179988532474
 20
33.52854130419324
 30
0.0
  0
VERTEX
  5
267
  8
T3_PROFILE_INSIDE_2
 10
0.659595409750246
 20
33.55101156766527
 30
0.0
  0
VERTEX
  5
268
  8
T3_PROFILE_INSIDE_2
 10
0.648672031936467
 20
33.57410533898178
 30
0.0
  0
VERTEX
  5
269
  8
T3_PROFILE_INSIDE_2
 10
0.6387478654119104
 20
33.59782261814276
 30
0.0
  0
VERTEX
  5
26A
  8
T3_PROFILE_INSIDE_2
 10
0.6298229101765762
 20
33.62216340514823
 30
0.0
  0
VERTEX
  5
26B
  8
T3_PROFILE_INSIDE_2
 10
0.6218971662304643
 20
33.64712769999816
 30
0.0
  0
VERTEX
  5
26C
  8
T3_PROFILE_INSIDE_2
 10
0.6149706335735748
 20
33.67271550269256
 30
0.0
  0
VERTEX
  5
26D
  8
T3_PROFILE_INSIDE_2
 10
0.6090433122059078
 20
33.69892681323144
 30
0.0
  0
VERTEX
  5
26E
  8
T3_PROFILE_INSIDE_2
 10
0.6041152021274631
 20
33.7257616316148
 30
0.0
  0
VERTEX
  5
26F
  8
T3_PROFILE_INSIDE_2
 10
0.6001863033382407
 20
33.75321995784263
 30
0.0
  0
SEQEND
  5
1604
  8
T3_PROFILE_INSIDE_2
  0
POLYLINE
  5
7C
  8
T3_PROFILE_INSIDE_2
 66
     1
 10
0.0
 20
0.0
 30
0.0
 70
     1
  0
VERTEX
  5
270
  8
T3_PROFILE_INSIDE_2
 10
2.528020599467163
 20
34.35121993652612
 30
0.0
  0
VERTEX
  5
271
  8
T3_PROFILE_INSIDE_2
 10
2.134091540804134
 20
34.42182020937742
 30
0.0
  0
VERTEX
  5
272
  8
T3_PROFILE_INSIDE_2
 10
2.1405844157615
 20
34.4450099049777
 30
0.0
  0
VERTEX
  5
273
  8
T3_PROFILE_INSIDE_2
 10
2.147784732311637
 20
34.46751214321098
 30
0.0
  0
VERTEX
  5
274
  8
T3_PROFILE_INSIDE_2
 10
2.155692490454542
 20
34.48932692407728
 30
0.0
  0
VERTEX
  5
275
  8
T3_PROFILE_INSIDE_2
 10
2.164307690190218
 20
34.5104542475766
 30
0.0
  0
VERTEX
  5
276
  8
T3_PROFILE_INSIDE_2
 10
2.173630331518663
 20
34.53089411370894
 30
0.0
  0
VERTEX
  5
277
  8
T3_PROFILE_INSIDE_2
 10
2.183660414439877
 20
34.5506465224743
 30
0.0
  0
VERTEX
  5
278
  8
T3_PROFILE_INSIDE_2
 10
2.194397938953861
 20
34.56971147387266
 30
0.0
  0
VERTEX
  5
279
  8
T3_PROFILE_INSIDE_2
 10
2.205842905060614
 20
34.58808896790403
 30
0.0
  0
VERTEX
  5
27A
  8
T3_PROFILE_INSIDE_2
 10
2.217995312760136
 20
34.60577900456842
 30
0.0
  0
VERTEX
  5
27B
  8
T3_PROFILE_INSIDE_2
 10
2.230855162052428
 20
34.62278158386583
 30
0.0
  0
VERTEX
  5
27C
  8
T3_PROFILE_INSIDE_2
 10
2.244422452937489
 20
34.63909670579625
 30
0.0
  0
VERTEX
  5
27D
  8
T3_PROFILE_INSIDE_2
 10
2.258697185415321
 20
34.65472437035969
 30
0.0
  0
VERTEX
  5
27E
  8
T3_PROFILE_INSIDE_2
 10
2.273679359485921
 20
34.66966457755615
 30
0.0
  0
VERTEX
  5
27F
  8
T3_PROFILE_INSIDE_2
 10
2.289368975149291
 20
34.68391732738561
 30
0.0
  0
VERTEX
  5
280
  8
T3_PROFILE_INSIDE_2
 10
2.30576603240543
 20
34.69748261984809
 30
0.0
  0
VERTEX
  5
281
  8
T3_PROFILE_INSIDE_2
 10
2.322870531254339
 20
34.71036045494359
 30
0.0
  0
VERTEX
  5
282
  8
T3_PROFILE_INSIDE_2
 10
2.340782392824939
 20
34.72250287053022
 30
0.0
  0
VERTEX
  5
283
  8
T3_PROFILE_INSIDE_2
 10
2.359601538246153
 20
34.7338619044661
 30
0.0
  0
VERTEX
  5
284
  8
T3_PROFILE_INSIDE_2
 10
2.379327967517981
 20
34.74443755675123
 30
0.0
  0
VERTEX
  5
285
  8
T3_PROFILE_INSIDE_2
 10
2.399961680640423
 20
34.75422982738561
 30
0.0
  0
VERTEX
  5
286
  8
T3_PROFILE_INSIDE_2
 10
2.421502677613479
 20
34.76323871636924
 30
0.0
  0
VERTEX
  5
287
  8
T3_PROFILE_INSIDE_2
 10
2.443950958437149
 20
34.77146422370211
 30
0.0
  0
VERTEX
  5
288
  8
T3_PROFILE_INSIDE_2
 10
2.467306523111433
 20
34.77890634938424
 30
0.0
  0
VERTEX
  5
289
  8
T3_PROFILE_INSIDE_2
 10
2.491569371636331
 20
34.78556509341562
 30
0.0
  0
VERTEX
  5
28A
  8
T3_PROFILE_INSIDE_2
 10
2.516739504011842
 20
34.79144045579625
 30
0.0
  0
VERTEX
  5
28B
  8
T3_PROFILE_INSIDE_2
 10
2.542816920237968
 20
34.79653243652613
 30
0.0
  0
VERTEX
  5
28C
  8
T3_PROFILE_INSIDE_2
 10
2.569801620314707
 20
34.80084103560525
 30
0.0
  0
VERTEX
  5
28D
  8
T3_PROFILE_INSIDE_2
 10
2.59769360424206
 20
34.80436625303363
 30
0.0
  0
VERTEX
  5
28E
  8
T3_PROFILE_INSIDE_2
 10
2.626492872020028
 20
34.80710808881125
 30
0.0
  0
VERTEX
  5
28F
  8
T3_PROFILE_INSIDE_2
 10
2.656199423648609
 20
34.80906654293813
 30
0.0
  0
VERTEX
  5
290
  8
T3_PROFILE_INSIDE_2
 10
2.686813259127804
 20
34.81024161541426
 30
0.0
  0
VERTEX
  5
291
  8
T3_PROFILE_INSIDE_2
 10
2.718334378457613
 20
34.81063330623963
 30
0.0
  0
VERTEX
  5
292
  8
T3_PROFILE_INSIDE_2
 10
2.75440590599854
 20
34.81020564380784
 30
0.0
  0
VERTEX
  5
293
  8
T3_PROFILE_INSIDE_2
 10
2.789206436779577
 20
34.80892265651248
 30
0.0
  0
VERTEX
  5
294
  8
T3_PROFILE_INSIDE_2
 10
2.822735970800723
 20
34.80678434435355
 30
0.0
  0
VERTEX
  5
295
  8
T3_PROFILE_INSIDE_2
 10
2.854994508061978
 20
34.80379070733103
 30
0.0
  0
VERTEX
  5
296
  8
T3_PROFILE_INSIDE_2
 10
2.885982048563342
 20
34.79994174544495
 30
0.0
  0
VERTEX
  5
297
  8
T3_PROFILE_INSIDE_2
 10
2.915698592304816
 20
34.79523745869529
 30
0.0
  0
VERTEX
  5
298
  8
T3_PROFILE_INSIDE_2
 10
2.944144139286398
 20
34.78967784708205
 30
0.0
  0
VERTEX
  5
299
  8
T3_PROFILE_INSIDE_2
 10
2.97131868950809
 20
34.78326291060525
 30
0.0
  0
VERTEX
  5
29A
  8
T3_PROFILE_INSIDE_2
 10
2.997222242969891
 20
34.77599264926486
 30
0.0
  0
VERTEX
  5
29B
  8
T3_PROFILE_INSIDE_2
 10
3.009697395915833
 20
34.77203677177083
 30
0.0
  0
VERTEX
  5
29C
  8
T3_PROFILE_INSIDE_2
 10
3.021854799671801
 20
34.7678670630609
 30
0.0
  0
VERTEX
  5
29D
  8
T3_PROFILE_INSIDE_2
 10
3.033694454237797
 20
34.76348352313509
 30
0.0
  0
VERTEX
  5
29E
  8
T3_PROFILE_INSIDE_2
 10
3.04521635961382
 20
34.75888615199337
 30
0.0
  0
VERTEX
  5
29F
  8
T3_PROFILE_INSIDE_2
 10
3.056420515799871
 20
34.75407494963577
 30
0.0
  0
VERTEX
  5
2A0
  8
T3_PROFILE_INSIDE_2
 10
3.067306922795948
 20
34.74904991606227
 30
0.0
  0
VERTEX
  5
2A1
  8
T3_PROFILE_INSIDE_2
 10
3.077875580602054
 20
34.74381105127288
 30
0.0
  0
VERTEX
  5
2A2
  8
T3_PROFILE_INSIDE_2
 10
3.088126489218186
 20
34.73835835526759
 30
0.0
  0
VERTEX
  5
2A3
  8
T3_PROFILE_INSIDE_2
 10
3.098059648644345
 20
34.73269182804641
 30
0.0
  0
VERTEX
  5
2A4
  8
T3_PROFILE_INSIDE_2
 10
3.107675058880532
 20
34.72681146960934
 30
0.0
  0
VERTEX
  5
2A5
  8
T3_PROFILE_INSIDE_2
 10
3.116972719926746
 20
34.72071727995638
 30
0.0
  0
VERTEX
  5
2A6
  8
T3_PROFILE_INSIDE_2
 10
3.125952631782988
 20
34.71440925908751
 30
0.0
  0
VERTEX
  5
2A7
  8
T3_PROFILE_INSIDE_2
 10
3.134614794449257
 20
34.70788740700276
 30
0.0
  0
VERTEX
  5
2A8
  8
T3_PROFILE_INSIDE_2
 10
3.142959207925553
 20
34.70115172370211
 30
0.0
  0
VERTEX
  5
2A9
  8
T3_PROFILE_INSIDE_2
 10
3.15881868950809
 20
34.68724669940129
 30
0.0
  0
VERTEX
  5
2AA
  8
T3_PROFILE_INSIDE_2
 10
3.173654978730464
 20
34.67290202213321
 30
0.0
  0
VERTEX
  5
2AB
  8
T3_PROFILE_INSIDE_2
 10
3.187468075592674
 20
34.65811769189788
 30
0.0
  0
VERTEX
  5
2AC
  8
T3_PROFILE_INSIDE_2
 10
3.200257980094721
 20
34.64289370869529
 30
0.0
  0
VERTEX
  5
2AD
  8
T3_PROFILE_INSIDE_2
 10
3.212024692236604
 20
34.62723007252544
 30
0.0
  0
VERTEX
  5
2AE
  8
T3_PROFILE_INSIDE_2
 10
3.222768212018322
 20
34.61112678338834
 30
0.0
  0
VERTEX
  5
2AF
  8
T3_PROFILE_INSIDE_2
 10
3.232488539439878
 20
34.59458384128397
 30
0.0
  0
VERTEX
  5
2B0
  8
T3_PROFILE_INSIDE_2
 10
3.241185674501269
 20
34.57760124621235
 30
0.0
  0
VERTEX
  5
2B1
  8
T3_PROFILE_INSIDE_2
 10
3.248859617202497
 20
34.56017899817346
 30
0.0
  0
VERTEX
  5
2B2
  8
T3_PROFILE_INSIDE_2
 10
3.255510367543561
 20
34.54231709716732
 30
0.0
  0
VERTEX
  5
2B3
  8
T3_PROFILE_INSIDE_2
 10
3.261137925524461
 20
34.52401554319393
 30
0.0
  0
VERTEX
  5
2B4
  8
T3_PROFILE_INSIDE_2
 10
3.265742291145198
 20
34.50527433625327
 30
0.0
  0
VERTEX
  5
2B5
  8
T3_PROFILE_INSIDE_2
 10
3.269323464405771
 20
34.48609347634536
 30
0.0
  0
VERTEX
  5
2B6
  8
T3_PROFILE_INSIDE_2
 10
3.27188144530618
 20
34.46647296347018
 30
0.0
  0
VERTEX
  5
2B7
  8
T3_PROFILE_INSIDE_2
 10
3.273416233846426
 20
34.44641279762776
 30
0.0
  0
VERTEX
  5
2B8
  8
T3_PROFILE_INSIDE_2
 10
3.273927830026508
 20
34.42591297881808
 30
0.0
  0
VERTEX
  5
2B9
  8
T3_PROFILE_INSIDE_2
 10
3.273719994078349
 20
34.41383451275395
 30
0.0
  0
VERTEX
  5
2BA
  8
T3_PROFILE_INSIDE_2
 10
3.273096486233874
 20
34.40189993311549
 30
0.0
  0
VERTEX
  5
2BB
  8
T3_PROFILE_INSIDE_2
 10
3.272057306493084
 20
34.39010923990266
 30
0.0
  0
VERTEX
  5
2BC
  8
T3_PROFILE_INSIDE_2
 10
3.270602454855975
 20
34.37846243311549
 30
0.0
  0
VERTEX
  5
2BD
  8
T3_PROFILE_INSIDE_2
 10
3.268731931322551
 20
34.36695951275395
 30
0.0
  0
VERTEX
  5
2BE
  8
T3_PROFILE_INSIDE_2
 10
3.26644573589281
 20
34.35560047881808
 30
0.0
  0
VERTEX
  5
2BF
  8
T3_PROFILE_INSIDE_2
 10
3.263743868566753
 20
34.34438533130783
 30
0.0
  0
VERTEX
  5
2C0
  8
T3_PROFILE_INSIDE_2
 10
3.26062632934438
 20
34.33331407022325
 30
0.0
  0
VERTEX
  5
2C1
  8
T3_PROFILE_INSIDE_2
 10
3.257093118225689
 20
34.32238669556432
 30
0.0
  0
VERTEX
  5
2C2
  8
T3_PROFILE_INSIDE_2
 10
3.253144235210683
 20
34.31160320733103
 30
0.0
  0
VERTEX
  5
2C3
  8
T3_PROFILE_INSIDE_2
 10
3.248779680299359
 20
34.30096360552339
 30
0.0
  0
VERTEX
  5
2C4
  8
T3_PROFILE_INSIDE_2
 10
3.243999453491719
 20
34.2904678901414
 30
0.0
  0
VERTEX
  5
2C5
  8
T3_PROFILE_INSIDE_2
 10
3.238803554787763
 20
34.28011606118505
 30
0.0
  0
VERTEX
  5
2C6
  8
T3_PROFILE_INSIDE_2
 10
3.23319198418749
 20
34.26990811865437
 30
0.0
  0
VERTEX
  5
2C7
  8
T3_PROFILE_INSIDE_2
 10
3.227164741690901
 20
34.25984406254932
 30
0.0
  0
VERTEX
  5
2C8
  8
T3_PROFILE_INSIDE_2
 10
3.220721827297995
 20
34.24992389286992
 30
0.0
  0
VERTEX
  5
2C9
  8
T3_PROFILE_INSIDE_2
 10
3.213859244163616
 20
34.24015160646132
 30
0.0
  0
VERTEX
  5
2CA
  8
T3_PROFILE_INSIDE_2
 10
3.206572995442606
 20
34.23053120016869
 30
0.0
  0
VERTEX
  5
2CB
  8
T3_PROFILE_INSIDE_2
 10
3.198863081134966
 20
34.22106267399202
 30
0.0
  0
VERTEX
  5
2CC
  8
T3_PROFILE_INSIDE_2
 10
3.190729501240696
 20
34.21174602793131
 30
0.0
  0
VERTEX
  5
2CD
  8
T3_PROFILE_INSIDE_2
 10
3.182172255759796
 20
34.20258126198657
 30
0.0
  0
VERTEX
  5
2CE
  8
T3_PROFILE_INSIDE_2
 10
3.173191344692265
 20
34.19356837615778
 30
0.0
  0
VERTEX
  5
2CF
  8
T3_PROFILE_INSIDE_2
 10
3.163786768038104
 20
34.18470737044495
 30
0.0
  0
VERTEX
  5
2D0
  8
T3_PROFILE_INSIDE_2
 10
3.153958525797313
 20
34.17599824484809
 30
0.0
  0
VERTEX
  5
2D1
  8
T3_PROFILE_INSIDE_2
 10
3.143706617969891
 20
34.16744099936719
 30
0.0
  0
VERTEX
  5
2D2
  8
T3_PROFILE_INSIDE_2
 10
3.133031044555839
 20
34.15903563400225
 30
0.0
  0
VERTEX
  5
2D3
  8
T3_PROFILE_INSIDE_2
 10
3.121931805555157
 20
34.15078214875327
 30
0.0
  0
VERTEX
  5
2D4
  8
T3_PROFILE_INSIDE_2
 10
3.110408900967845
 20
34.14268054362026
 30
0.0
  0
VERTEX
  5
2D5
  8
T3_PROFILE_INSIDE_2
 10
3.098462330793902
 20
34.1347308186032
 30
0.0
  0
VERTEX
  5
2D6
  8
T3_PROFILE_INSIDE_2
 10
3.086092095033329
 20
34.12693297370211
 30
0.0
  0
VERTEX
  5
2D7
  8
T3_PROFILE_INSIDE_2
 10
3.073298193686126
 20
34.11928700891698
 30
0.0
  0
VERTEX
  5
2D8
  8
T3_PROFILE_INSIDE_2
 10
3.060080626752292
 20
34.11179292424782
 30
0.0
  0
VERTEX
  5
2D9
  8
T3_PROFILE_INSIDE_2
 10
3.081183969180668
 20
34.10630925269255
 30
0.0
  0
VERTEX
  5
2DA
  8
T3_PROFILE_INSIDE_2
 10
3.101008321158841
 20
34.10060175780852
 30
0.0
  0
VERTEX
  5
2DB
  8
T3_PROFILE_INSIDE_2
 10
3.119553682686808
 20
34.09467043959569
 30
0.0
  0
VERTEX
  5
2DC
  8
T3_PROFILE_INSIDE_2
 10
3.136820053764571
 20
34.08851529805409
 30
0.0
  0
VERTEX
  5
2DD
  8
T3_PROFILE_INSIDE_2
 10
3.152807434392129
 20
34.0821363331837
 30
0.0
  0
VERTEX
  5
2DE
  8
T3_PROFILE_INSIDE_2
 10
3.167515824569482
 20
34.07553354498452
 30
0.0
  0
VERTEX
  5
2DF
  8
T3_PROFILE_INSIDE_2
 10
3.180945224296631
 20
34.06870693345655
 30
0.0
  0
VERTEX
  5
2E0
  8
T3_PROFILE_INSIDE_2
 10
3.193095633573575
 20
34.0616564985998
 30
0.0
  0
VERTEX
  5
2E1
  8
T3_PROFILE_INSIDE_2
 10
3.20230236639247
 20
34.0557871314869
 30
0.0
  0
VERTEX
  5
2E2
  8
T3_PROFILE_INSIDE_2
 10
3.211249304276167
 20
34.04968994420007
 30
0.0
  0
VERTEX
  5
2E3
  8
T3_PROFILE_INSIDE_2
 10
3.219936447224666
 20
34.04336493673929
 30
0.0
  0
VERTEX
  5
2E4
  8
T3_PROFILE_INSIDE_2
 10
3.228363795237967
 20
34.03681210910457
 30
0.0
  0
VERTEX
  5
2E5
  8
T3_PROFILE_INSIDE_2
 10
3.236531348316071
 20
34.03003146129591
 30
0.0
  0
VERTEX
  5
2E6
  8
T3_PROFILE_INSIDE_2
 10
3.244439106458977
 20
34.0230229933133
 30
0.0
  0
VERTEX
  5
2E7
  8
T3_PROFILE_INSIDE_2
 10
3.252087069666685
 20
34.01578670515676
 30
0.0
  0
VERTEX
  5
2E8
  8
T3_PROFILE_INSIDE_2
 10
3.259475237939195
 20
34.00832259682626
 30
0.0
  0
VERTEX
  5
2E9
  8
T3_PROFILE_INSIDE_2
 10
3.266603611276508
 20
34.00063066832183
 30
0.0
  0
VERTEX
  5
2EA
  8
T3_PROFILE_INSIDE_2
 10
3.273472189678622
 20
33.99271091964346
 30
0.0
  0
VERTEX
  5
2EB
  8
T3_PROFILE_INSIDE_2
 10
3.280080973145539
 20
33.98456335079114
 30
0.0
  0
VERTEX
  5
2EC
  8
T3_PROFILE_INSIDE_2
 10
3.286429961677258
 20
33.97618796176488
 30
0.0
  0
VERTEX
  5
2ED
  8
T3_PROFILE_INSIDE_2
 10
3.292519155273779
 20
33.96758475256467
 30
0.0
  0
VERTEX
  5
2EE
  8
T3_PROFILE_INSIDE_2
 10
3.298348553935103
 20
33.95875372319052
 30
0.0
  0
VERTEX
  5
2EF
  8
T3_PROFILE_INSIDE_2
 10
3.303918157661228
 20
33.94969487364243
 30
0.0
  0
VERTEX
  5
2F0
  8
T3_PROFILE_INSIDE_2
 10
3.309227966452156
 20
33.94040820392039
 30
0.0
  0
VERTEX
  5
2F1
  8
T3_PROFILE_INSIDE_2
 10
3.31424600554663
 20
33.93089371402441
 30
0.0
  0
VERTEX
  5
2F2
  8
T3_PROFILE_INSIDE_2
 10
3.318940300183397
 20
33.9211514039545
 30
0.0
  0
VERTEX
  5
2F3
  8
T3_PROFILE_INSIDE_2
 10
3.323310850362455
 20
33.91118127371064
 30
0.0
  0
VERTEX
  5
2F4
  8
T3_PROFILE_INSIDE_2
 10
3.327357656083806
 20
33.90098332329283
 30
0.0
  0
VERTEX
  5
2F5
  8
T3_PROFILE_INSIDE_2
 10
3.331080717347449
 20
33.89055755270109
 30
0.0
  0
VERTEX
  5
2F6
  8
T3_PROFILE_INSIDE_2
 10
3.334480034153383
 20
33.8799039619354
 30
0.0
  0
VERTEX
  5
2F7
  8
T3_PROFILE_INSIDE_2
 10
3.33755560650161
 20
33.86902255099577
 30
0.0
  0
VERTEX
  5
2F8
  8
T3_PROFILE_INSIDE_2
 10
3.340307434392128
 20
33.85791331988219
 30
0.0
  0
VERTEX
  5
2F9
  8
T3_PROFILE_INSIDE_2
 10
3.342735517824939
 20
33.84657626859467
 30
0.0
  0
VERTEX
  5
2FA
  8
T3_PROFILE_INSIDE_2
 10
3.344839856800041
 20
33.83501139713321
 30
0.0
  0
VERTEX
  5
2FB
  8
T3_PROFILE_INSIDE_2
 10
3.346620451317436
 20
33.82321870549782
 30
0.0
  0
VERTEX
  5
2FC
  8
T3_PROFILE_INSIDE_2
 10
3.348077301377121
 20
33.81119819368847
 30
0.0
  0
VERTEX
  5
2FD
  8
T3_PROFILE_INSIDE_2
 10
3.3492104069791
 20
33.79894986170518
 30
0.0
  0
VERTEX
  5
2FE
  8
T3_PROFILE_INSIDE_2
 10
3.35001976812337
 20
33.78647370954795
 30
0.0
  0
VERTEX
  5
2FF
  8
T3_PROFILE_INSIDE_2
 10
3.350505384809932
 20
33.77376973721677
 30
0.0
  0
VERTEX
  5
300
  8
T3_PROFILE_INSIDE_2
 10
3.350667257038786
 20
33.76083794471166
 30
0.0
  0
VERTEX
  5
301
  8
T3_PROFILE_INSIDE_2
 10
3.350399468413274
 20
33.74450883382318
 30
0.0
  0
VERTEX
  5
302
  8
T3_PROFILE_INSIDE_2
 10
3.349596102536739
 20
33.728263656683
 30
0.0
  0
VERTEX
  5
303
  8
T3_PROFILE_INSIDE_2
 10
3.348257159409181
 20
33.71210241329112
 30
0.0
  0
VERTEX
  5
304
  8
T3_PROFILE_INSIDE_2
 10
3.3463826390306
 20
33.69602510364754
 30
0.0
  0
VERTEX
  5
305
  8
T3_PROFILE_INSIDE_2
 10
3.343972541400996
 20
33.68003172775224
 30
0.0
  0
VERTEX
  5
306
  8
T3_PROFILE_INSIDE_2
 10
3.341026866520369
 20
33.66412228560525
 30
0.0
  0
VERTEX
  5
307
  8
T3_PROFILE_INSIDE_2
 10
3.337545614388717
 20
33.64829677720654
 30
0.0
  0
VERTEX
  5
308
  8
T3_PROFILE_INSIDE_2
 10
3.333528785006044
 20
33.63255520255613
 30
0.0
  0
VERTEX
  5
309
  8
T3_PROFILE_INSIDE_2
 10
3.328976378372347
 20
33.61689756165401
 30
0.0
  0
VERTEX
  5
30A
  8
T3_PROFILE_INSIDE_2
 10
3.323888394487627
 20
33.60132385450019
 30
0.0
  0
VERTEX
  5
30B
  8
T3_PROFILE_INSIDE_2
 10
3.318264833351883
 20
33.58583408109467
 30
0.0
  0
VERTEX
  5
30C
  8
T3_PROFILE_INSIDE_2
 10
3.312105694965116
 20
33.57042824143744
 30
0.0
  0
VERTEX
  5
30D
  8
T3_PROFILE_INSIDE_2
 10
3.305410979327326
 20
33.55510633552851
 30
0.0
  0
VERTEX
  5
30E
  8
T3_PROFILE_INSIDE_2
 10
3.298180686438513
 20
33.53986836336787
 30
0.0
  0
VERTEX
  5
30F
  8
T3_PROFILE_INSIDE_2
 10
3.290414816298677
 20
33.52471432495552
 30
0.0
  0
VERTEX
  5
310
  8
T3_PROFILE_INSIDE_2
 10
3.282113368907817
 20
33.50964422029147
 30
0.0
  0
VERTEX
  5
311
  8
T3_PROFILE_INSIDE_2
 10
3.27330831902719
 20
33.49483191214004
 30
0.0
  0
VERTEX
  5
312
  8
T3_PROFILE_INSIDE_2
 10
3.264031641418049
 20
33.48045126326555
 30
0.0
  0
VERTEX
  5
313
  8
T3_PROFILE_INSIDE_2
 10
3.254283336080396
 20
33.46650227366801
 30
0.0
  0
VERTEX
  5
314
  8
T3_PROFILE_INSIDE_2
 10
3.244063403014229
 20
33.4529849433474
 30
0.0
  0
VERTEX
  5
315
  8
T3_PROFILE_INSIDE_2
 10
3.233371842219549
 20
33.43989927230375
 30
0.0
  0
VERTEX
  5
316
  8
T3_PROFILE_INSIDE_2
 10
3.222208653696357
 20
33.42724526053703
 30
0.0
  0
VERTEX
  5
317
  8
T3_PROFILE_INSIDE_2
 10
3.210573837444652
 20
33.41502290804727
 30
0.0
  0
VERTEX
  5
318
  8
T3_PROFILE_INSIDE_2
 10
3.198467393464434
 20
33.40323221483445
 30
0.0
  0
VERTEX
  5
319
  8
T3_PROFILE_INSIDE_2
 10
3.185889321755702
 20
33.39187318089857
 30
0.0
  0
VERTEX
  5
31A
  8
T3_PROFILE_INSIDE_2
 10
3.172839622318459
 20
33.38094580623964
 30
0.0
  0
VERTEX
  5
31B
  8
T3_PROFILE_INSIDE_2
 10
3.159318295152701
 20
33.37045009085764
 30
0.0
  0
VERTEX
  5
31C
  8
T3_PROFILE_INSIDE_2
 10
3.145325340258431
 20
33.36038603475259
 30
0.0
  0
VERTEX
  5
31D
  8
T3_PROFILE_INSIDE_2
 10
3.130860757635648
 20
33.35075363792448
 30
0.0
  0
VERTEX
  5
31E
  8
T3_PROFILE_INSIDE_2
 10
3.115924547284352
 20
33.34155290037332
 30
0.0
  0
VERTEX
  5
31F
  8
T3_PROFILE_INSIDE_2
 10
3.100516709204543
 20
33.33278382209911
 30
0.0
  0
VERTEX
  5
320
  8
T3_PROFILE_INSIDE_2
 10
3.084637243396221
 20
33.32444640310184
 30
0.0
  0
VERTEX
  5
321
  8
T3_PROFILE_INSIDE_2
 10
3.068206212956249
 20
33.3165786134105
 30
0.0
  0
VERTEX
  5
322
  8
T3_PROFILE_INSIDE_2
 10
3.051143680981487
 20
33.30921842305409
 30
0.0
  0
VERTEX
  5
323
  8
T3_PROFILE_INSIDE_2
 10
3.033449647471937
 20
33.30236583203261
 30
0.0
  0
VERTEX
  5
324
  8
T3_PROFILE_INSIDE_2
 10
3.015124112427599
 20
33.29602084034605
 30
0.0
  0
VERTEX
  5
325
  8
T3_PROFILE_INSIDE_2
 10
2.996167075848472
 20
33.29018344799441
 30
0.0
  0
VERTEX
  5
326
  8
T3_PROFILE_INSIDE_2
 10
2.976578537734556
 20
33.2848536549777
 30
0.0
  0
VERTEX
  5
327
  8
T3_PROFILE_INSIDE_2
 10
2.956358498085853
 20
33.28003146129591
 30
0.0
  0
VERTEX
  5
328
  8
T3_PROFILE_INSIDE_2
 10
2.93550695690236
 20
33.27571686694905
 30
0.0
  0
VERTEX
  5
329
  8
T3_PROFILE_INSIDE_2
 10
2.91402391418408
 20
33.2719098719371
 30
0.0
  0
VERTEX
  5
32A
  8
T3_PROFILE_INSIDE_2
 10
2.89190936993101
 20
33.26861047626009
 30
0.0
  0
VERTEX
  5
32B
  8
T3_PROFILE_INSIDE_2
 10
2.869163324143152
 20
33.26581867991801
 30
0.0
  0
VERTEX
  5
32C
  8
T3_PROFILE_INSIDE_2
 10
2.845785776820505
 20
33.26353448291084
 30
0.0
  0
VERTEX
  5
32D
  8
T3_PROFILE_INSIDE_2
 10
2.82177672796307
 20
33.2617578852386
 30
0.0
  0
VERTEX
  5
32E
  8
T3_PROFILE_INSIDE_2
 10
2.797136177570846
 20
33.26048888690129
 30
0.0
  0
VERTEX
  5
32F
  8
T3_PROFILE_INSIDE_2
 10
2.771864125643834
 20
33.25972748789891
 30
0.0
  0
VERTEX
  5
330
  8
T3_PROFILE_INSIDE_2
 10
2.745960572182033
 20
33.25947368823145
 30
0.0
  0
VERTEX
  5
331
  8
T3_PROFILE_INSIDE_2
 10
2.720718496593697
 20
33.25966153995382
 30
0.0
  0
VERTEX
  5
332
  8
T3_PROFILE_INSIDE_2
 10
2.696151887836876
 20
33.26022509512094
 30
0.0
  0
VERTEX
  5
333
  8
T3_PROFILE_INSIDE_2
 10
2.672260745911569
 20
33.26116435373281
 30
0.0
  0
VERTEX
  5
334
  8
T3_PROFILE_INSIDE_2
 10
2.649045070817776
 20
33.26247931578943
 30
0.0
  0
VERTEX
  5
335
  8
T3_PROFILE_INSIDE_2
 10
2.626504862555498
 20
33.26416998129078
 30
0.0
  0
VERTEX
  5
336
  8
T3_PROFILE_INSIDE_2
 10
2.604640121124734
 20
33.2662363502369
 30
0.0
  0
VERTEX
  5
337
  8
T3_PROFILE_INSIDE_2
 10
2.583450846525484
 20
33.26867842262776
 30
0.0
  0
VERTEX
  5
338
  8
T3_PROFILE_INSIDE_2
 10
2.562937038757749
 20
33.27149619846337
 30
0.0
  0
VERTEX
  5
339
  8
T3_PROFILE_INSIDE_2
 10
2.543098697821528
 20
33.27468967774372
 30
0.0
  0
VERTEX
  5
33A
  8
T3_PROFILE_INSIDE_2
 10
2.523935823716822
 20
33.27825886046882
 30
0.0
  0
VERTEX
  5
33B
  8
T3_PROFILE_INSIDE_2
 10
2.505448416443629
 20
33.28220374663867
 30
0.0
  0
VERTEX
  5
33C
  8
T3_PROFILE_INSIDE_2
 10
2.487636476001951
 20
33.28652433625328
 30
0.0
  0
VERTEX
  5
33D
  8
T3_PROFILE_INSIDE_2
 10
2.470500002391787
 20
33.29122062931262
 30
0.0
  0
VERTEX
  5
33E
  8
T3_PROFILE_INSIDE_2
 10
2.454038995613138
 20
33.29629262581671
 30
0.0
  0
VERTEX
  5
33F
  8
T3_PROFILE_INSIDE_2
 10
2.438253455666003
 20
33.30174032576555
 30
0.0
  0
VERTEX
  5
340
  8
T3_PROFILE_INSIDE_2
 10
2.423143382550382
 20
33.30756372915914
 30
0.0
  0
VERTEX
  5
341
  8
T3_PROFILE_INSIDE_2
 10
2.408534913501951
 20
33.31374884703942
 30
0.0
  0
VERTEX
  5
342
  8
T3_PROFILE_INSIDE_2
 10
2.394254185756385
 20
33.32028169044836
 30
0.0
  0
VERTEX
  5
343
  8
T3_PROFILE_INSIDE_2
 10
2.380301199313684
 20
33.32716225938594
 30
0.0
  0
VERTEX
  5
344
  8
T3_PROFILE_INSIDE_2
 10
2.366675954173847
 20
33.33439055385218
 30
0.0
  0
VERTEX
  5
345
  8
T3_PROFILE_INSIDE_2
 10
2.353378450336876
 20
33.34196657384706
 30
0.0
  0
VERTEX
  5
346
  8
T3_PROFILE_INSIDE_2
 10
2.340408687802769
 20
33.3498903193706
 30
0.0
  0
VERTEX
  5
347
  8
T3_PROFILE_INSIDE_2
 10
2.327766666571528
 20
33.35816179042278
 30
0.0
  0
VERTEX
  5
348
  8
T3_PROFILE_INSIDE_2
 10
2.315452386643152
 20
33.36678098700362
 30
0.0
  0
VERTEX
  5
349
  8
T3_PROFILE_INSIDE_2
 10
2.30346584801764
 20
33.37574790911309
 30
0.0
  0
VERTEX
  5
34A
  8
T3_PROFILE_INSIDE_2
 10
2.291807050694993
 20
33.38506255675122
 30
0.0
  0
VERTEX
  5
34B
  8
T3_PROFILE_INSIDE_2
 10
2.280475994675212
 20
33.394724929918
 30
0.0
  0
VERTEX
  5
34C
  8
T3_PROFILE_INSIDE_2
 10
2.269472679958295
 20
33.40473502861343
 30
0.0
  0
VERTEX
  5
34D
  8
T3_PROFILE_INSIDE_2
 10
2.258797106544243
 20
33.4150928528375
 30
0.0
  0
VERTEX
  5
34E
  8
T3_PROFILE_INSIDE_2
 10
2.248449274433056
 20
33.42579840259025
 30
0.0
  0
VERTEX
  5
34F
  8
T3_PROFILE_INSIDE_2
 10
2.238429183624734
 20
33.43685167787162
 30
0.0
  0
VERTEX
  5
350
  8
T3_PROFILE_INSIDE_2
 10
2.228736834119277
 20
33.44825267868165
 30
0.0
  0
VERTEX
  5
351
  8
T3_PROFILE_INSIDE_2
 10
2.219346246423165
 20
33.4600133955558
 30
0.0
  0
VERTEX
  5
352
  8
T3_PROFILE_INSIDE_2
 10
2.210231441042879
 20
33.47214581902954
 30
0.0
  0
VERTEX
  5
353
  8
T3_PROFILE_INSIDE_2
 10
2.201392417978417
 20
33.48464994910287
 30
0.0
  0
VERTEX
  5
354
  8
T3_PROFILE_INSIDE_2
 10
2.192829177229782
 20
33.49752578577579
 30
0.0
  0
VERTEX
  5
355
  8
T3_PROFILE_INSIDE_2
 10
2.184541718796972
 20
33.5107733290483
 30
0.0
  0
VERTEX
  5
356
  8
T3_PROFILE_INSIDE_2
 10
2.176530042679986
 20
33.5243925789204
 30
0.0
  0
VERTEX
  5
357
  8
T3_PROFILE_INSIDE_2
 10
2.168794148878828
 20
33.53838353539209
 30
0.0
  0
VERTEX
  5
358
  8
T3_PROFILE_INSIDE_2
 10
2.161334037393493
 20
33.55274619846337
 30
0.0
  0
VERTEX
  5
359
  8
T3_PROFILE_INSIDE_2
 10
2.154149708223984
 20
33.56748056813424
 30
0.0
  0
VERTEX
  5
35A
  8
T3_PROFILE_INSIDE_2
 10
2.1472411613703
 20
33.5825866444047
 30
0.0
  0
VERTEX
  5
35B
  8
T3_PROFILE_INSIDE_2
 10
2.140608396832443
 20
33.59806442727476
 30
0.0
  0
VERTEX
  5
35C
  8
T3_PROFILE_INSIDE_2
 10
2.134251414610409
 20
33.6139139167444
 30
0.0
  0
VERTEX
  5
35D
  8
T3_PROFILE_INSIDE_2
 10
2.128170214704202
 20
33.63013511281364
 30
0.0
  0
VERTEX
  5
35E
  8
T3_PROFILE_INSIDE_2
 10
2.12236479711382
 20
33.64672801548247
 30
0.0
  0
VERTEX
  5
35F
  8
T3_PROFILE_INSIDE_2
 10
2.116835161839264
 20
33.66369262475089
 30
0.0
  0
VERTEX
  5
360
  8
T3_PROFILE_INSIDE_2
 10
2.111581308880532
 20
33.68102894061889
 30
0.0
  0
VERTEX
  5
361
  8
T3_PROFILE_INSIDE_2
 10
2.528020599467163
 20
33.73628132806773
 30
0.0
  0
VERTEX
  5
362
  8
T3_PROFILE_INSIDE_2
 10
2.531196092944311
 20
33.72085150733957
 30
0.0
  0
VERTEX
  5
363
  8
T3_PROFILE_INSIDE_2
 10
2.534583419214775
 20
33.70602521023008
 30
0.0
  0
VERTEX
  5
364
  8
T3_PROFILE_INSIDE_2
 10
2.538182578278554
 20
33.69180243673929
 30
0.0
  0
VERTEX
  5
365
  8
T3_PROFILE_INSIDE_2
 10
2.541993570135648
 20
33.67818318686719
 30
0.0
  0
VERTEX
  5
366
  8
T3_PROFILE_INSIDE_2
 10
2.546016394786057
 20
33.66516746061377
 30
0.0
  0
VERTEX
  5
367
  8
T3_PROFILE_INSIDE_2
 10
2.550251052229782
 20
33.65275525797905
 30
0.0
  0
VERTEX
  5
368
  8
T3_PROFILE_INSIDE_2
 10
2.554697542466822
 20
33.64094657896302
 30
0.0
  0
VERTEX
  5
369
  8
T3_PROFILE_INSIDE_2
 10
2.559355865497176
 20
33.62974142356568
 30
0.0
  0
VERTEX
  5
36A
  8
T3_PROFILE_INSIDE_2
 10
2.564226021320846
 20
33.61913979178703
 30
0.0
  0
VERTEX
  5
36B
  8
T3_PROFILE_INSIDE_2
 10
2.569308009937831
 20
33.60914168362707
 30
0.0
  0
VERTEX
  5
36C
  8
T3_PROFILE_INSIDE_2
 10
2.574601831348131
 20
33.59974709908581
 30
0.0
  0
VERTEX
  5
36D
  8
T3_PROFILE_INSIDE_2
 10
2.580107485551746
 20
33.59095603816323
 30
0.0
  0
VERTEX
  5
36E
  8
T3_PROFILE_INSIDE_2
 10
2.585824972548677
 20
33.58276850085935
 30
0.0
  0
VERTEX
  5
36F
  8
T3_PROFILE_INSIDE_2
 10
2.591754292338922
 20
33.57518448717415
 30
0.0
  0
VERTEX
  5
370
  8
T3_PROFILE_INSIDE_2
 10
2.597895444922483
 20
33.56820399710764
 30
0.0
  0
VERTEX
  5
371
  8
T3_PROFILE_INSIDE_2
 10
2.604248430299359
 20
33.56182703065982
 30
0.0
  0
VERTEX
  5
372
  8
T3_PROFILE_INSIDE_2
 10
2.610817245314707
 20
33.55594167616629
 30
0.0
  0
VERTEX
  5
373
  8
T3_PROFILE_INSIDE_2
 10
2.617605886813684
 20
33.55043602196267
 30
0.0
  0
VERTEX
  5
374
  8
T3_PROFILE_INSIDE_2
 10
2.624614354796289
 20
33.54531006804896
 30
0.0
  0
VERTEX
  5
375
  8
T3_PROFILE_INSIDE_2
 10
2.631842649262524
 20
33.54056381442516
 30
0.0
  0
VERTEX
  5
376
  8
T3_PROFILE_INSIDE_2
 10
2.639290770212387
 20
33.53619726109126
 30
0.0
  0
VERTEX
  5
377
  8
T3_PROFILE_INSIDE_2
 10
2.64695871764588
 20
33.53221040804726
 30
0.0
  0
VERTEX
  5
378
  8
T3_PROFILE_INSIDE_2
 10
2.654846491563001
 20
33.52860325529318
 30
0.0
  0
VERTEX
  5
379
  8
T3_PROFILE_INSIDE_2
 10
2.662954091963752
 20
33.52537580282899
 30
0.0
  0
VERTEX
  5
37A
  8
T3_PROFILE_INSIDE_2
 10
2.671281518848131
 20
33.5225280506547
 30
0.0
  0
VERTEX
  5
37B
  8
T3_PROFILE_INSIDE_2
 10
2.67982877221614
 20
33.52005999877032
 30
0.0
  0
VERTEX
  5
37C
  8
T3_PROFILE_INSIDE_2
 10
2.688595852067777
 20
33.51797164717586
 30
0.0
  0
VERTEX
  5
37D
  8
T3_PROFILE_INSIDE_2
 10
2.697582758403042
 20
33.51626299587128
 30
0.0
  0
VERTEX
  5
37E
  8
T3_PROFILE_INSIDE_2
 10
2.706789491221937
 20
33.51493404485661
 30
0.0
  0
VERTEX
  5
37F
  8
T3_PROFILE_INSIDE_2
 10
2.716216050524461
 20
33.51398479413185
 30
0.0
  0
VERTEX
  5
380
  8
T3_PROFILE_INSIDE_2
 10
2.725862436310615
 20
33.513415243697
 30
0.0
  0
VERTEX
  5
381
  8
T3_PROFILE_INSIDE_2
 10
2.735728648580396
 20
33.51322539355205
 30
0.0
  0
VERTEX
  5
382
  8
T3_PROFILE_INSIDE_2
 10
2.74610645703026
 20
33.51346520426146
 30
0.0
  0
VERTEX
  5
383
  8
T3_PROFILE_INSIDE_2
 10
2.756264438996494
 20
33.5141846363897
 30
0.0
  0
VERTEX
  5
384
  8
T3_PROFILE_INSIDE_2
 10
2.7662025944791
 20
33.51538368993676
 30
0.0
  0
VERTEX
  5
385
  8
T3_PROFILE_INSIDE_2
 10
2.775920923478077
 20
33.51706236490266
 30
0.0
  0
VERTEX
  5
386
  8
T3_PROFILE_INSIDE_2
 10
2.785419425993425
 20
33.51922066128738
 30
0.0
  0
VERTEX
  5
387
  8
T3_PROFILE_INSIDE_2
 10
2.794698102025144
 20
33.52185857909093
 30
0.0
  0
VERTEX
  5
388
  8
T3_PROFILE_INSIDE_2
 10
2.803756951573233
 20
33.5249761183133
 30
0.0
  0
VERTEX
  5
389
  8
T3_PROFILE_INSIDE_2
 10
2.812595974637695
 20
33.5285732789545
 30
0.0
  0
VERTEX
  5
38A
  8
T3_PROFILE_INSIDE_2
 10
2.821215171218527
 20
33.53265006101453
 30
0.0
  0
VERTEX
  5
38B
  8
T3_PROFILE_INSIDE_2
 10
2.82961454131573
 20
33.53720646449338
 30
0.0
  0
VERTEX
  5
38C
  8
T3_PROFILE_INSIDE_2
 10
2.837794084929305
 20
33.54224248939106
 30
0.0
  0
VERTEX
  5
38D
  8
T3_PROFILE_INSIDE_2
 10
2.84575380205925
 20
33.54775813570757
 30
0.0
  0
VERTEX
  5
38E
  8
T3_PROFILE_INSIDE_2
 10
2.853493692705567
 20
33.5537534034429
 30
0.0
  0
VERTEX
  5
38F
  8
T3_PROFILE_INSIDE_2
 10
2.861013756868254
 20
33.56022829259707
 30
0.0
  0
VERTEX
  5
390
  8
T3_PROFILE_INSIDE_2
 10
2.868313994547313
 20
33.56718280317006
 30
0.0
  0
VERTEX
  5
391
  8
T3_PROFILE_INSIDE_2
 10
2.875394405742743
 20
33.57461693516187
 30
0.0
  0
VERTEX
  5
392
  8
T3_PROFILE_INSIDE_2
 10
2.882147075635308
 20
33.58245075166937
 30
0.0
  0
VERTEX
  5
393
  8
T3_PROFILE_INSIDE_2
 10
2.888464089405771
 20
33.59060431578943
 30
0.0
  0
VERTEX
  5
394
  8
T3_PROFILE_INSIDE_2
 10
2.894345447054135
 20
33.59907762752204
 30
0.0
  0
VERTEX
  5
395
  8
T3_PROFILE_INSIDE_2
 10
2.899791148580396
 20
33.60787068686719
 30
0.0
  0
VERTEX
  5
396
  8
T3_PROFILE_INSIDE_2
 10
2.904801193984557
 20
33.6169834938249
 30
0.0
  0
VERTEX
  5
397
  8
T3_PROFILE_INSIDE_2
 10
2.909375583266617
 20
33.62641604839516
 30
0.0
  0
VERTEX
  5
398
  8
T3_PROFILE_INSIDE_2
 10
2.913514316426576
 20
33.63616835057797
 30
0.0
  0
VERTEX
  5
399
  8
T3_PROFILE_INSIDE_2
 10
2.917217393464434
 20
33.64624040037333
 30
0.0
  0
VERTEX
  5
39A
  8
T3_PROFILE_INSIDE_2
 10
2.920484814380191
 20
33.65663219778124
 30
0.0
  0
VERTEX
  5
39B
  8
T3_PROFILE_INSIDE_2
 10
2.923316579173847
 20
33.66734374280171
 30
0.0
  0
VERTEX
  5
39C
  8
T3_PROFILE_INSIDE_2
 10
2.925712687845403
 20
33.67837503543473
 30
0.0
  0
VERTEX
  5
39D
  8
T3_PROFILE_INSIDE_2
 10
2.927673140394857
 20
33.68972607568029
 30
0.0
  0
VERTEX
  5
39E
  8
T3_PROFILE_INSIDE_2
 10
2.92919793682221
 20
33.70139686353841
 30
0.0
  0
VERTEX
  5
39F
  8
T3_PROFILE_INSIDE_2
 10
2.930287077127463
 20
33.71338739900908
 30
0.0
  0
VERTEX
  5
3A0
  8
T3_PROFILE_INSIDE_2
 10
2.930940561310615
 20
33.72569768209229
 30
0.0
  0
VERTEX
  5
3A1
  8
T3_PROFILE_INSIDE_2
 10
2.931158389371665
 20
33.73832771278806
 30
0.0
  0
VERTEX
  5
3A2
  8
T3_PROFILE_INSIDE_2
 10
2.930948555000928
 20
33.75118956050294
 30
0.0
  0
VERTEX
  5
3A3
  8
T3_PROFILE_INSIDE_2
 10
2.930319051888718
 20
33.76368369846337
 30
0.0
  0
VERTEX
  5
3A4
  8
T3_PROFILE_INSIDE_2
 10
2.929269880035034
 20
33.77581012666937
 30
0.0
  0
VERTEX
  5
3A5
  8
T3_PROFILE_INSIDE_2
 10
2.927801039439877
 20
33.78756884512094
 30
0.0
  0
VERTEX
  5
3A6
  8
T3_PROFILE_INSIDE_2
 10
2.925912530103247
 20
33.79895985381808
 30
0.0
  0
VERTEX
  5
3A7
  8
T3_PROFILE_INSIDE_2
 10
2.923604352025143
 20
33.80998315276078
 30
0.0
  0
VERTEX
  5
3A8
  8
T3_PROFILE_INSIDE_2
 10
2.920876505205567
 20
33.82063874194905
 30
0.0
  0
VERTEX
  5
3A9
  8
T3_PROFILE_INSIDE_2
 10
2.917728989644516
 20
33.83092662138288
 30
0.0
  0
VERTEX
  5
3AA
  8
T3_PROFILE_INSIDE_2
 10
2.914161805341992
 20
33.84084679106228
 30
0.0
  0
VERTEX
  5
3AB
  8
T3_PROFILE_INSIDE_2
 10
2.910174952297995
 20
33.85039925098724
 30
0.0
  0
VERTEX
  5
3AC
  8
T3_PROFILE_INSIDE_2
 10
2.905768430512524
 20
33.85958400115777
 30
0.0
  0
VERTEX
  5
3AD
  8
T3_PROFILE_INSIDE_2
 10
2.90094223998558
 20
33.86840104157388
 30
0.0
  0
VERTEX
  5
3AE
  8
T3_PROFILE_INSIDE_2
 10
2.895696380717163
 20
33.87685037223554
 30
0.0
  0
VERTEX
  5
3AF
  8
T3_PROFILE_INSIDE_2
 10
2.890030852707272
 20
33.88493199314276
 30
0.0
  0
VERTEX
  5
3B0
  8
T3_PROFILE_INSIDE_2
 10
2.883945655955908
 20
33.89264590429556
 30
0.0
  0
VERTEX
  5
3B1
  8
T3_PROFILE_INSIDE_2
 10
2.87744079046307
 20
33.89999210569393
 30
0.0
  0
VERTEX
  5
3B2
  8
T3_PROFILE_INSIDE_2
 10
2.870576208906112
 20
33.90693062888629
 30
0.0
  0
VERTEX
  5
3B3
  8
T3_PROFILE_INSIDE_2
 10
2.863411863962388
 20
33.91342150542107
 30
0.0
  0
VERTEX
  5
3B4
  8
T3_PROFILE_INSIDE_2
 10
2.855947755631897
 20
33.91946473529829
 30
0.0
  0
VERTEX
  5
3B5
  8
T3_PROFILE_INSIDE_2
 10
2.848183883914639
 20
33.92506031851794
 30
0.0
  0
VERTEX
  5
3B6
  8
T3_PROFILE_INSIDE_2
 10
2.840120248810614
 20
33.93020825508001
 30
0.0
  0
VERTEX
  5
3B7
  8
T3_PROFILE_INSIDE_2
 10
2.831756850319823
 20
33.93490854498451
 30
0.0
  0
VERTEX
  5
3B8
  8
T3_PROFILE_INSIDE_2
 10
2.823093688442265
 20
33.93916118823145
 30
0.0
  0
VERTEX
  5
3B9
  8
T3_PROFILE_INSIDE_2
 10
2.81413076317794
 20
33.9429661848208
 30
0.0
  0
VERTEX
  5
3BA
  8
T3_PROFILE_INSIDE_2
 10
2.804868074526849
 20
33.94632353475259
 30
0.0
  0
VERTEX
  5
3BB
  8
T3_PROFILE_INSIDE_2
 10
2.795305622488991
 20
33.9492332380268
 30
0.0
  0
VERTEX
  5
3BC
  8
T3_PROFILE_INSIDE_2
 10
2.785443407064366
 20
33.95169529464344
 30
0.0
  0
VERTEX
  5
3BD
  8
T3_PROFILE_INSIDE_2
 10
2.775281428252975
 20
33.95370970460252
 30
0.0
  0
VERTEX
  5
3BE
  8
T3_PROFILE_INSIDE_2
 10
2.764819686054816
 20
33.95527646790402
 30
0.0
  0
VERTEX
  5
3BF
  8
T3_PROFILE_INSIDE_2
 10
2.754058180469892
 20
33.95639558454795
 30
0.0
  0
VERTEX
  5
3C0
  8
T3_PROFILE_INSIDE_2
 10
2.7429969114982
 20
33.95706705453431
 30
0.0
  0
VERTEX
  5
3C1
  8
T3_PROFILE_INSIDE_2
 10
2.731635879139741
 20
33.95729087786309
 30
0.0
  0
VERTEX
  5
3C2
  8
T3_PROFILE_INSIDE_2
 10
2.718782025115184
 20
33.95690718072803
 30
0.0
  0
VERTEX
  5
3C3
  8
T3_PROFILE_INSIDE_2
 10
2.704777079685443
 20
33.95575608932285
 30
0.0
  0
VERTEX
  5
3C4
  8
T3_PROFILE_INSIDE_2
 10
2.689621042850519
 20
33.95383760364754
 30
0.0
  0
VERTEX
  5
3C5
  8
T3_PROFILE_INSIDE_2
 10
2.67331391461041
 20
33.95115172370211
 30
0.0
  0
VERTEX
  5
3C6
  8
T3_PROFILE_INSIDE_2
 10
2.655855694965116
 20
33.94769844948656
 30
0.0
  0
VERTEX
  5
3C7
  8
T3_PROFILE_INSIDE_2
 10
2.637246383914639
 20
33.94347778100089
 30
0.0
  0
VERTEX
  5
3C8
  8
T3_PROFILE_INSIDE_2
 10
2.617485981458977
 20
33.93848971824509
 30
0.0
  0
VERTEX
  5
3C9
  8
T3_PROFILE_INSIDE_2
 10
2.596574487598131
 20
33.93273426121917
 30
0.0
  0
VERTEX
  5
3CA
  8
T3_PROFILE_INSIDE_2
 10
2.618061527161569
 20
34.23048323802681
 30
0.0
  0
VERTEX
  5
3CB
  8
T3_PROFILE_INSIDE_2
 10
2.634496554446699
 20
34.22824500473894
 30
0.0
  0
VERTEX
  5
3CC
  8
T3_PROFILE_INSIDE_2
 10
2.649013096056521
 20
34.22664626667619
 30
0.0
  0
VERTEX
  5
3CD
  8
T3_PROFILE_INSIDE_2
 10
2.661611151991037
 20
34.22568702383854
 30
0.0
  0
VERTEX
  5
3CE
  8
T3_PROFILE_INSIDE_2
 10
2.672290722250246
 20
34.22536727622599
 30
0.0
  0
VERTEX
  5
3CF
  8
T3_PROFILE_INSIDE_2
 10
2.682416729455225
 20
34.22557111532899
 30
0.0
  0
VERTEX
  5
3D0
  8
T3_PROFILE_INSIDE_2
 10
2.692330903866889
 20
34.22618263263799
 30
0.0
  0
VERTEX
  5
3D1
  8
T3_PROFILE_INSIDE_2
 10
2.702033245485238
 20
34.227201828153
 30
0.0
  0
VERTEX
  5
3D2
  8
T3_PROFILE_INSIDE_2
 10
2.711523754310273
 20
34.22862870187401
 30
0.0
  0
VERTEX
  5
3D3
  8
T3_PROFILE_INSIDE_2
 10
2.720802430341991
 20
34.23046325380102
 30
0.0
  0
VERTEX
  5
3D4
  8
T3_PROFILE_INSIDE_2
 10
2.729869273580396
 20
34.23270548393404
 30
0.0
  0
VERTEX
  5
3D5
  8
T3_PROFILE_INSIDE_2
 10
2.738724284025484
 20
34.23535539227305
 30
0.0
  0
VERTEX
  5
3D6
  8
T3_PROFILE_INSIDE_2
 10
2.747367461677258
 20
34.23841297881808
 30
0.0
  0
VERTEX
  5
3D7
  8
T3_PROFILE_INSIDE_2
 10
2.755798806535716
 20
34.2418782435691
 30
0.0
  0
VERTEX
  5
3D8
  8
T3_PROFILE_INSIDE_2
 10
2.76401831860086
 20
34.24575118652614
 30
0.0
  0
VERTEX
  5
3D9
  8
T3_PROFILE_INSIDE_2
 10
2.772025997872688
 20
34.25003180768915
 30
0.0
  0
VERTEX
  5
3DA
  8
T3_PROFILE_INSIDE_2
 10
2.779821844351201
 20
34.25472010705819
 30
0.0
  0
VERTEX
  5
3DB
  8
T3_PROFILE_INSIDE_2
 10
2.787405858036398
 20
34.25981608463322
 30
0.0
  0
VERTEX
  5
3DC
  8
T3_PROFILE_INSIDE_2
 10
2.794778038928281
 20
34.26531974041426
 30
0.0
  0
VERTEX
  5
3DD
  8
T3_PROFILE_INSIDE_2
 10
2.801938387026849
 20
34.2712310744013
 30
0.0
  0
VERTEX
  5
3DE
  8
T3_PROFILE_INSIDE_2
 10
2.808886902332101
 20
34.27755008659434
 30
0.0
  0
VERTEX
  5
3DF
  8
T3_PROFILE_INSIDE_2
 10
2.815515670024802
 20
34.28414887794836
 30
0.0
  0
VERTEX
  5
3E0
  8
T3_PROFILE_INSIDE_2
 10
2.821716775285716
 20
34.29089954941835
 30
0.0
  0
VERTEX
  5
3E1
  8
T3_PROFILE_INSIDE_2
 10
2.827490218114843
 20
34.2978021010043
 30
0.0
  0
VERTEX
  5
3E2
  8
T3_PROFILE_INSIDE_2
 10
2.832835998512183
 20
34.30485653270621
 30
0.0
  0
VERTEX
  5
3E3
  8
T3_PROFILE_INSIDE_2
 10
2.837754116477735
 20
34.31206284452409
 30
0.0
  0
VERTEX
  5
3E4
  8
T3_PROFILE_INSIDE_2
 10
2.842244572011501
 20
34.31942103645792
 30
0.0
  0
VERTEX
  5
3E5
  8
T3_PROFILE_INSIDE_2
 10
2.846307365113478
 20
34.32693110850771
 30
0.0
  0
VERTEX
  5
3E6
  8
T3_PROFILE_INSIDE_2
 10
2.84994249578367
 20
34.33459306067347
 30
0.0
  0
VERTEX
  5
3E7
  8
T3_PROFILE_INSIDE_2
 10
2.853149964022074
 20
34.34240689295519
 30
0.0
  0
VERTEX
  5
3E8
  8
T3_PROFILE_INSIDE_2
 10
2.855929769828691
 20
34.35037260535287
 30
0.0
  0
VERTEX
  5
3E9
  8
T3_PROFILE_INSIDE_2
 10
2.85828191320352
 20
34.35849019786651
 30
0.0
  0
VERTEX
  5
3EA
  8
T3_PROFILE_INSIDE_2
 10
2.860206394146562
 20
34.36675967049611
 30
0.0
  0
VERTEX
  5
3EB
  8
T3_PROFILE_INSIDE_2
 10
2.861703212657817
 20
34.37518102324168
 30
0.0
  0
VERTEX
  5
3EC
  8
T3_PROFILE_INSIDE_2
 10
2.862772368737285
 20
34.3837542561032
 30
0.0
  0
VERTEX
  5
3ED
  8
T3_PROFILE_INSIDE_2
 10
2.863413862384966
 20
34.3924793690807
 30
0.0
  0
VERTEX
  5
3EE
  8
T3_PROFILE_INSIDE_2
 10
2.86362769360086
 20
34.40135636217415
 30
0.0
  0
VERTEX
  5
3EF
  8
T3_PROFILE_INSIDE_2
 10
2.863467819794584
 20
34.40981768337128
 30
0.0
  0
VERTEX
  5
3F0
  8
T3_PROFILE_INSIDE_2
 10
2.862988198375757
 20
34.41806317492994
 30
0.0
  0
VERTEX
  5
3F1
  8
T3_PROFILE_INSIDE_2
 10
2.862188829344379
 20
34.42609283685014
 30
0.0
  0
VERTEX
  5
3F2
  8
T3_PROFILE_INSIDE_2
 10
2.86106971270045
 20
34.43390666913185
 30
0.0
  0
VERTEX
  5
3F3
  8
T3_PROFILE_INSIDE_2
 10
2.85963084844397
 20
34.4415046717751
 30
0.0
  0
VERTEX
  5
3F4
  8
T3_PROFILE_INSIDE_2
 10
2.857872236574939
 20
34.44888684477988
 30
0.0
  0
VERTEX
  5
3F5
  8
T3_PROFILE_INSIDE_2
 10
2.855793877093356
 20
34.45605318814619
 30
0.0
  0
VERTEX
  5
3F6
  8
T3_PROFILE_INSIDE_2
 10
2.853395769999223
 20
34.46300370187401
 30
0.0
  0
VERTEX
  5
3F7
  8
T3_PROFILE_INSIDE_2
 10
2.850677915292537
 20
34.46973838596337
 30
0.0
  0
VERTEX
  5
3F8
  8
T3_PROFILE_INSIDE_2
 10
2.847640312973302
 20
34.47625724041426
 30
0.0
  0
VERTEX
  5
3F9
  8
T3_PROFILE_INSIDE_2
 10
2.844282963041514
 20
34.48256026522667
 30
0.0
  0
VERTEX
  5
3FA
  8
T3_PROFILE_INSIDE_2
 10
2.840605865497176
 20
34.48864746040061
 30
0.0
  0
VERTEX
  5
3FB
  8
T3_PROFILE_INSIDE_2
 10
2.836609020340287
 20
34.49451882593608
 30
0.0
  0
VERTEX
  5
3FC
  8
T3_PROFILE_INSIDE_2
 10
2.832292427570846
 20
34.50017436183307
 30
0.0
  0
VERTEX
  5
3FD
  8
T3_PROFILE_INSIDE_2
 10
2.827656087188854
 20
34.5056140680916
 30
0.0
  0
VERTEX
  5
3FE
  8
T3_PROFILE_INSIDE_2
 10
2.822699999194311
 20
34.51083794471166
 30
0.0
  0
VERTEX
  5
3FF
  8
T3_PROFILE_INSIDE_2
 10
2.817464132038786
 20
34.51579403270621
 30
0.0
  0
VERTEX
  5
400
  8
T3_PROFILE_INSIDE_2
 10
2.811988454173848
 20
34.5204303730882
 30
0.0
  0
VERTEX
  5
401
  8
T3_PROFILE_INSIDE_2
 10
2.806272965599496
 20
34.52474696585764
 30
0.0
  0
VERTEX
  5
402
  8
T3_PROFILE_INSIDE_2
 10
2.80031766631573
 20
34.52874381101453
 30
0.0
  0
VERTEX
  5
403
  8
T3_PROFILE_INSIDE_2
 10
2.794122556322552
 20
34.53242090855888
 30
0.0
  0
VERTEX
  5
404
  8
T3_PROFILE_INSIDE_2
 10
2.78768763561996
 20
34.53577825849065
 30
0.0
  0
VERTEX
  5
405
  8
T3_PROFILE_INSIDE_2
 10
2.781012904207954
 20
34.53881586080989
 30
0.0
  0
VERTEX
  5
406
  8
T3_PROFILE_INSIDE_2
 10
2.774098362086535
 20
34.54153371551657
 30
0.0
  0
VERTEX
  5
407
  8
T3_PROFILE_INSIDE_2
 10
2.766944009255703
 20
34.54393182261071
 30
0.0
  0
VERTEX
  5
408
  8
T3_PROFILE_INSIDE_2
 10
2.759549845715457
 20
34.54601018209229
 30
0.0
  0
VERTEX
  5
409
  8
T3_PROFILE_INSIDE_2
 10
2.751915871465798
 20
34.54776879396132
 30
0.0
  0
VERTEX
  5
40A
  8
T3_PROFILE_INSIDE_2
 10
2.744042086506726
 20
34.5492076582178
 30
0.0
  0
VERTEX
  5
40B
  8
T3_PROFILE_INSIDE_2
 10
2.73592849083824
 20
34.55032677486173
 30
0.0
  0
VERTEX
  5
40C
  8
T3_PROFILE_INSIDE_2
 10
2.727575084460341
 20
34.55112614389311
 30
0.0
  0
VERTEX
  5
40D
  8
T3_PROFILE_INSIDE_2
 10
2.718981867373029
 20
34.55160576531193
 30
0.0
  0
VERTEX
  5
40E
  8
T3_PROFILE_INSIDE_2
 10
2.710148839576303
 20
34.55176563911821
 30
0.0
  0
VERTEX
  5
40F
  8
T3_PROFILE_INSIDE_2
 10
2.701048023154065
 20
34.55159177635388
 30
0.0
  0
VERTEX
  5
410
  8
T3_PROFILE_INSIDE_2
 10
2.6921630363703
 20
34.5510701880609
 30
0.0
  0
VERTEX
  5
411
  8
T3_PROFILE_INSIDE_2
 10
2.683493879225006
 20
34.55020087423929
 30
0.0
  0
VERTEX
  5
412
  8
T3_PROFILE_INSIDE_2
 10
2.675040551718185
 20
34.54898383488901
 30
0.0
  0
VERTEX
  5
413
  8
T3_PROFILE_INSIDE_2
 10
2.666803053849836
 20
34.54741907001009
 30
0.0
  0
VERTEX
  5
414
  8
T3_PROFILE_INSIDE_2
 10
2.658781385619959
 20
34.54550657960252
 30
0.0
  0
VERTEX
  5
415
  8
T3_PROFILE_INSIDE_2
 10
2.650975547028554
 20
34.54324636366631
 30
0.0
  0
VERTEX
  5
416
  8
T3_PROFILE_INSIDE_2
 10
2.643385538075621
 20
34.54063842220143
 30
0.0
  0
VERTEX
  5
417
  8
T3_PROFILE_INSIDE_2
 10
2.63601135876116
 20
34.53768275520792
 30
0.0
  0
VERTEX
  5
418
  8
T3_PROFILE_INSIDE_2
 10
2.628853009085171
 20
34.53437936268575
 30
0.0
  0
VERTEX
  5
419
  8
T3_PROFILE_INSIDE_2
 10
2.621910489047654
 20
34.53072824463493
 30
0.0
  0
VERTEX
  5
41A
  8
T3_PROFILE_INSIDE_2
 10
2.615183798648609
 20
34.52672940105546
 30
0.0
  0
VERTEX
  5
41B
  8
T3_PROFILE_INSIDE_2
 10
2.608672937888036
 20
34.52238283194734
 30
0.0
  0
VERTEX
  5
41C
  8
T3_PROFILE_INSIDE_2
 10
2.602377906765935
 20
34.51768853731058
 30
0.0
  0
VERTEX
  5
41D
  8
T3_PROFILE_INSIDE_2
 10
2.596298705282306
 20
34.51264651714516
 30
0.0
  0
VERTEX
  5
41E
  8
T3_PROFILE_INSIDE_2
 10
2.590435333437149
 20
34.50725677145109
 30
0.0
  0
VERTEX
  5
41F
  8
T3_PROFILE_INSIDE_2
 10
2.584795784920778
 20
34.50143136963493
 30
0.0
  0
VERTEX
  5
420
  8
T3_PROFILE_INSIDE_2
 10
2.579388053423506
 20
34.4950823811032
 30
0.0
  0
VERTEX
  5
421
  8
T3_PROFILE_INSIDE_2
 10
2.574212138945335
 20
34.48820980585594
 30
0.0
  0
VERTEX
  5
422
  8
T3_PROFILE_INSIDE_2
 10
2.569268041486262
 20
34.48081364389311
 30
0.0
  0
VERTEX
  5
423
  8
T3_PROFILE_INSIDE_2
 10
2.564555761046289
 20
34.47289389521474
 30
0.0
  0
VERTEX
  5
424
  8
T3_PROFILE_INSIDE_2
 10
2.560075297625416
 20
34.4644505598208
 30
0.0
  0
VERTEX
  5
425
  8
T3_PROFILE_INSIDE_2
 10
2.555826651223643
 20
34.45548363771132
 30
0.0
  0
VERTEX
  5
426
  8
T3_PROFILE_INSIDE_2
 10
2.551809821840969
 20
34.44599312888629
 30
0.0
  0
VERTEX
  5
427
  8
T3_PROFILE_INSIDE_2
 10
2.548024809477395
 20
34.4359790333457
 30
0.0
  0
VERTEX
  5
428
  8
T3_PROFILE_INSIDE_2
 10
2.54447161413292
 20
34.42544135108956
 30
0.0
  0
VERTEX
  5
429
  8
T3_PROFILE_INSIDE_2
 10
2.541150235807546
 20
34.41438008211787
 30
0.0
  0
VERTEX
  5
42A
  8
T3_PROFILE_INSIDE_2
 10
2.53806067450127
 20
34.40279522643063
 30
0.0
  0
VERTEX
  5
42B
  8
T3_PROFILE_INSIDE_2
 10
2.535202930214094
 20
34.39068678402784
 30
0.0
  0
VERTEX
  5
42C
  8
T3_PROFILE_INSIDE_2
 10
2.532577002946017
 20
34.37805475490948
 30
0.0
  0
VERTEX
  5
42D
  8
T3_PROFILE_INSIDE_2
 10
2.53018289269704
 20
34.36489913907558
 30
0.0
  0
SEQEND
  5
1605
  8
T3_PROFILE_INSIDE_2
  0
POLYLINE
  5
7D
  8
T3_PROFILE_INSIDE_2
 66
     1
 10
0.0
 20
0.0
 30
0.0
 70
     1
  0
VERTEX
  5
42E
  8
T3_PROFILE_INSIDE_2
 10
2.425701363450792
 20
31.79016945903636
 30
0.0
  0
VERTEX
  5
42F
  8
T3_PROFILE_INSIDE_2
 10
2.425899207286058
 20
31.75506716644597
 30
0.0
  0
VERTEX
  5
430
  8
T3_PROFILE_INSIDE_2
 10
2.426492738791856
 20
31.72138375388629
 30
0.0
  0
VERTEX
  5
431
  8
T3_PROFILE_INSIDE_2
 10
2.427481957968187
 20
31.68911922135729
 30
0.0
  0
VERTEX
  5
432
  8
T3_PROFILE_INSIDE_2
 10
2.428866864815049
 20
31.658273568859
 30
0.0
  0
VERTEX
  5
433
  8
T3_PROFILE_INSIDE_2
 10
2.430647459332444
 20
31.6288467963914
 30
0.0
  0
VERTEX
  5
434
  8
T3_PROFILE_INSIDE_2
 10
2.43282374152037
 20
31.6008389039545
 30
0.0
  0
VERTEX
  5
435
  8
T3_PROFILE_INSIDE_2
 10
2.435395711378828
 20
31.57424989154829
 30
0.0
  0
VERTEX
  5
436
  8
T3_PROFILE_INSIDE_2
 10
2.438363368907818
 20
31.54907975917278
 30
0.0
  0
VERTEX
  5
437
  8
T3_PROFILE_INSIDE_2
 10
2.441726714107341
 20
31.52532850682797
 30
0.0
  0
VERTEX
  5
438
  8
T3_PROFILE_INSIDE_2
 10
2.445485746977395
 20
31.50299613451384
 30
0.0
  0
VERTEX
  5
439
  8
T3_PROFILE_INSIDE_2
 10
2.449640467517982
 20
31.48208264223042
 30
0.0
  0
VERTEX
  5
43A
  8
T3_PROFILE_INSIDE_2
 10
2.4541908757291
 20
31.46258802997769
 30
0.0
  0
VERTEX
  5
43B
  8
T3_PROFILE_INSIDE_2
 10
2.459136971610751
 20
31.44451229775566
 30
0.0
  0
VERTEX
  5
43C
  8
T3_PROFILE_INSIDE_2
 10
2.464478755162934
 20
31.42785544556432
 30
0.0
  0
VERTEX
  5
43D
  8
T3_PROFILE_INSIDE_2
 10
2.470216226385649
 20
31.41261747340368
 30
0.0
  0
VERTEX
  5
43E
  8
T3_PROFILE_INSIDE_2
 10
2.476349385278896
 20
31.39879838127374
 30
0.0
  0
VERTEX
  5
43F
  8
T3_PROFILE_INSIDE_2
 10
2.48285824761689
 20
31.38609840578772
 30
0.0
  0
VERTEX
  5
440
  8
T3_PROFILE_INSIDE_2
 10
2.489722829173848
 20
31.37421778355887
 30
0.0
  0
VERTEX
  5
441
  8
T3_PROFILE_INSIDE_2
 10
2.496943129949769
 20
31.36315651458717
 30
0.0
  0
VERTEX
  5
442
  8
T3_PROFILE_INSIDE_2
 10
2.504519149944653
 20
31.35291459887264
 30
0.0
  0
VERTEX
  5
443
  8
T3_PROFILE_INSIDE_2
 10
2.5124508891585
 20
31.34349203641528
 30
0.0
  0
VERTEX
  5
444
  8
T3_PROFILE_INSIDE_2
 10
2.520738347591311
 20
31.33488882721507
 30
0.0
  0
VERTEX
  5
445
  8
T3_PROFILE_INSIDE_2
 10
2.529381525243084
 20
31.32710497127203
 30
0.0
  0
VERTEX
  5
446
  8
T3_PROFILE_INSIDE_2
 10
2.538380422113821
 20
31.32014046858615
 30
0.0
  0
VERTEX
  5
447
  8
T3_PROFILE_INSIDE_2
 10
2.547735038203521
 20
31.31399531915743
 30
0.0
  0
VERTEX
  5
448
  8
T3_PROFILE_INSIDE_2
 10
2.557445373512184
 20
31.30866952298588
 30
0.0
  0
VERTEX
  5
449
  8
T3_PROFILE_INSIDE_2
 10
2.56751142803981
 20
31.30416308007148
 30
0.0
  0
VERTEX
  5
44A
  8
T3_PROFILE_INSIDE_2
 10
2.577933201786399
 20
31.30047599041426
 30
0.0
  0
VERTEX
  5
44B
  8
T3_PROFILE_INSIDE_2
 10
2.588710694751951
 20
31.29760825401419
 30
0.0
  0
VERTEX
  5
44C
  8
T3_PROFILE_INSIDE_2
 10
2.599843906936467
 20
31.29555987087128
 30
0.0
  0
VERTEX
  5
44D
  8
T3_PROFILE_INSIDE_2
 10
2.611332838339946
 20
31.29433084098554
 30
0.0
  0
VERTEX
  5
44E
  8
T3_PROFILE_INSIDE_2
 10
2.623177488962388
 20
31.29392116435696
 30
0.0
  0
VERTEX
  5
44F
  8
T3_PROFILE_INSIDE_2
 10
2.631041281808568
 20
31.29409502712128
 30
0.0
  0
VERTEX
  5
450
  8
T3_PROFILE_INSIDE_2
 10
2.638773178764571
 20
31.29461661541426
 30
0.0
  0
VERTEX
  5
451
  8
T3_PROFILE_INSIDE_2
 10
2.646373179830396
 20
31.29548592923588
 30
0.0
  0
VERTEX
  5
452
  8
T3_PROFILE_INSIDE_2
 10
2.653841285006044
 20
31.29670296858615
 30
0.0
  0
VERTEX
  5
453
  8
T3_PROFILE_INSIDE_2
 10
2.661177494291515
 20
31.29826773346507
 30
0.0
  0
VERTEX
  5
454
  8
T3_PROFILE_INSIDE_2
 10
2.668381807686808
 20
31.30018022387264
 30
0.0
  0
VERTEX
  5
455
  8
T3_PROFILE_INSIDE_2
 10
2.675454225191924
 20
31.30244043980887
 30
0.0
  0
VERTEX
  5
456
  8
T3_PROFILE_INSIDE_2
 10
2.682394746806863
 20
31.30504838127374
 30
0.0
  0
VERTEX
  5
457
  8
T3_PROFILE_INSIDE_2
 10
2.689203372531624
 20
31.30800404826726
 30
0.0
  0
VERTEX
  5
458
  8
T3_PROFILE_INSIDE_2
 10
2.695880102366208
 20
31.31130744078943
 30
0.0
  0
VERTEX
  5
459
  8
T3_PROFILE_INSIDE_2
 10
2.702424936310615
 20
31.31495855884025
 30
0.0
  0
VERTEX
  5
45A
  8
T3_PROFILE_INSIDE_2
 10
2.708837874364844
 20
31.31895740241971
 30
0.0
  0
VERTEX
  5
45B
  8
T3_PROFILE_INSIDE_2
 10
2.715118916528896
 20
31.32330397152783
 30
0.0
  0
VERTEX
  5
45C
  8
T3_PROFILE_INSIDE_2
 10
2.72126806280277
 20
31.3279982661646
 30
0.0
  0
VERTEX
  5
45D
  8
T3_PROFILE_INSIDE_2
 10
2.727285313186467
 20
31.33304028633001
 30
0.0
  0
VERTEX
  5
45E
  8
T3_PROFILE_INSIDE_2
 10
2.733170667679987
 20
31.33843003202408
 30
0.0
  0
VERTEX
  5
45F
  8
T3_PROFILE_INSIDE_2
 10
2.738894149944653
 20
31.34419548116289
 30
0.0
  0
VERTEX
  5
460
  8
T3_PROFILE_INSIDE_2
 10
2.744425783641788
 20
31.35036461166255
 30
0.0
  0
VERTEX
  5
461
  8
T3_PROFILE_INSIDE_2
 10
2.749765568771392
 20
31.35693742352305
 30
0.0
  0
VERTEX
  5
462
  8
T3_PROFILE_INSIDE_2
 10
2.754913505333466
 20
31.3639139167444
 30
0.0
  0
VERTEX
  5
463
  8
T3_PROFILE_INSIDE_2
 10
2.759869593328009
 20
31.3712940913266
 30
0.0
  0
VERTEX
  5
464
  8
T3_PROFILE_INSIDE_2
 10
2.764633832755021
 20
31.37907794726964
 30
0.0
  0
VERTEX
  5
465
  8
T3_PROFILE_INSIDE_2
 10
2.769206223614503
 20
31.38726548457353
 30
0.0
  0
VERTEX
  5
466
  8
T3_PROFILE_INSIDE_2
 10
2.773586765906454
 20
31.39585670323827
 30
0.0
  0
VERTEX
  5
467
  8
T3_PROFILE_INSIDE_2
 10
2.777775459630874
 20
31.40485160326385
 30
0.0
  0
VERTEX
  5
468
  8
T3_PROFILE_INSIDE_2
 10
2.781772304787763
 20
31.41425018465027
 30
0.0
  0
VERTEX
  5
469
  8
T3_PROFILE_INSIDE_2
 10
2.785577301377122
 20
31.42405244739754
 30
0.0
  0
VERTEX
  5
46A
  8
T3_PROFILE_INSIDE_2
 10
2.789190449398951
 20
31.43425839150566
 30
0.0
  0
VERTEX
  5
46B
  8
T3_PROFILE_INSIDE_2
 10
2.792611748853248
 20
31.44486801697462
 30
0.0
  0
VERTEX
  5
46C
  8
T3_PROFILE_INSIDE_2
 10
2.795841199740014
 20
31.45588132380443
 30
0.0
  0
VERTEX
  5
46D
  8
T3_PROFILE_INSIDE_2
 10
2.801724555810956
 20
31.47911898154659
 30
0.0
  0
VERTEX
  5
46E
  8
T3_PROFILE_INSIDE_2
 10
2.804388453108023
 20
31.49156116051999
 30
0.0
  0
VERTEX
  5
46F
  8
T3_PROFILE_INSIDE_2
 10
2.806880486063343
 20
31.50484267697633
 30
0.0
  0
VERTEX
  5
470
  8
T3_PROFILE_INSIDE_2
 10
2.811348958948746
 20
31.53392372233786
 30
0.0
  0
VERTEX
  5
471
  8
T3_PROFILE_INSIDE_2
 10
2.815129974467164
 20
31.56636211763117
 30
0.0
  0
VERTEX
  5
472
  8
T3_PROFILE_INSIDE_2
 10
2.818223532618596
 20
31.60215786285627
 30
0.0
  0
VERTEX
  5
473
  8
T3_PROFILE_INSIDE_2
 10
2.820629633403043
 20
31.64131095801316
 30
0.0
  0
VERTEX
  5
474
  8
T3_PROFILE_INSIDE_2
 10
2.822348276820505
 20
31.68382140310184
 30
0.0
  0
VERTEX
  5
475
  8
T3_PROFILE_INSIDE_2
 10
2.823379462870983
 20
31.7296891981223
 30
0.0
  0
VERTEX
  5
476
  8
T3_PROFILE_INSIDE_2
 10
2.823723191554476
 20
31.77891434307455
 30
0.0
  0
VERTEX
  5
477
  8
T3_PROFILE_INSIDE_2
 10
2.823525347719209
 20
31.81549546837299
 30
0.0
  0
VERTEX
  5
478
  8
T3_PROFILE_INSIDE_2
 10
2.822931816213412
 20
31.85054580197633
 30
0.0
  0
VERTEX
  5
479
  8
T3_PROFILE_INSIDE_2
 10
2.821942597037081
 20
31.88406534388458
 30
0.0
  0
VERTEX
  5
47A
  8
T3_PROFILE_INSIDE_2
 10
2.820557690190219
 20
31.91605409409775
 30
0.0
  0
VERTEX
  5
47B
  8
T3_PROFILE_INSIDE_2
 10
2.818777095672824
 20
31.94651205261582
 30
0.0
  0
VERTEX
  5
47C
  8
T3_PROFILE_INSIDE_2
 10
2.816600813484898
 20
31.97543921943881
 30
0.0
  0
VERTEX
  5
47D
  8
T3_PROFILE_INSIDE_2
 10
2.81402884362644
 20
32.00283559456671
 30
0.0
  0
VERTEX
  5
47E
  8
T3_PROFILE_INSIDE_2
 10
2.81106118609745
 20
32.02870117799952
 30
0.0
  0
VERTEX
  5
47F
  8
T3_PROFILE_INSIDE_2
 10
2.807697840897927
 20
32.05303596973724
 30
0.0
  0
VERTEX
  5
480
  8
T3_PROFILE_INSIDE_2
 10
2.803938808027873
 20
32.07583996977988
 30
0.0
  0
VERTEX
  5
481
  8
T3_PROFILE_INSIDE_2
 10
2.799784087487286
 20
32.09711317812742
 30
0.0
  0
VERTEX
  5
482
  8
T3_PROFILE_INSIDE_2
 10
2.795233679276167
 20
32.11685559477988
 30
0.0
  0
VERTEX
  5
483
  8
T3_PROFILE_INSIDE_2
 10
2.790287583394517
 20
32.13506721973724
 30
0.0
  0
VERTEX
  5
484
  8
T3_PROFILE_INSIDE_2
 10
2.784945799842334
 20
32.15174805299952
 30
0.0
  0
VERTEX
  5
485
  8
T3_PROFILE_INSIDE_2
 10
2.779208328619619
 20
32.16689809456671
 30
0.0
  0
VERTEX
  5
486
  8
T3_PROFILE_INSIDE_2
 10
2.773075169726372
 20
32.18051734443881
 30
0.0
  0
VERTEX
  5
487
  8
T3_PROFILE_INSIDE_2
 10
2.766546323162593
 20
32.19296951552511
 30
0.0
  0
VERTEX
  5
488
  8
T3_PROFILE_INSIDE_2
 10
2.759621788928282
 20
32.20461832073485
 30
0.0
  0
VERTEX
  5
489
  8
T3_PROFILE_INSIDE_2
 10
2.752301567023439
 20
32.21546376006808
 30
0.0
  0
VERTEX
  5
48A
  8
T3_PROFILE_INSIDE_2
 10
2.744585657448063
 20
32.22550583352476
 30
0.0
  0
VERTEX
  5
48B
  8
T3_PROFILE_INSIDE_2
 10
2.736474060202156
 20
32.23474454110491
 30
0.0
  0
VERTEX
  5
48C
  8
T3_PROFILE_INSIDE_2
 10
2.727966775285717
 20
32.24317988280852
 30
0.0
  0
VERTEX
  5
48D
  8
T3_PROFILE_INSIDE_2
 10
2.719063802698746
 20
32.2508118586356
 30
0.0
  0
VERTEX
  5
48E
  8
T3_PROFILE_INSIDE_2
 10
2.709765142441242
 20
32.25764046858615
 30
0.0
  0
VERTEX
  5
48F
  8
T3_PROFILE_INSIDE_2
 10
2.700070794513207
 20
32.26366571266016
 30
0.0
  0
VERTEX
  5
490
  8
T3_PROFILE_INSIDE_2
 10
2.689980758914639
 20
32.26888759085763
 30
0.0
  0
VERTEX
  5
491
  8
T3_PROFILE_INSIDE_2
 10
2.67949503564554
 20
32.27330610317858
 30
0.0
  0
VERTEX
  5
492
  8
T3_PROFILE_INSIDE_2
 10
2.668613624705908
 20
32.27692124962299
 30
0.0
  0
VERTEX
  5
493
  8
T3_PROFILE_INSIDE_2
 10
2.657336526095744
 20
32.27973303019085
 30
0.0
  0
VERTEX
  5
494
  8
T3_PROFILE_INSIDE_2
 10
2.645663739815049
 20
32.28174144488219
 30
0.0
  0
VERTEX
  5
495
  8
T3_PROFILE_INSIDE_2
 10
2.63359526586382
 20
32.282946493697
 30
0.0
  0
VERTEX
  5
496
  8
T3_PROFILE_INSIDE_2
 10
2.621131104242061
 20
32.28334817663526
 30
0.0
  0
VERTEX
  5
497
  8
T3_PROFILE_INSIDE_2
 10
2.60843712402378
 20
32.28293850000668
 30
0.0
  0
VERTEX
  5
498
  8
T3_PROFILE_INSIDE_2
 10
2.59619079046307
 20
32.28170947012094
 30
0.0
  0
VERTEX
  5
499
  8
T3_PROFILE_INSIDE_2
 10
2.584392103559932
 20
32.27966108697803
 30
0.0
  0
VERTEX
  5
49A
  8
T3_PROFILE_INSIDE_2
 10
2.573041063314367
 20
32.27679335057796
 30
0.0
  0
VERTEX
  5
49B
  8
T3_PROFILE_INSIDE_2
 10
2.562137669726372
 20
32.27310626092073
 30
0.0
  0
VERTEX
  5
49C
  8
T3_PROFILE_INSIDE_2
 10
2.551681922795949
 20
32.26859981800634
 30
0.0
  0
VERTEX
  5
49D
  8
T3_PROFILE_INSIDE_2
 10
2.541673822523098
 20
32.26327402183479
 30
0.0
  0
VERTEX
  5
49E
  8
T3_PROFILE_INSIDE_2
 10
2.532113368907818
 20
32.25712887240607
 30
0.0
  0
VERTEX
  5
49F
  8
T3_PROFILE_INSIDE_2
 10
2.52300056195011
 20
32.2501643697202
 30
0.0
  0
VERTEX
  5
4A0
  8
T3_PROFILE_INSIDE_2
 10
2.514335401649974
 20
32.24238051377715
 30
0.0
  0
VERTEX
  5
4A1
  8
T3_PROFILE_INSIDE_2
 10
2.506117888007409
 20
32.23377730457694
 30
0.0
  0
VERTEX
  5
4A2
  8
T3_PROFILE_INSIDE_2
 10
2.498348021022416
 20
32.22435474211957
 30
0.0
  0
VERTEX
  5
4A3
  8
T3_PROFILE_INSIDE_2
 10
2.491025800694994
 20
32.21411282640504
 30
0.0
  0
VERTEX
  5
4A4
  8
T3_PROFILE_INSIDE_2
 10
2.484151227025144
 20
32.20305155743335
 30
0.0
  0
VERTEX
  5
4A5
  8
T3_PROFILE_INSIDE_2
 10
2.477724300012865
 20
32.1911709352045
 30
0.0
  0
VERTEX
  5
4A6
  8
T3_PROFILE_INSIDE_2
 10
2.471745019658159
 20
32.17847095971848
 30
0.0
  0
VERTEX
  5
4A7
  8
T3_PROFILE_INSIDE_2
 10
2.466169420664298
 20
32.164663858124
 30
0.0
  0
VERTEX
  5
4A8
  8
T3_PROFILE_INSIDE_2
 10
2.460953537734557
 20
32.14946185756978
 30
0.0
  0
VERTEX
  5
4A9
  8
T3_PROFILE_INSIDE_2
 10
2.456097370868937
 20
32.13286495805579
 30
0.0
  0
VERTEX
  5
4AA
  8
T3_PROFILE_INSIDE_2
 10
2.451600920067436
 20
32.11487315958206
 30
0.0
  0
VERTEX
  5
4AB
  8
T3_PROFILE_INSIDE_2
 10
2.447464185330055
 20
32.09548646214856
 30
0.0
  0
VERTEX
  5
4AC
  8
T3_PROFILE_INSIDE_2
 10
2.443687166656795
 20
32.07470486575532
 30
0.0
  0
VERTEX
  5
4AD
  8
T3_PROFILE_INSIDE_2
 10
2.440269864047655
 20
32.05252837040231
 30
0.0
  0
VERTEX
  5
4AE
  8
T3_PROFILE_INSIDE_2
 10
2.437212277502634
 20
32.02895697608956
 30
0.0
  0
VERTEX
  5
4AF
  8
T3_PROFILE_INSIDE_2
 10
2.434514407021734
 20
32.00399068281705
 30
0.0
  0
VERTEX
  5
4B0
  8
T3_PROFILE_INSIDE_2
 10
2.432176252604953
 20
31.97762949058479
 30
0.0
  0
VERTEX
  5
4B1
  8
T3_PROFILE_INSIDE_2
 10
2.430197814252293
 20
31.94987339939276
 30
0.0
  0
VERTEX
  5
4B2
  8
T3_PROFILE_INSIDE_2
 10
2.428579091963753
 20
31.92072240924099
 30
0.0
  0
VERTEX
  5
4B3
  8
T3_PROFILE_INSIDE_2
 10
2.427320085739332
 20
31.89017652012947
 30
0.0
  0
VERTEX
  5
4B4
  8
T3_PROFILE_INSIDE_2
 10
2.426420795579032
 20
31.85823573205818
 30
0.0
  0
VERTEX
  5
4B5
  8
T3_PROFILE_INSIDE_2
 10
2.425881221482852
 20
31.82490004502715
 30
0.0
  0
SEQEND
  5
1606
  8
T3_PROFILE_INSIDE_2
  0
POLYLINE
  5
7E
  8
T3_PROFILE_INSIDE_2
 66
     1
 10
0.0
 20
0.0
 30
0.0
 70
     1
  0
VERTEX
  5
4B6
  8
T3_PROFILE_INSIDE_2
 10
2.012331649944653
 20
31.79119265139652
 30
0.0
  0
VERTEX
  5
4B7
  8
T3_PROFILE_INSIDE_2
 10
2.012482031243681
 20
31.8176727497722
 30
0.0
  0
VERTEX
  5
4B8
  8
T3_PROFILE_INSIDE_2
 10
2.012933175140764
 20
31.8436512440807
 30
0.0
  0
VERTEX
  5
4B9
  8
T3_PROFILE_INSIDE_2
 10
2.013685081635904
 20
31.869128134322
 30
0.0
  0
VERTEX
  5
4BA
  8
T3_PROFILE_INSIDE_2
 10
2.0147377507291
 20
31.89410342049612
 30
0.0
  0
VERTEX
  5
4BB
  8
T3_PROFILE_INSIDE_2
 10
2.016091182420352
 20
31.91857710260304
 30
0.0
  0
VERTEX
  5
4BC
  8
T3_PROFILE_INSIDE_2
 10
2.01774537670966
 20
31.94254918064277
 30
0.0
  0
VERTEX
  5
4BD
  8
T3_PROFILE_INSIDE_2
 10
2.019700333597023
 20
31.96601965461532
 30
0.0
  0
VERTEX
  5
4BE
  8
T3_PROFILE_INSIDE_2
 10
2.021956053082443
 20
31.98898852452067
 30
0.0
  0
VERTEX
  5
4BF
  8
T3_PROFILE_INSIDE_2
 10
2.024512535165918
 20
32.01145579035883
 30
0.0
  0
VERTEX
  5
4C0
  8
T3_PROFILE_INSIDE_2
 10
2.027369779847449
 20
32.03342145212981
 30
0.0
  0
VERTEX
  5
4C1
  8
T3_PROFILE_INSIDE_2
 10
2.030527787127037
 20
32.05488550983359
 30
0.0
  0
VERTEX
  5
4C2
  8
T3_PROFILE_INSIDE_2
 10
2.03398655700468
 20
32.07584796347019
 30
0.0
  0
VERTEX
  5
4C3
  8
T3_PROFILE_INSIDE_2
 10
2.037746089480379
 20
32.09630881303959
 30
0.0
  0
VERTEX
  5
4C4
  8
T3_PROFILE_INSIDE_2
 10
2.041806384554135
 20
32.11626805854181
 30
0.0
  0
VERTEX
  5
4C5
  8
T3_PROFILE_INSIDE_2
 10
2.046167442225945
 20
32.13572569997683
 30
0.0
  0
VERTEX
  5
4C6
  8
T3_PROFILE_INSIDE_2
 10
2.050829262495812
 20
32.15468173734467
 30
0.0
  0
VERTEX
  5
4C7
  8
T3_PROFILE_INSIDE_2
 10
2.055791845363736
 20
32.17313617064532
 30
0.0
  0
VERTEX
  5
4C8
  8
T3_PROFILE_INSIDE_2
 10
2.061055190829714
 20
32.19108899987879
 30
0.0
  0
VERTEX
  5
4C9
  8
T3_PROFILE_INSIDE_2
 10
2.066619298893749
 20
32.20854022504505
 30
0.0
  0
VERTEX
  5
4CA
  8
T3_PROFILE_INSIDE_2
 10
2.07248416955584
 20
32.22548984614413
 30
0.0
  0
VERTEX
  5
4CB
  8
T3_PROFILE_INSIDE_2
 10
2.078649802815987
 20
32.24193786317601
 30
0.0
  0
VERTEX
  5
4CC
  8
T3_PROFILE_INSIDE_2
 10
2.085116198674189
 20
32.25788427614071
 30
0.0
  0
VERTEX
  5
4CD
  8
T3_PROFILE_INSIDE_2
 10
2.091883357130448
 20
32.27332908503823
 30
0.0
  0
VERTEX
  5
4CE
  8
T3_PROFILE_INSIDE_2
 10
2.098951278184762
 20
32.28827228986855
 30
0.0
  0
VERTEX
  5
4CF
  8
T3_PROFILE_INSIDE_2
 10
2.106319961837132
 20
32.30271389063168
 30
0.0
  0
VERTEX
  5
4D0
  8
T3_PROFILE_INSIDE_2
 10
2.113989408087559
 20
32.31665388732762
 30
0.0
  0
VERTEX
  5
4D1
  8
T3_PROFILE_INSIDE_2
 10
2.121959616936041
 20
32.33009227995637
 30
0.0
  0
VERTEX
  5
4D2
  8
T3_PROFILE_INSIDE_2
 10
2.130230588382579
 20
32.34302906851794
 30
0.0
  0
VERTEX
  5
4D3
  8
T3_PROFILE_INSIDE_2
 10
2.138802322427173
 20
32.35546425301231
 30
0.0
  0
VERTEX
  5
4D4
  8
T3_PROFILE_INSIDE_2
 10
2.147674819069823
 20
32.3673978334395
 30
0.0
  0
VERTEX
  5
4D5
  8
T3_PROFILE_INSIDE_2
 10
2.15684807831053
 20
32.37882980979948
 30
0.0
  0
VERTEX
  5
4D6
  8
T3_PROFILE_INSIDE_2
 10
2.166322100149292
 20
32.38976018209229
 30
0.0
  0
VERTEX
  5
4D7
  8
T3_PROFILE_INSIDE_2
 10
2.176103879065133
 20
32.4002728840662
 30
0.0
  0
VERTEX
  5
4D8
  8
T3_PROFILE_INSIDE_2
 10
2.186200409537081
 20
32.41045184946951
 30
0.0
  0
VERTEX
  5
4D9
  8
T3_PROFILE_INSIDE_2
 10
2.196611691565133
 20
32.42029707830222
 30
0.0
  0
VERTEX
  5
4DA
  8
T3_PROFILE_INSIDE_2
 10
2.207337725149291
 20
32.42980857056432
 30
0.0
  0
VERTEX
  5
4DB
  8
T3_PROFILE_INSIDE_2
 10
2.218378510289553
 20
32.43898632625583
 30
0.0
  0
VERTEX
  5
4DC
  8
T3_PROFILE_INSIDE_2
 10
2.229734046985921
 20
32.44783034537674
 30
0.0
  0
VERTEX
  5
4DD
  8
T3_PROFILE_INSIDE_2
 10
2.241404335238394
 20
32.45634062792705
 30
0.0
  0
VERTEX
  5
4DE
  8
T3_PROFILE_INSIDE_2
 10
2.253389375046972
 20
32.46451717390675
 30
0.0
  0
VERTEX
  5
4DF
  8
T3_PROFILE_INSIDE_2
 10
2.265689166411654
 20
32.47235998331585
 30
0.0
  0
VERTEX
  5
4E0
  8
T3_PROFILE_INSIDE_2
 10
2.278303709332443
 20
32.47986905615436
 30
0.0
  0
VERTEX
  5
4E1
  8
T3_PROFILE_INSIDE_2
 10
2.291233003809335
 20
32.48704439242228
 30
0.0
  0
VERTEX
  5
4E2
  8
T3_PROFILE_INSIDE_2
 10
2.304477049842333
 20
32.49388599211957
 30
0.0
  0
VERTEX
  5
4E3
  8
T3_PROFILE_INSIDE_2
 10
2.318035847431436
 20
32.50039385524629
 30
0.0
  0
VERTEX
  5
4E4
  8
T3_PROFILE_INSIDE_2
 10
2.331909396576645
 20
32.50656798180238
 30
0.0
  0
VERTEX
  5
4E5
  8
T3_PROFILE_INSIDE_2
 10
2.346097697277957
 20
32.51240837178789
 30
0.0
  0
VERTEX
  5
4E6
  8
T3_PROFILE_INSIDE_2
 10
2.360600749535376
 20
32.5179150252028
 30
0.0
  0
VERTEX
  5
4E7
  8
T3_PROFILE_INSIDE_2
 10
2.375418553348899
 20
32.52308794204711
 30
0.0
  0
VERTEX
  5
4E8
  8
T3_PROFILE_INSIDE_2
 10
2.390551108718527
 20
32.5279271223208
 30
0.0
  0
VERTEX
  5
4E9
  8
T3_PROFILE_INSIDE_2
 10
2.40599841564426
 20
32.53243256602391
 30
0.0
  0
VERTEX
  5
4EA
  8
T3_PROFILE_INSIDE_2
 10
2.421760474126098
 20
32.53660427315641
 30
0.0
  0
VERTEX
  5
4EB
  8
T3_PROFILE_INSIDE_2
 10
2.437837284164042
 20
32.54044224371832
 30
0.0
  0
VERTEX
  5
4EC
  8
T3_PROFILE_INSIDE_2
 10
2.454228845758091
 20
32.54394647770961
 30
0.0
  0
VERTEX
  5
4ED
  8
T3_PROFILE_INSIDE_2
 10
2.470935158908244
 20
32.54711697513032
 30
0.0
  0
VERTEX
  5
4EE
  8
T3_PROFILE_INSIDE_2
 10
2.487956223614503
 20
32.54995373598042
 30
0.0
  0
VERTEX
  5
4EF
  8
T3_PROFILE_INSIDE_2
 10
2.505292039876866
 20
32.55245676025993
 30
0.0
  0
VERTEX
  5
4F0
  8
T3_PROFILE_INSIDE_2
 10
2.522942607695335
 20
32.55462604796882
 30
0.0
  0
VERTEX
  5
4F1
  8
T3_PROFILE_INSIDE_2
 10
2.540907927069908
 20
32.55646159910714
 30
0.0
  0
VERTEX
  5
4F2
  8
T3_PROFILE_INSIDE_2
 10
2.559187998000587
 20
32.55796341367483
 30
0.0
  0
VERTEX
  5
4F3
  8
T3_PROFILE_INSIDE_2
 10
2.577782820487371
 20
32.55913149167193
 30
0.0
  0
VERTEX
  5
4F4
  8
T3_PROFILE_INSIDE_2
 10
2.59669239453026
 20
32.55996583309843
 30
0.0
  0
VERTEX
  5
4F5
  8
T3_PROFILE_INSIDE_2
 10
2.615916720129253
 20
32.56046643795433
 30
0.0
  0
VERTEX
  5
4F6
  8
T3_PROFILE_INSIDE_2
 10
2.635455797284353
 20
32.56063330623963
 30
0.0
  0
VERTEX
  5
4F7
  8
T3_PROFILE_INSIDE_2
 10
2.672466583437149
 20
32.56004976684672
 30
0.0
  0
VERTEX
  5
4F8
  8
T3_PROFILE_INSIDE_2
 10
2.690336478133603
 20
32.5593203426056
 30
0.0
  0
VERTEX
  5
4F9
  8
T3_PROFILE_INSIDE_2
 10
2.707782707243425
 20
32.55829914866801
 30
0.0
  0
VERTEX
  5
4FA
  8
T3_PROFILE_INSIDE_2
 10
2.724805270766617
 20
32.55698618503396
 30
0.0
  0
VERTEX
  5
4FB
  8
T3_PROFILE_INSIDE_2
 10
2.74140416870318
 20
32.55538145170348
 30
0.0
  0
VERTEX
  5
4FC
  8
T3_PROFILE_INSIDE_2
 10
2.757579401053112
 20
32.55348494867653
 30
0.0
  0
VERTEX
  5
4FD
  8
T3_PROFILE_INSIDE_2
 10
2.773330967816413
 20
32.55129667595313
 30
0.0
  0
VERTEX
  5
4FE
  8
T3_PROFILE_INSIDE_2
 10
2.788658868993084
 20
32.54881663353328
 30
0.0
  0
VERTEX
  5
4FF
  8
T3_PROFILE_INSIDE_2
 10
2.803563104583125
 20
32.54604482141698
 30
0.0
  0
VERTEX
  5
500
  8
T3_PROFILE_INSIDE_2
 10
2.818043674586536
 20
32.54298123960423
 30
0.0
  0
VERTEX
  5
501
  8
T3_PROFILE_INSIDE_2
 10
2.832100579003316
 20
32.53962588809502
 30
0.0
  0
VERTEX
  5
502
  8
T3_PROFILE_INSIDE_2
 10
2.845733817833466
 20
32.53597876688936
 30
0.0
  0
VERTEX
  5
503
  8
T3_PROFILE_INSIDE_2
 10
2.858943391076986
 20
32.53203987598724
 30
0.0
  0
VERTEX
  5
504
  8
T3_PROFILE_INSIDE_2
 10
2.871729298733876
 20
32.52780921538868
 30
0.0
  0
VERTEX
  5
505
  8
T3_PROFILE_INSIDE_2
 10
2.884091540804135
 20
32.52328678509365
 30
0.0
  0
VERTEX
  5
506
  8
T3_PROFILE_INSIDE_2
 10
2.907832801036058
 20
32.51359843243335
 30
0.0
  0
VERTEX
  5
507
  8
T3_PROFILE_INSIDE_2
 10
2.930454944624053
 20
32.50320663502544
 30
0.0
  0
VERTEX
  5
508
  8
T3_PROFILE_INSIDE_2
 10
2.951957971568119
 20
32.49211139286992
 30
0.0
  0
VERTEX
  5
509
  8
T3_PROFILE_INSIDE_2
 10
2.972341881868255
 20
32.48031270596677
 30
0.0
  0
VERTEX
  5
50A
  8
T3_PROFILE_INSIDE_2
 10
2.991606675524462
 20
32.46781057431602
 30
0.0
  0
VERTEX
  5
50B
  8
T3_PROFILE_INSIDE_2
 10
3.000819403611092
 20
32.46129571671029
 30
0.0
  0
VERTEX
  5
50C
  8
T3_PROFILE_INSIDE_2
 10
3.00975235253674
 20
32.45460499791766
 30
0.0
  0
VERTEX
  5
50D
  8
T3_PROFILE_INSIDE_2
 10
3.018405522301406
 20
32.44773841793813
 30
0.0
  0
VERTEX
  5
50E
  8
T3_PROFILE_INSIDE_2
 10
3.026778912905089
 20
32.44069597677169
 30
0.0
  0
VERTEX
  5
50F
  8
T3_PROFILE_INSIDE_2
 10
3.034872524347791
 20
32.43347767441835
 30
0.0
  0
VERTEX
  5
510
  8
T3_PROFILE_INSIDE_2
 10
3.04268635662951
 20
32.4260835108781
 30
0.0
  0
VERTEX
  5
511
  8
T3_PROFILE_INSIDE_2
 10
3.057626563825963
 20
32.41102339832694
 30
0.0
  0
VERTEX
  5
512
  8
T3_PROFILE_INSIDE_2
 10
3.07175141461041
 20
32.39577143720825
 30
0.0
  0
VERTEX
  5
513
  8
T3_PROFILE_INSIDE_2
 10
3.085060908982852
 20
32.38032762752203
 30
0.0
  0
VERTEX
  5
514
  8
T3_PROFILE_INSIDE_2
 10
3.097555046943289
 20
32.36469196926828
 30
0.0
  0
VERTEX
  5
515
  8
T3_PROFILE_INSIDE_2
 10
3.10923382849172
 20
32.348864462447
 30
0.0
  0
VERTEX
  5
516
  8
T3_PROFILE_INSIDE_2
 10
3.120097253628145
 20
32.33284510705818
 30
0.0
  0
VERTEX
  5
517
  8
T3_PROFILE_INSIDE_2
 10
3.130145322352566
 20
32.31663390310184
 30
0.0
  0
VERTEX
  5
518
  8
T3_PROFILE_INSIDE_2
 10
3.13937803466498
 20
32.30023085057797
 30
0.0
  0
VERTEX
  5
519
  8
T3_PROFILE_INSIDE_2
 10
3.14798723913292
 20
32.28338814508684
 30
0.0
  0
VERTEX
  5
51A
  8
T3_PROFILE_INSIDE_2
 10
3.156164784323916
 20
32.26585798222872
 30
0.0
  0
VERTEX
  5
51B
  8
T3_PROFILE_INSIDE_2
 10
3.163910670237968
 20
32.24764036200362
 30
0.0
  0
VERTEX
  5
51C
  8
T3_PROFILE_INSIDE_2
 10
3.171224896875076
 20
32.22873528441153
 30
0.0
  0
VERTEX
  5
51D
  8
T3_PROFILE_INSIDE_2
 10
3.178107464235239
 20
32.20914274945245
 30
0.0
  0
VERTEX
  5
51E
  8
T3_PROFILE_INSIDE_2
 10
3.184558372318459
 20
32.1888627571264
 30
0.0
  0
VERTEX
  5
51F
  8
T3_PROFILE_INSIDE_2
 10
3.190577621124735
 20
32.16789530743335
 30
0.0
  0
VERTEX
  5
520
  8
T3_PROFILE_INSIDE_2
 10
3.196165210654066
 20
32.14624040037333
 30
0.0
  0
VERTEX
  5
521
  8
T3_PROFILE_INSIDE_2
 10
3.201245200848473
 20
32.12520900115778
 30
0.0
  0
VERTEX
  5
522
  8
T3_PROFILE_INSIDE_2
 10
3.205997449740015
 20
32.10406569027784
 30
0.0
  0
VERTEX
  5
523
  8
T3_PROFILE_INSIDE_2
 10
3.210421957328692
 20
32.08281046773349
 30
0.0
  0
VERTEX
  5
524
  8
T3_PROFILE_INSIDE_2
 10
3.214518723614503
 20
32.06144333352476
 30
0.0
  0
VERTEX
  5
525
  8
T3_PROFILE_INSIDE_2
 10
3.21828774859745
 20
32.03996428765164
 30
0.0
  0
VERTEX
  5
526
  8
T3_PROFILE_INSIDE_2
 10
3.221729032277532
 20
32.01837333011412
 30
0.0
  0
VERTEX
  5
527
  8
T3_PROFILE_INSIDE_2
 10
3.224842574654748
 20
31.99667046091221
 30
0.0
  0
VERTEX
  5
528
  8
T3_PROFILE_INSIDE_2
 10
3.2276283757291
 20
31.97485568004591
 30
0.0
  0
VERTEX
  5
529
  8
T3_PROFILE_INSIDE_2
 10
3.230086435500588
 20
31.95292898751521
 30
0.0
  0
VERTEX
  5
52A
  8
T3_PROFILE_INSIDE_2
 10
3.232216753969209
 20
31.93089038332012
 30
0.0
  0
VERTEX
  5
52B
  8
T3_PROFILE_INSIDE_2
 10
3.234019331134967
 20
31.90873986746064
 30
0.0
  0
VERTEX
  5
52C
  8
T3_PROFILE_INSIDE_2
 10
3.235494166997859
 20
31.88647743993677
 30
0.0
  0
VERTEX
  5
52D
  8
T3_PROFILE_INSIDE_2
 10
3.236641261557886
 20
31.86410310074849
 30
0.0
  0
VERTEX
  5
52E
  8
T3_PROFILE_INSIDE_2
 10
3.237460614815048
 20
31.84161684989584
 30
0.0
  0
VERTEX
  5
52F
  8
T3_PROFILE_INSIDE_2
 10
3.237952226769345
 20
31.81901868737879
 30
0.0
  0
VERTEX
  5
530
  8
T3_PROFILE_INSIDE_2
 10
3.238116097420778
 20
31.79630861319734
 30
0.0
  0
VERTEX
  5
531
  8
T3_PROFILE_INSIDE_2
 10
3.237576523324598
 20
31.74613221909775
 30
0.0
  0
VERTEX
  5
532
  8
T3_PROFILE_INSIDE_2
 10
3.235957801036058
 20
31.69766647472531
 30
0.0
  0
VERTEX
  5
533
  8
T3_PROFILE_INSIDE_2
 10
3.233259930555158
 20
31.65091138008001
 30
0.0
  0
VERTEX
  5
534
  8
T3_PROFILE_INSIDE_2
 10
3.231506314742572
 20
31.62817532640505
 30
0.0
  0
VERTEX
  5
535
  8
T3_PROFILE_INSIDE_2
 10
3.229482911881897
 20
31.60586693516187
 30
0.0
  0
VERTEX
  5
536
  8
T3_PROFILE_INSIDE_2
 10
3.227189721973132
 20
31.58398620635048
 30
0.0
  0
VERTEX
  5
537
  8
T3_PROFILE_INSIDE_2
 10
3.224626745016276
 20
31.56253313997087
 30
0.0
  0
VERTEX
  5
538
  8
T3_PROFILE_INSIDE_2
 10
3.221793981011331
 20
31.54150773602306
 30
0.0
  0
VERTEX
  5
539
  8
T3_PROFILE_INSIDE_2
 10
3.218691429958295
 20
31.52090999450703
 30
0.0
  0
VERTEX
  5
53A
  8
T3_PROFILE_INSIDE_2
 10
3.21531909185717
 20
31.50073991542278
 30
0.0
  0
VERTEX
  5
53B
  8
T3_PROFILE_INSIDE_2
 10
3.211676966707954
 20
31.48099749877032
 30
0.0
  0
VERTEX
  5
53C
  8
T3_PROFILE_INSIDE_2
 10
3.207765054510649
 20
31.46168274454966
 30
0.0
  0
VERTEX
  5
53D
  8
T3_PROFILE_INSIDE_2
 10
3.203583355265253
 20
31.44279565276078
 30
0.0
  0
VERTEX
  5
53E
  8
T3_PROFILE_INSIDE_2
 10
3.199131868971768
 20
31.42433622340369
 30
0.0
  0
VERTEX
  5
53F
  8
T3_PROFILE_INSIDE_2
 10
3.194410595630192
 20
31.40630445647838
 30
0.0
  0
VERTEX
  5
540
  8
T3_PROFILE_INSIDE_2
 10
3.189419535240527
 20
31.38870035198486
 30
0.0
  0
VERTEX
  5
541
  8
T3_PROFILE_INSIDE_2
 10
3.18415868780277
 20
31.37152390992312
 30
0.0
  0
VERTEX
  5
542
  8
T3_PROFILE_INSIDE_2
 10
3.178628053316924
 20
31.35477513029318
 30
0.0
  0
VERTEX
  5
543
  8
T3_PROFILE_INSIDE_2
 10
3.172827631782988
 20
31.33845401309502
 30
0.0
  0
VERTEX
  5
544
  8
T3_PROFILE_INSIDE_2
 10
3.166757423200963
 20
31.32256055832865
 30
0.0
  0
VERTEX
  5
545
  8
T3_PROFILE_INSIDE_2
 10
3.160417427570847
 20
31.30709476599406
 30
0.0
  0
VERTEX
  5
546
  8
T3_PROFILE_INSIDE_2
 10
3.153807644892641
 20
31.29205663609127
 30
0.0
  0
VERTEX
  5
547
  8
T3_PROFILE_INSIDE_2
 10
3.146928075166345
 20
31.27744616862026
 30
0.0
  0
VERTEX
  5
548
  8
T3_PROFILE_INSIDE_2
 10
3.139778718391959
 20
31.26326336358104
 30
0.0
  0
VERTEX
  5
549
  8
T3_PROFILE_INSIDE_2
 10
3.132359574569483
 20
31.2495082209736
 30
0.0
  0
VERTEX
  5
54A
  8
T3_PROFILE_INSIDE_2
 10
3.124670643698917
 20
31.23618074079796
 30
0.0
  0
VERTEX
  5
54B
  8
T3_PROFILE_INSIDE_2
 10
3.11671192578026
 20
31.22328092305409
 30
0.0
  0
VERTEX
  5
54C
  8
T3_PROFILE_INSIDE_2
 10
3.108483420813514
 20
31.21080876774202
 30
0.0
  0
VERTEX
  5
54D
  8
T3_PROFILE_INSIDE_2
 10
3.099985128798678
 20
31.19876427486173
 30
0.0
  0
VERTEX
  5
54E
  8
T3_PROFILE_INSIDE_2
 10
3.091157097058399
 20
31.18711846728584
 30
0.0
  0
VERTEX
  5
54F
  8
T3_PROFILE_INSIDE_2
 10
3.081939372915322
 20
31.17584236788697
 30
0.0
  0
VERTEX
  5
550
  8
T3_PROFILE_INSIDE_2
 10
3.072331956369449
 20
31.16493597666511
 30
0.0
  0
VERTEX
  5
551
  8
T3_PROFILE_INSIDE_2
 10
3.062334847420779
 20
31.15439929362026
 30
0.0
  0
VERTEX
  5
552
  8
T3_PROFILE_INSIDE_2
 10
3.051948046069312
 20
31.14423231875242
 30
0.0
  0
VERTEX
  5
553
  8
T3_PROFILE_INSIDE_2
 10
3.041171552315049
 20
31.13443505206159
 30
0.0
  0
VERTEX
  5
554
  8
T3_PROFILE_INSIDE_2
 10
3.030005366157989
 20
31.12500749354778
 30
0.0
  0
VERTEX
  5
555
  8
T3_PROFILE_INSIDE_2
 10
3.018449487598132
 20
31.11594964321098
 30
0.0
  0
VERTEX
  5
556
  8
T3_PROFILE_INSIDE_2
 10
3.006503916635479
 20
31.10726150105119
 30
0.0
  0
VERTEX
  5
557
  8
T3_PROFILE_INSIDE_2
 10
2.994168653270028
 20
31.09894306706842
 30
0.0
  0
VERTEX
  5
558
  8
T3_PROFILE_INSIDE_2
 10
2.981443697501781
 20
31.09099434126265
 30
0.0
  0
VERTEX
  5
559
  8
T3_PROFILE_INSIDE_2
 10
2.968329049330737
 20
31.0834153236339
 30
0.0
  0
VERTEX
  5
55A
  8
T3_PROFILE_INSIDE_2
 10
2.954824708756897
 20
31.07620601418216
 30
0.0
  0
VERTEX
  5
55B
  8
T3_PROFILE_INSIDE_2
 10
2.94093067578026
 20
31.06936641290743
 30
0.0
  0
VERTEX
  5
55C
  8
T3_PROFILE_INSIDE_2
 10
2.926646950400826
 20
31.06289651980972
 30
0.0
  0
VERTEX
  5
55D
  8
T3_PROFILE_INSIDE_2
 10
2.911973532618596
 20
31.05679633488902
 30
0.0
  0
VERTEX
  5
55E
  8
T3_PROFILE_INSIDE_2
 10
2.896910422433569
 20
31.05106585814533
 30
0.0
  0
VERTEX
  5
55F
  8
T3_PROFILE_INSIDE_2
 10
2.881457619845744
 20
31.04570508957865
 30
0.0
  0
VERTEX
  5
560
  8
T3_PROFILE_INSIDE_2
 10
2.865615124855124
 20
31.04071402918899
 30
0.0
  0
VERTEX
  5
561
  8
T3_PROFILE_INSIDE_2
 10
2.849382937461706
 20
31.03609267697633
 30
0.0
  0
VERTEX
  5
562
  8
T3_PROFILE_INSIDE_2
 10
2.832761057665492
 20
31.03184103294069
 30
0.0
  0
VERTEX
  5
563
  8
T3_PROFILE_INSIDE_2
 10
2.815749485466481
 20
31.02795909708206
 30
0.0
  0
VERTEX
  5
564
  8
T3_PROFILE_INSIDE_2
 10
2.798348220864673
 20
31.02444686940044
 30
0.0
  0
VERTEX
  5
565
  8
T3_PROFILE_INSIDE_2
 10
2.780557263860069
 20
31.02130434989584
 30
0.0
  0
VERTEX
  5
566
  8
T3_PROFILE_INSIDE_2
 10
2.762376614452668
 20
31.01853153856825
 30
0.0
  0
VERTEX
  5
567
  8
T3_PROFILE_INSIDE_2
 10
2.74380627264247
 20
31.01612843541767
 30
0.0
  0
VERTEX
  5
568
  8
T3_PROFILE_INSIDE_2
 10
2.724846238429476
 20
31.0140950404441
 30
0.0
  0
VERTEX
  5
569
  8
T3_PROFILE_INSIDE_2
 10
2.705496511813684
 20
31.01243135364754
 30
0.0
  0
VERTEX
  5
56A
  8
T3_PROFILE_INSIDE_2
 10
2.685757092795097
 20
31.011137375028
 30
0.0
  0
VERTEX
  5
56B
  8
T3_PROFILE_INSIDE_2
 10
2.665627981373712
 20
31.01021310458547
 30
0.0
  0
VERTEX
  5
56C
  8
T3_PROFILE_INSIDE_2
 10
2.64510917754953
 20
31.00965854231995
 30
0.0
  0
VERTEX
  5
56D
  8
T3_PROFILE_INSIDE_2
 10
2.624200681322552
 20
31.00947368823145
 30
0.0
  0
VERTEX
  5
56E
  8
T3_PROFILE_INSIDE_2
 10
2.600823133999905
 20
31.0097095020957
 30
0.0
  0
VERTEX
  5
56F
  8
T3_PROFILE_INSIDE_2
 10
2.578013138689536
 20
31.01041694368847
 30
0.0
  0
VERTEX
  5
570
  8
T3_PROFILE_INSIDE_2
 10
2.555770695391446
 20
31.01159601300976
 30
0.0
  0
VERTEX
  5
571
  8
T3_PROFILE_INSIDE_2
 10
2.534095804105635
 20
31.01324671005955
 30
0.0
  0
VERTEX
  5
572
  8
T3_PROFILE_INSIDE_2
 10
2.512988464832102
 20
31.01536903483786
 30
0.0
  0
VERTEX
  5
573
  8
T3_PROFILE_INSIDE_2
 10
2.492448677570846
 20
31.01796298734468
 30
0.0
  0
VERTEX
  5
574
  8
T3_PROFILE_INSIDE_2
 10
2.472476442321869
 20
31.02102856758001
 30
0.0
  0
VERTEX
  5
575
  8
T3_PROFILE_INSIDE_2
 10
2.453071759085171
 20
31.02456577554386
 30
0.0
  0
VERTEX
  5
576
  8
T3_PROFILE_INSIDE_2
 10
2.434234627860751
 20
31.02857461123622
 30
0.0
  0
VERTEX
  5
577
  8
T3_PROFILE_INSIDE_2
 10
2.415965048648609
 20
31.0330550746571
 30
0.0
  0
VERTEX
  5
578
  8
T3_PROFILE_INSIDE_2
 10
2.398263021448745
 20
31.03800716580648
 30
0.0
  0
VERTEX
  5
579
  8
T3_PROFILE_INSIDE_2
 10
2.38112854626116
 20
31.04343088468438
 30
0.0
  0
VERTEX
  5
57A
  8
T3_PROFILE_INSIDE_2
 10
2.364561623085853
 20
31.0493262312908
 30
0.0
  0
VERTEX
  5
57B
  8
T3_PROFILE_INSIDE_2
 10
2.348562251922825
 20
31.05569320562572
 30
0.0
  0
VERTEX
  5
57C
  8
T3_PROFILE_INSIDE_2
 10
2.333130432772074
 20
31.06253180768915
 30
0.0
  0
VERTEX
  5
57D
  8
T3_PROFILE_INSIDE_2
 10
2.318266165633602
 20
31.0698420374811
 30
0.0
  0
VERTEX
  5
57E
  8
T3_PROFILE_INSIDE_2
 10
2.303849545152702
 20
31.07760790762094
 30
0.0
  0
VERTEX
  5
57F
  8
T3_PROFILE_INSIDE_2
 10
2.289760665974666
 20
31.08581343072803
 30
0.0
  0
VERTEX
  5
580
  8
T3_PROFILE_INSIDE_2
 10
2.275999528099495
 20
31.09445860680238
 30
0.0
  0
VERTEX
  5
581
  8
T3_PROFILE_INSIDE_2
 10
2.26256613152719
 20
31.103543435844
 30
0.0
  0
VERTEX
  5
582
  8
T3_PROFILE_INSIDE_2
 10
2.249460476257749
 20
31.11306791785286
 30
0.0
  0
VERTEX
  5
583
  8
T3_PROFILE_INSIDE_2
 10
2.236682562291174
 20
31.12303205282899
 30
0.0
  0
VERTEX
  5
584
  8
T3_PROFILE_INSIDE_2
 10
2.224232389627463
 20
31.13343584077237
 30
0.0
  0
VERTEX
  5
585
  8
T3_PROFILE_INSIDE_2
 10
2.212109958266617
 20
31.14427928168301
 30
0.0
  0
VERTEX
  5
586
  8
T3_PROFILE_INSIDE_2
 10
2.200315268208636
 20
31.15556237556091
 30
0.0
  0
VERTEX
  5
587
  8
T3_PROFILE_INSIDE_2
 10
2.18884831945352
 20
31.16728512240607
 30
0.0
  0
VERTEX
  5
588
  8
T3_PROFILE_INSIDE_2
 10
2.177709112001269
 20
31.17944752221848
 30
0.0
  0
VERTEX
  5
589
  8
T3_PROFILE_INSIDE_2
 10
2.166897645851883
 20
31.19204957499816
 30
0.0
  0
VERTEX
  5
58A
  8
T3_PROFILE_INSIDE_2
 10
2.156413921005361
 20
31.20509128074509
 30
0.0
  0
VERTEX
  5
58B
  8
T3_PROFILE_INSIDE_2
 10
2.146257937461706
 20
31.21857263945928
 30
0.0
  0
VERTEX
  5
58C
  8
T3_PROFILE_INSIDE_2
 10
2.136429695220914
 20
31.23249365114073
 30
0.0
  0
VERTEX
  5
58D
  8
T3_PROFILE_INSIDE_2
 10
2.126929194282988
 20
31.24685431578943
 30
0.0
  0
VERTEX
  5
58E
  8
T3_PROFILE_INSIDE_2
 10
2.120244470758091
 20
31.25745195072292
 30
0.0
  0
VERTEX
  5
58F
  8
T3_PROFILE_INSIDE_2
 10
2.113747598955567
 20
31.26852521023008
 30
0.0
  0
VERTEX
  5
590
  8
T3_PROFILE_INSIDE_2
 10
2.107438578875417
 20
31.28007409431092
 30
0.0
  0
VERTEX
  5
591
  8
T3_PROFILE_INSIDE_2
 10
2.10131741051764
 20
31.29209860296542
 30
0.0
  0
VERTEX
  5
592
  8
T3_PROFILE_INSIDE_2
 10
2.095384093882238
 20
31.30459873619359
 30
0.0
  0
VERTEX
  5
593
  8
T3_PROFILE_INSIDE_2
 10
2.089638628969209
 20
31.31757449399543
 30
0.0
  0
VERTEX
  5
594
  8
T3_PROFILE_INSIDE_2
 10
2.084081015778555
 20
31.33102587637094
 30
0.0
  0
VERTEX
  5
595
  8
T3_PROFILE_INSIDE_2
 10
2.078711254310273
 20
31.34495288332012
 30
0.0
  0
VERTEX
  5
596
  8
T3_PROFILE_INSIDE_2
 10
2.073529344564366
 20
31.35935551484297
 30
0.0
  0
VERTEX
  5
597
  8
T3_PROFILE_INSIDE_2
 10
2.068535286540833
 20
31.37423377093949
 30
0.0
  0
VERTEX
  5
598
  8
T3_PROFILE_INSIDE_2
 10
2.063729080239673
 20
31.38958765160968
 30
0.0
  0
VERTEX
  5
599
  8
T3_PROFILE_INSIDE_2
 10
2.059110725660887
 20
31.40541715685355
 30
0.0
  0
VERTEX
  5
59A
  8
T3_PROFILE_INSIDE_2
 10
2.054680222804476
 20
31.42172228667107
 30
0.0
  0
VERTEX
  5
59B
  8
T3_PROFILE_INSIDE_2
 10
2.050437571670437
 20
31.43850304106227
 30
0.0
  0
VERTEX
  5
59C
  8
T3_PROFILE_INSIDE_2
 10
2.042515824569482
 20
31.47349142356569
 30
0.0
  0
VERTEX
  5
59D
  8
T3_PROFILE_INSIDE_2
 10
2.035441408641788
 20
31.50990268294495
 30
0.0
  0
VERTEX
  5
59E
  8
T3_PROFILE_INSIDE_2
 10
2.02931024817112
 20
31.54725719778124
 30
0.0
  0
VERTEX
  5
59F
  8
T3_PROFILE_INSIDE_2
 10
2.024122343157477
 20
31.58555496807455
 30
0.0
  0
VERTEX
  5
5A0
  8
T3_PROFILE_INSIDE_2
 10
2.01987769360086
 20
31.6247959938249
 30
0.0
  0
VERTEX
  5
5A1
  8
T3_PROFILE_INSIDE_2
 10
2.01657629950127
 20
31.66498027503226
 30
0.0
  0
VERTEX
  5
5A2
  8
T3_PROFILE_INSIDE_2
 10
2.014218160858705
 20
31.70610781169666
 30
0.0
  0
VERTEX
  5
5A3
  8
T3_PROFILE_INSIDE_2
 10
2.012803277673166
 20
31.74817860381808
 30
0.0
  0
SEQEND
  5
1607
  8
T3_PROFILE_INSIDE_2
  0
POLYLINE
  5
7F
  8
T3_PROFILE_INSIDE_2
 66
     1
 10
0.0
 20
0.0
 30
0.0
 70
     1
  0
VERTEX
  5
5A4
  8
T3_PROFILE_INSIDE_2
 10
0.783477625388036
 20
32.53505349723554
 30
0.0
  0
VERTEX
  5
5A5
  8
T3_PROFILE_INSIDE_2
 10
1.772904637666344
 20
32.53505349723554
 30
0.0
  0
VERTEX
  5
5A6
  8
T3_PROFILE_INSIDE_2
 10
1.772904637666344
 20
32.20251598018233
 30
0.0
  0
VERTEX
  5
5A7
  8
T3_PROFILE_INSIDE_2
 10
1.102713641759114
 20
32.20251598018233
 30
0.0
  0
VERTEX
  5
5A8
  8
T3_PROFILE_INSIDE_2
 10
1.066901909153384
 20
31.97741366094631
 30
0.0
  0
VERTEX
  5
5A9
  8
T3_PROFILE_INSIDE_2
 10
1.084272198205225
 20
31.98534340173758
 30
0.0
  0
VERTEX
  5
5AA
  8
T3_PROFILE_INSIDE_2
 10
1.101594525115185
 20
31.99276154634877
 30
0.0
  0
VERTEX
  5
5AB
  8
T3_PROFILE_INSIDE_2
 10
1.118868889883261
 20
31.99966809477988
 30
0.0
  0
VERTEX
  5
5AC
  8
T3_PROFILE_INSIDE_2
 10
1.136095292509455
 20
32.00606304703091
 30
0.0
  0
VERTEX
  5
5AD
  8
T3_PROFILE_INSIDE_2
 10
1.153273732993766
 20
32.01194640310185
 30
0.0
  0
VERTEX
  5
5AE
  8
T3_PROFILE_INSIDE_2
 10
1.170404211336194
 20
32.01731816299271
 30
0.0
  0
VERTEX
  5
5AF
  8
T3_PROFILE_INSIDE_2
 10
1.18748672753674
 20
32.02217832670348
 30
0.0
  0
VERTEX
  5
5B0
  8
T3_PROFILE_INSIDE_2
 10
1.204521281595403
 20
32.02652689423417
 30
0.0
  0
VERTEX
  5
5B1
  8
T3_PROFILE_INSIDE_2
 10
1.221507873512183
 20
32.03036386558479
 30
0.0
  0
VERTEX
  5
5B2
  8
T3_PROFILE_INSIDE_2
 10
1.238446503287081
 20
32.03368924075532
 30
0.0
  0
VERTEX
  5
5B3
  8
T3_PROFILE_INSIDE_2
 10
1.255337170920096
 20
32.03650301974577
 30
0.0
  0
VERTEX
  5
5B4
  8
T3_PROFILE_INSIDE_2
 10
1.272179876411228
 20
32.03880520255614
 30
0.0
  0
VERTEX
  5
5B5
  8
T3_PROFILE_INSIDE_2
 10
1.288974619760478
 20
32.04059578918643
 30
0.0
  0
VERTEX
  5
5B6
  8
T3_PROFILE_INSIDE_2
 10
1.305721400967845
 20
32.04187477963664
 30
0.0
  0
VERTEX
  5
5B7
  8
T3_PROFILE_INSIDE_2
 10
1.322420220033329
 20
32.04264217390676
 30
0.0
  0
VERTEX
  5
5B8
  8
T3_PROFILE_INSIDE_2
 10
1.339071076956931
 20
32.04289797199679
 30
0.0
  0
VERTEX
  5
5B9
  8
T3_PROFILE_INSIDE_2
 10
1.366877128713411
 20
32.04236639159092
 30
0.0
  0
VERTEX
  5
5BA
  8
T3_PROFILE_INSIDE_2
 10
1.394019704173848
 20
32.04077165037332
 30
0.0
  0
VERTEX
  5
5BB
  8
T3_PROFILE_INSIDE_2
 10
1.42049880333824
 20
32.038113748344
 30
0.0
  0
VERTEX
  5
5BC
  8
T3_PROFILE_INSIDE_2
 10
1.44631442620659
 20
32.03439268550293
 30
0.0
  0
VERTEX
  5
5BD
  8
T3_PROFILE_INSIDE_2
 10
1.471466572778895
 20
32.02960846185013
 30
0.0
  0
VERTEX
  5
5BE
  8
T3_PROFILE_INSIDE_2
 10
1.495955243055157
 20
32.0237610773856
 30
0.0
  0
VERTEX
  5
5BF
  8
T3_PROFILE_INSIDE_2
 10
1.507950774582272
 20
32.02043869984894
 30
0.0
  0
VERTEX
  5
5C0
  8
T3_PROFILE_INSIDE_2
 10
1.519780437035376
 20
32.01685053210934
 30
0.0
  0
VERTEX
  5
5C1
  8
T3_PROFILE_INSIDE_2
 10
1.531444230414468
 20
32.01299657416681
 30
0.0
  0
VERTEX
  5
5C2
  8
T3_PROFILE_INSIDE_2
 10
1.54294215471955
 20
32.00887682602135
 30
0.0
  0
VERTEX
  5
5C3
  8
T3_PROFILE_INSIDE_2
 10
1.554274209950621
 20
32.00449128767295
 30
0.0
  0
VERTEX
  5
5C4
  8
T3_PROFILE_INSIDE_2
 10
1.565440396107681
 20
31.99983995912162
 30
0.0
  0
VERTEX
  5
5C5
  8
T3_PROFILE_INSIDE_2
 10
1.57644071319073
 20
31.99492284036736
 30
0.0
  0
VERTEX
  5
5C6
  8
T3_PROFILE_INSIDE_2
 10
1.587275161199769
 20
31.98973993141016
 30
0.0
  0
VERTEX
  5
5C7
  8
T3_PROFILE_INSIDE_2
 10
1.597943740134796
 20
31.98429123225003
 30
0.0
  0
VERTEX
  5
5C8
  8
T3_PROFILE_INSIDE_2
 10
1.608446449995812
 20
31.97857674288697
 30
0.0
  0
VERTEX
  5
5C9
  8
T3_PROFILE_INSIDE_2
 10
1.618783290782818
 20
31.97259646332097
 30
0.0
  0
VERTEX
  5
5CA
  8
T3_PROFILE_INSIDE_2
 10
1.628954262495812
 20
31.96635039355204
 30
0.0
  0
VERTEX
  5
5CB
  8
T3_PROFILE_INSIDE_2
 10
1.638959365134796
 20
31.95983853358018
 30
0.0
  0
VERTEX
  5
5CC
  8
T3_PROFILE_INSIDE_2
 10
1.648798598699769
 20
31.95306088340539
 30
0.0
  0
VERTEX
  5
5CD
  8
T3_PROFILE_INSIDE_2
 10
1.65847196319073
 20
31.94601744302766
 30
0.0
  0
VERTEX
  5
5CE
  8
T3_PROFILE_INSIDE_2
 10
1.667979458607681
 20
31.938708212447
 30
0.0
  0
VERTEX
  5
5CF
  8
T3_PROFILE_INSIDE_2
 10
1.677321084950621
 20
31.9311331916634
 30
0.0
  0
VERTEX
  5
5D0
  8
T3_PROFILE_INSIDE_2
 10
1.68649684221955
 20
31.92329238067687
 30
0.0
  0
VERTEX
  5
5D1
  8
T3_PROFILE_INSIDE_2
 10
1.695506730414468
 20
31.91518577948741
 30
0.0
  0
VERTEX
  5
5D2
  8
T3_PROFILE_INSIDE_2
 10
1.704350749535376
 20
31.90681338809502
 30
0.0
  0
VERTEX
  5
5D3
  8
T3_PROFILE_INSIDE_2
 10
1.721325350916685
 20
31.88952703279147
 30
0.0
  0
VERTEX
  5
5D4
  8
T3_PROFILE_INSIDE_2
 10
1.737204816725007
 20
31.87168911285627
 30
0.0
  0
VERTEX
  5
5D5
  8
T3_PROFILE_INSIDE_2
 10
1.751989146960341
 20
31.85329962828942
 30
0.0
  0
VERTEX
  5
5D6
  8
T3_PROFILE_INSIDE_2
 10
1.758970636238138
 20
31.84389804926913
 30
0.0
  0
VERTEX
  5
5D7
  8
T3_PROFILE_INSIDE_2
 10
1.765678341622688
 20
31.83435857909092
 30
0.0
  0
VERTEX
  5
5D8
  8
T3_PROFILE_INSIDE_2
 10
1.772112263113991
 20
31.82468121775481
 30
0.0
  0
VERTEX
  5
5D9
  8
T3_PROFILE_INSIDE_2
 10
1.778272400712047
 20
31.81486596526077
 30
0.0
  0
VERTEX
  5
5DA
  8
T3_PROFILE_INSIDE_2
 10
1.784158754416856
 20
31.80491282160883
 30
0.0
  0
VERTEX
  5
5DB
  8
T3_PROFILE_INSIDE_2
 10
1.789771324228418
 20
31.79482178679897
 30
0.0
  0
VERTEX
  5
5DC
  8
T3_PROFILE_INSIDE_2
 10
1.795110110146733
 20
31.7845928608312
 30
0.0
  0
VERTEX
  5
5DD
  8
T3_PROFILE_INSIDE_2
 10
1.800175112171801
 20
31.77422604370552
 30
0.0
  0
VERTEX
  5
5DE
  8
T3_PROFILE_INSIDE_2
 10
1.804966330303623
 20
31.76372133542193
 30
0.0
  0
VERTEX
  5
5DF
  8
T3_PROFILE_INSIDE_2
 10
1.809483764542197
 20
31.75307873598042
 30
0.0
  0
VERTEX
  5
5E0
  8
T3_PROFILE_INSIDE_2
 10
1.813727414887524
 20
31.742298245381
 30
0.0
  0
VERTEX
  5
5E1
  8
T3_PROFILE_INSIDE_2
 10
1.817697281339605
 20
31.73137986362366
 30
0.0
  0
VERTEX
  5
5E2
  8
T3_PROFILE_INSIDE_2
 10
1.821393363898438
 20
31.72032359070842
 30
0.0
  0
VERTEX
  5
5E3
  8
T3_PROFILE_INSIDE_2
 10
1.824815662564025
 20
31.70912942663526
 30
0.0
  0
VERTEX
  5
5E4
  8
T3_PROFILE_INSIDE_2
 10
1.830838908215457
 20
31.68632742501521
 30
0.0
  0
VERTEX
  5
5E5
  8
T3_PROFILE_INSIDE_2
 10
1.835767018293902
 20
31.6629738587635
 30
0.0
  0
VERTEX
  5
5E6
  8
T3_PROFILE_INSIDE_2
 10
1.839599992799359
 20
31.63906872788014
 30
0.0
  0
VERTEX
  5
5E7
  8
T3_PROFILE_INSIDE_2
 10
1.842337831731829
 20
31.61461203236514
 30
0.0
  0
VERTEX
  5
5E8
  8
T3_PROFILE_INSIDE_2
 10
1.84398053509131
 20
31.58960377221848
 30
0.0
  0
VERTEX
  5
5E9
  8
T3_PROFILE_INSIDE_2
 10
1.844528102877804
 20
31.56404394744018
 30
0.0
  0
VERTEX
  5
5EA
  8
T3_PROFILE_INSIDE_2
 10
1.844246325294243
 20
31.545926248344
 30
0.0
  0
VERTEX
  5
5EB
  8
T3_PROFILE_INSIDE_2
 10
1.843400992543561
 20
31.52789647984127
 30
0.0
  0
VERTEX
  5
5EC
  8
T3_PROFILE_INSIDE_2
 10
1.841992104625758
 20
31.50995464193199
 30
0.0
  0
VERTEX
  5
5ED
  8
T3_PROFILE_INSIDE_2
 10
1.840019661540833
 20
31.49210073461617
 30
0.0
  0
VERTEX
  5
5EE
  8
T3_PROFILE_INSIDE_2
 10
1.837483663288786
 20
31.47433475789379
 30
0.0
  0
VERTEX
  5
5EF
  8
T3_PROFILE_INSIDE_2
 10
1.834384109869619
 20
31.45665671176487
 30
0.0
  0
VERTEX
  5
5F0
  8
T3_PROFILE_INSIDE_2
 10
1.830721001283329
 20
31.4390665962294
 30
0.0
  0
VERTEX
  5
5F1
  8
T3_PROFILE_INSIDE_2
 10
1.826494337529919
 20
31.42156441128738
 30
0.0
  0
VERTEX
  5
5F2
  8
T3_PROFILE_INSIDE_2
 10
1.821704118609387
 20
31.40415015693881
 30
0.0
  0
VERTEX
  5
5F3
  8
T3_PROFILE_INSIDE_2
 10
1.816350344521733
 20
31.38682383318369
 30
0.0
  0
VERTEX
  5
5F4
  8
T3_PROFILE_INSIDE_2
 10
1.810433015266958
 20
31.36958544002203
 30
0.0
  0
VERTEX
  5
5F5
  8
T3_PROFILE_INSIDE_2
 10
1.803952130845062
 20
31.35243497745382
 30
0.0
  0
VERTEX
  5
5F6
  8
T3_PROFILE_INSIDE_2
 10
1.796907691256044
 20
31.33537244547906
 30
0.0
  0
VERTEX
  5
5F7
  8
T3_PROFILE_INSIDE_2
 10
1.789299696499905
 20
31.31839784409775
 30
0.0
  0
VERTEX
  5
5F8
  8
T3_PROFILE_INSIDE_2
 10
1.781128146576644
 20
31.30151117330989
 30
0.0
  0
VERTEX
  5
5F9
  8
T3_PROFILE_INSIDE_2
 10
1.772393041486263
 20
31.28471243311548
 30
0.0
  0
VERTEX
  5
5FA
  8
T3_PROFILE_INSIDE_2
 10
1.763140344948063
 20
31.26820546261753
 30
0.0
  0
VERTEX
  5
5FB
  8
T3_PROFILE_INSIDE_2
 10
1.753416020681351
 20
31.25219410091903
 30
0.0
  0
VERTEX
  5
5FC
  8
T3_PROFILE_INSIDE_2
 10
1.743220068686126
 20
31.23667834801998
 30
0.0
  0
VERTEX
  5
5FD
  8
T3_PROFILE_INSIDE_2
 10
1.732552488962388
 20
31.22165820392039
 30
0.0
  0
VERTEX
  5
5FE
  8
T3_PROFILE_INSIDE_2
 10
1.721413281510137
 20
31.20713366862025
 30
0.0
  0
VERTEX
  5
5FF
  8
T3_PROFILE_INSIDE_2
 10
1.709802446329373
 20
31.19310474211957
 30
0.0
  0
VERTEX
  5
600
  8
T3_PROFILE_INSIDE_2
 10
1.697719983420096
 20
31.17957142441834
 30
0.0
  0
VERTEX
  5
601
  8
T3_PROFILE_INSIDE_2
 10
1.685165892782306
 20
31.16653371551657
 30
0.0
  0
VERTEX
  5
602
  8
T3_PROFILE_INSIDE_2
 10
1.672140174416003
 20
31.15399161541425
 30
0.0
  0
VERTEX
  5
603
  8
T3_PROFILE_INSIDE_2
 10
1.658642828321187
 20
31.14194512411139
 30
0.0
  0
VERTEX
  5
604
  8
T3_PROFILE_INSIDE_2
 10
1.644673854497858
 20
31.13039424160798
 30
0.0
  0
VERTEX
  5
605
  8
T3_PROFILE_INSIDE_2
 10
1.630233252946017
 20
31.11933896790402
 30
0.0
  0
VERTEX
  5
606
  8
T3_PROFILE_INSIDE_2
 10
1.615321023665662
 20
31.10877930299952
 30
0.0
  0
VERTEX
  5
607
  8
T3_PROFILE_INSIDE_2
 10
1.599937166656794
 20
31.09871524689447
 30
0.0
  0
VERTEX
  5
608
  8
T3_PROFILE_INSIDE_2
 10
1.584081681919414
 20
31.08914679958887
 30
0.0
  0
VERTEX
  5
609
  8
T3_PROFILE_INSIDE_2
 10
1.56775456945352
 20
31.08007396108274
 30
0.0
  0
VERTEX
  5
60A
  8
T3_PROFILE_INSIDE_2
 10
1.550901871849496
 20
31.07152470929216
 30
0.0
  0
VERTEX
  5
60B
  8
T3_PROFILE_INSIDE_2
 10
1.533469631697722
 20
31.06352702213322
 30
0.0
  0
VERTEX
  5
60C
  8
T3_PROFILE_INSIDE_2
 10
1.515457848998199
 20
31.05608089960594
 30
0.0
  0
VERTEX
  5
60D
  8
T3_PROFILE_INSIDE_2
 10
1.496866523750928
 20
31.0491863417103
 30
0.0
  0
VERTEX
  5
60E
  8
T3_PROFILE_INSIDE_2
 10
1.477695655955908
 20
31.04284334844632
 30
0.0
  0
VERTEX
  5
60F
  8
T3_PROFILE_INSIDE_2
 10
1.457945245613138
 20
31.03705191981398
 30
0.0
  0
VERTEX
  5
610
  8
T3_PROFILE_INSIDE_2
 10
1.43761529272262
 20
31.0318120558133
 30
0.0
  0
VERTEX
  5
611
  8
T3_PROFILE_INSIDE_2
 10
1.416705797284352
 20
31.02712375644427
 30
0.0
  0
VERTEX
  5
612
  8
T3_PROFILE_INSIDE_2
 10
1.395216759298336
 20
31.02298702170689
 30
0.0
  0
VERTEX
  5
613
  8
T3_PROFILE_INSIDE_2
 10
1.373148178764571
 20
31.01940185160116
 30
0.0
  0
VERTEX
  5
614
  8
T3_PROFILE_INSIDE_2
 10
1.350500055683056
 20
31.01636824612708
 30
0.0
  0
VERTEX
  5
615
  8
T3_PROFILE_INSIDE_2
 10
1.327272390053793
 20
31.01388620528465
 30
0.0
  0
VERTEX
  5
616
  8
T3_PROFILE_INSIDE_2
 10
1.303465181876781
 20
31.01195572907388
 30
0.0
  0
VERTEX
  5
617
  8
T3_PROFILE_INSIDE_2
 10
1.27907843115202
 20
31.01057681749475
 30
0.0
  0
VERTEX
  5
618
  8
T3_PROFILE_INSIDE_2
 10
1.254112137879509
 20
31.00974947054727
 30
0.0
  0
VERTEX
  5
619
  8
T3_PROFILE_INSIDE_2
 10
1.22856630205925
 20
31.00947368823145
 30
0.0
  0
VERTEX
  5
61A
  8
T3_PROFILE_INSIDE_2
 10
1.192139055299359
 20
31.0099133411987
 30
0.0
  0
VERTEX
  5
61B
  8
T3_PROFILE_INSIDE_2
 10
1.157038761131556
 20
31.01123230010048
 30
0.0
  0
VERTEX
  5
61C
  8
T3_PROFILE_INSIDE_2
 10
1.123265419555839
 20
31.01343056493677
 30
0.0
  0
VERTEX
  5
61D
  8
T3_PROFILE_INSIDE_2
 10
1.090819030572211
 20
31.01650813570757
 30
0.0
  0
VERTEX
  5
61E
  8
T3_PROFILE_INSIDE_2
 10
1.059699594180669
 20
31.02046501241289
 30
0.0
  0
VERTEX
  5
61F
  8
T3_PROFILE_INSIDE_2
 10
1.029907110381215
 20
31.02530119505273
 30
0.0
  0
VERTEX
  5
620
  8
T3_PROFILE_INSIDE_2
 10
1.001441579173847
 20
31.03101668362708
 30
0.0
  0
VERTEX
  5
621
  8
T3_PROFILE_INSIDE_2
 10
0.974303000558568
 20
31.03761147813595
 30
0.0
  0
VERTEX
  5
622
  8
T3_PROFILE_INSIDE_2
 10
0.9483235070387862
 20
31.04507758488901
 30
0.0
  0
VERTEX
  5
623
  8
T3_PROFILE_INSIDE_2
 10
0.9233352311179132
 20
31.05340701019598
 30
0.0
  0
VERTEX
  5
624
  8
T3_PROFILE_INSIDE_2
 10
0.8993381727959486
 20
31.06259975405682
 30
0.0
  0
VERTEX
  5
625
  8
T3_PROFILE_INSIDE_2
 10
0.8763323320728927
 20
31.07265581647155
 30
0.0
  0
VERTEX
  5
626
  8
T3_PROFILE_INSIDE_2
 10
0.8652011183109554
 20
31.07800759213663
 30
0.0
  0
VERTEX
  5
627
  8
T3_PROFILE_INSIDE_2
 10
0.8543177089487453
 20
31.08357519744017
 30
0.0
  0
VERTEX
  5
628
  8
T3_PROFILE_INSIDE_2
 10
0.8436821039862623
 20
31.08935863238219
 30
0.0
  0
VERTEX
  5
629
  8
T3_PROFILE_INSIDE_2
 10
0.8332943034235065
 20
31.09535789696269
 30
0.0
  0
VERTEX
  5
62A
  8
T3_PROFILE_INSIDE_2
 10
0.8231543072604779
 20
31.10157299118165
 30
0.0
  0
VERTEX
  5
62B
  8
T3_PROFILE_INSIDE_2
 10
0.8132621154971764
 20
31.10800391503908
 30
0.0
  0
VERTEX
  5
62C
  8
T3_PROFILE_INSIDE_2
 10
0.8036177281336021
 20
31.11465066853499
 30
0.0
  0
VERTEX
  5
62D
  8
T3_PROFILE_INSIDE_2
 10
0.794221145169755
 20
31.12151325166937
 30
0.0
  0
VERTEX
  5
62E
  8
T3_PROFILE_INSIDE_2
 10
0.7761154366090455
 20
31.1356860645957
 30
0.0
  0
VERTEX
  5
62F
  8
T3_PROFILE_INSIDE_2
 10
0.7588890339828518
 20
31.15032251156023
 30
0.0
  0
VERTEX
  5
630
  8
T3_PROFILE_INSIDE_2
 10
0.7425419372911737
 20
31.16542259256296
 30
0.0
  0
VERTEX
  5
631
  8
T3_PROFILE_INSIDE_2
 10
0.7270741465340114
 20
31.18098630760389
 30
0.0
  0
VERTEX
  5
632
  8
T3_PROFILE_INSIDE_2
 10
0.7124856617113646
 20
31.19701365668302
 30
0.0
  0
VERTEX
  5
633
  8
T3_PROFILE_INSIDE_2
 10
0.6987764828232337
 20
31.21350463980034
 30
0.0
  0
VERTEX
  5
634
  8
T3_PROFILE_INSIDE_2
 10
0.6859466098696184
 20
31.23045925695587
 30
0.0
  0
VERTEX
  5
635
  8
T3_PROFILE_INSIDE_2
 10
0.6739960428505188
 20
31.24787750814959
 30
0.0
  0
VERTEX
  5
636
  8
T3_PROFILE_INSIDE_2
 10
0.6627249395080904
 20
31.26607114730375
 30
0.0
  0
VERTEX
  5
637
  8
T3_PROFILE_INSIDE_2
 10
0.6519334575844888
 20
31.28535192834058
 30
0.0
  0
VERTEX
  5
638
  8
T3_PROFILE_INSIDE_2
 10
0.641621597079714
 20
31.30571985126009
 30
0.0
  0
VERTEX
  5
639
  8
T3_PROFILE_INSIDE_2
 10
0.6317893579937658
 20
31.32717491606228
 30
0.0
  0
VERTEX
  5
63A
  8
T3_PROFILE_INSIDE_2
 10
0.6224367403266443
 20
31.34971712274713
 30
0.0
  0
VERTEX
  5
63B
  8
T3_PROFILE_INSIDE_2
 10
0.6135637440783497
 20
31.37334647131467
 30
0.0
  0
VERTEX
  5
63C
  8
T3_PROFILE_INSIDE_2
 10
0.6051703692488818
 20
31.39806296176487
 30
0.0
  0
VERTEX
  5
63D
  8
T3_PROFILE_INSIDE_2
 10
0.5972566158382406
 20
31.42386659409775
 30
0.0
  0
VERTEX
  5
63E
  8
T3_PROFILE_INSIDE_2
 10
1.018811868225689
 20
31.46991025030512
 30
0.0
  0
VERTEX
  5
63F
  8
T3_PROFILE_INSIDE_2
 10
1.020890227707272
 20
31.45743809499304
 30
0.0
  0
VERTEX
  5
640
  8
T3_PROFILE_INSIDE_2
 10
1.023288334801406
 20
31.44534563997087
 30
0.0
  0
VERTEX
  5
641
  8
T3_PROFILE_INSIDE_2
 10
1.026006189508091
 20
31.43363288523861
 30
0.0
  0
VERTEX
  5
642
  8
T3_PROFILE_INSIDE_2
 10
1.029043791827327
 20
31.42229983079625
 30
0.0
  0
VERTEX
  5
643
  8
T3_PROFILE_INSIDE_2
 10
1.032401141759114
 20
31.41134647664379
 30
0.0
  0
VERTEX
  5
644
  8
T3_PROFILE_INSIDE_2
 10
1.036078239303452
 20
31.40077282278124
 30
0.0
  0
VERTEX
  5
645
  8
T3_PROFILE_INSIDE_2
 10
1.040075084460341
 20
31.39057886920859
 30
0.0
  0
VERTEX
  5
646
  8
T3_PROFILE_INSIDE_2
 10
1.044391677229782
 20
31.38076461592585
 30
0.0
  0
VERTEX
  5
647
  8
T3_PROFILE_INSIDE_2
 10
1.049028017611774
 20
31.37133006293301
 30
0.0
  0
VERTEX
  5
648
  8
T3_PROFILE_INSIDE_2
 10
1.053984105606317
 20
31.36227521023008
 30
0.0
  0
VERTEX
  5
649
  8
T3_PROFILE_INSIDE_2
 10
1.059259941213411
 20
31.35360005781705
 30
0.0
  0
VERTEX
  5
64A
  8
T3_PROFILE_INSIDE_2
 10
1.064855524433057
 20
31.34530460569393
 30
0.0
  0
VERTEX
  5
64B
  8
T3_PROFILE_INSIDE_2
 10
1.070770855265253
 20
31.33738885386071
 30
0.0
  0
VERTEX
  5
64C
  8
T3_PROFILE_INSIDE_2
 10
1.077005933710001
 20
31.32985280231739
 30
0.0
  0
VERTEX
  5
64D
  8
T3_PROFILE_INSIDE_2
 10
1.083560759767299
 20
31.32269645106398
 30
0.0
  0
VERTEX
  5
64E
  8
T3_PROFILE_INSIDE_2
 10
1.090435333437149
 20
31.31591980010048
 30
0.0
  0
VERTEX
  5
64F
  8
T3_PROFILE_INSIDE_2
 10
1.097553714661569
 20
31.3095388368075
 30
0.0
  0
VERTEX
  5
650
  8
T3_PROFILE_INSIDE_2
 10
1.104839963382579
 20
31.30356954856569
 30
0.0
  0
VERTEX
  5
651
  8
T3_PROFILE_INSIDE_2
 10
1.112294079600177
 20
31.29801193537503
 30
0.0
  0
VERTEX
  5
652
  8
T3_PROFILE_INSIDE_2
 10
1.119916063314366
 20
31.29286599723554
 30
0.0
  0
VERTEX
  5
653
  8
T3_PROFILE_INSIDE_2
 10
1.127705914525143
 20
31.2881317341472
 30
0.0
  0
VERTEX
  5
654
  8
T3_PROFILE_INSIDE_2
 10
1.135663633232511
 20
31.28380914611002
 30
0.0
  0
VERTEX
  5
655
  8
T3_PROFILE_INSIDE_2
 10
1.143789219436467
 20
31.27989823312401
 30
0.0
  0
VERTEX
  5
656
  8
T3_PROFILE_INSIDE_2
 10
1.152082673137013
 20
31.27639899518915
 30
0.0
  0
VERTEX
  5
657
  8
T3_PROFILE_INSIDE_2
 10
1.160543994334148
 20
31.27331143230546
 30
0.0
  0
VERTEX
  5
658
  8
T3_PROFILE_INSIDE_2
 10
1.169173183027872
 20
31.27063554447292
 30
0.0
  0
VERTEX
  5
659
  8
T3_PROFILE_INSIDE_2
 10
1.177970239218186
 20
31.26837133169154
 30
0.0
  0
VERTEX
  5
65A
  8
T3_PROFILE_INSIDE_2
 10
1.186935162905089
 20
31.26651879396132
 30
0.0
  0
VERTEX
  5
65B
  8
T3_PROFILE_INSIDE_2
 10
1.196067954088581
 20
31.26507793128226
 30
0.0
  0
VERTEX
  5
65C
  8
T3_PROFILE_INSIDE_2
 10
1.205368612768663
 20
31.26404874365436
 30
0.0
  0
VERTEX
  5
65D
  8
T3_PROFILE_INSIDE_2
 10
1.214837138945335
 20
31.26343123107763
 30
0.0
  0
VERTEX
  5
65E
  8
T3_PROFILE_INSIDE_2
 10
1.224473532618595
 20
31.26322539355204
 30
0.0
  0
VERTEX
  5
65F
  8
T3_PROFILE_INSIDE_2
 10
1.235227044513207
 20
31.26348319006467
 30
0.0
  0
VERTEX
  5
660
  8
T3_PROFILE_INSIDE_2
 10
1.245744742543561
 20
31.26425657960252
 30
0.0
  0
VERTEX
  5
661
  8
T3_PROFILE_INSIDE_2
 10
1.25602662670966
 20
31.26554556216562
 30
0.0
  0
VERTEX
  5
662
  8
T3_PROFILE_INSIDE_2
 10
1.266072697011501
 20
31.26735013775395
 30
0.0
  0
VERTEX
  5
663
  8
T3_PROFILE_INSIDE_2
 10
1.275882953449087
 20
31.26967030636753
 30
0.0
  0
VERTEX
  5
664
  8
T3_PROFILE_INSIDE_2
 10
1.285457396022415
 20
31.27250606800634
 30
0.0
  0
VERTEX
  5
665
  8
T3_PROFILE_INSIDE_2
 10
1.294796024731488
 20
31.27585742267039
 30
0.0
  0
VERTEX
  5
666
  8
T3_PROFILE_INSIDE_2
 10
1.303898839576303
 20
31.27972437035968
 30
0.0
  0
VERTEX
  5
667
  8
T3_PROFILE_INSIDE_2
 10
1.312765840556863
 20
31.28410691107421
 30
0.0
  0
VERTEX
  5
668
  8
T3_PROFILE_INSIDE_2
 10
1.321397027673166
 20
31.28900504481398
 30
0.0
  0
VERTEX
  5
669
  8
T3_PROFILE_INSIDE_2
 10
1.329792400925212
 20
31.29441877157899
 30
0.0
  0
VERTEX
  5
66A
  8
T3_PROFILE_INSIDE_2
 10
1.337951960313002
 20
31.30034809136923
 30
0.0
  0
VERTEX
  5
66B
  8
T3_PROFILE_INSIDE_2
 10
1.345875705836535
 20
31.30679300418472
 30
0.0
  0
VERTEX
  5
66C
  8
T3_PROFILE_INSIDE_2
 10
1.353563637495812
 20
31.31375351002544
 30
0.0
  0
VERTEX
  5
66D
  8
T3_PROFILE_INSIDE_2
 10
1.361015755290833
 20
31.3212296088914
 30
0.0
  0
VERTEX
  5
66E
  8
T3_PROFILE_INSIDE_2
 10
1.368232059221597
 20
31.3292213007826
 30
0.0
  0
VERTEX
  5
66F
  8
T3_PROFILE_INSIDE_2
 10
1.375108631314025
 20
31.33772458885389
 30
0.0
  0
VERTEX
  5
670
  8
T3_PROFILE_INSIDE_2
 10
1.381541553594039
 20
31.34673547626009
 30
0.0
  0
VERTEX
  5
671
  8
T3_PROFILE_INSIDE_2
 10
1.387530826061637
 20
31.35625396300123
 30
0.0
  0
VERTEX
  5
672
  8
T3_PROFILE_INSIDE_2
 10
1.393076448716822
 20
31.36628004907728
 30
0.0
  0
VERTEX
  5
673
  8
T3_PROFILE_INSIDE_2
 10
1.398178421559591
 20
31.37681373448827
 30
0.0
  0
VERTEX
  5
674
  8
T3_PROFILE_INSIDE_2
 10
1.402836744589946
 20
31.38785501923417
 30
0.0
  0
VERTEX
  5
675
  8
T3_PROFILE_INSIDE_2
 10
1.407051417807886
 20
31.399403903315
 30
0.0
  0
VERTEX
  5
676
  8
T3_PROFILE_INSIDE_2
 10
1.410822441213411
 20
31.41146038673076
 30
0.0
  0
VERTEX
  5
677
  8
T3_PROFILE_INSIDE_2
 10
1.414149814806521
 20
31.42402446948145
 30
0.0
  0
VERTEX
  5
678
  8
T3_PROFILE_INSIDE_2
 10
1.417033538587217
 20
31.43709615156705
 30
0.0
  0
VERTEX
  5
679
  8
T3_PROFILE_INSIDE_2
 10
1.419473612555498
 20
31.45067543298758
 30
0.0
  0
VERTEX
  5
67A
  8
T3_PROFILE_INSIDE_2
 10
1.421470036711365
 20
31.46476231374304
 30
0.0
  0
VERTEX
  5
67B
  8
T3_PROFILE_INSIDE_2
 10
1.423022811054816
 20
31.47935679383342
 30
0.0
  0
VERTEX
  5
67C
  8
T3_PROFILE_INSIDE_2
 10
1.424131935585853
 20
31.49445887325873
 30
0.0
  0
VERTEX
  5
67D
  8
T3_PROFILE_INSIDE_2
 10
1.424797410304475
 20
31.51006855201896
 30
0.0
  0
VERTEX
  5
67E
  8
T3_PROFILE_INSIDE_2
 10
1.425019235210683
 20
31.52618583011412
 30
0.0
  0
VERTEX
  5
67F
  8
T3_PROFILE_INSIDE_2
 10
1.424795411881897
 20
31.54266082585082
 30
0.0
  0
VERTEX
  5
680
  8
T3_PROFILE_INSIDE_2
 10
1.424123941895539
 20
31.55857626326555
 30
0.0
  0
VERTEX
  5
681
  8
T3_PROFILE_INSIDE_2
 10
1.42300482525161
 20
31.57393214235832
 30
0.0
  0
VERTEX
  5
682
  8
T3_PROFILE_INSIDE_2
 10
1.421438061950109
 20
31.58872846312913
 30
0.0
  0
VERTEX
  5
683
  8
T3_PROFILE_INSIDE_2
 10
1.419423651991037
 20
31.60296522557796
 30
0.0
  0
VERTEX
  5
684
  8
T3_PROFILE_INSIDE_2
 10
1.416961595374393
 20
31.61664242970484
 30
0.0
  0
VERTEX
  5
685
  8
T3_PROFILE_INSIDE_2
 10
1.414051892100178
 20
31.62976007550975
 30
0.0
  0
VERTEX
  5
686
  8
T3_PROFILE_INSIDE_2
 10
1.410694542168391
 20
31.6423181629927
 30
0.0
  0
VERTEX
  5
687
  8
T3_PROFILE_INSIDE_2
 10
1.406889545579032
 20
31.65431669215368
 30
0.0
  0
VERTEX
  5
688
  8
T3_PROFILE_INSIDE_2
 10
1.402636902332101
 20
31.6657556629927
 30
0.0
  0
VERTEX
  5
689
  8
T3_PROFILE_INSIDE_2
 10
1.397936612427599
 20
31.67663507550975
 30
0.0
  0
VERTEX
  5
68A
  8
T3_PROFILE_INSIDE_2
 10
1.392788675865526
 20
31.68695492970484
 30
0.0
  0
VERTEX
  5
68B
  8
T3_PROFILE_INSIDE_2
 10
1.38719309264588
 20
31.69671522557796
 30
0.0
  0
VERTEX
  5
68C
  8
T3_PROFILE_INSIDE_2
 10
1.381149862768664
 20
31.70591596312913
 30
0.0
  0
VERTEX
  5
68D
  8
T3_PROFILE_INSIDE_2
 10
1.374658986233875
 20
31.71455714235832
 30
0.0
  0
VERTEX
  5
68E
  8
T3_PROFILE_INSIDE_2
 10
1.367720463041515
 20
31.72263876326555
 30
0.0
  0
VERTEX
  5
68F
  8
T3_PROFILE_INSIDE_2
 10
1.360410233249564
 20
31.73019679745723
 30
0.0
  0
VERTEX
  5
690
  8
T3_PROFILE_INSIDE_2
 10
1.352804236916003
 20
31.73726721653976
 30
0.0
  0
VERTEX
  5
691
  8
T3_PROFILE_INSIDE_2
 10
1.344902474040833
 20
31.74385002051316
 30
0.0
  0
VERTEX
  5
692
  8
T3_PROFILE_INSIDE_2
 10
1.336704944624052
 20
31.74994520937742
 30
0.0
  0
VERTEX
  5
693
  8
T3_PROFILE_INSIDE_2
 10
1.328211648665662
 20
31.75555278313254
 30
0.0
  0
VERTEX
  5
694
  8
T3_PROFILE_INSIDE_2
 10
1.319422586165662
 20
31.76067274177851
 30
0.0
  0
VERTEX
  5
695
  8
T3_PROFILE_INSIDE_2
 10
1.310337757124052
 20
31.76530508531535
 30
0.0
  0
VERTEX
  5
696
  8
T3_PROFILE_INSIDE_2
 10
1.300957161540833
 20
31.76944981374304
 30
0.0
  0
VERTEX
  5
697
  8
T3_PROFILE_INSIDE_2
 10
1.291280799416003
 20
31.7731069270616
 30
0.0
  0
VERTEX
  5
698
  8
T3_PROFILE_INSIDE_2
 10
1.281308670749564
 20
31.77627642527101
 30
0.0
  0
VERTEX
  5
699
  8
T3_PROFILE_INSIDE_2
 10
1.271040775541515
 20
31.77895830837128
 30
0.0
  0
VERTEX
  5
69A
  8
T3_PROFILE_INSIDE_2
 10
1.260477113791856
 20
31.78115257636241
 30
0.0
  0
VERTEX
  5
69B
  8
T3_PROFILE_INSIDE_2
 10
1.249617685500587
 20
31.7828592292444
 30
0.0
  0
VERTEX
  5
69C
  8
T3_PROFILE_INSIDE_2
 10
1.238462490667708
 20
31.78407826701725
 30
0.0
  0
VERTEX
  5
69D
  8
T3_PROFILE_INSIDE_2
 10
1.22701152929322
 20
31.78480968968097
 30
0.0
  0
VERTEX
  5
69E
  8
T3_PROFILE_INSIDE_2
 10
1.215264801377122
 20
31.78505349723554
 30
0.0
  0
VERTEX
  5
69F
  8
T3_PROFILE_INSIDE_2
 10
1.200236663587217
 20
31.78458986319734
 30
0.0
  0
VERTEX
  5
6A0
  8
T3_PROFILE_INSIDE_2
 10
1.185336424842333
 20
31.78319896108274
 30
0.0
  0
VERTEX
  5
6A1
  8
T3_PROFILE_INSIDE_2
 10
1.17056408514247
 20
31.78088079089174
 30
0.0
  0
VERTEX
  5
6A2
  8
T3_PROFILE_INSIDE_2
 10
1.155919644487627
 20
31.77763535262435
 30
0.0
  0
VERTEX
  5
6A3
  8
T3_PROFILE_INSIDE_2
 10
1.141403102877804
 20
31.77346264628056
 30
0.0
  0
VERTEX
  5
6A4
  8
T3_PROFILE_INSIDE_2
 10
1.127014460313002
 20
31.76836267186037
 30
0.0
  0
VERTEX
  5
6A5
  8
T3_PROFILE_INSIDE_2
 10
1.11275371679322
 20
31.76233542936378
 30
0.0
  0
VERTEX
  5
6A6
  8
T3_PROFILE_INSIDE_2
 10
1.098620872318459
 20
31.75538091879079
 30
0.0
  0
VERTEX
  5
6A7
  8
T3_PROFILE_INSIDE_2
 10
1.08800525158176
 20
31.74946558795859
 30
0.0
  0
VERTEX
  5
6A8
  8
T3_PROFILE_INSIDE_2
 10
1.077133832755021
 20
31.74246311524372
 30
0.0
  0
VERTEX
  5
6A9
  8
T3_PROFILE_INSIDE_2
 10
1.06600661583824
 20
31.73437350064618
 30
0.0
  0
VERTEX
  5
6AA
  8
T3_PROFILE_INSIDE_2
 10
1.054623600831419
 20
31.72519674416596
 30
0.0
  0
VERTEX
  5
6AB
  8
T3_PROFILE_INSIDE_2
 10
1.042984787734557
 20
31.71493284580307
 30
0.0
  0
VERTEX
  5
6AC
  8
T3_PROFILE_INSIDE_2
 10
1.031090176547654
 20
31.7035818055575
 30
0.0
  0
VERTEX
  5
6AD
  8
T3_PROFILE_INSIDE_2
 10
1.01893976727071
 20
31.69114362342926
 30
0.0
  0
VERTEX
  5
6AE
  8
T3_PROFILE_INSIDE_2
 10
1.006533559903725
 20
31.67761829941835
 30
0.0
  0
VERTEX
  5
6AF
  8
T3_PROFILE_INSIDE_2
 10
0.6514858109269173
 20
31.72877791742653
 30
0.0
  0
SEQEND
  5
1608
  8
T3_PROFILE_INSIDE_2
  0
POLYLINE
  5
80
  8
T3_PROFILE_INSIDE_2
 66
     1
 10
0.0
 20
0.0
 30
0.0
 70
     1
  0
VERTEX
  5
6B0
  8
T3_PROFILE_INSIDE_2
 10
1.801554023750928
 20
29.94740001838151
 30
0.0
  0
VERTEX
  5
6B1
  8
T3_PROFILE_INSIDE_2
 10
1.387161117884625
 20
29.89624040037333
 30
0.0
  0
VERTEX
  5
6B2
  8
T3_PROFILE_INSIDE_2
 10
1.382724619760478
 20
29.91718386899543
 30
0.0
  0
VERTEX
  5
6B3
  8
T3_PROFILE_INSIDE_2
 10
1.377600664269346
 20
29.93652859955478
 30
0.0
  0
VERTEX
  5
6B4
  8
T3_PROFILE_INSIDE_2
 10
1.371789251411228
 20
29.95427459205137
 30
0.0
  0
VERTEX
  5
6B5
  8
T3_PROFILE_INSIDE_2
 10
1.36862574846955
 20
29.96254806152613
 30
0.0
  0
VERTEX
  5
6B6
  8
T3_PROFILE_INSIDE_2
 10
1.365290381186126
 20
29.9704218464852
 30
0.0
  0
VERTEX
  5
6B7
  8
T3_PROFILE_INSIDE_2
 10
1.361783149560956
 20
29.97789594692858
 30
0.0
  0
VERTEX
  5
6B8
  8
T3_PROFILE_INSIDE_2
 10
1.358104053594039
 20
29.98497036285628
 30
0.0
  0
VERTEX
  5
6B9
  8
T3_PROFILE_INSIDE_2
 10
1.354253093285376
 20
29.99164509426828
 30
0.0
  0
VERTEX
  5
6BA
  8
T3_PROFILE_INSIDE_2
 10
1.350230268634966
 20
29.9979201411646
 30
0.0
  0
VERTEX
  5
6BB
  8
T3_PROFILE_INSIDE_2
 10
1.346035579642811
 20
30.00379550354523
 30
0.0
  0
VERTEX
  5
6BC
  8
T3_PROFILE_INSIDE_2
 10
1.341669026308909
 20
30.00927118141016
 30
0.0
  0
VERTEX
  5
6BD
  8
T3_PROFILE_INSIDE_2
 10
1.337130608633261
 20
30.01434717475941
 30
0.0
  0
VERTEX
  5
6BE
  8
T3_PROFILE_INSIDE_2
 10
1.332420326615867
 20
30.01902348359297
 30
0.0
  0
VERTEX
  5
6BF
  8
T3_PROFILE_INSIDE_2
 10
1.327554167637354
 20
30.0233600605882
 30
0.0
  0
VERTEX
  5
6C0
  8
T3_PROFILE_INSIDE_2
 10
1.32254811907835
 20
30.02741685842244
 30
0.0
  0
VERTEX
  5
6C1
  8
T3_PROFILE_INSIDE_2
 10
1.317402180938855
 20
30.0311938770957
 30
0.0
  0
VERTEX
  5
6C2
  8
T3_PROFILE_INSIDE_2
 10
1.312116353218868
 20
30.03469111660798
 30
0.0
  0
VERTEX
  5
6C3
  8
T3_PROFILE_INSIDE_2
 10
1.306690635918391
 20
30.03790857695927
 30
0.0
  0
VERTEX
  5
6C4
  8
T3_PROFILE_INSIDE_2
 10
1.301125029037422
 20
30.04084625814959
 30
0.0
  0
VERTEX
  5
6C5
  8
T3_PROFILE_INSIDE_2
 10
1.295419532575963
 20
30.04350416017892
 30
0.0
  0
VERTEX
  5
6C6
  8
T3_PROFILE_INSIDE_2
 10
1.289574146534012
 20
30.04588228304727
 30
0.0
  0
VERTEX
  5
6C7
  8
T3_PROFILE_INSIDE_2
 10
1.283588870911569
 20
30.04798062675464
 30
0.0
  0
VERTEX
  5
6C8
  8
T3_PROFILE_INSIDE_2
 10
1.277463705708636
 20
30.04979919130103
 30
0.0
  0
VERTEX
  5
6C9
  8
T3_PROFILE_INSIDE_2
 10
1.271198650925212
 20
30.05133797668643
 30
0.0
  0
VERTEX
  5
6CA
  8
T3_PROFILE_INSIDE_2
 10
1.264793706561297
 20
30.05259698291085
 30
0.0
  0
VERTEX
  5
6CB
  8
T3_PROFILE_INSIDE_2
 10
1.251564149091992
 20
30.05427565787674
 30
0.0
  0
VERTEX
  5
6CC
  8
T3_PROFILE_INSIDE_2
 10
1.237775033300724
 20
30.0548352161987
 30
0.0
  0
VERTEX
  5
6CD
  8
T3_PROFILE_INSIDE_2
 10
1.225288889030601
 20
30.05443553168301
 30
0.0
  0
VERTEX
  5
6CE
  8
T3_PROFILE_INSIDE_2
 10
1.213154467134284
 20
30.05323647813595
 30
0.0
  0
VERTEX
  5
6CF
  8
T3_PROFILE_INSIDE_2
 10
1.201371767611774
 20
30.0512380555575
 30
0.0
  0
VERTEX
  5
6D0
  8
T3_PROFILE_INSIDE_2
 10
1.18994079046307
 20
30.04844026394768
 30
0.0
  0
VERTEX
  5
6D1
  8
T3_PROFILE_INSIDE_2
 10
1.178861535688172
 20
30.04484310330648
 30
0.0
  0
VERTEX
  5
6D2
  8
T3_PROFILE_INSIDE_2
 10
1.168134003287081
 20
30.0404465736339
 30
0.0
  0
VERTEX
  5
6D3
  8
T3_PROFILE_INSIDE_2
 10
1.157758193259796
 20
30.03525067492995
 30
0.0
  0
VERTEX
  5
6D4
  8
T3_PROFILE_INSIDE_2
 10
1.147734105606317
 20
30.02925540719461
 30
0.0
  0
VERTEX
  5
6D5
  8
T3_PROFILE_INSIDE_2
 10
1.138061740326645
 20
30.0224607704279
 30
0.0
  0
VERTEX
  5
6D6
  8
T3_PROFILE_INSIDE_2
 10
1.128741097420778
 20
30.01486676462981
 30
0.0
  0
VERTEX
  5
6D7
  8
T3_PROFILE_INSIDE_2
 10
1.119772176888718
 20
30.00647338980034
 30
0.0
  0
VERTEX
  5
6D8
  8
T3_PROFILE_INSIDE_2
 10
1.111154978730464
 20
29.99728064593949
 30
0.0
  0
VERTEX
  5
6D9
  8
T3_PROFILE_INSIDE_2
 10
1.102889502946017
 20
29.98728853304727
 30
0.0
  0
VERTEX
  5
6DA
  8
T3_PROFILE_INSIDE_2
 10
1.094975749535376
 20
29.97649705112367
 30
0.0
  0
VERTEX
  5
6DB
  8
T3_PROFILE_INSIDE_2
 10
1.087413718498541
 20
29.96490620016869
 30
0.0
  0
VERTEX
  5
6DC
  8
T3_PROFILE_INSIDE_2
 10
1.080203409835512
 20
29.95251598018233
 30
0.0
  0
VERTEX
  5
6DD
  8
T3_PROFILE_INSIDE_2
 10
1.075171381782988
 20
29.94265176633513
 30
0.0
  0
VERTEX
  5
6DE
  8
T3_PROFILE_INSIDE_2
 10
1.070307221227054
 20
29.93147658727647
 30
0.0
  0
VERTEX
  5
6DF
  8
T3_PROFILE_INSIDE_2
 10
1.065610928167708
 20
29.91899044300635
 30
0.0
  0
VERTEX
  5
6E0
  8
T3_PROFILE_INSIDE_2
 10
1.061082502604953
 20
29.90519333352476
 30
0.0
  0
VERTEX
  5
6E1
  8
T3_PROFILE_INSIDE_2
 10
1.056721944538786
 20
29.89008525883172
 30
0.0
  0
VERTEX
  5
6E2
  8
T3_PROFILE_INSIDE_2
 10
1.052529253969209
 20
29.87366621892722
 30
0.0
  0
VERTEX
  5
6E3
  8
T3_PROFILE_INSIDE_2
 10
1.048504430896221
 20
29.85593621381126
 30
0.0
  0
VERTEX
  5
6E4
  8
T3_PROFILE_INSIDE_2
 10
1.044647475319823
 20
29.83689524348383
 30
0.0
  0
VERTEX
  5
6E5
  8
T3_PROFILE_INSIDE_2
 10
1.040958387240014
 20
29.81654330794495
 30
0.0
  0
VERTEX
  5
6E6
  8
T3_PROFILE_INSIDE_2
 10
1.037437166656795
 20
29.79488040719461
 30
0.0
  0
VERTEX
  5
6E7
  8
T3_PROFILE_INSIDE_2
 10
1.034083813570164
 20
29.77190654123281
 30
0.0
  0
VERTEX
  5
6E8
  8
T3_PROFILE_INSIDE_2
 10
1.030898327980123
 20
29.74762171005955
 30
0.0
  0
VERTEX
  5
6E9
  8
T3_PROFILE_INSIDE_2
 10
1.027880709886672
 20
29.72202591367483
 30
0.0
  0
VERTEX
  5
6EA
  8
T3_PROFILE_INSIDE_2
 10
1.025030959289809
 20
29.69511915207865
 30
0.0
  0
VERTEX
  5
6EB
  8
T3_PROFILE_INSIDE_2
 10
1.019835060585853
 20
29.63737273325191
 30
0.0
  0
VERTEX
  5
6EC
  8
T3_PROFILE_INSIDE_2
 10
1.038572270681351
 20
29.65568627776077
 30
0.0
  0
VERTEX
  5
6ED
  8
T3_PROFILE_INSIDE_2
 10
1.057437379821869
 20
29.67276879396132
 30
0.0
  0
VERTEX
  5
6EE
  8
T3_PROFILE_INSIDE_2
 10
1.076430388007408
 20
29.68862028185355
 30
0.0
  0
VERTEX
  5
6EF
  8
T3_PROFILE_INSIDE_2
 10
1.095551295237968
 20
29.70324074143745
 30
0.0
  0
VERTEX
  5
6F0
  8
T3_PROFILE_INSIDE_2
 10
1.114800101513548
 20
29.71663017271302
 30
0.0
  0
VERTEX
  5
6F1
  8
T3_PROFILE_INSIDE_2
 10
1.134176806834148
 20
29.72878857568028
 30
0.0
  0
VERTEX
  5
6F2
  8
T3_PROFILE_INSIDE_2
 10
1.153681411199769
 20
29.73971595033922
 30
0.0
  0
VERTEX
  5
6F3
  8
T3_PROFILE_INSIDE_2
 10
1.17331391461041
 20
29.74941229668984
 30
0.0
  0
VERTEX
  5
6F4
  8
T3_PROFILE_INSIDE_2
 10
1.183258065360751
 20
29.753810824785
 30
0.0
  0
VERTEX
  5
6F5
  8
T3_PROFILE_INSIDE_2
 10
1.193394064678623
 20
29.75792557687401
 30
0.0
  0
VERTEX
  5
6F6
  8
T3_PROFILE_INSIDE_2
 10
1.203721912564025
 20
29.76175655295689
 30
0.0
  0
VERTEX
  5
6F7
  8
T3_PROFILE_INSIDE_2
 10
1.214241609016958
 20
29.76530375303363
 30
0.0
  0
VERTEX
  5
6F8
  8
T3_PROFILE_INSIDE_2
 10
1.224953154037422
 20
29.76856717710423
 30
0.0
  0
VERTEX
  5
6F9
  8
T3_PROFILE_INSIDE_2
 10
1.235856547625417
 20
29.77154682516869
 30
0.0
  0
VERTEX
  5
6FA
  8
T3_PROFILE_INSIDE_2
 10
1.246951789780942
 20
29.77424269722701
 30
0.0
  0
VERTEX
  5
6FB
  8
T3_PROFILE_INSIDE_2
 10
1.258238880503998
 20
29.7766547932792
 30
0.0
  0
VERTEX
  5
6FC
  8
T3_PROFILE_INSIDE_2
 10
1.269717819794585
 20
29.77878311332524
 30
0.0
  0
VERTEX
  5
6FD
  8
T3_PROFILE_INSIDE_2
 10
1.281388607652702
 20
29.78062765736514
 30
0.0
  0
VERTEX
  5
6FE
  8
T3_PROFILE_INSIDE_2
 10
1.29325124407835
 20
29.78218842539891
 30
0.0
  0
VERTEX
  5
6FF
  8
T3_PROFILE_INSIDE_2
 10
1.305305729071529
 20
29.78346541742653
 30
0.0
  0
VERTEX
  5
700
  8
T3_PROFILE_INSIDE_2
 10
1.329990244760478
 20
29.78516807346337
 30
0.0
  0
VERTEX
  5
701
  8
T3_PROFILE_INSIDE_2
 10
1.35544215471955
 20
29.78573562547565
 30
0.0
  0
VERTEX
  5
702
  8
T3_PROFILE_INSIDE_2
 10
1.380268558411569
 20
29.78517606715368
 30
0.0
  0
VERTEX
  5
703
  8
T3_PROFILE_INSIDE_2
 10
1.404611343839605
 20
29.78349739218779
 30
0.0
  0
VERTEX
  5
704
  8
T3_PROFILE_INSIDE_2
 10
1.428470511003657
 20
29.78069960057797
 30
0.0
  0
VERTEX
  5
705
  8
T3_PROFILE_INSIDE_2
 10
1.451846059903725
 20
29.77678269232421
 30
0.0
  0
VERTEX
  5
706
  8
T3_PROFILE_INSIDE_2
 10
1.47473799053981
 20
29.77174666742653
 30
0.0
  0
VERTEX
  5
707
  8
T3_PROFILE_INSIDE_2
 10
1.486002599008858
 20
29.76880898623622
 30
0.0
  0
VERTEX
  5
708
  8
T3_PROFILE_INSIDE_2
 10
1.497146302911911
 20
29.76559152588492
 30
0.0
  0
VERTEX
  5
709
  8
T3_PROFILE_INSIDE_2
 10
1.508169102248967
 20
29.76209428637264
 30
0.0
  0
VERTEX
  5
70A
  8
T3_PROFILE_INSIDE_2
 10
1.519070997020028
 20
29.75831726769938
 30
0.0
  0
VERTEX
  5
70B
  8
T3_PROFILE_INSIDE_2
 10
1.529851987225093
 20
29.75426046986514
 30
0.0
  0
VERTEX
  5
70C
  8
T3_PROFILE_INSIDE_2
 10
1.540512072864161
 20
29.74992389286992
 30
0.0
  0
VERTEX
  5
70D
  8
T3_PROFILE_INSIDE_2
 10
1.551051253937235
 20
29.74530753671371
 30
0.0
  0
VERTEX
  5
70E
  8
T3_PROFILE_INSIDE_2
 10
1.561469530444312
 20
29.74041140139652
 30
0.0
  0
VERTEX
  5
70F
  8
T3_PROFILE_INSIDE_2
 10
1.571766902385393
 20
29.73523548691835
 30
0.0
  0
VERTEX
  5
710
  8
T3_PROFILE_INSIDE_2
 10
1.581943369760478
 20
29.72977979327919
 30
0.0
  0
VERTEX
  5
711
  8
T3_PROFILE_INSIDE_2
 10
1.591998932569568
 20
29.72404432047906
 30
0.0
  0
VERTEX
  5
712
  8
T3_PROFILE_INSIDE_2
 10
1.601933590812661
 20
29.71802906851794
 30
0.0
  0
VERTEX
  5
713
  8
T3_PROFILE_INSIDE_2
 10
1.611747344489758
 20
29.71173403739584
 30
0.0
  0
VERTEX
  5
714
  8
T3_PROFILE_INSIDE_2
 10
1.62144019360086
 20
29.70515922711276
 30
0.0
  0
VERTEX
  5
715
  8
T3_PROFILE_INSIDE_2
 10
1.640463178125076
 20
29.69117026906364
 30
0.0
  0
VERTEX
  5
716
  8
T3_PROFILE_INSIDE_2
 10
1.659002544385308
 20
29.6760621943706
 30
0.0
  0
VERTEX
  5
717
  8
T3_PROFILE_INSIDE_2
 10
1.677058292381556
 20
29.65983500303363
 30
0.0
  0
VERTEX
  5
718
  8
T3_PROFILE_INSIDE_2
 10
1.69463042211382
 20
29.64248869505273
 30
0.0
  0
VERTEX
  5
719
  8
T3_PROFILE_INSIDE_2
 10
1.703160189284267
 20
29.6334608210546
 30
0.0
  0
VERTEX
  5
71A
  8
T3_PROFILE_INSIDE_2
 10
1.711419170195335
 20
29.62428306536309
 30
0.0
  0
VERTEX
  5
71B
  8
T3_PROFILE_INSIDE_2
 10
1.719407364847023
 20
29.61495542797821
 30
0.0
  0
VERTEX
  5
71C
  8
T3_PROFILE_INSIDE_2
 10
1.727124773239332
 20
29.60547790889993
 30
0.0
  0
VERTEX
  5
71D
  8
T3_PROFILE_INSIDE_2
 10
1.734571395372262
 20
29.59585050812828
 30
0.0
  0
VERTEX
  5
71E
  8
T3_PROFILE_INSIDE_2
 10
1.741747231245812
 20
29.58607322566323
 30
0.0
  0
VERTEX
  5
71F
  8
T3_PROFILE_INSIDE_2
 10
1.748652280859983
 20
29.57614606150481
 30
0.0
  0
VERTEX
  5
720
  8
T3_PROFILE_INSIDE_2
 10
1.755286544214775
 20
29.566069015653
 30
0.0
  0
VERTEX
  5
721
  8
T3_PROFILE_INSIDE_2
 10
1.761650021310188
 20
29.55584208810781
 30
0.0
  0
VERTEX
  5
722
  8
T3_PROFILE_INSIDE_2
 10
1.767742712146221
 20
29.54546527886924
 30
0.0
  0
VERTEX
  5
723
  8
T3_PROFILE_INSIDE_2
 10
1.773564616722876
 20
29.53493858793728
 30
0.0
  0
VERTEX
  5
724
  8
T3_PROFILE_INSIDE_2
 10
1.779115735040151
 20
29.52426201531194
 30
0.0
  0
VERTEX
  5
725
  8
T3_PROFILE_INSIDE_2
 10
1.784396067098046
 20
29.51343556099321
 30
0.0
  0
VERTEX
  5
726
  8
T3_PROFILE_INSIDE_2
 10
1.789405612896563
 20
29.50245922498111
 30
0.0
  0
VERTEX
  5
727
  8
T3_PROFILE_INSIDE_2
 10
1.7941443724357
 20
29.49133300727561
 30
0.0
  0
VERTEX
  5
728
  8
T3_PROFILE_INSIDE_2
 10
1.798612345715457
 20
29.48005690787674
 30
0.0
  0
VERTEX
  5
729
  8
T3_PROFILE_INSIDE_2
 10
1.802809532735836
 20
29.46863092678448
 30
0.0
  0
VERTEX
  5
72A
  8
T3_PROFILE_INSIDE_2
 10
1.806735933496835
 20
29.45705506399884
 30
0.0
  0
VERTEX
  5
72B
  8
T3_PROFILE_INSIDE_2
 10
1.810391547998455
 20
29.44532931951982
 30
0.0
  0
VERTEX
  5
72C
  8
T3_PROFILE_INSIDE_2
 10
1.813776376240696
 20
29.43345369334741
 30
0.0
  0
VERTEX
  5
72D
  8
T3_PROFILE_INSIDE_2
 10
1.81973367394704
 20
29.40925279592244
 30
0.0
  0
VERTEX
  5
72E
  8
T3_PROFILE_INSIDE_2
 10
1.824607826615867
 20
29.38445237172395
 30
0.0
  0
VERTEX
  5
72F
  8
T3_PROFILE_INSIDE_2
 10
1.828398834247177
 20
29.35905242075192
 30
0.0
  0
VERTEX
  5
730
  8
T3_PROFILE_INSIDE_2
 10
1.831106696840969
 20
29.33305294300634
 30
0.0
  0
VERTEX
  5
731
  8
T3_PROFILE_INSIDE_2
 10
1.832731414397245
 20
29.30645393848724
 30
0.0
  0
VERTEX
  5
732
  8
T3_PROFILE_INSIDE_2
 10
1.833272986916003
 20
29.27925540719461
 30
0.0
  0
VERTEX
  5
733
  8
T3_PROFILE_INSIDE_2
 10
1.832999203022756
 20
29.26080996679557
 30
0.0
  0
VERTEX
  5
734
  8
T3_PROFILE_INSIDE_2
 10
1.832177851343016
 20
29.24256436865436
 30
0.0
  0
VERTEX
  5
735
  8
T3_PROFILE_INSIDE_2
 10
1.830808931876781
 20
29.22451861277101
 30
0.0
  0
VERTEX
  5
736
  8
T3_PROFILE_INSIDE_2
 10
1.828892444624052
 20
29.2066726991455
 30
0.0
  0
VERTEX
  5
737
  8
T3_PROFILE_INSIDE_2
 10
1.82642838958483
 20
29.18902662777783
 30
0.0
  0
VERTEX
  5
738
  8
T3_PROFILE_INSIDE_2
 10
1.823416766759114
 20
29.17158039866801
 30
0.0
  0
VERTEX
  5
739
  8
T3_PROFILE_INSIDE_2
 10
1.819857576146904
 20
29.15433401181603
 30
0.0
  0
VERTEX
  5
73A
  8
T3_PROFILE_INSIDE_2
 10
1.8157508177482
 20
29.1372874672219
 30
0.0
  0
VERTEX
  5
73B
  8
T3_PROFILE_INSIDE_2
 10
1.811096491563002
 20
29.12044076488561
 30
0.0
  0
VERTEX
  5
73C
  8
T3_PROFILE_INSIDE_2
 10
1.805894597591311
 20
29.10379390480716
 30
0.0
  0
VERTEX
  5
73D
  8
T3_PROFILE_INSIDE_2
 10
1.800145135833125
 20
29.08734688698656
 30
0.0
  0
VERTEX
  5
73E
  8
T3_PROFILE_INSIDE_2
 10
1.793848106288445
 20
29.07109971142381
 30
0.0
  0
VERTEX
  5
73F
  8
T3_PROFILE_INSIDE_2
 10
1.787003508957272
 20
29.05505237811889
 30
0.0
  0
VERTEX
  5
740
  8
T3_PROFILE_INSIDE_2
 10
1.779611343839605
 20
29.03920488707183
 30
0.0
  0
VERTEX
  5
741
  8
T3_PROFILE_INSIDE_2
 10
1.771671610935444
 20
29.0235572382826
 30
0.0
  0
VERTEX
  5
742
  8
T3_PROFILE_INSIDE_2
 10
1.763184310244789
 20
29.00810943175123
 30
0.0
  0
VERTEX
  5
743
  8
T3_PROFILE_INSIDE_2
 10
1.754211392867572
 20
28.99299536179045
 30
0.0
  0
VERTEX
  5
744
  8
T3_PROFILE_INSIDE_2
 10
1.744814809903725
 20
28.97834892271303
 30
0.0
  0
VERTEX
  5
745
  8
T3_PROFILE_INSIDE_2
 10
1.734994561353247
 20
28.96417011451896
 30
0.0
  0
VERTEX
  5
746
  8
T3_PROFILE_INSIDE_2
 10
1.72475064721614
 20
28.95045893720825
 30
0.0
  0
VERTEX
  5
747
  8
T3_PROFILE_INSIDE_2
 10
1.714083067492401
 20
28.9372153907809
 30
0.0
  0
VERTEX
  5
748
  8
T3_PROFILE_INSIDE_2
 10
1.702991822182033
 20
28.9244394752369
 30
0.0
  0
VERTEX
  5
749
  8
T3_PROFILE_INSIDE_2
 10
1.691476911285035
 20
28.91213119057626
 30
0.0
  0
VERTEX
  5
74A
  8
T3_PROFILE_INSIDE_2
 10
1.679538334801406
 20
28.90029053679897
 30
0.0
  0
VERTEX
  5
74B
  8
T3_PROFILE_INSIDE_2
 10
1.667176092731147
 20
28.88891751390504
 30
0.0
  0
VERTEX
  5
74C
  8
T3_PROFILE_INSIDE_2
 10
1.654390185074257
 20
28.87801212189447
 30
0.0
  0
VERTEX
  5
74D
  8
T3_PROFILE_INSIDE_2
 10
1.641180611830737
 20
28.86757436076725
 30
0.0
  0
VERTEX
  5
74E
  8
T3_PROFILE_INSIDE_2
 10
1.627547373000587
 20
28.85760423052339
 30
0.0
  0
VERTEX
  5
74F
  8
T3_PROFILE_INSIDE_2
 10
1.613490468583807
 20
28.84810173116289
 30
0.0
  0
VERTEX
  5
750
  8
T3_PROFILE_INSIDE_2
 10
1.599009898580396
 20
28.83906686268574
 30
0.0
  0
VERTEX
  5
751
  8
T3_PROFILE_INSIDE_2
 10
1.584105662990355
 20
28.83049962509195
 30
0.0
  0
VERTEX
  5
752
  8
T3_PROFILE_INSIDE_2
 10
1.568777761813684
 20
28.82240001838151
 30
0.0
  0
VERTEX
  5
753
  8
T3_PROFILE_INSIDE_2
 10
1.552992221866549
 20
28.8147800330899
 30
0.0
  0
VERTEX
  5
754
  8
T3_PROFILE_INSIDE_2
 10
1.536715069965116
 20
28.80765165975259
 30
0.0
  0
VERTEX
  5
755
  8
T3_PROFILE_INSIDE_2
 10
1.519946306109387
 20
28.80101489836958
 30
0.0
  0
VERTEX
  5
756
  8
T3_PROFILE_INSIDE_2
 10
1.502685930299359
 20
28.79486974894086
 30
0.0
  0
VERTEX
  5
757
  8
T3_PROFILE_INSIDE_2
 10
1.484933942535035
 20
28.78921621146644
 30
0.0
  0
VERTEX
  5
758
  8
T3_PROFILE_INSIDE_2
 10
1.466690342816412
 20
28.78405428594631
 30
0.0
  0
VERTEX
  5
759
  8
T3_PROFILE_INSIDE_2
 10
1.447955131143493
 20
28.77938397238049
 30
0.0
  0
VERTEX
  5
75A
  8
T3_PROFILE_INSIDE_2
 10
1.428728307516276
 20
28.77520527076896
 30
0.0
  0
VERTEX
  5
75B
  8
T3_PROFILE_INSIDE_2
 10
1.409009871934762
 20
28.77151818111173
 30
0.0
  0
VERTEX
  5
75C
  8
T3_PROFILE_INSIDE_2
 10
1.38879982439895
 20
28.7683227034088
 30
0.0
  0
VERTEX
  5
75D
  8
T3_PROFILE_INSIDE_2
 10
1.368098164908841
 20
28.76561883766016
 30
0.0
  0
VERTEX
  5
75E
  8
T3_PROFILE_INSIDE_2
 10
1.346904893464434
 20
28.76340658386582
 30
0.0
  0
VERTEX
  5
75F
  8
T3_PROFILE_INSIDE_2
 10
1.32522001006573
 20
28.76168594202579
 30
0.0
  0
VERTEX
  5
760
  8
T3_PROFILE_INSIDE_2
 10
1.303043514712729
 20
28.76045691214004
 30
0.0
  0
VERTEX
  5
761
  8
T3_PROFILE_INSIDE_2
 10
1.28037540740543
 20
28.7597194942086
 30
0.0
  0
VERTEX
  5
762
  8
T3_PROFILE_INSIDE_2
 10
1.257215688143834
 20
28.75947368823145
 30
0.0
  0
VERTEX
  5
763
  8
T3_PROFILE_INSIDE_2
 10
1.229425623767981
 20
28.75977345161821
 30
0.0
  0
VERTEX
  5
764
  8
T3_PROFILE_INSIDE_2
 10
1.202331010449428
 20
28.76067274177851
 30
0.0
  0
VERTEX
  5
765
  8
T3_PROFILE_INSIDE_2
 10
1.175931848188173
 20
28.76217155871234
 30
0.0
  0
VERTEX
  5
766
  8
T3_PROFILE_INSIDE_2
 10
1.150228136984216
 20
28.76426990241971
 30
0.0
  0
VERTEX
  5
767
  8
T3_PROFILE_INSIDE_2
 10
1.125219876837559
 20
28.76696777290061
 30
0.0
  0
VERTEX
  5
768
  8
T3_PROFILE_INSIDE_2
 10
1.1009070677482
 20
28.77026517015505
 30
0.0
  0
VERTEX
  5
769
  8
T3_PROFILE_INSIDE_2
 10
1.07728970971614
 20
28.77416209418301
 30
0.0
  0
VERTEX
  5
76A
  8
T3_PROFILE_INSIDE_2
 10
1.054367802741378
 20
28.77865854498451
 30
0.0
  0
VERTEX
  5
76B
  8
T3_PROFILE_INSIDE_2
 10
1.032141346823916
 20
28.78375452255955
 30
0.0
  0
VERTEX
  5
76C
  8
T3_PROFILE_INSIDE_2
 10
1.010610341963752
 20
28.78945002690811
 30
0.0
  0
VERTEX
  5
76D
  8
T3_PROFILE_INSIDE_2
 10
0.9897747881608873
 20
28.79574505803021
 30
0.0
  0
VERTEX
  5
76E
  8
T3_PROFILE_INSIDE_2
 10
0.969634685415321
 20
28.80263961592585
 30
0.0
  0
VERTEX
  5
76F
  8
T3_PROFILE_INSIDE_2
 10
0.9501900337270537
 20
28.81013370059502
 30
0.0
  0
VERTEX
  5
770
  8
T3_PROFILE_INSIDE_2
 10
0.931440833096085
 20
28.81822731203772
 30
0.0
  0
VERTEX
  5
771
  8
T3_PROFILE_INSIDE_2
 10
0.9133870835224152
 20
28.82692045025395
 30
0.0
  0
VERTEX
  5
772
  8
T3_PROFILE_INSIDE_2
 10
0.8960287850060441
 20
28.83621311524372
 30
0.0
  0
VERTEX
  5
773
  8
T3_PROFILE_INSIDE_2
 10
0.879232043234216
 20
28.84616326126179
 30
0.0
  0
VERTEX
  5
774
  8
T3_PROFILE_INSIDE_2
 10
0.862862963894175
 20
28.85682884256295
 30
0.0
  0
VERTEX
  5
775
  8
T3_PROFILE_INSIDE_2
 10
0.8469215469859213
 20
28.8682098591472
 30
0.0
  0
VERTEX
  5
776
  8
T3_PROFILE_INSIDE_2
 10
0.8314077925094547
 20
28.88030631101453
 30
0.0
  0
VERTEX
  5
777
  8
T3_PROFILE_INSIDE_2
 10
0.8163217004647754
 20
28.89311819816493
 30
0.0
  0
VERTEX
  5
778
  8
T3_PROFILE_INSIDE_2
 10
0.8016632708518832
 20
28.90664552059843
 30
0.0
  0
VERTEX
  5
779
  8
T3_PROFILE_INSIDE_2
 10
0.7874325036707781
 20
28.920888278315
 30
0.0
  0
VERTEX
  5
77A
  8
T3_PROFILE_INSIDE_2
 10
0.7736293989214602
 20
28.93584647131467
 30
0.0
  0
VERTEX
  5
77B
  8
T3_PROFILE_INSIDE_2
 10
0.7602539566039295
 20
28.95152009959741
 30
0.0
  0
VERTEX
  5
77C
  8
T3_PROFILE_INSIDE_2
 10
0.7473061767181859
 20
28.96790916316323
 30
0.0
  0
VERTEX
  5
77D
  8
T3_PROFILE_INSIDE_2
 10
0.7347860592642296
 20
28.98501366201214
 30
0.0
  0
VERTEX
  5
77E
  8
T3_PROFILE_INSIDE_2
 10
0.7226936042420604
 20
29.00283359614414
 30
0.0
  0
VERTEX
  5
77F
  8
T3_PROFILE_INSIDE_2
 10
0.7110288116516784
 20
29.0213689655592
 30
0.0
  0
VERTEX
  5
780
  8
T3_PROFILE_INSIDE_2
 10
0.6997916814930836
 20
29.04061977025736
 30
0.0
  0
VERTEX
  5
781
  8
T3_PROFILE_INSIDE_2
 10
0.688982213766276
 20
29.06058601023861
 30
0.0
  0
VERTEX
  5
782
  8
T3_PROFILE_INSIDE_2
 10
0.6786004084712556
 20
29.08126768550293
 30
0.0
  0
VERTEX
  5
783
  8
T3_PROFILE_INSIDE_2
 10
0.6687501835821014
 20
29.10273274241801
 30
0.0
  0
VERTEX
  5
784
  8
T3_PROFILE_INSIDE_2
 10
0.6595354570728926
 20
29.1250491273515
 30
0.0
  0
VERTEX
  5
785
  8
T3_PROFILE_INSIDE_2
 10
0.6509562289436294
 20
29.14821684030341
 30
0.0
  0
VERTEX
  5
786
  8
T3_PROFILE_INSIDE_2
 10
0.6430124991943116
 20
29.17223588127374
 30
0.0
  0
VERTEX
  5
787
  8
T3_PROFILE_INSIDE_2
 10
0.6357042678249392
 20
29.19710625026248
 30
0.0
  0
VERTEX
  5
788
  8
T3_PROFILE_INSIDE_2
 10
0.6290315348355121
 20
29.22282794726964
 30
0.0
  0
VERTEX
  5
789
  8
T3_PROFILE_INSIDE_2
 10
0.6229943002260305
 20
29.24940097229522
 30
0.0
  0
VERTEX
  5
78A
  8
T3_PROFILE_INSIDE_2
 10
0.6175925639964944
 20
29.27682532533922
 30
0.0
  0
VERTEX
  5
78B
  8
T3_PROFILE_INSIDE_2
 10
0.6128263261469038
 20
29.30510100640164
 30
0.0
  0
VERTEX
  5
78C
  8
T3_PROFILE_INSIDE_2
 10
0.6086955866772585
 20
29.33422801548247
 30
0.0
  0
VERTEX
  5
78D
  8
T3_PROFILE_INSIDE_2
 10
0.6052003455875585
 20
29.36420635258172
 30
0.0
  0
VERTEX
  5
78E
  8
T3_PROFILE_INSIDE_2
 10
0.6023406028778041
 20
29.39503601769938
 30
0.0
  0
VERTEX
  5
78F
  8
T3_PROFILE_INSIDE_2
 10
0.6001163585479952
 20
29.42671701083547
 30
0.0
  0
VERTEX
  5
790
  8
T3_PROFILE_INSIDE_2
 10
0.5985276125981316
 20
29.45924933198997
 30
0.0
  0
VERTEX
  5
791
  8
T3_PROFILE_INSIDE_2
 10
0.5975743650282134
 20
29.49263298116289
 30
0.0
  0
VERTEX
  5
792
  8
T3_PROFILE_INSIDE_2
 10
0.5972566158382406
 20
29.52686795835423
 30
0.0
  0
VERTEX
  5
793
  8
T3_PROFILE_INSIDE_2
 10
0.5974234841235408
 20
29.55204358639183
 30
0.0
  0
VERTEX
  5
794
  8
T3_PROFILE_INSIDE_2
 10
0.5979240889794412
 20
29.57679454963151
 30
0.0
  0
VERTEX
  5
795
  8
T3_PROFILE_INSIDE_2
 10
0.5987584304059419
 20
29.60112084807328
 30
0.0
  0
VERTEX
  5
796
  8
T3_PROFILE_INSIDE_2
 10
0.5999265084030427
 20
29.62502248171712
 30
0.0
  0
VERTEX
  5
797
  8
T3_PROFILE_INSIDE_2
 10
0.601428322970744
 20
29.64849945056304
 30
0.0
  0
VERTEX
  5
798
  8
T3_PROFILE_INSIDE_2
 10
0.6032638741090455
 20
29.67155175461105
 30
0.0
  0
VERTEX
  5
799
  8
T3_PROFILE_INSIDE_2
 10
0.6054331618179474
 20
29.69417939386113
 30
0.0
  0
VERTEX
  5
79A
  8
T3_PROFILE_INSIDE_2
 10
0.6079361860974494
 20
29.7163823683133
 30
0.0
  0
VERTEX
  5
79B
  8
T3_PROFILE_INSIDE_2
 10
0.6107729469475518
 20
29.73816067796755
 30
0.0
  0
VERTEX
  5
79C
  8
T3_PROFILE_INSIDE_2
 10
0.6139434443682543
 20
29.75951432282388
 30
0.0
  0
VERTEX
  5
79D
  8
T3_PROFILE_INSIDE_2
 10
0.6174476783595572
 20
29.78044330288228
 30
0.0
  0
VERTEX
  5
79E
  8
T3_PROFILE_INSIDE_2
 10
0.6212856489214602
 20
29.80094761814277
 30
0.0
  0
VERTEX
  5
79F
  8
T3_PROFILE_INSIDE_2
 10
0.6254573560539636
 20
29.82102726860533
 30
0.0
  0
VERTEX
  5
7A0
  8
T3_PROFILE_INSIDE_2
 10
0.6299627997570674
 20
29.84068225426998
 30
0.0
  0
VERTEX
  5
7A1
  8
T3_PROFILE_INSIDE_2
 10
0.6348019800307714
 20
29.85991257513671
 30
0.0
  0
VERTEX
  5
7A2
  8
T3_PROFILE_INSIDE_2
 10
0.6399748968750756
 20
29.87871823120552
 30
0.0
  0
VERTEX
  5
7A3
  8
T3_PROFILE_INSIDE_2
 10
0.64548155028998
 20
29.89709922247641
 30
0.0
  0
VERTEX
  5
7A4
  8
T3_PROFILE_INSIDE_2
 10
0.6513219402754848
 20
29.91505554894939
 30
0.0
  0
VERTEX
  5
7A5
  8
T3_PROFILE_INSIDE_2
 10
0.6574960668315899
 20
29.93258721062444
 30
0.0
  0
VERTEX
  5
7A6
  8
T3_PROFILE_INSIDE_2
 10
0.6640039299582952
 20
29.94969420750157
 30
0.0
  0
VERTEX
  5
7A7
  8
T3_PROFILE_INSIDE_2
 10
0.6708455296556008
 20
29.96637653958078
 30
0.0
  0
VERTEX
  5
7A8
  8
T3_PROFILE_INSIDE_2
 10
0.6780208659235066
 20
29.98263420686207
 30
0.0
  0
VERTEX
  5
7A9
  8
T3_PROFILE_INSIDE_2
 10
0.6855299387620128
 20
29.99846720934545
 30
0.0
  0
VERTEX
  5
7AA
  8
T3_PROFILE_INSIDE_2
 10
0.6933727481711192
 20
30.0138755470309
 30
0.0
  0
VERTEX
  5
7AB
  8
T3_PROFILE_INSIDE_2
 10
0.7015492941508259
 20
30.02885921991843
 30
0.0
  0
VERTEX
  5
7AC
  8
T3_PROFILE_INSIDE_2
 10
0.7100595767011328
 20
30.04341822800805
 30
0.0
  0
VERTEX
  5
7AD
  8
T3_PROFILE_INSIDE_2
 10
0.71890359582204
 20
30.05755257129974
 30
0.0
  0
VERTEX
  5
7AE
  8
T3_PROFILE_INSIDE_2
 10
0.7280813515135475
 20
30.07126224979352
 30
0.0
  0
VERTEX
  5
7AF
  8
T3_PROFILE_INSIDE_2
 10
0.7375928437756551
 20
30.08454726348938
 30
0.0
  0
VERTEX
  5
7B0
  8
T3_PROFILE_INSIDE_2
 10
0.7474380726083633
 20
30.09740761238731
 30
0.0
  0
VERTEX
  5
7B1
  8
T3_PROFILE_INSIDE_2
 10
0.7576170380116716
 20
30.10984329648733
 30
0.0
  0
VERTEX
  5
7B2
  8
T3_PROFILE_INSIDE_2
 10
0.7681297399855802
 20
30.12185431578943
 30
0.0
  0
VERTEX
  5
7B3
  8
T3_PROFILE_INSIDE_2
 10
0.7789382085010987
 20
30.1334686482097
 30
0.0
  0
VERTEX
  5
7B4
  8
T3_PROFILE_INSIDE_2
 10
0.7900044735292365
 20
30.14471427166426
 30
0.0
  0
VERTEX
  5
7B5
  8
T3_PROFILE_INSIDE_2
 10
0.8013285350699938
 20
30.15559118615309
 30
0.0
  0
VERTEX
  5
7B6
  8
T3_PROFILE_INSIDE_2
 10
0.8129103931233702
 20
30.16609939167619
 30
0.0
  0
VERTEX
  5
7B7
  8
T3_PROFILE_INSIDE_2
 10
0.8247500476893661
 20
30.17623888823358
 30
0.0
  0
VERTEX
  5
7B8
  8
T3_PROFILE_INSIDE_2
 10
0.8368474987679815
 20
30.18600967582524
 30
0.0
  0
VERTEX
  5
7B9
  8
T3_PROFILE_INSIDE_2
 10
0.8492027463592162
 20
30.19541175445118
 30
0.0
  0
VERTEX
  5
7BA
  8
T3_PROFILE_INSIDE_2
 10
0.8618157904630701
 20
30.20444512411139
 30
0.0
  0
VERTEX
  5
7BB
  8
T3_PROFILE_INSIDE_2
 10
0.8746866310795436
 20
30.21310978480588
 30
0.0
  0
VERTEX
  5
7BC
  8
T3_PROFILE_INSIDE_2
 10
0.8878152682086364
 20
30.22140573653465
 30
0.0
  0
VERTEX
  5
7BD
  8
T3_PROFILE_INSIDE_2
 10
0.9012017018503486
 20
30.2293329792977
 30
0.0
  0
VERTEX
  5
7BE
  8
T3_PROFILE_INSIDE_2
 10
0.91484593200468
 20
30.23689151309502
 30
0.0
  0
VERTEX
  5
7BF
  8
T3_PROFILE_INSIDE_2
 10
0.928747958671631
 20
30.24408133792662
 30
0.0
  0
VERTEX
  5
7C0
  8
T3_PROFILE_INSIDE_2
 10
0.942907781851201
 20
30.2509024537925
 30
0.0
  0
VERTEX
  5
7C1
  8
T3_PROFILE_INSIDE_2
 10
0.9573254015433906
 20
30.25735486069265
 30
0.0
  0
VERTEX
  5
7C2
  8
T3_PROFILE_INSIDE_2
 10
0.9720008177481996
 20
30.26343855862708
 30
0.0
  0
VERTEX
  5
7C3
  8
T3_PROFILE_INSIDE_2
 10
0.986934030465628
 20
30.26915354759578
 30
0.0
  0
VERTEX
  5
7C4
  8
T3_PROFILE_INSIDE_2
 10
1.002125039695676
 20
30.27449982759877
 30
0.0
  0
VERTEX
  5
7C5
  8
T3_PROFILE_INSIDE_2
 10
1.017573845438343
 20
30.27947739863603
 30
0.0
  0
VERTEX
  5
7C6
  8
T3_PROFILE_INSIDE_2
 10
1.033280447693629
 20
30.28408626070757
 30
0.0
  0
VERTEX
  5
7C7
  8
T3_PROFILE_INSIDE_2
 10
1.049244846461535
 20
30.28832641381338
 30
0.0
  0
VERTEX
  5
7C8
  8
T3_PROFILE_INSIDE_2
 10
1.06546704174206
 20
30.29219785795348
 30
0.0
  0
VERTEX
  5
7C9
  8
T3_PROFILE_INSIDE_2
 10
1.081947033535205
 20
30.29570059312785
 30
0.0
  0
VERTEX
  5
7CA
  8
T3_PROFILE_INSIDE_2
 10
1.098684821840969
 20
30.2988346193365
 30
0.0
  0
VERTEX
  5
7CB
  8
T3_PROFILE_INSIDE_2
 10
1.115680406659352
 20
30.30159993657941
 30
0.0
  0
VERTEX
  5
7CC
  8
T3_PROFILE_INSIDE_2
 10
1.132933787990355
 20
30.30399654485662
 30
0.0
  0
VERTEX
  5
7CD
  8
T3_PROFILE_INSIDE_2
 10
1.150444965833977
 20
30.30602444416809
 30
0.0
  0
VERTEX
  5
7CE
  8
T3_PROFILE_INSIDE_2
 10
1.168213940190219
 20
30.30768363451385
 30
0.0
  0
VERTEX
  5
7CF
  8
T3_PROFILE_INSIDE_2
 10
1.18624071105908
 20
30.30897411589388
 30
0.0
  0
VERTEX
  5
7D0
  8
T3_PROFILE_INSIDE_2
 10
1.20452527844056
 20
30.30989588830818
 30
0.0
  0
VERTEX
  5
7D1
  8
T3_PROFILE_INSIDE_2
 10
1.223067642334659
 20
30.31044895175677
 30
0.0
  0
VERTEX
  5
7D2
  8
T3_PROFILE_INSIDE_2
 10
1.241867802741378
 20
30.31063330623963
 30
0.0
  0
VERTEX
  5
7D3
  8
T3_PROFILE_INSIDE_2
 10
1.263956367500928
 20
30.31047143401078
 30
0.0
  0
VERTEX
  5
7D4
  8
T3_PROFILE_INSIDE_2
 10
1.285457396022415
 20
30.30998581732421
 30
0.0
  0
VERTEX
  5
7D5
  8
T3_PROFILE_INSIDE_2
 10
1.30637088830584
 20
30.30917645617994
 30
0.0
  0
VERTEX
  5
7D6
  8
T3_PROFILE_INSIDE_2
 10
1.326696844351201
 20
30.30804335057796
 30
0.0
  0
VERTEX
  5
7D7
  8
T3_PROFILE_INSIDE_2
 10
1.3464352641585
 20
30.30658650051828
 30
0.0
  0
VERTEX
  5
7D8
  8
T3_PROFILE_INSIDE_2
 10
1.365586147727736
 20
30.30480590600089
 30
0.0
  0
VERTEX
  5
7D9
  8
T3_PROFILE_INSIDE_2
 10
1.384149495058909
 20
30.30270156702579
 30
0.0
  0
VERTEX
  5
7DA
  8
T3_PROFILE_INSIDE_2
 10
1.40212530615202
 20
30.30027348359297
 30
0.0
  0
VERTEX
  5
7DB
  8
T3_PROFILE_INSIDE_2
 10
1.419513581007067
 20
30.29752165570245
 30
0.0
  0
VERTEX
  5
7DC
  8
T3_PROFILE_INSIDE_2
 10
1.436314319624052
 20
30.29444608335423
 30
0.0
  0
VERTEX
  5
7DD
  8
T3_PROFILE_INSIDE_2
 10
1.452527522002975
 20
30.29104676654829
 30
0.0
  0
VERTEX
  5
7DE
  8
T3_PROFILE_INSIDE_2
 10
1.468153188143834
 20
30.28732370528465
 30
0.0
  0
VERTEX
  5
7DF
  8
T3_PROFILE_INSIDE_2
 10
1.483191318046631
 20
30.2832768995633
 30
0.0
  0
VERTEX
  5
7E0
  8
T3_PROFILE_INSIDE_2
 10
1.497641911711365
 20
30.27890634938424
 30
0.0
  0
VERTEX
  5
7E1
  8
T3_PROFILE_INSIDE_2
 10
1.511504969138036
 20
30.27421205474747
 30
0.0
  0
VERTEX
  5
7E2
  8
T3_PROFILE_INSIDE_2
 10
1.524780490326644
 20
30.269194015653
 30
0.0
  0
VERTEX
  5
7E3
  8
T3_PROFILE_INSIDE_2
 10
1.537624352238309
 20
30.26386422263629
 30
0.0
  0
VERTEX
  5
7E4
  8
T3_PROFILE_INSIDE_2
 10
1.550192431834148
 20
30.25823466623281
 30
0.0
  0
VERTEX
  5
7E5
  8
T3_PROFILE_INSIDE_2
 10
1.562484729114161
 20
30.25230534644257
 30
0.0
  0
VERTEX
  5
7E6
  8
T3_PROFILE_INSIDE_2
 10
1.57450124407835
 20
30.24607626326555
 30
0.0
  0
VERTEX
  5
7E7
  8
T3_PROFILE_INSIDE_2
 10
1.586241976726713
 20
30.23954741670178
 30
0.0
  0
VERTEX
  5
7E8
  8
T3_PROFILE_INSIDE_2
 10
1.59770692705925
 20
30.23271880675123
 30
0.0
  0
VERTEX
  5
7E9
  8
T3_PROFILE_INSIDE_2
 10
1.608896095075962
 20
30.22559043341392
 30
0.0
  0
VERTEX
  5
7EA
  8
T3_PROFILE_INSIDE_2
 10
1.619809480776849
 20
30.21816229668984
 30
0.0
  0
VERTEX
  5
7EB
  8
T3_PROFILE_INSIDE_2
 10
1.63044708416191
 20
30.21043439657899
 30
0.0
  0
VERTEX
  5
7EC
  8
T3_PROFILE_INSIDE_2
 10
1.640808905231146
 20
30.20240673308138
 30
0.0
  0
VERTEX
  5
7ED
  8
T3_PROFILE_INSIDE_2
 10
1.650894943984557
 20
30.194079306197
 30
0.0
  0
VERTEX
  5
7EE
  8
T3_PROFILE_INSIDE_2
 10
1.660705200422142
 20
30.18545211592586
 30
0.0
  0
VERTEX
  5
7EF
  8
T3_PROFILE_INSIDE_2
 10
1.670239674543902
 20
30.17652516226794
 30
0.0
  0
VERTEX
  5
7F0
  8
T3_PROFILE_INSIDE_2
 10
1.679498366349837
 20
30.16729844522326
 30
0.0
  0
VERTEX
  5
7F1
  8
T3_PROFILE_INSIDE_2
 10
1.688481275839946
 20
30.15777196479181
 30
0.0
  0
VERTEX
  5
7F2
  8
T3_PROFILE_INSIDE_2
 10
1.69718840301423
 20
30.1479457209736
 30
0.0
  0
VERTEX
  5
7F3
  8
T3_PROFILE_INSIDE_2
 10
1.70562973998558
 20
30.13780972165573
 30
0.0
  0
VERTEX
  5
7F4
  8
T3_PROFILE_INSIDE_2
 10
1.71381527886689
 20
30.12735397472531
 30
0.0
  0
VERTEX
  5
7F5
  8
T3_PROFILE_INSIDE_2
 10
1.721745019658159
 20
30.11657848018233
 30
0.0
  0
VERTEX
  5
7F6
  8
T3_PROFILE_INSIDE_2
 10
1.729418962359387
 20
30.10548323802681
 30
0.0
  0
VERTEX
  5
7F7
  8
T3_PROFILE_INSIDE_2
 10
1.736837106970574
 20
30.09406824825873
 30
0.0
  0
VERTEX
  5
7F8
  8
T3_PROFILE_INSIDE_2
 10
1.743999453491719
 20
30.0823335108781
 30
0.0
  0
VERTEX
  5
7F9
  8
T3_PROFILE_INSIDE_2
 10
1.750906001922825
 20
30.07027902588492
 30
0.0
  0
VERTEX
  5
7FA
  8
T3_PROFILE_INSIDE_2
 10
1.757556752263889
 20
30.05790479327919
 30
0.0
  0
VERTEX
  5
7FB
  8
T3_PROFILE_INSIDE_2
 10
1.763951704514912
 20
30.04521081306091
 30
0.0
  0
VERTEX
  5
7FC
  8
T3_PROFILE_INSIDE_2
 10
1.770090858675894
 20
30.03219708523008
 30
0.0
  0
VERTEX
  5
7FD
  8
T3_PROFILE_INSIDE_2
 10
1.775974214746836
 20
30.0188636097867
 30
0.0
  0
VERTEX
  5
7FE
  8
T3_PROFILE_INSIDE_2
 10
1.781601772727736
 20
30.00521038673076
 30
0.0
  0
VERTEX
  5
7FF
  8
T3_PROFILE_INSIDE_2
 10
1.786973532618596
 20
29.99123741606228
 30
0.0
  0
VERTEX
  5
800
  8
T3_PROFILE_INSIDE_2
 10
1.792089494419414
 20
29.97694469778124
 30
0.0
  0
VERTEX
  5
801
  8
T3_PROFILE_INSIDE_2
 10
1.796949658130192
 20
29.96233223188766
 30
0.0
  0
SEQEND
  5
1609
  8
T3_PROFILE_INSIDE_2
  0
POLYLINE
  5
81
  8
T3_PROFILE_INSIDE_2
 66
     1
 10
0.0
 20
0.0
 30
0.0
 70
     1
  0
VERTEX
  5
802
  8
T3_PROFILE_INSIDE_2
 10
1.034159753628145
 20
29.27925540719461
 30
0.0
  0
VERTEX
  5
803
  8
T3_PROFILE_INSIDE_2
 10
1.034399564337558
 20
29.26424125836276
 30
0.0
  0
VERTEX
  5
804
  8
T3_PROFILE_INSIDE_2
 10
1.035118996465799
 20
29.24963878458206
 30
0.0
  0
VERTEX
  5
805
  8
T3_PROFILE_INSIDE_2
 10
1.036318050012865
 20
29.23544798585252
 30
0.0
  0
VERTEX
  5
806
  8
T3_PROFILE_INSIDE_2
 10
1.037996724978759
 20
29.22166886217415
 30
0.0
  0
VERTEX
  5
807
  8
T3_PROFILE_INSIDE_2
 10
1.040155021363479
 20
29.20830141354693
 30
0.0
  0
VERTEX
  5
808
  8
T3_PROFILE_INSIDE_2
 10
1.042792939167026
 20
29.19534563997087
 30
0.0
  0
VERTEX
  5
809
  8
T3_PROFILE_INSIDE_2
 10
1.0459104783894
 20
29.18280154144598
 30
0.0
  0
VERTEX
  5
80A
  8
T3_PROFILE_INSIDE_2
 10
1.049507639030601
 20
29.17066911797224
 30
0.0
  0
VERTEX
  5
80B
  8
T3_PROFILE_INSIDE_2
 10
1.053584421090628
 20
29.15894836954966
 30
0.0
  0
VERTEX
  5
80C
  8
T3_PROFILE_INSIDE_2
 10
1.058140824569482
 20
29.14763929617824
 30
0.0
  0
VERTEX
  5
80D
  8
T3_PROFILE_INSIDE_2
 10
1.063176849467163
 20
29.13674189785798
 30
0.0
  0
VERTEX
  5
80E
  8
T3_PROFILE_INSIDE_2
 10
1.068692495783671
 20
29.12625617458888
 30
0.0
  0
VERTEX
  5
80F
  8
T3_PROFILE_INSIDE_2
 10
1.074687763519005
 20
29.11618212637094
 30
0.0
  0
VERTEX
  5
810
  8
T3_PROFILE_INSIDE_2
 10
1.081162652673166
 20
29.10651975320416
 30
0.0
  0
VERTEX
  5
811
  8
T3_PROFILE_INSIDE_2
 10
1.088117163246153
 20
29.09726905508854
 30
0.0
  0
VERTEX
  5
812
  8
T3_PROFILE_INSIDE_2
 10
1.095551295237968
 20
29.08843003202408
 30
0.0
  0
VERTEX
  5
813
  8
T3_PROFILE_INSIDE_2
 10
1.103333152758432
 20
29.08006663353328
 30
0.0
  0
VERTEX
  5
814
  8
T3_PROFILE_INSIDE_2
 10
1.111330839917367
 20
29.07224280913868
 30
0.0
  0
VERTEX
  5
815
  8
T3_PROFILE_INSIDE_2
 10
1.119544356714775
 20
29.06495855884024
 30
0.0
  0
VERTEX
  5
816
  8
T3_PROFILE_INSIDE_2
 10
1.127973703150655
 20
29.05821388263799
 30
0.0
  0
VERTEX
  5
817
  8
T3_PROFILE_INSIDE_2
 10
1.136618879225007
 20
29.05200878053192
 30
0.0
  0
VERTEX
  5
818
  8
T3_PROFILE_INSIDE_2
 10
1.145479884937831
 20
29.04634325252203
 30
0.0
  0
VERTEX
  5
819
  8
T3_PROFILE_INSIDE_2
 10
1.154556720289127
 20
29.04121729860832
 30
0.0
  0
VERTEX
  5
81A
  8
T3_PROFILE_INSIDE_2
 10
1.163849385278895
 20
29.03663091879079
 30
0.0
  0
VERTEX
  5
81B
  8
T3_PROFILE_INSIDE_2
 10
1.173357879907135
 20
29.03258411306944
 30
0.0
  0
VERTEX
  5
81C
  8
T3_PROFILE_INSIDE_2
 10
1.183082204173848
 20
29.02907688144427
 30
0.0
  0
VERTEX
  5
81D
  8
T3_PROFILE_INSIDE_2
 10
1.193022358079032
 20
29.02610922391528
 30
0.0
  0
VERTEX
  5
81E
  8
T3_PROFILE_INSIDE_2
 10
1.203178341622688
 20
29.02368114048247
 30
0.0
  0
VERTEX
  5
81F
  8
T3_PROFILE_INSIDE_2
 10
1.213550154804816
 20
29.02179263114584
 30
0.0
  0
VERTEX
  5
820
  8
T3_PROFILE_INSIDE_2
 10
1.224137797625417
 20
29.02044369590539
 30
0.0
  0
VERTEX
  5
821
  8
T3_PROFILE_INSIDE_2
 10
1.234941270084489
 20
29.01963433476112
 30
0.0
  0
VERTEX
  5
822
  8
T3_PROFILE_INSIDE_2
 10
1.245960572182033
 20
29.01936454771303
 30
0.0
  0
VERTEX
  5
823
  8
T3_PROFILE_INSIDE_2
 10
1.256088577809591
 20
29.0196083552676
 30
0.0
  0
VERTEX
  5
824
  8
T3_PROFILE_INSIDE_2
 10
1.266008747488991
 20
29.02033977793131
 30
0.0
  0
VERTEX
  5
825
  8
T3_PROFILE_INSIDE_2
 10
1.275721081220233
 20
29.02155881570416
 30
0.0
  0
VERTEX
  5
826
  8
T3_PROFILE_INSIDE_2
 10
1.285225579003316
 20
29.02326546858615
 30
0.0
  0
VERTEX
  5
827
  8
T3_PROFILE_INSIDE_2
 10
1.294522240838241
 20
29.02545973657729
 30
0.0
  0
VERTEX
  5
828
  8
T3_PROFILE_INSIDE_2
 10
1.303611066725007
 20
29.02814161967756
 30
0.0
  0
VERTEX
  5
829
  8
T3_PROFILE_INSIDE_2
 10
1.312492056663616
 20
29.03131111788697
 30
0.0
  0
VERTEX
  5
82A
  8
T3_PROFILE_INSIDE_2
 10
1.321165210654066
 20
29.03496823120553
 30
0.0
  0
VERTEX
  5
82B
  8
T3_PROFILE_INSIDE_2
 10
1.329630528696358
 20
29.03911295963322
 30
0.0
  0
VERTEX
  5
82C
  8
T3_PROFILE_INSIDE_2
 10
1.337888010790492
 20
29.04374530317006
 30
0.0
  0
VERTEX
  5
82D
  8
T3_PROFILE_INSIDE_2
 10
1.345937656936467
 20
29.04886526181603
 30
0.0
  0
VERTEX
  5
82E
  8
T3_PROFILE_INSIDE_2
 10
1.353779467134284
 20
29.05447283557115
 30
0.0
  0
VERTEX
  5
82F
  8
T3_PROFILE_INSIDE_2
 10
1.361413441383943
 20
29.0605680244354
 30
0.0
  0
VERTEX
  5
830
  8
T3_PROFILE_INSIDE_2
 10
1.368839579685444
 20
29.0671508284088
 30
0.0
  0
VERTEX
  5
831
  8
T3_PROFILE_INSIDE_2
 10
1.376057882038786
 20
29.07422124749133
 30
0.0
  0
VERTEX
  5
832
  8
T3_PROFILE_INSIDE_2
 10
1.383068348443971
 20
29.08177928168301
 30
0.0
  0
VERTEX
  5
833
  8
T3_PROFILE_INSIDE_2
 10
1.389759067236604
 20
29.08982093413868
 30
0.0
  0
VERTEX
  5
834
  8
T3_PROFILE_INSIDE_2
 10
1.396018126752293
 20
29.09834220801316
 30
0.0
  0
VERTEX
  5
835
  8
T3_PROFILE_INSIDE_2
 10
1.401845526991037
 20
29.10734310330648
 30
0.0
  0
VERTEX
  5
836
  8
T3_PROFILE_INSIDE_2
 10
1.407241267952838
 20
29.11682362001862
 30
0.0
  0
VERTEX
  5
837
  8
T3_PROFILE_INSIDE_2
 10
1.412205349637695
 20
29.12678375814959
 30
0.0
  0
VERTEX
  5
838
  8
T3_PROFILE_INSIDE_2
 10
1.416737772045607
 20
29.13722351769939
 30
0.0
  0
VERTEX
  5
839
  8
T3_PROFILE_INSIDE_2
 10
1.420838535176576
 20
29.14814289866801
 30
0.0
  0
VERTEX
  5
83A
  8
T3_PROFILE_INSIDE_2
 10
1.424507639030601
 20
29.15954190105546
 30
0.0
  0
VERTEX
  5
83B
  8
T3_PROFILE_INSIDE_2
 10
1.427745083607681
 20
29.17142052486173
 30
0.0
  0
VERTEX
  5
83C
  8
T3_PROFILE_INSIDE_2
 10
1.430550868907818
 20
29.18377877008683
 30
0.0
  0
VERTEX
  5
83D
  8
T3_PROFILE_INSIDE_2
 10
1.43292499493101
 20
29.19661663673076
 30
0.0
  0
VERTEX
  5
83E
  8
T3_PROFILE_INSIDE_2
 10
1.434867461677258
 20
29.20993412479351
 30
0.0
  0
VERTEX
  5
83F
  8
T3_PROFILE_INSIDE_2
 10
1.436378269146562
 20
29.2237312342751
 30
0.0
  0
VERTEX
  5
840
  8
T3_PROFILE_INSIDE_2
 10
1.437457417338923
 20
29.23800796517551
 30
0.0
  0
VERTEX
  5
841
  8
T3_PROFILE_INSIDE_2
 10
1.438104906254339
 20
29.25276431749474
 30
0.0
  0
VERTEX
  5
842
  8
T3_PROFILE_INSIDE_2
 10
1.438320735892811
 20
29.26800029123281
 30
0.0
  0
VERTEX
  5
843
  8
T3_PROFILE_INSIDE_2
 10
1.438096912564025
 20
29.28362395895109
 30
0.0
  0
VERTEX
  5
844
  8
T3_PROFILE_INSIDE_2
 10
1.437425442577668
 20
29.29877599894086
 30
0.0
  0
VERTEX
  5
845
  8
T3_PROFILE_INSIDE_2
 10
1.436306325933739
 20
29.31345641120211
 30
0.0
  0
VERTEX
  5
846
  8
T3_PROFILE_INSIDE_2
 10
1.434739562632238
 20
29.32766519573485
 30
0.0
  0
VERTEX
  5
847
  8
T3_PROFILE_INSIDE_2
 10
1.432725152673165
 20
29.34140235253908
 30
0.0
  0
VERTEX
  5
848
  8
T3_PROFILE_INSIDE_2
 10
1.430263096056521
 20
29.3546678816148
 30
0.0
  0
VERTEX
  5
849
  8
T3_PROFILE_INSIDE_2
 10
1.427353392782306
 20
29.367461782962
 30
0.0
  0
VERTEX
  5
84A
  8
T3_PROFILE_INSIDE_2
 10
1.423996042850519
 20
29.3797840565807
 30
0.0
  0
VERTEX
  5
84B
  8
T3_PROFILE_INSIDE_2
 10
1.42019104626116
 20
29.39163470247087
 30
0.0
  0
VERTEX
  5
84C
  8
T3_PROFILE_INSIDE_2
 10
1.41593840301423
 20
29.40301372063254
 30
0.0
  0
VERTEX
  5
84D
  8
T3_PROFILE_INSIDE_2
 10
1.411238113109727
 20
29.41392111106569
 30
0.0
  0
VERTEX
  5
84E
  8
T3_PROFILE_INSIDE_2
 10
1.406090176547654
 20
29.42435687377033
 30
0.0
  0
VERTEX
  5
84F
  8
T3_PROFILE_INSIDE_2
 10
1.400494593328009
 20
29.43432100874645
 30
0.0
  0
VERTEX
  5
850
  8
T3_PROFILE_INSIDE_2
 10
1.394451363450792
 20
29.44381351599407
 30
0.0
  0
VERTEX
  5
851
  8
T3_PROFILE_INSIDE_2
 10
1.387960486916003
 20
29.45283439551316
 30
0.0
  0
VERTEX
  5
852
  8
T3_PROFILE_INSIDE_2
 10
1.381021963723643
 20
29.46138364730375
 30
0.0
  0
VERTEX
  5
853
  8
T3_PROFILE_INSIDE_2
 10
1.373751702383261
 20
29.46943729029488
 30
0.0
  0
VERTEX
  5
854
  8
T3_PROFILE_INSIDE_2
 10
1.366265611404407
 20
29.47697134341562
 30
0.0
  0
VERTEX
  5
855
  8
T3_PROFILE_INSIDE_2
 10
1.358563690787081
 20
29.48398580666596
 30
0.0
  0
VERTEX
  5
856
  8
T3_PROFILE_INSIDE_2
 10
1.350645940531283
 20
29.49048068004591
 30
0.0
  0
VERTEX
  5
857
  8
T3_PROFILE_INSIDE_2
 10
1.342512360637013
 20
29.49645596355546
 30
0.0
  0
VERTEX
  5
858
  8
T3_PROFILE_INSIDE_2
 10
1.334162951104271
 20
29.50191165719461
 30
0.0
  0
VERTEX
  5
859
  8
T3_PROFILE_INSIDE_2
 10
1.325597711933056
 20
29.50684776096337
 30
0.0
  0
VERTEX
  5
85A
  8
T3_PROFILE_INSIDE_2
 10
1.31681664312337
 20
29.51126427486173
 30
0.0
  0
VERTEX
  5
85B
  8
T3_PROFILE_INSIDE_2
 10
1.307819744675212
 20
29.5151611988897
 30
0.0
  0
VERTEX
  5
85C
  8
T3_PROFILE_INSIDE_2
 10
1.298607016588582
 20
29.51853853304727
 30
0.0
  0
VERTEX
  5
85D
  8
T3_PROFILE_INSIDE_2
 10
1.289178458863479
 20
29.52139627733445
 30
0.0
  0
VERTEX
  5
85E
  8
T3_PROFILE_INSIDE_2
 10
1.279534071499905
 20
29.52373443175123
 30
0.0
  0
VERTEX
  5
85F
  8
T3_PROFILE_INSIDE_2
 10
1.269673854497859
 20
29.52555299629761
 30
0.0
  0
VERTEX
  5
860
  8
T3_PROFILE_INSIDE_2
 10
1.25959780785734
 20
29.5268519709736
 30
0.0
  0
VERTEX
  5
861
  8
T3_PROFILE_INSIDE_2
 10
1.24930593157835
 20
29.52763135577919
 30
0.0
  0
VERTEX
  5
862
  8
T3_PROFILE_INSIDE_2
 10
1.238798225660887
 20
29.52789115071439
 30
0.0
  0
VERTEX
  5
863
  8
T3_PROFILE_INSIDE_2
 10
1.228036720075963
 20
29.52763934946951
 30
0.0
  0
VERTEX
  5
864
  8
T3_PROFILE_INSIDE_2
 10
1.217495040974666
 20
29.52688394573486
 30
0.0
  0
VERTEX
  5
865
  8
T3_PROFILE_INSIDE_2
 10
1.207173188356999
 20
29.52562493951044
 30
0.0
  0
VERTEX
  5
866
  8
T3_PROFILE_INSIDE_2
 10
1.197071162222961
 20
29.52386233079625
 30
0.0
  0
VERTEX
  5
867
  8
T3_PROFILE_INSIDE_2
 10
1.187188962572552
 20
29.52159611959229
 30
0.0
  0
VERTEX
  5
868
  8
T3_PROFILE_INSIDE_2
 10
1.177526589405771
 20
29.51882630589856
 30
0.0
  0
VERTEX
  5
869
  8
T3_PROFILE_INSIDE_2
 10
1.16808404272262
 20
29.51555288971507
 30
0.0
  0
VERTEX
  5
86A
  8
T3_PROFILE_INSIDE_2
 10
1.158861322523097
 20
29.51177587104181
 30
0.0
  0
VERTEX
  5
86B
  8
T3_PROFILE_INSIDE_2
 10
1.149858428807204
 20
29.50749524987879
 30
0.0
  0
VERTEX
  5
86C
  8
T3_PROFILE_INSIDE_2
 10
1.141075361574939
 20
29.50271102622599
 30
0.0
  0
VERTEX
  5
86D
  8
T3_PROFILE_INSIDE_2
 10
1.132512120826303
 20
29.49742320008342
 30
0.0
  0
VERTEX
  5
86E
  8
T3_PROFILE_INSIDE_2
 10
1.124168706561297
 20
29.49163177145109
 30
0.0
  0
VERTEX
  5
86F
  8
T3_PROFILE_INSIDE_2
 10
1.116045118779919
 20
29.48533674032899
 30
0.0
  0
VERTEX
  5
870
  8
T3_PROFILE_INSIDE_2
 10
1.108141357482169
 20
29.47853810671712
 30
0.0
  0
VERTEX
  5
871
  8
T3_PROFILE_INSIDE_2
 10
1.10045742266805
 20
29.47123587061549
 30
0.0
  0
VERTEX
  5
872
  8
T3_PROFILE_INSIDE_2
 10
1.092993314337559
 20
29.46343003202408
 30
0.0
  0
VERTEX
  5
873
  8
T3_PROFILE_INSIDE_2
 10
1.085868937845403
 20
29.45515656254932
 30
0.0
  0
VERTEX
  5
874
  8
T3_PROFILE_INSIDE_2
 10
1.07920419854629
 20
29.44645143379761
 30
0.0
  0
VERTEX
  5
875
  8
T3_PROFILE_INSIDE_2
 10
1.072999096440219
 20
29.43731464576896
 30
0.0
  0
VERTEX
  5
876
  8
T3_PROFILE_INSIDE_2
 10
1.06725363152719
 20
29.42774619846337
 30
0.0
  0
VERTEX
  5
877
  8
T3_PROFILE_INSIDE_2
 10
1.061967803807204
 20
29.41774609188083
 30
0.0
  0
VERTEX
  5
878
  8
T3_PROFILE_INSIDE_2
 10
1.05714161328026
 20
29.40731432602135
 30
0.0
  0
VERTEX
  5
879
  8
T3_PROFILE_INSIDE_2
 10
1.052775059946358
 20
29.39645090088492
 30
0.0
  0
VERTEX
  5
87A
  8
T3_PROFILE_INSIDE_2
 10
1.048868143805498
 20
29.38515581647155
 30
0.0
  0
VERTEX
  5
87B
  8
T3_PROFILE_INSIDE_2
 10
1.045420864857681
 20
29.37342907278124
 30
0.0
  0
VERTEX
  5
87C
  8
T3_PROFILE_INSIDE_2
 10
1.042433223102906
 20
29.36127066981398
 30
0.0
  0
VERTEX
  5
87D
  8
T3_PROFILE_INSIDE_2
 10
1.039905218541174
 20
29.34868060756978
 30
0.0
  0
VERTEX
  5
87E
  8
T3_PROFILE_INSIDE_2
 10
1.037836851172483
 20
29.33565888604863
 30
0.0
  0
VERTEX
  5
87F
  8
T3_PROFILE_INSIDE_2
 10
1.036228120996835
 20
29.32220550525054
 30
0.0
  0
VERTEX
  5
880
  8
T3_PROFILE_INSIDE_2
 10
1.03507902801423
 20
29.30832046517551
 30
0.0
  0
VERTEX
  5
881
  8
T3_PROFILE_INSIDE_2
 10
1.034389572224666
 20
29.29400376582353
 30
0.0
  0
SEQEND
  5
160A
  8
T3_PROFILE_INSIDE_2
  0
POLYLINE
  5
82
  8
T3_PROFILE_INSIDE_2
 66
     1
 10
0.0
 20
0.0
 30
0.0
 70
     1
  0
VERTEX
  5
882
  8
T3_PROFILE_INSIDE_2
 10
1.992890995101542
 20
29.54119265139652
 30
0.0
  0
VERTEX
  5
883
  8
T3_PROFILE_INSIDE_2
 10
1.99304137640057
 20
29.5676727497722
 30
0.0
  0
VERTEX
  5
884
  8
T3_PROFILE_INSIDE_2
 10
1.993492520297654
 20
29.5936512440807
 30
0.0
  0
VERTEX
  5
885
  8
T3_PROFILE_INSIDE_2
 10
1.994244426792794
 20
29.619128134322
 30
0.0
  0
VERTEX
  5
886
  8
T3_PROFILE_INSIDE_2
 10
1.99529709588599
 20
29.64410342049612
 30
0.0
  0
VERTEX
  5
887
  8
T3_PROFILE_INSIDE_2
 10
1.996650527577241
 20
29.66857710260304
 30
0.0
  0
VERTEX
  5
888
  8
T3_PROFILE_INSIDE_2
 10
1.998304721866549
 20
29.69254918064277
 30
0.0
  0
VERTEX
  5
889
  8
T3_PROFILE_INSIDE_2
 10
2.000259678753912
 20
29.71601965461532
 30
0.0
  0
VERTEX
  5
88A
  8
T3_PROFILE_INSIDE_2
 10
2.002515398239332
 20
29.73898852452067
 30
0.0
  0
VERTEX
  5
88B
  8
T3_PROFILE_INSIDE_2
 10
2.005071880322808
 20
29.76145579035883
 30
0.0
  0
VERTEX
  5
88C
  8
T3_PROFILE_INSIDE_2
 10
2.007929125004339
 20
29.78342145212981
 30
0.0
  0
VERTEX
  5
88D
  8
T3_PROFILE_INSIDE_2
 10
2.011087132283926
 20
29.8048855098336
 30
0.0
  0
VERTEX
  5
88E
  8
T3_PROFILE_INSIDE_2
 10
2.014545902161569
 20
29.82584796347019
 30
0.0
  0
VERTEX
  5
88F
  8
T3_PROFILE_INSIDE_2
 10
2.018305434637269
 20
29.8463088130396
 30
0.0
  0
VERTEX
  5
890
  8
T3_PROFILE_INSIDE_2
 10
2.022365729711024
 20
29.86626805854182
 30
0.0
  0
VERTEX
  5
891
  8
T3_PROFILE_INSIDE_2
 10
2.026726787382835
 20
29.88572569997684
 30
0.0
  0
VERTEX
  5
892
  8
T3_PROFILE_INSIDE_2
 10
2.031388607652702
 20
29.90468173734468
 30
0.0
  0
VERTEX
  5
893
  8
T3_PROFILE_INSIDE_2
 10
2.036351190520625
 20
29.92313617064532
 30
0.0
  0
VERTEX
  5
894
  8
T3_PROFILE_INSIDE_2
 10
2.041614535986604
 20
29.94108899987878
 30
0.0
  0
VERTEX
  5
895
  8
T3_PROFILE_INSIDE_2
 10
2.047178644050638
 20
29.95854022504505
 30
0.0
  0
VERTEX
  5
896
  8
T3_PROFILE_INSIDE_2
 10
2.053043514712729
 20
29.97548984614413
 30
0.0
  0
VERTEX
  5
897
  8
T3_PROFILE_INSIDE_2
 10
2.059209147972876
 20
29.99193786317602
 30
0.0
  0
VERTEX
  5
898
  8
T3_PROFILE_INSIDE_2
 10
2.065675543831079
 20
30.00788427614072
 30
0.0
  0
VERTEX
  5
899
  8
T3_PROFILE_INSIDE_2
 10
2.072442702287337
 20
30.02332908503823
 30
0.0
  0
VERTEX
  5
89A
  8
T3_PROFILE_INSIDE_2
 10
2.079510623341651
 20
30.03827228986855
 30
0.0
  0
VERTEX
  5
89B
  8
T3_PROFILE_INSIDE_2
 10
2.086879306994021
 20
30.05271389063168
 30
0.0
  0
VERTEX
  5
89C
  8
T3_PROFILE_INSIDE_2
 10
2.094548753244448
 20
30.06665388732763
 30
0.0
  0
VERTEX
  5
89D
  8
T3_PROFILE_INSIDE_2
 10
2.10251896209293
 20
30.08009227995638
 30
0.0
  0
VERTEX
  5
89E
  8
T3_PROFILE_INSIDE_2
 10
2.110789933539468
 20
30.09302906851794
 30
0.0
  0
VERTEX
  5
89F
  8
T3_PROFILE_INSIDE_2
 10
2.119361667584062
 20
30.10546425301231
 30
0.0
  0
VERTEX
  5
8A0
  8
T3_PROFILE_INSIDE_2
 10
2.128234164226713
 20
30.11739783343949
 30
0.0
  0
VERTEX
  5
8A1
  8
T3_PROFILE_INSIDE_2
 10
2.137407423467419
 20
30.12882980979949
 30
0.0
  0
VERTEX
  5
8A2
  8
T3_PROFILE_INSIDE_2
 10
2.146881445306181
 20
30.13976018209229
 30
0.0
  0
VERTEX
  5
8A3
  8
T3_PROFILE_INSIDE_2
 10
2.156663224222023
 20
30.1502728840662
 30
0.0
  0
VERTEX
  5
8A4
  8
T3_PROFILE_INSIDE_2
 10
2.16675975469397
 20
30.16045184946951
 30
0.0
  0
VERTEX
  5
8A5
  8
T3_PROFILE_INSIDE_2
 10
2.177171036722022
 20
30.17029707830222
 30
0.0
  0
VERTEX
  5
8A6
  8
T3_PROFILE_INSIDE_2
 10
2.18789707030618
 20
30.17980857056433
 30
0.0
  0
VERTEX
  5
8A7
  8
T3_PROFILE_INSIDE_2
 10
2.198937855446442
 20
30.18898632625583
 30
0.0
  0
VERTEX
  5
8A8
  8
T3_PROFILE_INSIDE_2
 10
2.210293392142811
 20
30.19783034537674
 30
0.0
  0
VERTEX
  5
8A9
  8
T3_PROFILE_INSIDE_2
 10
2.221963680395283
 20
30.20634062792705
 30
0.0
  0
VERTEX
  5
8AA
  8
T3_PROFILE_INSIDE_2
 10
2.233948720203861
 20
30.21451717390675
 30
0.0
  0
VERTEX
  5
8AB
  8
T3_PROFILE_INSIDE_2
 10
2.246248511568544
 20
30.22235998331586
 30
0.0
  0
VERTEX
  5
8AC
  8
T3_PROFILE_INSIDE_2
 10
2.258863054489332
 20
30.22986905615436
 30
0.0
  0
VERTEX
  5
8AD
  8
T3_PROFILE_INSIDE_2
 10
2.271792348966224
 20
30.23704439242227
 30
0.0
  0
VERTEX
  5
8AE
  8
T3_PROFILE_INSIDE_2
 10
2.285036394999223
 20
30.24388599211958
 30
0.0
  0
VERTEX
  5
8AF
  8
T3_PROFILE_INSIDE_2
 10
2.298595192588325
 20
30.25039385524628
 30
0.0
  0
VERTEX
  5
8B0
  8
T3_PROFILE_INSIDE_2
 10
2.312468741733534
 20
30.25656798180238
 30
0.0
  0
VERTEX
  5
8B1
  8
T3_PROFILE_INSIDE_2
 10
2.326657042434847
 20
30.26240837178789
 30
0.0
  0
VERTEX
  5
8B2
  8
T3_PROFILE_INSIDE_2
 10
2.341160094692265
 20
30.2679150252028
 30
0.0
  0
VERTEX
  5
8B3
  8
T3_PROFILE_INSIDE_2
 10
2.355977898505788
 20
30.2730879420471
 30
0.0
  0
VERTEX
  5
8B4
  8
T3_PROFILE_INSIDE_2
 10
2.371110453875416
 20
30.2779271223208
 30
0.0
  0
VERTEX
  5
8B5
  8
T3_PROFILE_INSIDE_2
 10
2.386557760801149
 20
30.28243256602391
 30
0.0
  0
VERTEX
  5
8B6
  8
T3_PROFILE_INSIDE_2
 10
2.402319819282988
 20
30.28660427315641
 30
0.0
  0
VERTEX
  5
8B7
  8
T3_PROFILE_INSIDE_2
 10
2.418396629320931
 20
30.29044224371831
 30
0.0
  0
VERTEX
  5
8B8
  8
T3_PROFILE_INSIDE_2
 10
2.43478819091498
 20
30.29394647770961
 30
0.0
  0
VERTEX
  5
8B9
  8
T3_PROFILE_INSIDE_2
 10
2.451494504065133
 20
30.29711697513032
 30
0.0
  0
VERTEX
  5
8BA
  8
T3_PROFILE_INSIDE_2
 10
2.468515568771392
 20
30.29995373598042
 30
0.0
  0
VERTEX
  5
8BB
  8
T3_PROFILE_INSIDE_2
 10
2.485851385033755
 20
30.30245676025992
 30
0.0
  0
VERTEX
  5
8BC
  8
T3_PROFILE_INSIDE_2
 10
2.503501952852224
 20
30.30462604796882
 30
0.0
  0
VERTEX
  5
8BD
  8
T3_PROFILE_INSIDE_2
 10
2.521467272226797
 20
30.30646159910712
 30
0.0
  0
VERTEX
  5
8BE
  8
T3_PROFILE_INSIDE_2
 10
2.539747343157476
 20
30.30796341367483
 30
0.0
  0
VERTEX
  5
8BF
  8
T3_PROFILE_INSIDE_2
 10
2.55834216564426
 20
30.30913149167193
 30
0.0
  0
VERTEX
  5
8C0
  8
T3_PROFILE_INSIDE_2
 10
2.577251739687149
 20
30.30996583309843
 30
0.0
  0
VERTEX
  5
8C1
  8
T3_PROFILE_INSIDE_2
 10
2.596476065286143
 20
30.31046643795433
 30
0.0
  0
VERTEX
  5
8C2
  8
T3_PROFILE_INSIDE_2
 10
2.616015142441242
 20
30.31063330623963
 30
0.0
  0
VERTEX
  5
8C3
  8
T3_PROFILE_INSIDE_2
 10
2.653025928594039
 20
30.31004976684672
 30
0.0
  0
VERTEX
  5
8C4
  8
T3_PROFILE_INSIDE_2
 10
2.670895823290492
 20
30.3093203426056
 30
0.0
  0
VERTEX
  5
8C5
  8
T3_PROFILE_INSIDE_2
 10
2.688342052400314
 20
30.30829914866801
 30
0.0
  0
VERTEX
  5
8C6
  8
T3_PROFILE_INSIDE_2
 10
2.705364615923507
 20
30.30698618503397
 30
0.0
  0
VERTEX
  5
8C7
  8
T3_PROFILE_INSIDE_2
 10
2.721963513860069
 20
30.30538145170348
 30
0.0
  0
VERTEX
  5
8C8
  8
T3_PROFILE_INSIDE_2
 10
2.738138746210001
 20
30.30348494867653
 30
0.0
  0
VERTEX
  5
8C9
  8
T3_PROFILE_INSIDE_2
 10
2.753890312973302
 20
30.30129667595314
 30
0.0
  0
VERTEX
  5
8CA
  8
T3_PROFILE_INSIDE_2
 10
2.769218214149973
 20
30.29881663353328
 30
0.0
  0
VERTEX
  5
8CB
  8
T3_PROFILE_INSIDE_2
 10
2.784122449740014
 20
30.29604482141698
 30
0.0
  0
VERTEX
  5
8CC
  8
T3_PROFILE_INSIDE_2
 10
2.798603019743425
 20
30.29298123960423
 30
0.0
  0
VERTEX
  5
8CD
  8
T3_PROFILE_INSIDE_2
 10
2.812659924160205
 20
30.28962588809502
 30
0.0
  0
VERTEX
  5
8CE
  8
T3_PROFILE_INSIDE_2
 10
2.826293162990356
 20
30.28597876688936
 30
0.0
  0
VERTEX
  5
8CF
  8
T3_PROFILE_INSIDE_2
 10
2.839502736233875
 20
30.28203987598724
 30
0.0
  0
VERTEX
  5
8D0
  8
T3_PROFILE_INSIDE_2
 10
2.852288643890765
 20
30.27780921538868
 30
0.0
  0
VERTEX
  5
8D1
  8
T3_PROFILE_INSIDE_2
 10
2.864650885961024
 20
30.27328678509366
 30
0.0
  0
VERTEX
  5
8D2
  8
T3_PROFILE_INSIDE_2
 10
2.888392146192947
 20
30.26359843243335
 30
0.0
  0
VERTEX
  5
8D3
  8
T3_PROFILE_INSIDE_2
 10
2.911014289780942
 20
30.25320663502544
 30
0.0
  0
VERTEX
  5
8D4
  8
T3_PROFILE_INSIDE_2
 10
2.932517316725008
 20
30.24211139286992
 30
0.0
  0
VERTEX
  5
8D5
  8
T3_PROFILE_INSIDE_2
 10
2.952901227025144
 20
30.23031270596678
 30
0.0
  0
VERTEX
  5
8D6
  8
T3_PROFILE_INSIDE_2
 10
2.972166020681351
 20
30.21781057431603
 30
0.0
  0
VERTEX
  5
8D7
  8
T3_PROFILE_INSIDE_2
 10
2.981378748767982
 20
30.2112957167103
 30
0.0
  0
VERTEX
  5
8D8
  8
T3_PROFILE_INSIDE_2
 10
2.99031169769363
 20
30.20460499791766
 30
0.0
  0
VERTEX
  5
8D9
  8
T3_PROFILE_INSIDE_2
 10
2.998964867458295
 20
30.19773841793813
 30
0.0
  0
VERTEX
  5
8DA
  8
T3_PROFILE_INSIDE_2
 10
3.007338258061979
 20
30.19069597677169
 30
0.0
  0
VERTEX
  5
8DB
  8
T3_PROFILE_INSIDE_2
 10
3.01543186950468
 20
30.18347767441835
 30
0.0
  0
VERTEX
  5
8DC
  8
T3_PROFILE_INSIDE_2
 10
3.023245701786399
 20
30.1760835108781
 30
0.0
  0
VERTEX
  5
8DD
  8
T3_PROFILE_INSIDE_2
 10
3.038185908982852
 20
30.16102339832694
 30
0.0
  0
VERTEX
  5
8DE
  8
T3_PROFILE_INSIDE_2
 10
3.052310759767299
 20
30.14577143720825
 30
0.0
  0
VERTEX
  5
8DF
  8
T3_PROFILE_INSIDE_2
 10
3.065620254139741
 20
30.13032762752203
 30
0.0
  0
VERTEX
  5
8E0
  8
T3_PROFILE_INSIDE_2
 10
3.078114392100178
 20
30.11469196926828
 30
0.0
  0
VERTEX
  5
8E1
  8
T3_PROFILE_INSIDE_2
 10
3.089793173648609
 20
30.098864462447
 30
0.0
  0
VERTEX
  5
8E2
  8
T3_PROFILE_INSIDE_2
 10
3.100656598785035
 20
30.08284510705818
 30
0.0
  0
VERTEX
  5
8E3
  8
T3_PROFILE_INSIDE_2
 10
3.110704667509455
 20
30.06663390310184
 30
0.0
  0
VERTEX
  5
8E4
  8
T3_PROFILE_INSIDE_2
 10
3.11993737982187
 20
30.05023085057796
 30
0.0
  0
VERTEX
  5
8E5
  8
T3_PROFILE_INSIDE_2
 10
3.128546584289809
 20
30.03338814508683
 30
0.0
  0
VERTEX
  5
8E6
  8
T3_PROFILE_INSIDE_2
 10
3.136724129480806
 20
30.01585798222872
 30
0.0
  0
VERTEX
  5
8E7
  8
T3_PROFILE_INSIDE_2
 10
3.144470015394857
 20
29.99764036200362
 30
0.0
  0
VERTEX
  5
8E8
  8
T3_PROFILE_INSIDE_2
 10
3.151784242031965
 20
29.97873528441153
 30
0.0
  0
VERTEX
  5
8E9
  8
T3_PROFILE_INSIDE_2
 10
3.158666809392129
 20
29.95914274945245
 30
0.0
  0
VERTEX
  5
8EA
  8
T3_PROFILE_INSIDE_2
 10
3.165117717475348
 20
29.93886275712639
 30
0.0
  0
VERTEX
  5
8EB
  8
T3_PROFILE_INSIDE_2
 10
3.171136966281624
 20
29.91789530743335
 30
0.0
  0
VERTEX
  5
8EC
  8
T3_PROFILE_INSIDE_2
 10
3.176724555810956
 20
29.89624040037333
 30
0.0
  0
VERTEX
  5
8ED
  8
T3_PROFILE_INSIDE_2
 10
3.181804546005362
 20
29.87520900115777
 30
0.0
  0
VERTEX
  5
8EE
  8
T3_PROFILE_INSIDE_2
 10
3.186556794896904
 20
29.85406569027783
 30
0.0
  0
VERTEX
  5
8EF
  8
T3_PROFILE_INSIDE_2
 10
3.190981302485581
 20
29.83281046773349
 30
0.0
  0
VERTEX
  5
8F0
  8
T3_PROFILE_INSIDE_2
 10
3.195078068771393
 20
29.81144333352476
 30
0.0
  0
VERTEX
  5
8F1
  8
T3_PROFILE_INSIDE_2
 10
3.198847093754339
 20
29.78996428765163
 30
0.0
  0
VERTEX
  5
8F2
  8
T3_PROFILE_INSIDE_2
 10
3.202288377434421
 20
29.76837333011412
 30
0.0
  0
VERTEX
  5
8F3
  8
T3_PROFILE_INSIDE_2
 10
3.205401919811638
 20
29.74667046091221
 30
0.0
  0
VERTEX
  5
8F4
  8
T3_PROFILE_INSIDE_2
 10
3.20818772088599
 20
29.72485568004591
 30
0.0
  0
VERTEX
  5
8F5
  8
T3_PROFILE_INSIDE_2
 10
3.210645780657477
 20
29.70292898751521
 30
0.0
  0
VERTEX
  5
8F6
  8
T3_PROFILE_INSIDE_2
 10
3.212776099126099
 20
29.68089038332012
 30
0.0
  0
VERTEX
  5
8F7
  8
T3_PROFILE_INSIDE_2
 10
3.214578676291856
 20
29.65873986746064
 30
0.0
  0
VERTEX
  5
8F8
  8
T3_PROFILE_INSIDE_2
 10
3.216053512154748
 20
29.63647743993677
 30
0.0
  0
VERTEX
  5
8F9
  8
T3_PROFILE_INSIDE_2
 10
3.217200606714775
 20
29.61410310074849
 30
0.0
  0
VERTEX
  5
8FA
  8
T3_PROFILE_INSIDE_2
 10
3.218019959971937
 20
29.59161684989584
 30
0.0
  0
VERTEX
  5
8FB
  8
T3_PROFILE_INSIDE_2
 10
3.218511571926235
 20
29.56901868737879
 30
0.0
  0
VERTEX
  5
8FC
  8
T3_PROFILE_INSIDE_2
 10
3.218675442577668
 20
29.54630861319734
 30
0.0
  0
VERTEX
  5
8FD
  8
T3_PROFILE_INSIDE_2
 10
3.218135868481487
 20
29.49613221909775
 30
0.0
  0
VERTEX
  5
8FE
  8
T3_PROFILE_INSIDE_2
 10
3.216517146192947
 20
29.44766647472531
 30
0.0
  0
VERTEX
  5
8FF
  8
T3_PROFILE_INSIDE_2
 10
3.213819275712047
 20
29.40091138008001
 30
0.0
  0
VERTEX
  5
900
  8
T3_PROFILE_INSIDE_2
 10
3.212065659899462
 20
29.37817532640505
 30
0.0
  0
VERTEX
  5
901
  8
T3_PROFILE_INSIDE_2
 10
3.210042257038786
 20
29.35586693516187
 30
0.0
  0
VERTEX
  5
902
  8
T3_PROFILE_INSIDE_2
 10
3.207749067130021
 20
29.33398620635048
 30
0.0
  0
VERTEX
  5
903
  8
T3_PROFILE_INSIDE_2
 10
3.205186090173165
 20
29.31253313997087
 30
0.0
  0
VERTEX
  5
904
  8
T3_PROFILE_INSIDE_2
 10
3.20235332616822
 20
29.29150773602306
 30
0.0
  0
VERTEX
  5
905
  8
T3_PROFILE_INSIDE_2
 10
3.199250775115185
 20
29.27090999450703
 30
0.0
  0
VERTEX
  5
906
  8
T3_PROFILE_INSIDE_2
 10
3.195878437014059
 20
29.25073991542278
 30
0.0
  0
VERTEX
  5
907
  8
T3_PROFILE_INSIDE_2
 10
3.192236311864844
 20
29.23099749877032
 30
0.0
  0
VERTEX
  5
908
  8
T3_PROFILE_INSIDE_2
 10
3.188324399667538
 20
29.21168274454966
 30
0.0
  0
VERTEX
  5
909
  8
T3_PROFILE_INSIDE_2
 10
3.184142700422142
 20
29.19279565276078
 30
0.0
  0
VERTEX
  5
90A
  8
T3_PROFILE_INSIDE_2
 10
3.179691214128657
 20
29.17433622340369
 30
0.0
  0
VERTEX
  5
90B
  8
T3_PROFILE_INSIDE_2
 10
3.174969940787081
 20
29.15630445647838
 30
0.0
  0
VERTEX
  5
90C
  8
T3_PROFILE_INSIDE_2
 10
3.169978880397416
 20
29.13870035198486
 30
0.0
  0
VERTEX
  5
90D
  8
T3_PROFILE_INSIDE_2
 10
3.16471803295966
 20
29.12152390992312
 30
0.0
  0
VERTEX
  5
90E
  8
T3_PROFILE_INSIDE_2
 10
3.159187398473814
 20
29.10477513029318
 30
0.0
  0
VERTEX
  5
90F
  8
T3_PROFILE_INSIDE_2
 10
3.153386976939878
 20
29.08845401309502
 30
0.0
  0
VERTEX
  5
910
  8
T3_PROFILE_INSIDE_2
 10
3.147316768357852
 20
29.07256055832865
 30
0.0
  0
VERTEX
  5
911
  8
T3_PROFILE_INSIDE_2
 10
3.140976772727736
 20
29.05709476599406
 30
0.0
  0
VERTEX
  5
912
  8
T3_PROFILE_INSIDE_2
 10
3.13436699004953
 20
29.04205663609127
 30
0.0
  0
VERTEX
  5
913
  8
T3_PROFILE_INSIDE_2
 10
3.127487420323234
 20
29.02744616862026
 30
0.0
  0
VERTEX
  5
914
  8
T3_PROFILE_INSIDE_2
 10
3.120338063548848
 20
29.01326336358104
 30
0.0
  0
VERTEX
  5
915
  8
T3_PROFILE_INSIDE_2
 10
3.112918919726372
 20
28.9995082209736
 30
0.0
  0
VERTEX
  5
916
  8
T3_PROFILE_INSIDE_2
 10
3.105229988855806
 20
28.98618074079796
 30
0.0
  0
VERTEX
  5
917
  8
T3_PROFILE_INSIDE_2
 10
3.09727127093715
 20
28.97328092305409
 30
0.0
  0
VERTEX
  5
918
  8
T3_PROFILE_INSIDE_2
 10
3.089042765970404
 20
28.96080876774202
 30
0.0
  0
VERTEX
  5
919
  8
T3_PROFILE_INSIDE_2
 10
3.080544473955567
 20
28.94876427486173
 30
0.0
  0
VERTEX
  5
91A
  8
T3_PROFILE_INSIDE_2
 10
3.071716442215288
 20
28.93711846728584
 30
0.0
  0
VERTEX
  5
91B
  8
T3_PROFILE_INSIDE_2
 10
3.062498718072211
 20
28.92584236788697
 30
0.0
  0
VERTEX
  5
91C
  8
T3_PROFILE_INSIDE_2
 10
3.052891301526338
 20
28.91493597666511
 30
0.0
  0
VERTEX
  5
91D
  8
T3_PROFILE_INSIDE_2
 10
3.042894192577668
 20
28.90439929362026
 30
0.0
  0
VERTEX
  5
91E
  8
T3_PROFILE_INSIDE_2
 10
3.032507391226201
 20
28.89423231875242
 30
0.0
  0
VERTEX
  5
91F
  8
T3_PROFILE_INSIDE_2
 10
3.021730897471938
 20
28.88443505206159
 30
0.0
  0
VERTEX
  5
920
  8
T3_PROFILE_INSIDE_2
 10
3.010564711314878
 20
28.87500749354778
 30
0.0
  0
VERTEX
  5
921
  8
T3_PROFILE_INSIDE_2
 10
2.999008832755021
 20
28.86594964321098
 30
0.0
  0
VERTEX
  5
922
  8
T3_PROFILE_INSIDE_2
 10
2.987063261792368
 20
28.85726150105119
 30
0.0
  0
VERTEX
  5
923
  8
T3_PROFILE_INSIDE_2
 10
2.974727998426918
 20
28.84894306706842
 30
0.0
  0
VERTEX
  5
924
  8
T3_PROFILE_INSIDE_2
 10
2.962003042658671
 20
28.84099434126265
 30
0.0
  0
VERTEX
  5
925
  8
T3_PROFILE_INSIDE_2
 10
2.948888394487627
 20
28.8334153236339
 30
0.0
  0
VERTEX
  5
926
  8
T3_PROFILE_INSIDE_2
 10
2.935384053913786
 20
28.82620601418216
 30
0.0
  0
VERTEX
  5
927
  8
T3_PROFILE_INSIDE_2
 10
2.921490020937149
 20
28.81936641290743
 30
0.0
  0
VERTEX
  5
928
  8
T3_PROFILE_INSIDE_2
 10
2.907206295557716
 20
28.81289651980972
 30
0.0
  0
VERTEX
  5
929
  8
T3_PROFILE_INSIDE_2
 10
2.892532877775485
 20
28.80679633488902
 30
0.0
  0
VERTEX
  5
92A
  8
T3_PROFILE_INSIDE_2
 10
2.877469767590458
 20
28.80106585814533
 30
0.0
  0
VERTEX
  5
92B
  8
T3_PROFILE_INSIDE_2
 10
2.862016965002633
 20
28.79570508957865
 30
0.0
  0
VERTEX
  5
92C
  8
T3_PROFILE_INSIDE_2
 10
2.846174470012013
 20
28.79071402918899
 30
0.0
  0
VERTEX
  5
92D
  8
T3_PROFILE_INSIDE_2
 10
2.829942282618595
 20
28.78609267697633
 30
0.0
  0
VERTEX
  5
92E
  8
T3_PROFILE_INSIDE_2
 10
2.813320402822381
 20
28.78184103294069
 30
0.0
  0
VERTEX
  5
92F
  8
T3_PROFILE_INSIDE_2
 10
2.79630883062337
 20
28.77795909708206
 30
0.0
  0
VERTEX
  5
930
  8
T3_PROFILE_INSIDE_2
 10
2.778907566021562
 20
28.77444686940044
 30
0.0
  0
VERTEX
  5
931
  8
T3_PROFILE_INSIDE_2
 10
2.761116609016958
 20
28.77130434989584
 30
0.0
  0
VERTEX
  5
932
  8
T3_PROFILE_INSIDE_2
 10
2.742935959609557
 20
28.76853153856825
 30
0.0
  0
VERTEX
  5
933
  8
T3_PROFILE_INSIDE_2
 10
2.724365617799359
 20
28.76612843541767
 30
0.0
  0
VERTEX
  5
934
  8
T3_PROFILE_INSIDE_2
 10
2.705405583586365
 20
28.7640950404441
 30
0.0
  0
VERTEX
  5
935
  8
T3_PROFILE_INSIDE_2
 10
2.686055856970573
 20
28.76243135364754
 30
0.0
  0
VERTEX
  5
936
  8
T3_PROFILE_INSIDE_2
 10
2.666316437951986
 20
28.761137375028
 30
0.0
  0
VERTEX
  5
937
  8
T3_PROFILE_INSIDE_2
 10
2.646187326530601
 20
28.76021310458547
 30
0.0
  0
VERTEX
  5
938
  8
T3_PROFILE_INSIDE_2
 10
2.62566852270642
 20
28.75965854231995
 30
0.0
  0
VERTEX
  5
939
  8
T3_PROFILE_INSIDE_2
 10
2.604760026479441
 20
28.75947368823145
 30
0.0
  0
VERTEX
  5
93A
  8
T3_PROFILE_INSIDE_2
 10
2.581382479156794
 20
28.7597095020957
 30
0.0
  0
VERTEX
  5
93B
  8
T3_PROFILE_INSIDE_2
 10
2.558572483846425
 20
28.76041694368847
 30
0.0
  0
VERTEX
  5
93C
  8
T3_PROFILE_INSIDE_2
 10
2.536330040548335
 20
28.76159601300976
 30
0.0
  0
VERTEX
  5
93D
  8
T3_PROFILE_INSIDE_2
 10
2.514655149262524
 20
28.76324671005955
 30
0.0
  0
VERTEX
  5
93E
  8
T3_PROFILE_INSIDE_2
 10
2.493547809988991
 20
28.76536903483786
 30
0.0
  0
VERTEX
  5
93F
  8
T3_PROFILE_INSIDE_2
 10
2.473008022727735
 20
28.76796298734468
 30
0.0
  0
VERTEX
  5
940
  8
T3_PROFILE_INSIDE_2
 10
2.453035787478759
 20
28.77102856758001
 30
0.0
  0
VERTEX
  5
941
  8
T3_PROFILE_INSIDE_2
 10
2.43363110424206
 20
28.77456577554386
 30
0.0
  0
VERTEX
  5
942
  8
T3_PROFILE_INSIDE_2
 10
2.41479397301764
 20
28.77857461123622
 30
0.0
  0
VERTEX
  5
943
  8
T3_PROFILE_INSIDE_2
 10
2.396524393805498
 20
28.7830550746571
 30
0.0
  0
VERTEX
  5
944
  8
T3_PROFILE_INSIDE_2
 10
2.378822366605634
 20
28.78800716580648
 30
0.0
  0
VERTEX
  5
945
  8
T3_PROFILE_INSIDE_2
 10
2.361687891418049
 20
28.79343088468438
 30
0.0
  0
VERTEX
  5
946
  8
T3_PROFILE_INSIDE_2
 10
2.345120968242743
 20
28.7993262312908
 30
0.0
  0
VERTEX
  5
947
  8
T3_PROFILE_INSIDE_2
 10
2.329121597079714
 20
28.80569320562572
 30
0.0
  0
VERTEX
  5
948
  8
T3_PROFILE_INSIDE_2
 10
2.313689777928964
 20
28.81253180768915
 30
0.0
  0
VERTEX
  5
949
  8
T3_PROFILE_INSIDE_2
 10
2.298825510790492
 20
28.8198420374811
 30
0.0
  0
VERTEX
  5
94A
  8
T3_PROFILE_INSIDE_2
 10
2.284408890309591
 20
28.82760790762094
 30
0.0
  0
VERTEX
  5
94B
  8
T3_PROFILE_INSIDE_2
 10
2.270320011131555
 20
28.83581343072803
 30
0.0
  0
VERTEX
  5
94C
  8
T3_PROFILE_INSIDE_2
 10
2.256558873256385
 20
28.84445860680238
 30
0.0
  0
VERTEX
  5
94D
  8
T3_PROFILE_INSIDE_2
 10
2.243125476684079
 20
28.853543435844
 30
0.0
  0
VERTEX
  5
94E
  8
T3_PROFILE_INSIDE_2
 10
2.230019821414638
 20
28.86306791785286
 30
0.0
  0
VERTEX
  5
94F
  8
T3_PROFILE_INSIDE_2
 10
2.217241907448063
 20
28.87303205282899
 30
0.0
  0
VERTEX
  5
950
  8
T3_PROFILE_INSIDE_2
 10
2.204791734784352
 20
28.88343584077237
 30
0.0
  0
VERTEX
  5
951
  8
T3_PROFILE_INSIDE_2
 10
2.192669303423506
 20
28.89427928168301
 30
0.0
  0
VERTEX
  5
952
  8
T3_PROFILE_INSIDE_2
 10
2.180874613365526
 20
28.90556237556091
 30
0.0
  0
VERTEX
  5
953
  8
T3_PROFILE_INSIDE_2
 10
2.169407664610409
 20
28.91728512240607
 30
0.0
  0
VERTEX
  5
954
  8
T3_PROFILE_INSIDE_2
 10
2.158268457158158
 20
28.92944752221848
 30
0.0
  0
VERTEX
  5
955
  8
T3_PROFILE_INSIDE_2
 10
2.147456991008772
 20
28.94204957499816
 30
0.0
  0
VERTEX
  5
956
  8
T3_PROFILE_INSIDE_2
 10
2.136973266162251
 20
28.95509128074509
 30
0.0
  0
VERTEX
  5
957
  8
T3_PROFILE_INSIDE_2
 10
2.126817282618595
 20
28.96857263945928
 30
0.0
  0
VERTEX
  5
958
  8
T3_PROFILE_INSIDE_2
 10
2.116989040377804
 20
28.98249365114073
 30
0.0
  0
VERTEX
  5
959
  8
T3_PROFILE_INSIDE_2
 10
2.107488539439878
 20
28.99685431578943
 30
0.0
  0
VERTEX
  5
95A
  8
T3_PROFILE_INSIDE_2
 10
2.10080381591498
 20
29.00745195072292
 30
0.0
  0
VERTEX
  5
95B
  8
T3_PROFILE_INSIDE_2
 10
2.094306944112456
 20
29.01852521023008
 30
0.0
  0
VERTEX
  5
95C
  8
T3_PROFILE_INSIDE_2
 10
2.087997924032306
 20
29.03007409431092
 30
0.0
  0
VERTEX
  5
95D
  8
T3_PROFILE_INSIDE_2
 10
2.081876755674529
 20
29.04209860296542
 30
0.0
  0
VERTEX
  5
95E
  8
T3_PROFILE_INSIDE_2
 10
2.075943439039127
 20
29.05459873619359
 30
0.0
  0
VERTEX
  5
95F
  8
T3_PROFILE_INSIDE_2
 10
2.070197974126098
 20
29.06757449399543
 30
0.0
  0
VERTEX
  5
960
  8
T3_PROFILE_INSIDE_2
 10
2.064640360935444
 20
29.08102587637094
 30
0.0
  0
VERTEX
  5
961
  8
T3_PROFILE_INSIDE_2
 10
2.059270599467163
 20
29.09495288332012
 30
0.0
  0
VERTEX
  5
962
  8
T3_PROFILE_INSIDE_2
 10
2.054088689721255
 20
29.10935551484297
 30
0.0
  0
VERTEX
  5
963
  8
T3_PROFILE_INSIDE_2
 10
2.049094631697722
 20
29.12423377093949
 30
0.0
  0
VERTEX
  5
964
  8
T3_PROFILE_INSIDE_2
 10
2.044288425396562
 20
29.13958765160968
 30
0.0
  0
VERTEX
  5
965
  8
T3_PROFILE_INSIDE_2
 10
2.039670070817777
 20
29.15541715685355
 30
0.0
  0
VERTEX
  5
966
  8
T3_PROFILE_INSIDE_2
 10
2.035239567961365
 20
29.17172228667107
 30
0.0
  0
VERTEX
  5
967
  8
T3_PROFILE_INSIDE_2
 10
2.030996916827326
 20
29.18850304106227
 30
0.0
  0
VERTEX
  5
968
  8
T3_PROFILE_INSIDE_2
 10
2.023075169726372
 20
29.22349142356569
 30
0.0
  0
VERTEX
  5
969
  8
T3_PROFILE_INSIDE_2
 10
2.016000753798678
 20
29.25990268294495
 30
0.0
  0
VERTEX
  5
96A
  8
T3_PROFILE_INSIDE_2
 10
2.009869593328009
 20
29.29725719778124
 30
0.0
  0
VERTEX
  5
96B
  8
T3_PROFILE_INSIDE_2
 10
2.004681688314366
 20
29.33555496807455
 30
0.0
  0
VERTEX
  5
96C
  8
T3_PROFILE_INSIDE_2
 10
2.00043703875775
 20
29.3747959938249
 30
0.0
  0
VERTEX
  5
96D
  8
T3_PROFILE_INSIDE_2
 10
1.997135644658159
 20
29.41498027503226
 30
0.0
  0
VERTEX
  5
96E
  8
T3_PROFILE_INSIDE_2
 10
1.994777506015594
 20
29.45610781169666
 30
0.0
  0
VERTEX
  5
96F
  8
T3_PROFILE_INSIDE_2
 10
1.993362622830055
 20
29.49817860381808
 30
0.0
  0
SEQEND
  5
160B
  8
T3_PROFILE_INSIDE_2
  0
POLYLINE
  5
83
  8
T3_PROFILE_INSIDE_2
 66
     1
 10
0.0
 20
0.0
 30
0.0
 70
     1
  0
VERTEX
  5
970
  8
T3_PROFILE_INSIDE_2
 10
2.406260708607681
 20
29.54016945903636
 30
0.0
  0
VERTEX
  5
971
  8
T3_PROFILE_INSIDE_2
 10
2.406458552442948
 20
29.50506716644597
 30
0.0
  0
VERTEX
  5
972
  8
T3_PROFILE_INSIDE_2
 10
2.407052083948745
 20
29.47138375388629
 30
0.0
  0
VERTEX
  5
973
  8
T3_PROFILE_INSIDE_2
 10
2.408041303125076
 20
29.43911922135729
 30
0.0
  0
VERTEX
  5
974
  8
T3_PROFILE_INSIDE_2
 10
2.409426209971938
 20
29.408273568859
 30
0.0
  0
VERTEX
  5
975
  8
T3_PROFILE_INSIDE_2
 10
2.411206804489333
 20
29.3788467963914
 30
0.0
  0
VERTEX
  5
976
  8
T3_PROFILE_INSIDE_2
 10
2.413383086677259
 20
29.3508389039545
 30
0.0
  0
VERTEX
  5
977
  8
T3_PROFILE_INSIDE_2
 10
2.415955056535717
 20
29.32424989154829
 30
0.0
  0
VERTEX
  5
978
  8
T3_PROFILE_INSIDE_2
 10
2.418922714064707
 20
29.29907975917278
 30
0.0
  0
VERTEX
  5
979
  8
T3_PROFILE_INSIDE_2
 10
2.42228605926423
 20
29.27532850682797
 30
0.0
  0
VERTEX
  5
97A
  8
T3_PROFILE_INSIDE_2
 10
2.426045092134284
 20
29.25299613451384
 30
0.0
  0
VERTEX
  5
97B
  8
T3_PROFILE_INSIDE_2
 10
2.430199812674871
 20
29.23208264223042
 30
0.0
  0
VERTEX
  5
97C
  8
T3_PROFILE_INSIDE_2
 10
2.43475022088599
 20
29.21258802997769
 30
0.0
  0
VERTEX
  5
97D
  8
T3_PROFILE_INSIDE_2
 10
2.43969631676764
 20
29.19451229775566
 30
0.0
  0
VERTEX
  5
97E
  8
T3_PROFILE_INSIDE_2
 10
2.445038100319823
 20
29.17785544556432
 30
0.0
  0
VERTEX
  5
97F
  8
T3_PROFILE_INSIDE_2
 10
2.450775571542538
 20
29.16261747340368
 30
0.0
  0
VERTEX
  5
980
  8
T3_PROFILE_INSIDE_2
 10
2.456908730435785
 20
29.14879838127374
 30
0.0
  0
VERTEX
  5
981
  8
T3_PROFILE_INSIDE_2
 10
2.46341759277378
 20
29.13609840578772
 30
0.0
  0
VERTEX
  5
982
  8
T3_PROFILE_INSIDE_2
 10
2.470282174330737
 20
29.12421778355887
 30
0.0
  0
VERTEX
  5
983
  8
T3_PROFILE_INSIDE_2
 10
2.477502475106658
 20
29.11315651458717
 30
0.0
  0
VERTEX
  5
984
  8
T3_PROFILE_INSIDE_2
 10
2.485078495101542
 20
29.10291459887264
 30
0.0
  0
VERTEX
  5
985
  8
T3_PROFILE_INSIDE_2
 10
2.493010234315389
 20
29.09349203641528
 30
0.0
  0
VERTEX
  5
986
  8
T3_PROFILE_INSIDE_2
 10
2.5012976927482
 20
29.08488882721507
 30
0.0
  0
VERTEX
  5
987
  8
T3_PROFILE_INSIDE_2
 10
2.509940870399973
 20
29.07710497127203
 30
0.0
  0
VERTEX
  5
988
  8
T3_PROFILE_INSIDE_2
 10
2.51893976727071
 20
29.07014046858615
 30
0.0
  0
VERTEX
  5
989
  8
T3_PROFILE_INSIDE_2
 10
2.52829438336041
 20
29.06399531915743
 30
0.0
  0
VERTEX
  5
98A
  8
T3_PROFILE_INSIDE_2
 10
2.538004718669074
 20
29.05866952298588
 30
0.0
  0
VERTEX
  5
98B
  8
T3_PROFILE_INSIDE_2
 10
2.548070773196699
 20
29.05416308007148
 30
0.0
  0
VERTEX
  5
98C
  8
T3_PROFILE_INSIDE_2
 10
2.558492546943288
 20
29.05047599041426
 30
0.0
  0
VERTEX
  5
98D
  8
T3_PROFILE_INSIDE_2
 10
2.569270039908841
 20
29.04760825401419
 30
0.0
  0
VERTEX
  5
98E
  8
T3_PROFILE_INSIDE_2
 10
2.580403252093356
 20
29.04555987087128
 30
0.0
  0
VERTEX
  5
98F
  8
T3_PROFILE_INSIDE_2
 10
2.591892183496835
 20
29.04433084098554
 30
0.0
  0
VERTEX
  5
990
  8
T3_PROFILE_INSIDE_2
 10
2.603736834119277
 20
29.04392116435696
 30
0.0
  0
VERTEX
  5
991
  8
T3_PROFILE_INSIDE_2
 10
2.611600626965457
 20
29.04409502712128
 30
0.0
  0
VERTEX
  5
992
  8
T3_PROFILE_INSIDE_2
 10
2.61933252392146
 20
29.04461661541426
 30
0.0
  0
VERTEX
  5
993
  8
T3_PROFILE_INSIDE_2
 10
2.626932524987286
 20
29.04548592923588
 30
0.0
  0
VERTEX
  5
994
  8
T3_PROFILE_INSIDE_2
 10
2.634400630162934
 20
29.04670296858615
 30
0.0
  0
VERTEX
  5
995
  8
T3_PROFILE_INSIDE_2
 10
2.641736839448404
 20
29.04826773346507
 30
0.0
  0
VERTEX
  5
996
  8
T3_PROFILE_INSIDE_2
 10
2.648941152843697
 20
29.05018022387264
 30
0.0
  0
VERTEX
  5
997
  8
T3_PROFILE_INSIDE_2
 10
2.656013570348813
 20
29.05244043980887
 30
0.0
  0
VERTEX
  5
998
  8
T3_PROFILE_INSIDE_2
 10
2.662954091963752
 20
29.05504838127374
 30
0.0
  0
VERTEX
  5
999
  8
T3_PROFILE_INSIDE_2
 10
2.669762717688513
 20
29.05800404826726
 30
0.0
  0
VERTEX
  5
99A
  8
T3_PROFILE_INSIDE_2
 10
2.676439447523097
 20
29.06130744078943
 30
0.0
  0
VERTEX
  5
99B
  8
T3_PROFILE_INSIDE_2
 10
2.682984281467504
 20
29.06495855884025
 30
0.0
  0
VERTEX
  5
99C
  8
T3_PROFILE_INSIDE_2
 10
2.689397219521733
 20
29.06895740241971
 30
0.0
  0
VERTEX
  5
99D
  8
T3_PROFILE_INSIDE_2
 10
2.695678261685785
 20
29.07330397152783
 30
0.0
  0
VERTEX
  5
99E
  8
T3_PROFILE_INSIDE_2
 10
2.70182740795966
 20
29.0779982661646
 30
0.0
  0
VERTEX
  5
99F
  8
T3_PROFILE_INSIDE_2
 10
2.707844658343356
 20
29.08304028633001
 30
0.0
  0
VERTEX
  5
9A0
  8
T3_PROFILE_INSIDE_2
 10
2.713730012836876
 20
29.08843003202408
 30
0.0
  0
VERTEX
  5
9A1
  8
T3_PROFILE_INSIDE_2
 10
2.719453495101542
 20
29.09419548116289
 30
0.0
  0
VERTEX
  5
9A2
  8
T3_PROFILE_INSIDE_2
 10
2.724985128798677
 20
29.10036461166255
 30
0.0
  0
VERTEX
  5
9A3
  8
T3_PROFILE_INSIDE_2
 10
2.730324913928281
 20
29.10693742352305
 30
0.0
  0
VERTEX
  5
9A4
  8
T3_PROFILE_INSIDE_2
 10
2.735472850490355
 20
29.1139139167444
 30
0.0
  0
VERTEX
  5
9A5
  8
T3_PROFILE_INSIDE_2
 10
2.740428938484898
 20
29.1212940913266
 30
0.0
  0
VERTEX
  5
9A6
  8
T3_PROFILE_INSIDE_2
 10
2.745193177911911
 20
29.12907794726964
 30
0.0
  0
VERTEX
  5
9A7
  8
T3_PROFILE_INSIDE_2
 10
2.749765568771392
 20
29.13726548457353
 30
0.0
  0
VERTEX
  5
9A8
  8
T3_PROFILE_INSIDE_2
 10
2.754146111063343
 20
29.14585670323827
 30
0.0
  0
VERTEX
  5
9A9
  8
T3_PROFILE_INSIDE_2
 10
2.758334804787763
 20
29.15485160326385
 30
0.0
  0
VERTEX
  5
9AA
  8
T3_PROFILE_INSIDE_2
 10
2.762331649944652
 20
29.16425018465027
 30
0.0
  0
VERTEX
  5
9AB
  8
T3_PROFILE_INSIDE_2
 10
2.766136646534012
 20
29.17405244739754
 30
0.0
  0
VERTEX
  5
9AC
  8
T3_PROFILE_INSIDE_2
 10
2.76974979455584
 20
29.18425839150566
 30
0.0
  0
VERTEX
  5
9AD
  8
T3_PROFILE_INSIDE_2
 10
2.773171094010137
 20
29.19486801697462
 30
0.0
  0
VERTEX
  5
9AE
  8
T3_PROFILE_INSIDE_2
 10
2.776400544896903
 20
29.20588132380443
 30
0.0
  0
VERTEX
  5
9AF
  8
T3_PROFILE_INSIDE_2
 10
2.782283900967845
 20
29.22911898154659
 30
0.0
  0
VERTEX
  5
9B0
  8
T3_PROFILE_INSIDE_2
 10
2.784947798264912
 20
29.24156116051999
 30
0.0
  0
VERTEX
  5
9B1
  8
T3_PROFILE_INSIDE_2
 10
2.787439831220233
 20
29.25484267697633
 30
0.0
  0
VERTEX
  5
9B2
  8
T3_PROFILE_INSIDE_2
 10
2.791908304105635
 20
29.28392372233786
 30
0.0
  0
VERTEX
  5
9B3
  8
T3_PROFILE_INSIDE_2
 10
2.795689319624053
 20
29.31636211763117
 30
0.0
  0
VERTEX
  5
9B4
  8
T3_PROFILE_INSIDE_2
 10
2.798782877775485
 20
29.35215786285627
 30
0.0
  0
VERTEX
  5
9B5
  8
T3_PROFILE_INSIDE_2
 10
2.801188978559932
 20
29.39131095801316
 30
0.0
  0
VERTEX
  5
9B6
  8
T3_PROFILE_INSIDE_2
 10
2.802907621977395
 20
29.43382140310184
 30
0.0
  0
VERTEX
  5
9B7
  8
T3_PROFILE_INSIDE_2
 10
2.803938808027873
 20
29.4796891981223
 30
0.0
  0
VERTEX
  5
9B8
  8
T3_PROFILE_INSIDE_2
 10
2.804282536711365
 20
29.52891434307455
 30
0.0
  0
VERTEX
  5
9B9
  8
T3_PROFILE_INSIDE_2
 10
2.804084692876099
 20
29.56549546837299
 30
0.0
  0
VERTEX
  5
9BA
  8
T3_PROFILE_INSIDE_2
 10
2.803491161370301
 20
29.60054580197633
 30
0.0
  0
VERTEX
  5
9BB
  8
T3_PROFILE_INSIDE_2
 10
2.80250194219397
 20
29.63406534388458
 30
0.0
  0
VERTEX
  5
9BC
  8
T3_PROFILE_INSIDE_2
 10
2.801117035347108
 20
29.66605409409775
 30
0.0
  0
VERTEX
  5
9BD
  8
T3_PROFILE_INSIDE_2
 10
2.799336440829713
 20
29.69651205261582
 30
0.0
  0
VERTEX
  5
9BE
  8
T3_PROFILE_INSIDE_2
 10
2.797160158641788
 20
29.72543921943881
 30
0.0
  0
VERTEX
  5
9BF
  8
T3_PROFILE_INSIDE_2
 10
2.794588188783329
 20
29.75283559456671
 30
0.0
  0
VERTEX
  5
9C0
  8
T3_PROFILE_INSIDE_2
 10
2.791620531254339
 20
29.77870117799952
 30
0.0
  0
VERTEX
  5
9C1
  8
T3_PROFILE_INSIDE_2
 10
2.788257186054816
 20
29.80303596973724
 30
0.0
  0
VERTEX
  5
9C2
  8
T3_PROFILE_INSIDE_2
 10
2.784498153184762
 20
29.82583996977988
 30
0.0
  0
VERTEX
  5
9C3
  8
T3_PROFILE_INSIDE_2
 10
2.780343432644175
 20
29.84711317812742
 30
0.0
  0
VERTEX
  5
9C4
  8
T3_PROFILE_INSIDE_2
 10
2.775793024433057
 20
29.86685559477988
 30
0.0
  0
VERTEX
  5
9C5
  8
T3_PROFILE_INSIDE_2
 10
2.770846928551406
 20
29.88506721973724
 30
0.0
  0
VERTEX
  5
9C6
  8
T3_PROFILE_INSIDE_2
 10
2.765505144999223
 20
29.90174805299952
 30
0.0
  0
VERTEX
  5
9C7
  8
T3_PROFILE_INSIDE_2
 10
2.759767673776508
 20
29.91689809456671
 30
0.0
  0
VERTEX
  5
9C8
  8
T3_PROFILE_INSIDE_2
 10
2.753634514883261
 20
29.93051734443881
 30
0.0
  0
VERTEX
  5
9C9
  8
T3_PROFILE_INSIDE_2
 10
2.747105668319482
 20
29.9429695155251
 30
0.0
  0
VERTEX
  5
9CA
  8
T3_PROFILE_INSIDE_2
 10
2.740181134085171
 20
29.95461832073486
 30
0.0
  0
VERTEX
  5
9CB
  8
T3_PROFILE_INSIDE_2
 10
2.732860912180328
 20
29.96546376006808
 30
0.0
  0
VERTEX
  5
9CC
  8
T3_PROFILE_INSIDE_2
 10
2.725145002604953
 20
29.97550583352476
 30
0.0
  0
VERTEX
  5
9CD
  8
T3_PROFILE_INSIDE_2
 10
2.717033405359045
 20
29.98474454110491
 30
0.0
  0
VERTEX
  5
9CE
  8
T3_PROFILE_INSIDE_2
 10
2.708526120442607
 20
29.99317988280853
 30
0.0
  0
VERTEX
  5
9CF
  8
T3_PROFILE_INSIDE_2
 10
2.699623147855635
 20
30.00081185863561
 30
0.0
  0
VERTEX
  5
9D0
  8
T3_PROFILE_INSIDE_2
 10
2.690324487598132
 20
30.00764046858615
 30
0.0
  0
VERTEX
  5
9D1
  8
T3_PROFILE_INSIDE_2
 10
2.680630139670096
 20
30.01366571266017
 30
0.0
  0
VERTEX
  5
9D2
  8
T3_PROFILE_INSIDE_2
 10
2.670540104071529
 20
30.01888759085764
 30
0.0
  0
VERTEX
  5
9D3
  8
T3_PROFILE_INSIDE_2
 10
2.660054380802429
 20
30.02330610317858
 30
0.0
  0
VERTEX
  5
9D4
  8
T3_PROFILE_INSIDE_2
 10
2.649172969862797
 20
30.02692124962299
 30
0.0
  0
VERTEX
  5
9D5
  8
T3_PROFILE_INSIDE_2
 10
2.637895871252633
 20
30.02973303019086
 30
0.0
  0
VERTEX
  5
9D6
  8
T3_PROFILE_INSIDE_2
 10
2.626223084971938
 20
30.0317414448822
 30
0.0
  0
VERTEX
  5
9D7
  8
T3_PROFILE_INSIDE_2
 10
2.61415461102071
 20
30.032946493697
 30
0.0
  0
VERTEX
  5
9D8
  8
T3_PROFILE_INSIDE_2
 10
2.60169044939895
 20
30.03334817663526
 30
0.0
  0
VERTEX
  5
9D9
  8
T3_PROFILE_INSIDE_2
 10
2.588996469180669
 20
30.03293850000669
 30
0.0
  0
VERTEX
  5
9DA
  8
T3_PROFILE_INSIDE_2
 10
2.576750135619959
 20
30.03170947012094
 30
0.0
  0
VERTEX
  5
9DB
  8
T3_PROFILE_INSIDE_2
 10
2.564951448716822
 20
30.02966108697804
 30
0.0
  0
VERTEX
  5
9DC
  8
T3_PROFILE_INSIDE_2
 10
2.553600408471256
 20
30.02679335057797
 30
0.0
  0
VERTEX
  5
9DD
  8
T3_PROFILE_INSIDE_2
 10
2.542697014883261
 20
30.02310626092074
 30
0.0
  0
VERTEX
  5
9DE
  8
T3_PROFILE_INSIDE_2
 10
2.532241267952839
 20
30.01859981800634
 30
0.0
  0
VERTEX
  5
9DF
  8
T3_PROFILE_INSIDE_2
 10
2.522233167679987
 20
30.01327402183479
 30
0.0
  0
VERTEX
  5
9E0
  8
T3_PROFILE_INSIDE_2
 10
2.512672714064707
 20
30.00712887240607
 30
0.0
  0
VERTEX
  5
9E1
  8
T3_PROFILE_INSIDE_2
 10
2.503559907106999
 20
30.00016436972019
 30
0.0
  0
VERTEX
  5
9E2
  8
T3_PROFILE_INSIDE_2
 10
2.494894746806863
 20
29.99238051377715
 30
0.0
  0
VERTEX
  5
9E3
  8
T3_PROFILE_INSIDE_2
 10
2.486677233164298
 20
29.98377730457695
 30
0.0
  0
VERTEX
  5
9E4
  8
T3_PROFILE_INSIDE_2
 10
2.478907366179305
 20
29.97435474211958
 30
0.0
  0
VERTEX
  5
9E5
  8
T3_PROFILE_INSIDE_2
 10
2.471585145851883
 20
29.96411282640505
 30
0.0
  0
VERTEX
  5
9E6
  8
T3_PROFILE_INSIDE_2
 10
2.464710572182033
 20
29.95305155743335
 30
0.0
  0
VERTEX
  5
9E7
  8
T3_PROFILE_INSIDE_2
 10
2.458283645169755
 20
29.9411709352045
 30
0.0
  0
VERTEX
  5
9E8
  8
T3_PROFILE_INSIDE_2
 10
2.452304364815048
 20
29.92847095971849
 30
0.0
  0
VERTEX
  5
9E9
  8
T3_PROFILE_INSIDE_2
 10
2.446728765821187
 20
29.91466385812401
 30
0.0
  0
VERTEX
  5
9EA
  8
T3_PROFILE_INSIDE_2
 10
2.441512882891447
 20
29.89946185756978
 30
0.0
  0
VERTEX
  5
9EB
  8
T3_PROFILE_INSIDE_2
 10
2.436656716025826
 20
29.8828649580558
 30
0.0
  0
VERTEX
  5
9EC
  8
T3_PROFILE_INSIDE_2
 10
2.432160265224325
 20
29.86487315958206
 30
0.0
  0
VERTEX
  5
9ED
  8
T3_PROFILE_INSIDE_2
 10
2.428023530486945
 20
29.84548646214856
 30
0.0
  0
VERTEX
  5
9EE
  8
T3_PROFILE_INSIDE_2
 10
2.424246511813684
 20
29.82470486575532
 30
0.0
  0
VERTEX
  5
9EF
  8
T3_PROFILE_INSIDE_2
 10
2.420829209204544
 20
29.80252837040232
 30
0.0
  0
VERTEX
  5
9F0
  8
T3_PROFILE_INSIDE_2
 10
2.417771622659523
 20
29.77895697608956
 30
0.0
  0
VERTEX
  5
9F1
  8
T3_PROFILE_INSIDE_2
 10
2.415073752178623
 20
29.75399068281705
 30
0.0
  0
VERTEX
  5
9F2
  8
T3_PROFILE_INSIDE_2
 10
2.412735597761842
 20
29.72762949058479
 30
0.0
  0
VERTEX
  5
9F3
  8
T3_PROFILE_INSIDE_2
 10
2.410757159409182
 20
29.69987339939276
 30
0.0
  0
VERTEX
  5
9F4
  8
T3_PROFILE_INSIDE_2
 10
2.409138437120642
 20
29.67072240924099
 30
0.0
  0
VERTEX
  5
9F5
  8
T3_PROFILE_INSIDE_2
 10
2.407879430896222
 20
29.64017652012947
 30
0.0
  0
VERTEX
  5
9F6
  8
T3_PROFILE_INSIDE_2
 10
2.406980140735921
 20
29.60823573205818
 30
0.0
  0
VERTEX
  5
9F7
  8
T3_PROFILE_INSIDE_2
 10
2.406440566639741
 20
29.57490004502715
 30
0.0
  0
SEQEND
  5
160C
  8
T3_PROFILE_INSIDE_2
  0
POLYLINE
  5
84
  8
T3_PROFILE_INSIDE_2
 66
     1
 10
0.0
 20
0.0
 30
0.0
 70
     1
  0
VERTEX
  5
9F8
  8
T3_PROFILE_INSIDE_2
 10
3.207420326615867
 20
26.53505349723554
 30
0.0
  0
VERTEX
  5
9F9
  8
T3_PROFILE_INSIDE_2
 10
1.957079262495812
 20
26.53505349723554
 30
0.0
  0
VERTEX
  5
9FA
  8
T3_PROFILE_INSIDE_2
 10
1.960106872702156
 20
26.55811729221337
 30
0.0
  0
VERTEX
  5
9FB
  8
T3_PROFILE_INSIDE_2
 10
1.963817943430328
 20
26.58100922284945
 30
0.0
  0
VERTEX
  5
9FC
  8
T3_PROFILE_INSIDE_2
 10
1.968212474680328
 20
26.60372928914379
 30
0.0
  0
VERTEX
  5
9FD
  8
T3_PROFILE_INSIDE_2
 10
1.973290466452156
 20
26.62627749109638
 30
0.0
  0
VERTEX
  5
9FE
  8
T3_PROFILE_INSIDE_2
 10
1.979051918745812
 20
26.64865382870723
 30
0.0
  0
VERTEX
  5
9FF
  8
T3_PROFILE_INSIDE_2
 10
1.985496831561297
 20
26.67085830197633
 30
0.0
  0
VERTEX
  5
A00
  8
T3_PROFILE_INSIDE_2
 10
1.992625204898609
 20
26.69289091090368
 30
0.0
  0
VERTEX
  5
A01
  8
T3_PROFILE_INSIDE_2
 10
2.00043703875775
 20
26.71475165548929
 30
0.0
  0
VERTEX
  5
A02
  8
T3_PROFILE_INSIDE_2
 10
2.008932333138718
 20
26.73644053573315
 30
0.0
  0
VERTEX
  5
A03
  8
T3_PROFILE_INSIDE_2
 10
2.018111088041515
 20
26.75795755163526
 30
0.0
  0
VERTEX
  5
A04
  8
T3_PROFILE_INSIDE_2
 10
2.02797330346614
 20
26.77930270319563
 30
0.0
  0
VERTEX
  5
A05
  8
T3_PROFILE_INSIDE_2
 10
2.038518979412593
 20
26.80047599041425
 30
0.0
  0
VERTEX
  5
A06
  8
T3_PROFILE_INSIDE_2
 10
2.049748115880874
 20
26.82147741329113
 30
0.0
  0
VERTEX
  5
A07
  8
T3_PROFILE_INSIDE_2
 10
2.061660712870983
 20
26.84230697182626
 30
0.0
  0
VERTEX
  5
A08
  8
T3_PROFILE_INSIDE_2
 10
2.074256770382921
 20
26.86296466601964
 30
0.0
  0
VERTEX
  5
A09
  8
T3_PROFILE_INSIDE_2
 10
2.087536288416686
 20
26.88345049587128
 30
0.0
  0
VERTEX
  5
A0A
  8
T3_PROFILE_INSIDE_2
 10
2.101902948333125
 20
26.90408021214856
 30
0.0
  0
VERTEX
  5
A0B
  8
T3_PROFILE_INSIDE_2
 10
2.117760431493084
 20
26.92516956561889
 30
0.0
  0
VERTEX
  5
A0C
  8
T3_PROFILE_INSIDE_2
 10
2.135108737896563
 20
26.94671855628226
 30
0.0
  0
VERTEX
  5
A0D
  8
T3_PROFILE_INSIDE_2
 10
2.153947867543562
 20
26.96872718413868
 30
0.0
  0
VERTEX
  5
A0E
  8
T3_PROFILE_INSIDE_2
 10
2.174277820434081
 20
26.99119544918813
 30
0.0
  0
VERTEX
  5
A0F
  8
T3_PROFILE_INSIDE_2
 10
2.196098596568119
 20
27.01412335143063
 30
0.0
  0
VERTEX
  5
A10
  8
T3_PROFILE_INSIDE_2
 10
2.219410195945676
 20
27.03751089086616
 30
0.0
  0
VERTEX
  5
A11
  8
T3_PROFILE_INSIDE_2
 10
2.244212618566754
 20
27.06135806749474
 30
0.0
  0
VERTEX
  5
A12
  8
T3_PROFILE_INSIDE_2
 10
2.270505864431352
 20
27.08566488131637
 30
0.0
  0
VERTEX
  5
A13
  8
T3_PROFILE_INSIDE_2
 10
2.298289933539469
 20
27.11043133233103
 30
0.0
  0
VERTEX
  5
A14
  8
T3_PROFILE_INSIDE_2
 10
2.327564825891106
 20
27.13565742053874
 30
0.0
  0
VERTEX
  5
A15
  8
T3_PROFILE_INSIDE_2
 10
2.358330541486263
 20
27.16134314593949
 30
0.0
  0
VERTEX
  5
A16
  8
T3_PROFILE_INSIDE_2
 10
2.39058708032494
 20
27.18748850853328
 30
0.0
  0
VERTEX
  5
A17
  8
T3_PROFILE_INSIDE_2
 10
2.424334442407136
 20
27.21409350832012
 30
0.0
  0
VERTEX
  5
A18
  8
T3_PROFILE_INSIDE_2
 10
2.459572627732852
 20
27.2411581453
 30
0.0
  0
VERTEX
  5
A19
  8
T3_PROFILE_INSIDE_2
 10
2.496301636302088
 20
27.26868241947292
 30
0.0
  0
VERTEX
  5
A1A
  8
T3_PROFILE_INSIDE_2
 10
2.540027122318459
 20
27.3016803730882
 30
0.0
  0
VERTEX
  5
A1B
  8
T3_PROFILE_INSIDE_2
 10
2.57962786413292
 20
27.33263194198315
 30
0.0
  0
VERTEX
  5
A1C
  8
T3_PROFILE_INSIDE_2
 10
2.615103861745471
 20
27.36153712615777
 30
0.0
  0
VERTEX
  5
A1D
  8
T3_PROFILE_INSIDE_2
 10
2.646455115156113
 20
27.38839592561207
 30
0.0
  0
VERTEX
  5
A1E
  8
T3_PROFILE_INSIDE_2
 10
2.660583962785717
 20
27.4010579310691
 30
0.0
  0
VERTEX
  5
A1F
  8
T3_PROFILE_INSIDE_2
 10
2.673681624364844
 20
27.41320834034604
 30
0.0
  0
VERTEX
  5
A20
  8
T3_PROFILE_INSIDE_2
 10
2.685748099893493
 20
27.4248471534429
 30
0.0
  0
VERTEX
  5
A21
  8
T3_PROFILE_INSIDE_2
 10
2.696783389371665
 20
27.43597437035968
 30
0.0
  0
VERTEX
  5
A22
  8
T3_PROFILE_INSIDE_2
 10
2.706787492799359
 20
27.44658999109638
 30
0.0
  0
VERTEX
  5
A23
  8
T3_PROFILE_INSIDE_2
 10
2.715760410176576
 20
27.456694015653
 30
0.0
  0
VERTEX
  5
A24
  8
T3_PROFILE_INSIDE_2
 10
2.723702141503316
 20
27.46628644402954
 30
0.0
  0
VERTEX
  5
A25
  8
T3_PROFILE_INSIDE_2
 10
2.730612686779578
 20
27.47536727622599
 30
0.0
  0
VERTEX
  5
A26
  8
T3_PROFILE_INSIDE_2
 10
2.742603222250246
 20
27.49290543277442
 30
0.0
  0
VERTEX
  5
A27
  8
T3_PROFILE_INSIDE_2
 10
2.747998963212047
 20
27.50159057730034
 30
0.0
  0
VERTEX
  5
A28
  8
T3_PROFILE_INSIDE_2
 10
2.752995019658159
 20
27.51021976599407
 30
0.0
  0
VERTEX
  5
A29
  8
T3_PROFILE_INSIDE_2
 10
2.757591391588582
 20
27.5187929988556
 30
0.0
  0
VERTEX
  5
A2A
  8
T3_PROFILE_INSIDE_2
 10
2.761788079003316
 20
27.52731027588493
 30
0.0
  0
VERTEX
  5
A2B
  8
T3_PROFILE_INSIDE_2
 10
2.765585081902361
 20
27.53577159708206
 30
0.0
  0
VERTEX
  5
A2C
  8
T3_PROFILE_INSIDE_2
 10
2.768982400285717
 20
27.544176962447
 30
0.0
  0
VERTEX
  5
A2D
  8
T3_PROFILE_INSIDE_2
 10
2.771980034153384
 20
27.55252637197974
 30
0.0
  0
VERTEX
  5
A2E
  8
T3_PROFILE_INSIDE_2
 10
2.774577983505362
 20
27.56081982568029
 30
0.0
  0
VERTEX
  5
A2F
  8
T3_PROFILE_INSIDE_2
 10
2.776776248341651
 20
27.56905732354864
 30
0.0
  0
VERTEX
  5
A30
  8
T3_PROFILE_INSIDE_2
 10
2.778574828662252
 20
27.57723886558479
 30
0.0
  0
VERTEX
  5
A31
  8
T3_PROFILE_INSIDE_2
 10
2.779973724467163
 20
27.58536445178875
 30
0.0
  0
VERTEX
  5
A32
  8
T3_PROFILE_INSIDE_2
 10
2.780972935756385
 20
27.59343408216051
 30
0.0
  0
VERTEX
  5
A33
  8
T3_PROFILE_INSIDE_2
 10
2.781572462529919
 20
27.60144775670007
 30
0.0
  0
VERTEX
  5
A34
  8
T3_PROFILE_INSIDE_2
 10
2.781772304787764
 20
27.60940547540743
 30
0.0
  0
VERTEX
  5
A35
  8
T3_PROFILE_INSIDE_2
 10
2.781574460952497
 20
27.61789677294324
 30
0.0
  0
VERTEX
  5
A36
  8
T3_PROFILE_INSIDE_2
 10
2.7809809294467
 20
27.62623219351794
 30
0.0
  0
VERTEX
  5
A37
  8
T3_PROFILE_INSIDE_2
 10
2.77999171027037
 20
27.63441173713151
 30
0.0
  0
VERTEX
  5
A38
  8
T3_PROFILE_INSIDE_2
 10
2.778606803423507
 20
27.64243540378397
 30
0.0
  0
VERTEX
  5
A39
  8
T3_PROFILE_INSIDE_2
 10
2.776826208906113
 20
27.6503031934753
 30
0.0
  0
VERTEX
  5
A3A
  8
T3_PROFILE_INSIDE_2
 10
2.774649926718187
 20
27.65801510620553
 30
0.0
  0
VERTEX
  5
A3B
  8
T3_PROFILE_INSIDE_2
 10
2.772077956859728
 20
27.66557114197462
 30
0.0
  0
VERTEX
  5
A3C
  8
T3_PROFILE_INSIDE_2
 10
2.769110299330737
 20
27.67297130078261
 30
0.0
  0
VERTEX
  5
A3D
  8
T3_PROFILE_INSIDE_2
 10
2.765746954131215
 20
27.68021558262947
 30
0.0
  0
VERTEX
  5
A3E
  8
T3_PROFILE_INSIDE_2
 10
2.76198792126116
 20
27.68730398751521
 30
0.0
  0
VERTEX
  5
A3F
  8
T3_PROFILE_INSIDE_2
 10
2.757833200720573
 20
27.69423651543983
 30
0.0
  0
VERTEX
  5
A40
  8
T3_PROFILE_INSIDE_2
 10
2.753282792509455
 20
27.70101316640334
 30
0.0
  0
VERTEX
  5
A41
  8
T3_PROFILE_INSIDE_2
 10
2.748336696627804
 20
27.70763394040573
 30
0.0
  0
VERTEX
  5
A42
  8
T3_PROFILE_INSIDE_2
 10
2.742994913075622
 20
27.714098837447
 30
0.0
  0
VERTEX
  5
A43
  8
T3_PROFILE_INSIDE_2
 10
2.737257441852907
 20
27.72040785752715
 30
0.0
  0
VERTEX
  5
A44
  8
T3_PROFILE_INSIDE_2
 10
2.73112428295966
 20
27.72656100064618
 30
0.0
  0
VERTEX
  5
A45
  8
T3_PROFILE_INSIDE_2
 10
2.724691360679646
 20
27.7324463551397
 30
0.0
  0
VERTEX
  5
A46
  8
T3_PROFILE_INSIDE_2
 10
2.718054599296631
 20
27.73795200934331
 30
0.0
  0
VERTEX
  5
A47
  8
T3_PROFILE_INSIDE_2
 10
2.711213998810615
 20
27.74307796325702
 30
0.0
  0
VERTEX
  5
A48
  8
T3_PROFILE_INSIDE_2
 10
2.704169559221596
 20
27.74782421688083
 30
0.0
  0
VERTEX
  5
A49
  8
T3_PROFILE_INSIDE_2
 10
2.696921280529578
 20
27.75219077021474
 30
0.0
  0
VERTEX
  5
A4A
  8
T3_PROFILE_INSIDE_2
 10
2.689469162734557
 20
27.75617762325873
 30
0.0
  0
VERTEX
  5
A4B
  8
T3_PROFILE_INSIDE_2
 10
2.681813205836535
 20
27.75978477601282
 30
0.0
  0
VERTEX
  5
A4C
  8
T3_PROFILE_INSIDE_2
 10
2.673953409835512
 20
27.76301222847701
 30
0.0
  0
VERTEX
  5
A4D
  8
T3_PROFILE_INSIDE_2
 10
2.665889774731488
 20
27.76585998065129
 30
0.0
  0
VERTEX
  5
A4E
  8
T3_PROFILE_INSIDE_2
 10
2.657622300524462
 20
27.76832803253567
 30
0.0
  0
VERTEX
  5
A4F
  8
T3_PROFILE_INSIDE_2
 10
2.649150987214435
 20
27.77041638413015
 30
0.0
  0
VERTEX
  5
A50
  8
T3_PROFILE_INSIDE_2
 10
2.640475834801406
 20
27.77212503543472
 30
0.0
  0
VERTEX
  5
A51
  8
T3_PROFILE_INSIDE_2
 10
2.631596843285377
 20
27.77345398644938
 30
0.0
  0
VERTEX
  5
A52
  8
T3_PROFILE_INSIDE_2
 10
2.622514012666345
 20
27.77440323717414
 30
0.0
  0
VERTEX
  5
A53
  8
T3_PROFILE_INSIDE_2
 10
2.613227342944312
 20
27.774972787609
 30
0.0
  0
VERTEX
  5
A54
  8
T3_PROFILE_INSIDE_2
 10
2.603736834119278
 20
27.77516263775395
 30
0.0
  0
VERTEX
  5
A55
  8
T3_PROFILE_INSIDE_2
 10
2.593874618694653
 20
27.77496679234127
 30
0.0
  0
VERTEX
  5
A56
  8
T3_PROFILE_INSIDE_2
 10
2.584240223443971
 20
27.7743792561032
 30
0.0
  0
VERTEX
  5
A57
  8
T3_PROFILE_INSIDE_2
 10
2.574833648367231
 20
27.77340002903977
 30
0.0
  0
VERTEX
  5
A58
  8
T3_PROFILE_INSIDE_2
 10
2.565654893464434
 20
27.77202911115095
 30
0.0
  0
VERTEX
  5
A59
  8
T3_PROFILE_INSIDE_2
 10
2.55670395873558
 20
27.77026650243677
 30
0.0
  0
VERTEX
  5
A5A
  8
T3_PROFILE_INSIDE_2
 10
2.547980844180669
 20
27.7681122028972
 30
0.0
  0
VERTEX
  5
A5B
  8
T3_PROFILE_INSIDE_2
 10
2.5394855497997
 20
27.76556621253226
 30
0.0
  0
VERTEX
  5
A5C
  8
T3_PROFILE_INSIDE_2
 10
2.531218075592674
 20
27.76262853134195
 30
0.0
  0
VERTEX
  5
A5D
  8
T3_PROFILE_INSIDE_2
 10
2.523178421559591
 20
27.75929915932626
 30
0.0
  0
VERTEX
  5
A5E
  8
T3_PROFILE_INSIDE_2
 10
2.515366587700451
 20
27.75557809648519
 30
0.0
  0
VERTEX
  5
A5F
  8
T3_PROFILE_INSIDE_2
 10
2.507782574015253
 20
27.75146534281876
 30
0.0
  0
VERTEX
  5
A60
  8
T3_PROFILE_INSIDE_2
 10
2.500426380503998
 20
27.74696089832694
 30
0.0
  0
VERTEX
  5
A61
  8
T3_PROFILE_INSIDE_2
 10
2.493298007166686
 20
27.74206476300975
 30
0.0
  0
VERTEX
  5
A62
  8
T3_PROFILE_INSIDE_2
 10
2.486397454003316
 20
27.73677693686719
 30
0.0
  0
VERTEX
  5
A63
  8
T3_PROFILE_INSIDE_2
 10
2.47972472101389
 20
27.73109741989925
 30
0.0
  0
VERTEX
  5
A64
  8
T3_PROFILE_INSIDE_2
 10
2.473279808198405
 20
27.72502621210593
 30
0.0
  0
VERTEX
  5
A65
  8
T3_PROFILE_INSIDE_2
 10
2.46707870293749
 20
27.71845939551316
 30
0.0
  0
VERTEX
  5
A66
  8
T3_PROFILE_INSIDE_2
 10
2.461137392611775
 20
27.71129305214686
 30
0.0
  0
VERTEX
  5
A67
  8
T3_PROFILE_INSIDE_2
 10
2.455455877221256
 20
27.70352718200703
 30
0.0
  0
VERTEX
  5
A68
  8
T3_PROFILE_INSIDE_2
 10
2.450034156765936
 20
27.69516178509366
 30
0.0
  0
VERTEX
  5
A69
  8
T3_PROFILE_INSIDE_2
 10
2.444872231245813
 20
27.68619686140676
 30
0.0
  0
VERTEX
  5
A6A
  8
T3_PROFILE_INSIDE_2
 10
2.439970100660888
 20
27.67663241094631
 30
0.0
  0
VERTEX
  5
A6B
  8
T3_PROFILE_INSIDE_2
 10
2.435327765011161
 20
27.66646843371235
 30
0.0
  0
VERTEX
  5
A6C
  8
T3_PROFILE_INSIDE_2
 10
2.430945224296631
 20
27.65570492970484
 30
0.0
  0
VERTEX
  5
A6D
  8
T3_PROFILE_INSIDE_2
 10
2.4268224785173
 20
27.64434189892381
 30
0.0
  0
VERTEX
  5
A6E
  8
T3_PROFILE_INSIDE_2
 10
2.422959527673166
 20
27.63237934136923
 30
0.0
  0
VERTEX
  5
A6F
  8
T3_PROFILE_INSIDE_2
 10
2.41935637176423
 20
27.61981725704113
 30
0.0
  0
VERTEX
  5
A70
  8
T3_PROFILE_INSIDE_2
 10
2.416013010790492
 20
27.60665564593949
 30
0.0
  0
VERTEX
  5
A71
  8
T3_PROFILE_INSIDE_2
 10
2.412929444751952
 20
27.59289450806432
 30
0.0
  0
VERTEX
  5
A72
  8
T3_PROFILE_INSIDE_2
 10
2.41010567364861
 20
27.57853384341562
 30
0.0
  0
VERTEX
  5
A73
  8
T3_PROFILE_INSIDE_2
 10
2.407541697480465
 20
27.56357365199338
 30
0.0
  0
VERTEX
  5
A74
  8
T3_PROFILE_INSIDE_2
 10
2.405237516247518
 20
27.54801393379761
 30
0.0
  0
VERTEX
  5
A75
  8
T3_PROFILE_INSIDE_2
 10
1.987775033300724
 20
27.58177928168301
 30
0.0
  0
VERTEX
  5
A76
  8
T3_PROFILE_INSIDE_2
 10
1.991004484187491
 20
27.60347615561719
 30
0.0
  0
VERTEX
  5
A77
  8
T3_PROFILE_INSIDE_2
 10
1.994553682686809
 20
27.62456950593267
 30
0.0
  0
VERTEX
  5
A78
  8
T3_PROFILE_INSIDE_2
 10
1.998422628798678
 20
27.64505933262947
 30
0.0
  0
VERTEX
  5
A79
  8
T3_PROFILE_INSIDE_2
 10
2.002611322523098
 20
27.66494563570757
 30
0.0
  0
VERTEX
  5
A7A
  8
T3_PROFILE_INSIDE_2
 10
2.00711976386007
 20
27.68422841516698
 30
0.0
  0
VERTEX
  5
A7B
  8
T3_PROFILE_INSIDE_2
 10
2.011947952809591
 20
27.70290767100771
 30
0.0
  0
VERTEX
  5
A7C
  8
T3_PROFILE_INSIDE_2
 10
2.017095889371666
 20
27.72098340322974
 30
0.0
  0
VERTEX
  5
A7D
  8
T3_PROFILE_INSIDE_2
 10
2.02256357354629
 20
27.73845561183308
 30
0.0
  0
VERTEX
  5
A7E
  8
T3_PROFILE_INSIDE_2
 10
2.028351005333467
 20
27.75532429681773
 30
0.0
  0
VERTEX
  5
A7F
  8
T3_PROFILE_INSIDE_2
 10
2.034458184733193
 20
27.7715894581837
 30
0.0
  0
VERTEX
  5
A80
  8
T3_PROFILE_INSIDE_2
 10
2.040885111745472
 20
27.78725109593097
 30
0.0
  0
VERTEX
  5
A81
  8
T3_PROFILE_INSIDE_2
 10
2.047631786370301
 20
27.80230921005955
 30
0.0
  0
VERTEX
  5
A82
  8
T3_PROFILE_INSIDE_2
 10
2.054698208607681
 20
27.81676380056944
 30
0.0
  0
VERTEX
  5
A83
  8
T3_PROFILE_INSIDE_2
 10
2.062084378457613
 20
27.83061486746064
 30
0.0
  0
VERTEX
  5
A84
  8
T3_PROFILE_INSIDE_2
 10
2.069790295920097
 20
27.84386241073315
 30
0.0
  0
VERTEX
  5
A85
  8
T3_PROFILE_INSIDE_2
 10
2.07781596099513
 20
27.85650643038697
 30
0.0
  0
VERTEX
  5
A86
  8
T3_PROFILE_INSIDE_2
 10
2.086211334247177
 20
27.86866883019939
 30
0.0
  0
VERTEX
  5
A87
  8
T3_PROFILE_INSIDE_2
 10
2.095026376240696
 20
27.88047151394768
 30
0.0
  0
VERTEX
  5
A88
  8
T3_PROFILE_INSIDE_2
 10
2.10426108697569
 20
27.89191448163185
 30
0.0
  0
VERTEX
  5
A89
  8
T3_PROFILE_INSIDE_2
 10
2.113915466452156
 20
27.90299773325191
 30
0.0
  0
VERTEX
  5
A8A
  8
T3_PROFILE_INSIDE_2
 10
2.123989514670096
 20
27.91372126880785
 30
0.0
  0
VERTEX
  5
A8B
  8
T3_PROFILE_INSIDE_2
 10
2.13448323162951
 20
27.92408508829966
 30
0.0
  0
VERTEX
  5
A8C
  8
T3_PROFILE_INSIDE_2
 10
2.145396617330396
 20
27.93408919172735
 30
0.0
  0
VERTEX
  5
A8D
  8
T3_PROFILE_INSIDE_2
 10
2.156729671772757
 20
27.94373357909093
 30
0.0
  0
VERTEX
  5
A8E
  8
T3_PROFILE_INSIDE_2
 10
2.16848239495659
 20
27.95301825039039
 30
0.0
  0
VERTEX
  5
A8F
  8
T3_PROFILE_INSIDE_2
 10
2.180654786881897
 20
27.96194320562572
 30
0.0
  0
VERTEX
  5
A90
  8
T3_PROFILE_INSIDE_2
 10
2.193246847548678
 20
27.97050844479693
 30
0.0
  0
VERTEX
  5
A91
  8
T3_PROFILE_INSIDE_2
 10
2.206258576956931
 20
27.97871396790403
 30
0.0
  0
VERTEX
  5
A92
  8
T3_PROFILE_INSIDE_2
 10
2.219689975106658
 20
27.986559774947
 30
0.0
  0
VERTEX
  5
A93
  8
T3_PROFILE_INSIDE_2
 10
2.233541041997859
 20
27.99404586592586
 30
0.0
  0
VERTEX
  5
A94
  8
T3_PROFILE_INSIDE_2
 10
2.247811777630533
 20
28.00117224084059
 30
0.0
  0
VERTEX
  5
A95
  8
T3_PROFILE_INSIDE_2
 10
2.26250218200468
 20
28.0079388996912
 30
0.0
  0
VERTEX
  5
A96
  8
T3_PROFILE_INSIDE_2
 10
2.277760138391106
 20
28.01431986298417
 30
0.0
  0
VERTEX
  5
A97
  8
T3_PROFILE_INSIDE_2
 10
2.293733530060615
 20
28.02028915122599
 30
0.0
  0
VERTEX
  5
A98
  8
T3_PROFILE_INSIDE_2
 10
2.310422357013207
 20
28.02584676441664
 30
0.0
  0
VERTEX
  5
A99
  8
T3_PROFILE_INSIDE_2
 10
2.327826619248882
 20
28.03099270255614
 30
0.0
  0
VERTEX
  5
A9A
  8
T3_PROFILE_INSIDE_2
 10
2.345946316767641
 20
28.03572696564447
 30
0.0
  0
VERTEX
  5
A9B
  8
T3_PROFILE_INSIDE_2
 10
2.364781449569482
 20
28.04004955368165
 30
0.0
  0
VERTEX
  5
A9C
  8
T3_PROFILE_INSIDE_2
 10
2.384332017654407
 20
28.04396046666766
 30
0.0
  0
VERTEX
  5
A9D
  8
T3_PROFILE_INSIDE_2
 10
2.404598021022415
 20
28.04745970460252
 30
0.0
  0
VERTEX
  5
A9E
  8
T3_PROFILE_INSIDE_2
 10
2.425579459673507
 20
28.05054726748622
 30
0.0
  0
VERTEX
  5
A9F
  8
T3_PROFILE_INSIDE_2
 10
2.447276333607681
 20
28.05322315531875
 30
0.0
  0
VERTEX
  5
AA0
  8
T3_PROFILE_INSIDE_2
 10
2.46968864282494
 20
28.05548736810013
 30
0.0
  0
VERTEX
  5
AA1
  8
T3_PROFILE_INSIDE_2
 10
2.492816387325281
 20
28.05733990583035
 30
0.0
  0
VERTEX
  5
AA2
  8
T3_PROFILE_INSIDE_2
 10
2.516659567108705
 20
28.05878076850941
 30
0.0
  0
VERTEX
  5
AA3
  8
T3_PROFILE_INSIDE_2
 10
2.541218182175212
 20
28.05980995613731
 30
0.0
  0
VERTEX
  5
AA4
  8
T3_PROFILE_INSIDE_2
 10
2.566492232524803
 20
28.06042746871405
 30
0.0
  0
VERTEX
  5
AA5
  8
T3_PROFILE_INSIDE_2
 10
2.592481718157477
 20
28.06063330623963
 30
0.0
  0
VERTEX
  5
AA6
  8
T3_PROFILE_INSIDE_2
 10
2.619598314124394
 20
28.06043746082694
 30
0.0
  0
VERTEX
  5
AA7
  8
T3_PROFILE_INSIDE_2
 10
2.645951512666344
 20
28.05984992458888
 30
0.0
  0
VERTEX
  5
AA8
  8
T3_PROFILE_INSIDE_2
 10
2.671541313783329
 20
28.05887069752544
 30
0.0
  0
VERTEX
  5
AA9
  8
T3_PROFILE_INSIDE_2
 10
2.696367717475348
 20
28.05749977963663
 30
0.0
  0
VERTEX
  5
AAA
  8
T3_PROFILE_INSIDE_2
 10
2.720430723742401
 20
28.05573717092244
 30
0.0
  0
VERTEX
  5
AAB
  8
T3_PROFILE_INSIDE_2
 10
2.743730332584488
 20
28.05358287138288
 30
0.0
  0
VERTEX
  5
AAC
  8
T3_PROFILE_INSIDE_2
 10
2.76626654400161
 20
28.05103688101794
 30
0.0
  0
VERTEX
  5
AAD
  8
T3_PROFILE_INSIDE_2
 10
2.788039357993766
 20
28.04809919982763
 30
0.0
  0
VERTEX
  5
AAE
  8
T3_PROFILE_INSIDE_2
 10
2.809048774560956
 20
28.04476982781194
 30
0.0
  0
VERTEX
  5
AAF
  8
T3_PROFILE_INSIDE_2
 10
2.829294793703179
 20
28.04104876497087
 30
0.0
  0
VERTEX
  5
AB0
  8
T3_PROFILE_INSIDE_2
 10
2.848777415420437
 20
28.03693601130443
 30
0.0
  0
VERTEX
  5
AB1
  8
T3_PROFILE_INSIDE_2
 10
2.867496639712729
 20
28.03243156681262
 30
0.0
  0
VERTEX
  5
AB2
  8
T3_PROFILE_INSIDE_2
 10
2.885452466580055
 20
28.02753543149543
 30
0.0
  0
VERTEX
  5
AB3
  8
T3_PROFILE_INSIDE_2
 10
2.902644896022415
 20
28.02224760535287
 30
0.0
  0
VERTEX
  5
AB4
  8
T3_PROFILE_INSIDE_2
 10
2.919073928039809
 20
28.01656808838493
 30
0.0
  0
VERTEX
  5
AB5
  8
T3_PROFILE_INSIDE_2
 10
2.934739562632238
 20
28.01049688059161
 30
0.0
  0
VERTEX
  5
AB6
  8
T3_PROFILE_INSIDE_2
 10
2.949819659409182
 20
28.00401999301486
 30
0.0
  0
VERTEX
  5
AB7
  8
T3_PROFILE_INSIDE_2
 10
2.964492077980124
 20
27.99712343669665
 30
0.0
  0
VERTEX
  5
AB8
  8
T3_PROFILE_INSIDE_2
 10
2.978756818345062
 20
27.98980721163696
 30
0.0
  0
VERTEX
  5
AB9
  8
T3_PROFILE_INSIDE_2
 10
2.992613880503998
 20
27.98207131783581
 30
0.0
  0
VERTEX
  5
ABA
  8
T3_PROFILE_INSIDE_2
 10
3.006063264456931
 20
27.97391575529318
 30
0.0
  0
VERTEX
  5
ABB
  8
T3_PROFILE_INSIDE_2
 10
3.019104970203861
 20
27.96534052400907
 30
0.0
  0
VERTEX
  5
ABC
  8
T3_PROFILE_INSIDE_2
 10
3.031738997744789
 20
27.95634562398349
 30
0.0
  0
VERTEX
  5
ABD
  8
T3_PROFILE_INSIDE_2
 10
3.043965347079714
 20
27.94693105521644
 30
0.0
  0
VERTEX
  5
ABE
  8
T3_PROFILE_INSIDE_2
 10
3.055784018208636
 20
27.93709681770791
 30
0.0
  0
VERTEX
  5
ABF
  8
T3_PROFILE_INSIDE_2
 10
3.067195011131556
 20
27.92684291145791
 30
0.0
  0
VERTEX
  5
AC0
  8
T3_PROFILE_INSIDE_2
 10
3.078198325848472
 20
27.91616933646644
 30
0.0
  0
VERTEX
  5
AC1
  8
T3_PROFILE_INSIDE_2
 10
3.088793962359387
 20
27.90507609273349
 30
0.0
  0
VERTEX
  5
AC2
  8
T3_PROFILE_INSIDE_2
 10
3.098981920664298
 20
27.89356318025907
 30
0.0
  0
VERTEX
  5
AC3
  8
T3_PROFILE_INSIDE_2
 10
3.108762200763207
 20
27.88163059904318
 30
0.0
  0
VERTEX
  5
AC4
  8
T3_PROFILE_INSIDE_2
 10
3.118134802656112
 20
27.86927834908581
 30
0.0
  0
VERTEX
  5
AC5
  8
T3_PROFILE_INSIDE_2
 10
3.127099726343016
 20
27.85650643038697
 30
0.0
  0
VERTEX
  5
AC6
  8
T3_PROFILE_INSIDE_2
 10
3.135587027033671
 20
27.84342675461105
 30
0.0
  0
VERTEX
  5
AC7
  8
T3_PROFILE_INSIDE_2
 10
3.143526759937831
 20
27.83015123342244
 30
0.0
  0
VERTEX
  5
AC8
  8
T3_PROFILE_INSIDE_2
 10
3.150918925055499
 20
27.81667986682115
 30
0.0
  0
VERTEX
  5
AC9
  8
T3_PROFILE_INSIDE_2
 10
3.157763522386672
 20
27.80301265480716
 30
0.0
  0
VERTEX
  5
ACA
  8
T3_PROFILE_INSIDE_2
 10
3.164060551931351
 20
27.78914959738049
 30
0.0
  0
VERTEX
  5
ACB
  8
T3_PROFILE_INSIDE_2
 10
3.169810013689537
 20
27.77509069454113
 30
0.0
  0
VERTEX
  5
ACC
  8
T3_PROFILE_INSIDE_2
 10
3.175011907661228
 20
27.76083594628908
 30
0.0
  0
VERTEX
  5
ACD
  8
T3_PROFILE_INSIDE_2
 10
3.179666233846426
 20
27.74638535262435
 30
0.0
  0
VERTEX
  5
ACE
  8
T3_PROFILE_INSIDE_2
 10
3.183772992245131
 20
27.73173891354693
 30
0.0
  0
VERTEX
  5
ACF
  8
T3_PROFILE_INSIDE_2
 10
3.18733218285734
 20
27.71689662905682
 30
0.0
  0
VERTEX
  5
AD0
  8
T3_PROFILE_INSIDE_2
 10
3.190343805683057
 20
27.70185849915403
 30
0.0
  0
VERTEX
  5
AD1
  8
T3_PROFILE_INSIDE_2
 10
3.192807860722279
 20
27.68662452383854
 30
0.0
  0
VERTEX
  5
AD2
  8
T3_PROFILE_INSIDE_2
 10
3.194724347975008
 20
27.67119470311037
 30
0.0
  0
VERTEX
  5
AD3
  8
T3_PROFILE_INSIDE_2
 10
3.196093267441242
 20
27.65556903696951
 30
0.0
  0
VERTEX
  5
AD4
  8
T3_PROFILE_INSIDE_2
 10
3.196914619120983
 20
27.63974752541596
 30
0.0
  0
VERTEX
  5
AD5
  8
T3_PROFILE_INSIDE_2
 10
3.19718840301423
 20
27.62373016844973
 30
0.0
  0
VERTEX
  5
AD6
  8
T3_PROFILE_INSIDE_2
 10
3.196874650669415
 20
27.60663965855887
 30
0.0
  0
VERTEX
  5
AD7
  8
T3_PROFILE_INSIDE_2
 10
3.195933393634967
 20
27.58964507295177
 30
0.0
  0
VERTEX
  5
AD8
  8
T3_PROFILE_INSIDE_2
 10
3.194364631910888
 20
27.57274641162844
 30
0.0
  0
VERTEX
  5
AD9
  8
T3_PROFILE_INSIDE_2
 10
3.192168365497177
 20
27.55594367458888
 30
0.0
  0
VERTEX
  5
ADA
  8
T3_PROFILE_INSIDE_2
 10
3.189344594393834
 20
27.53923686183308
 30
0.0
  0
VERTEX
  5
ADB
  8
T3_PROFILE_INSIDE_2
 10
3.18589331860086
 20
27.52262597336105
 30
0.0
  0
VERTEX
  5
ADC
  8
T3_PROFILE_INSIDE_2
 10
3.181814538118255
 20
27.50611100917278
 30
0.0
  0
VERTEX
  5
ADD
  8
T3_PROFILE_INSIDE_2
 10
3.177108252946017
 20
27.48969196926828
 30
0.0
  0
VERTEX
  5
ADE
  8
T3_PROFILE_INSIDE_2
 10
3.171774463084148
 20
27.47336885364754
 30
0.0
  0
VERTEX
  5
ADF
  8
T3_PROFILE_INSIDE_2
 10
3.165813168532647
 20
27.45714166231057
 30
0.0
  0
VERTEX
  5
AE0
  8
T3_PROFILE_INSIDE_2
 10
3.159224369291515
 20
27.44101039525736
 30
0.0
  0
VERTEX
  5
AE1
  8
T3_PROFILE_INSIDE_2
 10
3.152008065360751
 20
27.42497505248792
 30
0.0
  0
VERTEX
  5
AE2
  8
T3_PROFILE_INSIDE_2
 10
3.144164256740356
 20
27.40903563400225
 30
0.0
  0
VERTEX
  5
AE3
  8
T3_PROFILE_INSIDE_2
 10
3.135692943430328
 20
27.39319213980034
 30
0.0
  0
VERTEX
  5
AE4
  8
T3_PROFILE_INSIDE_2
 10
3.126594125430669
 20
27.37744456988219
 30
0.0
  0
VERTEX
  5
AE5
  8
T3_PROFILE_INSIDE_2
 10
3.116867802741379
 20
27.36179292424782
 30
0.0
  0
VERTEX
  5
AE6
  8
T3_PROFILE_INSIDE_2
 10
3.106314133104612
 20
27.34609331647155
 30
0.0
  0
VERTEX
  5
AE7
  8
T3_PROFILE_INSIDE_2
 10
3.094733274262525
 20
27.33020186012777
 30
0.0
  0
VERTEX
  5
AE8
  8
T3_PROFILE_INSIDE_2
 10
3.082125226215117
 20
27.31411855521644
 30
0.0
  0
VERTEX
  5
AE9
  8
T3_PROFILE_INSIDE_2
 10
3.068489988962388
 20
27.29784340173758
 30
0.0
  0
VERTEX
  5
AEA
  8
T3_PROFILE_INSIDE_2
 10
3.053827562504339
 20
27.2813763996912
 30
0.0
  0
VERTEX
  5
AEB
  8
T3_PROFILE_INSIDE_2
 10
3.038137946840969
 20
27.26471754907729
 30
0.0
  0
VERTEX
  5
AEC
  8
T3_PROFILE_INSIDE_2
 10
3.021421141972279
 20
27.24786684989584
 30
0.0
  0
VERTEX
  5
AED
  8
T3_PROFILE_INSIDE_2
 10
3.003677147898268
 20
27.23082430214686
 30
0.0
  0
VERTEX
  5
AEE
  8
T3_PROFILE_INSIDE_2
 10
2.984905964618936
 20
27.21358990583035
 30
0.0
  0
VERTEX
  5
AEF
  8
T3_PROFILE_INSIDE_2
 10
2.965107592134284
 20
27.19616366094631
 30
0.0
  0
VERTEX
  5
AF0
  8
T3_PROFILE_INSIDE_2
 10
2.944282030444312
 20
27.17854556749474
 30
0.0
  0
VERTEX
  5
AF1
  8
T3_PROFILE_INSIDE_2
 10
2.922429279549019
 20
27.16073562547565
 30
0.0
  0
VERTEX
  5
AF2
  8
T3_PROFILE_INSIDE_2
 10
2.899549339448405
 20
27.14273383488901
 30
0.0
  0
VERTEX
  5
AF3
  8
T3_PROFILE_INSIDE_2
 10
2.875642210142471
 20
27.12454019573486
 30
0.0
  0
VERTEX
  5
AF4
  8
T3_PROFILE_INSIDE_2
 10
2.850707891631215
 20
27.10615470801316
 30
0.0
  0
VERTEX
  5
AF5
  8
T3_PROFILE_INSIDE_2
 10
2.824746383914639
 20
27.08757737172394
 30
0.0
  0
VERTEX
  5
AF6
  8
T3_PROFILE_INSIDE_2
 10
2.767031939849155
 20
27.047353122065
 30
0.0
  0
VERTEX
  5
AF7
  8
T3_PROFILE_INSIDE_2
 10
2.719741267952839
 20
27.01365172370211
 30
0.0
  0
VERTEX
  5
AF8
  8
T3_PROFILE_INSIDE_2
 10
2.68287436822569
 20
26.98647317663526
 30
0.0
  0
VERTEX
  5
AF9
  8
T3_PROFILE_INSIDE_2
 10
2.668349832925553
 20
26.97532997233785
 30
0.0
  0
VERTEX
  5
AFA
  8
T3_PROFILE_INSIDE_2
 10
2.656431240667709
 20
26.96581748086446
 30
0.0
  0
VERTEX
  5
AFB
  8
T3_PROFILE_INSIDE_2
 10
2.634272731117913
 20
26.94708027076896
 30
0.0
  0
VERTEX
  5
AFC
  8
T3_PROFILE_INSIDE_2
 10
2.610259685415321
 20
26.92565718072804
 30
0.0
  0
VERTEX
  5
AFD
  8
T3_PROFILE_INSIDE_2
 10
2.584392103559933
 20
26.90154821074168
 30
0.0
  0
VERTEX
  5
AFE
  8
T3_PROFILE_INSIDE_2
 10
2.556669985551747
 20
26.87475336080989
 30
0.0
  0
VERTEX
  5
AFF
  8
T3_PROFILE_INSIDE_2
 10
3.207420326615867
 20
26.87475336080989
 30
0.0
  0
SEQEND
  5
160D
  8
T3_PROFILE_INSIDE_2
  0
POLYLINE
  5
85
  8
T3_PROFILE_INSIDE_2
 66
     1
 10
0.0
 20
0.0
 30
0.0
 70
     1
  0
VERTEX
  5
B00
  8
T3_PROFILE_INSIDE_2
 10
0.5972566158382406
 20
28.03505349723554
 30
0.0
  0
VERTEX
  5
B01
  8
T3_PROFILE_INSIDE_2
 10
1.813832332072893
 20
28.03505349723554
 30
0.0
  0
VERTEX
  5
B02
  8
T3_PROFILE_INSIDE_2
 10
1.813832332072893
 20
27.75367559819052
 30
0.0
  0
VERTEX
  5
B03
  8
T3_PROFILE_INSIDE_2
 10
1.794211819197722
 20
27.73567780444905
 30
0.0
  0
VERTEX
  5
B04
  8
T3_PROFILE_INSIDE_2
 10
1.774998984528555
 20
27.71749615583035
 30
0.0
  0
VERTEX
  5
B05
  8
T3_PROFILE_INSIDE_2
 10
1.756193828065389
 20
27.69913065233445
 30
0.0
  0
VERTEX
  5
B06
  8
T3_PROFILE_INSIDE_2
 10
1.737796349808227
 20
27.68058129396132
 30
0.0
  0
VERTEX
  5
B07
  8
T3_PROFILE_INSIDE_2
 10
1.719806549757067
 20
27.66184808071098
 30
0.0
  0
VERTEX
  5
B08
  8
T3_PROFILE_INSIDE_2
 10
1.702224427911911
 20
27.64293101258342
 30
0.0
  0
VERTEX
  5
B09
  8
T3_PROFILE_INSIDE_2
 10
1.685049984272756
 20
27.62383008957865
 30
0.0
  0
VERTEX
  5
B0A
  8
T3_PROFILE_INSIDE_2
 10
1.668283218839605
 20
27.60454531169666
 30
0.0
  0
VERTEX
  5
B0B
  8
T3_PROFILE_INSIDE_2
 10
1.651924131612456
 20
27.58507667893745
 30
0.0
  0
VERTEX
  5
B0C
  8
T3_PROFILE_INSIDE_2
 10
1.63597272259131
 20
27.56542419130102
 30
0.0
  0
VERTEX
  5
B0D
  8
T3_PROFILE_INSIDE_2
 10
1.620428991776167
 20
27.54558784878738
 30
0.0
  0
VERTEX
  5
B0E
  8
T3_PROFILE_INSIDE_2
 10
1.605292939167027
 20
27.52556765139652
 30
0.0
  0
VERTEX
  5
B0F
  8
T3_PROFILE_INSIDE_2
 10
1.590564564763889
 20
27.50536359912844
 30
0.0
  0
VERTEX
  5
B10
  8
T3_PROFILE_INSIDE_2
 10
1.576243868566754
 20
27.48497569198315
 30
0.0
  0
VERTEX
  5
B11
  8
T3_PROFILE_INSIDE_2
 10
1.562330850575621
 20
27.46440392996064
 30
0.0
  0
VERTEX
  5
B12
  8
T3_PROFILE_INSIDE_2
 10
1.548825510790492
 20
27.44364831306091
 30
0.0
  0
VERTEX
  5
B13
  8
T3_PROFILE_INSIDE_2
 10
1.532922063911228
 20
27.4181444441148
 30
0.0
  0
VERTEX
  5
B14
  8
T3_PROFILE_INSIDE_2
 10
1.517442282618595
 20
27.39228085910457
 30
0.0
  0
VERTEX
  5
B15
  8
T3_PROFILE_INSIDE_2
 10
1.502386166912593
 20
27.36605755803021
 30
0.0
  0
VERTEX
  5
B16
  8
T3_PROFILE_INSIDE_2
 10
1.48775371679322
 20
27.33947454089174
 30
0.0
  0
VERTEX
  5
B17
  8
T3_PROFILE_INSIDE_2
 10
1.473544932260478
 20
27.31253180768915
 30
0.0
  0
VERTEX
  5
B18
  8
T3_PROFILE_INSIDE_2
 10
1.459759813314366
 20
27.28522935842244
 30
0.0
  0
VERTEX
  5
B19
  8
T3_PROFILE_INSIDE_2
 10
1.446398359954884
 20
27.2575671930916
 30
0.0
  0
VERTEX
  5
B1A
  8
T3_PROFILE_INSIDE_2
 10
1.433460572182033
 20
27.22954531169665
 30
0.0
  0
VERTEX
  5
B1B
  8
T3_PROFILE_INSIDE_2
 10
1.420946449995812
 20
27.20116371423758
 30
0.0
  0
VERTEX
  5
B1C
  8
T3_PROFILE_INSIDE_2
 10
1.408855993396222
 20
27.17242240071439
 30
0.0
  0
VERTEX
  5
B1D
  8
T3_PROFILE_INSIDE_2
 10
1.397189202383261
 20
27.14332137112708
 30
0.0
  0
VERTEX
  5
B1E
  8
T3_PROFILE_INSIDE_2
 10
1.385946076956931
 20
27.11386062547565
 30
0.0
  0
VERTEX
  5
B1F
  8
T3_PROFILE_INSIDE_2
 10
1.375126617117231
 20
27.08404016376009
 30
0.0
  0
VERTEX
  5
B20
  8
T3_PROFILE_INSIDE_2
 10
1.364730822864161
 20
27.05385998598042
 30
0.0
  0
VERTEX
  5
B21
  8
T3_PROFILE_INSIDE_2
 10
1.354758694197722
 20
27.02332009213663
 30
0.0
  0
VERTEX
  5
B22
  8
T3_PROFILE_INSIDE_2
 10
1.345210231117913
 20
26.99242048222872
 30
0.0
  0
VERTEX
  5
B23
  8
T3_PROFILE_INSIDE_2
 10
1.337943966622688
 20
26.96797178040402
 30
0.0
  0
VERTEX
  5
B24
  8
T3_PROFILE_INSIDE_2
 10
1.330981462359387
 20
26.94297151394768
 30
0.0
  0
VERTEX
  5
B25
  8
T3_PROFILE_INSIDE_2
 10
1.324322718328009
 20
26.91741968285968
 30
0.0
  0
VERTEX
  5
B26
  8
T3_PROFILE_INSIDE_2
 10
1.317967734528555
 20
26.89131628714004
 30
0.0
  0
VERTEX
  5
B27
  8
T3_PROFILE_INSIDE_2
 10
1.311916510961024
 20
26.86466132678874
 30
0.0
  0
VERTEX
  5
B28
  8
T3_PROFILE_INSIDE_2
 10
1.306169047625417
 20
26.8374548018058
 30
0.0
  0
VERTEX
  5
B29
  8
T3_PROFILE_INSIDE_2
 10
1.300725344521733
 20
26.8096967121912
 30
0.0
  0
VERTEX
  5
B2A
  8
T3_PROFILE_INSIDE_2
 10
1.295585401649973
 20
26.78138705794495
 30
0.0
  0
VERTEX
  5
B2B
  8
T3_PROFILE_INSIDE_2
 10
1.290749219010137
 20
26.75252583906705
 30
0.0
  0
VERTEX
  5
B2C
  8
T3_PROFILE_INSIDE_2
 10
1.286216796602225
 20
26.7231130555575
 30
0.0
  0
VERTEX
  5
B2D
  8
T3_PROFILE_INSIDE_2
 10
1.281988134426235
 20
26.6931487074163
 30
0.0
  0
VERTEX
  5
B2E
  8
T3_PROFILE_INSIDE_2
 10
1.27806323248217
 20
26.66263279464345
 30
0.0
  0
VERTEX
  5
B2F
  8
T3_PROFILE_INSIDE_2
 10
1.274442090770028
 20
26.63156531723894
 30
0.0
  0
VERTEX
  5
B30
  8
T3_PROFILE_INSIDE_2
 10
1.27112470928981
 20
26.5999462752028
 30
0.0
  0
VERTEX
  5
B31
  8
T3_PROFILE_INSIDE_2
 10
1.268111088041515
 20
26.56777566853499
 30
0.0
  0
VERTEX
  5
B32
  8
T3_PROFILE_INSIDE_2
 10
1.265401227025144
 20
26.53505349723554
 30
0.0
  0
VERTEX
  5
B33
  8
T3_PROFILE_INSIDE_2
 10
0.8499851287986773
 20
26.53505349723554
 30
0.0
  0
VERTEX
  5
B34
  8
T3_PROFILE_INSIDE_2
 10
0.8563441094432884
 20
26.58050562035969
 30
0.0
  0
VERTEX
  5
B35
  8
T3_PROFILE_INSIDE_2
 10
0.8631427430551575
 20
26.62503047540743
 30
0.0
  0
VERTEX
  5
B36
  8
T3_PROFILE_INSIDE_2
 10
0.8703810296342844
 20
26.66862806237879
 30
0.0
  0
VERTEX
  5
B37
  8
T3_PROFILE_INSIDE_2
 10
0.8780589691806691
 20
26.71129838127374
 30
0.0
  0
VERTEX
  5
B38
  8
T3_PROFILE_INSIDE_2
 10
0.8861765616943116
 20
26.75304143209229
 30
0.0
  0
VERTEX
  5
B39
  8
T3_PROFILE_INSIDE_2
 10
0.894733807175212
 20
26.79385721483445
 30
0.0
  0
VERTEX
  5
B3A
  8
T3_PROFILE_INSIDE_2
 10
0.9037307056233703
 20
26.8337457295002
 30
0.0
  0
VERTEX
  5
B3B
  8
T3_PROFILE_INSIDE_2
 10
0.9131672570387863
 20
26.87270697608956
 30
0.0
  0
VERTEX
  5
B3C
  8
T3_PROFILE_INSIDE_2
 10
0.9230434614214602
 20
26.91074095460252
 30
0.0
  0
VERTEX
  5
B3D
  8
T3_PROFILE_INSIDE_2
 10
0.9333593187713921
 20
26.94784766503909
 30
0.0
  0
VERTEX
  5
B3E
  8
T3_PROFILE_INSIDE_2
 10
0.9441148290885817
 20
26.98402710739925
 30
0.0
  0
VERTEX
  5
B3F
  8
T3_PROFILE_INSIDE_2
 10
0.9553099923730293
 20
27.01927928168302
 30
0.0
  0
VERTEX
  5
B40
  8
T3_PROFILE_INSIDE_2
 10
0.9669448086247345
 20
27.05360418789038
 30
0.0
  0
VERTEX
  5
B41
  8
T3_PROFILE_INSIDE_2
 10
0.9790192778436978
 20
27.08700182602135
 30
0.0
  0
VERTEX
  5
B42
  8
T3_PROFILE_INSIDE_2
 10
0.9915334000299187
 20
27.11947219607592
 30
0.0
  0
VERTEX
  5
B43
  8
T3_PROFILE_INSIDE_2
 10
1.004487175183398
 20
27.15101529805409
 30
0.0
  0
VERTEX
  5
B44
  8
T3_PROFILE_INSIDE_2
 10
1.018140398239332
 20
27.1822306587294
 30
0.0
  0
VERTEX
  5
B45
  8
T3_PROFILE_INSIDE_2
 10
1.03275286413292
 20
27.21371780487537
 30
0.0
  0
VERTEX
  5
B46
  8
T3_PROFILE_INSIDE_2
 10
1.048324572864162
 20
27.24547673649202
 30
0.0
  0
VERTEX
  5
B47
  8
T3_PROFILE_INSIDE_2
 10
1.064855524433057
 20
27.27750745357933
 30
0.0
  0
VERTEX
  5
B48
  8
T3_PROFILE_INSIDE_2
 10
1.082345718839605
 20
27.30980995613731
 30
0.0
  0
VERTEX
  5
B49
  8
T3_PROFILE_INSIDE_2
 10
1.100795156083807
 20
27.34238424416596
 30
0.0
  0
VERTEX
  5
B4A
  8
T3_PROFILE_INSIDE_2
 10
1.120203836165662
 20
27.37523031766528
 30
0.0
  0
VERTEX
  5
B4B
  8
T3_PROFILE_INSIDE_2
 10
1.140571759085171
 20
27.40834817663526
 30
0.0
  0
VERTEX
  5
B4C
  8
T3_PROFILE_INSIDE_2
 10
1.161898924842333
 20
27.44173782107592
 30
0.0
  0
VERTEX
  5
B4D
  8
T3_PROFILE_INSIDE_2
 10
1.184185333437149
 20
27.47539925098724
 30
0.0
  0
VERTEX
  5
B4E
  8
T3_PROFILE_INSIDE_2
 10
1.207430984869619
 20
27.50933246636923
 30
0.0
  0
VERTEX
  5
B4F
  8
T3_PROFILE_INSIDE_2
 10
1.231635879139741
 20
27.54353746722189
 30
0.0
  0
VERTEX
  5
B50
  8
T3_PROFILE_INSIDE_2
 10
1.256800016247518
 20
27.57801425354522
 30
0.0
  0
VERTEX
  5
B51
  8
T3_PROFILE_INSIDE_2
 10
1.282923396192947
 20
27.61276282533922
 30
0.0
  0
VERTEX
  5
B52
  8
T3_PROFILE_INSIDE_2
 10
1.310006018976031
 20
27.64778318260389
 30
0.0
  0
VERTEX
  5
B53
  8
T3_PROFILE_INSIDE_2
 10
1.338047884596767
 20
27.68307532533922
 30
0.0
  0
VERTEX
  5
B54
  8
T3_PROFILE_INSIDE_2
 10
0.5972566158382406
 20
27.68307532533922
 30
0.0
  0
SEQEND
  5
160E
  8
T3_PROFILE_INSIDE_2
  0
POLYLINE
  5
86
  8
T3_PROFILE_INSIDE_2
 66
     1
 10
0.0
 20
0.0
 30
0.0
 70
     1
  0
VERTEX
  5
B55
  8
T3_PROFILE_INSIDE_2
 10
0.5972566158382407
 20
67.40503671282808
 30
0.0
  0
VERTEX
  5
B56
  8
T3_PROFILE_INSIDE_2
 10
1.0382525230688
 20
67.4326629065525
 30
0.0
  0
VERTEX
  5
B57
  8
T3_PROFILE_INSIDE_2
 10
1.042297330367572
 20
67.40660347612958
 30
0.0
  0
VERTEX
  5
B58
  8
T3_PROFILE_INSIDE_2
 10
1.044667459545608
 20
67.39417328769166
 30
0.0
  0
VERTEX
  5
B59
  8
T3_PROFILE_INSIDE_2
 10
1.047269405742743
 20
67.38214278376942
 30
0.0
  0
VERTEX
  5
B5A
  8
T3_PROFILE_INSIDE_2
 10
1.050103168958977
 20
67.37051196436288
 30
0.0
  0
VERTEX
  5
B5B
  8
T3_PROFILE_INSIDE_2
 10
1.053168749194312
 20
67.35928082947201
 30
0.0
  0
VERTEX
  5
B5C
  8
T3_PROFILE_INSIDE_2
 10
1.056466146448745
 20
67.34844937909683
 30
0.0
  0
VERTEX
  5
B5D
  8
T3_PROFILE_INSIDE_2
 10
1.059995360722279
 20
67.33801761323735
 30
0.0
  0
VERTEX
  5
B5E
  8
T3_PROFILE_INSIDE_2
 10
1.063756392014912
 20
67.32798553189356
 30
0.0
  0
VERTEX
  5
B5F
  8
T3_PROFILE_INSIDE_2
 10
1.067749240326644
 20
67.31835313506546
 30
0.0
  0
VERTEX
  5
B60
  8
T3_PROFILE_INSIDE_2
 10
1.071973905657477
 20
67.30912042275305
 30
0.0
  0
VERTEX
  5
B61
  8
T3_PROFILE_INSIDE_2
 10
1.076430388007408
 20
67.30028739495633
 30
0.0
  0
VERTEX
  5
B62
  8
T3_PROFILE_INSIDE_2
 10
1.08111868737644
 20
67.29185405167529
 30
0.0
  0
VERTEX
  5
B63
  8
T3_PROFILE_INSIDE_2
 10
1.086038803764571
 20
67.28382039290993
 30
0.0
  0
VERTEX
  5
B64
  8
T3_PROFILE_INSIDE_2
 10
1.091190737171801
 20
67.27618641866026
 30
0.0
  0
VERTEX
  5
B65
  8
T3_PROFILE_INSIDE_2
 10
1.096574487598132
 20
67.2689521289263
 30
0.0
  0
VERTEX
  5
B66
  8
T3_PROFILE_INSIDE_2
 10
1.105767231458977
 20
67.25792483313846
 30
0.0
  0
VERTEX
  5
B67
  8
T3_PROFILE_INSIDE_2
 10
1.11543959673865
 20
67.24760897578852
 30
0.0
  0
VERTEX
  5
B68
  8
T3_PROFILE_INSIDE_2
 10
1.125591583437149
 20
67.23800455687652
 30
0.0
  0
VERTEX
  5
B69
  8
T3_PROFILE_INSIDE_2
 10
1.136223191554475
 20
67.22911157640243
 30
0.0
  0
VERTEX
  5
B6A
  8
T3_PROFILE_INSIDE_2
 10
1.147334421090628
 20
67.22093003436629
 30
0.0
  0
VERTEX
  5
B6B
  8
T3_PROFILE_INSIDE_2
 10
1.158925272045608
 20
67.21345993076805
 30
0.0
  0
VERTEX
  5
B6C
  8
T3_PROFILE_INSIDE_2
 10
1.170995744419414
 20
67.20670126560776
 30
0.0
  0
VERTEX
  5
B6D
  8
T3_PROFILE_INSIDE_2
 10
1.183545838212047
 20
67.20065403888538
 30
0.0
  0
VERTEX
  5
B6E
  8
T3_PROFILE_INSIDE_2
 10
1.196575553423507
 20
67.19531825060093
 30
0.0
  0
VERTEX
  5
B6F
  8
T3_PROFILE_INSIDE_2
 10
1.210084890053793
 20
67.19069390075441
 30
0.0
  0
VERTEX
  5
B70
  8
T3_PROFILE_INSIDE_2
 10
1.224073848102906
 20
67.1867809893458
 30
0.0
  0
VERTEX
  5
B71
  8
T3_PROFILE_INSIDE_2
 10
1.238542427570847
 20
67.18357951637515
 30
0.0
  0
VERTEX
  5
B72
  8
T3_PROFILE_INSIDE_2
 10
1.253490628457613
 20
67.1810894818424
 30
0.0
  0
VERTEX
  5
B73
  8
T3_PROFILE_INSIDE_2
 10
1.268918450763207
 20
67.17931088574758
 30
0.0
  0
VERTEX
  5
B74
  8
T3_PROFILE_INSIDE_2
 10
1.284825894487627
 20
67.17824372809069
 30
0.0
  0
VERTEX
  5
B75
  8
T3_PROFILE_INSIDE_2
 10
1.301212959630874
 20
67.17788800887173
 30
0.0
  0
VERTEX
  5
B76
  8
T3_PROFILE_INSIDE_2
 10
1.313441307388377
 20
67.17806986532636
 30
0.0
  0
VERTEX
  5
B77
  8
T3_PROFILE_INSIDE_2
 10
1.325313935926917
 20
67.17861543469029
 30
0.0
  0
VERTEX
  5
B78
  8
T3_PROFILE_INSIDE_2
 10
1.336830845246494
 20
67.17952471696348
 30
0.0
  0
VERTEX
  5
B79
  8
T3_PROFILE_INSIDE_2
 10
1.347992035347108
 20
67.18079771214595
 30
0.0
  0
VERTEX
  5
B7A
  8
T3_PROFILE_INSIDE_2
 10
1.358797506228759
 20
67.18243442023768
 30
0.0
  0
VERTEX
  5
B7B
  8
T3_PROFILE_INSIDE_2
 10
1.369247257891447
 20
67.18443484123871
 30
0.0
  0
VERTEX
  5
B7C
  8
T3_PROFILE_INSIDE_2
 10
1.379341290335171
 20
67.18679897514902
 30
0.0
  0
VERTEX
  5
B7D
  8
T3_PROFILE_INSIDE_2
 10
1.389079603559932
 20
67.1895268219686
 30
0.0
  0
VERTEX
  5
B7E
  8
T3_PROFILE_INSIDE_2
 10
1.39846219756573
 20
67.19261838169744
 30
0.0
  0
VERTEX
  5
B7F
  8
T3_PROFILE_INSIDE_2
 10
1.407489072352565
 20
67.19607365433558
 30
0.0
  0
VERTEX
  5
B80
  8
T3_PROFILE_INSIDE_2
 10
1.416160227920437
 20
67.19989263988299
 30
0.0
  0
VERTEX
  5
B81
  8
T3_PROFILE_INSIDE_2
 10
1.424475664269346
 20
67.20407533833966
 30
0.0
  0
VERTEX
  5
B82
  8
T3_PROFILE_INSIDE_2
 10
1.432435381399291
 20
67.20862174970563
 30
0.0
  0
VERTEX
  5
B83
  8
T3_PROFILE_INSIDE_2
 10
1.440039379310273
 20
67.21353187398086
 30
0.0
  0
VERTEX
  5
B84
  8
T3_PROFILE_INSIDE_2
 10
1.447287658002292
 20
67.21880571116539
 30
0.0
  0
VERTEX
  5
B85
  8
T3_PROFILE_INSIDE_2
 10
1.454180217475348
 20
67.22444326125918
 30
0.0
  0
VERTEX
  5
B86
  8
T3_PROFILE_INSIDE_2
 10
1.460685082968186
 20
67.23032062206238
 30
0.0
  0
VERTEX
  5
B87
  8
T3_PROFILE_INSIDE_2
 10
1.46677027971955
 20
67.23631389137515
 30
0.0
  0
VERTEX
  5
B88
  8
T3_PROFILE_INSIDE_2
 10
1.472435807729441
 20
67.24242306919746
 30
0.0
  0
VERTEX
  5
B89
  8
T3_PROFILE_INSIDE_2
 10
1.477681666997859
 20
67.24864815552931
 30
0.0
  0
VERTEX
  5
B8A
  8
T3_PROFILE_INSIDE_2
 10
1.482507857524803
 20
67.2549891503707
 30
0.0
  0
VERTEX
  5
B8B
  8
T3_PROFILE_INSIDE_2
 10
1.486914379310273
 20
67.26144605372166
 30
0.0
  0
VERTEX
  5
B8C
  8
T3_PROFILE_INSIDE_2
 10
1.490901232354271
 20
67.26801886558216
 30
0.0
  0
VERTEX
  5
B8D
  8
T3_PROFILE_INSIDE_2
 10
1.494468416656794
 20
67.27470758595223
 30
0.0
  0
VERTEX
  5
B8E
  8
T3_PROFILE_INSIDE_2
 10
1.497615932217845
 20
67.28151221483184
 30
0.0
  0
VERTEX
  5
B8F
  8
T3_PROFILE_INSIDE_2
 10
1.500343779037422
 20
67.28843275222098
 30
0.0
  0
VERTEX
  5
B90
  8
T3_PROFILE_INSIDE_2
 10
1.502651957115526
 20
67.29546919811969
 30
0.0
  0
VERTEX
  5
B91
  8
T3_PROFILE_INSIDE_2
 10
1.504540466452156
 20
67.30262155252794
 30
0.0
  0
VERTEX
  5
B92
  8
T3_PROFILE_INSIDE_2
 10
1.506009307047313
 20
67.30988981544573
 30
0.0
  0
VERTEX
  5
B93
  8
T3_PROFILE_INSIDE_2
 10
1.507058478900996
 20
67.31727398687309
 30
0.0
  0
VERTEX
  5
B94
  8
T3_PROFILE_INSIDE_2
 10
1.507687982013207
 20
67.32477406681
 30
0.0
  0
VERTEX
  5
B95
  8
T3_PROFILE_INSIDE_2
 10
1.507897816383943
 20
67.33239005525645
 30
0.0
  0
VERTEX
  5
B96
  8
T3_PROFILE_INSIDE_2
 10
1.507697974126099
 20
67.33963233868073
 30
0.0
  0
VERTEX
  5
B97
  8
T3_PROFILE_INSIDE_2
 10
1.507098447352565
 20
67.34677869782126
 30
0.0
  0
VERTEX
  5
B98
  8
T3_PROFILE_INSIDE_2
 10
1.506099236063343
 20
67.35382913267802
 30
0.0
  0
VERTEX
  5
B99
  8
T3_PROFILE_INSIDE_2
 10
1.504700340258431
 20
67.360783643251
 30
0.0
  0
VERTEX
  5
B9A
  8
T3_PROFILE_INSIDE_2
 10
1.502901759937831
 20
67.36764222954022
 30
0.0
  0
VERTEX
  5
B9B
  8
T3_PROFILE_INSIDE_2
 10
1.500703495101542
 20
67.37440489154568
 30
0.0
  0
VERTEX
  5
B9C
  8
T3_PROFILE_INSIDE_2
 10
1.498105545749564
 20
67.38107162926735
 30
0.0
  0
VERTEX
  5
B9D
  8
T3_PROFILE_INSIDE_2
 10
1.495107911881897
 20
67.3876424427053
 30
0.0
  0
VERTEX
  5
B9E
  8
T3_PROFILE_INSIDE_2
 10
1.49171059349854
 20
67.39411733185946
 30
0.0
  0
VERTEX
  5
B9F
  8
T3_PROFILE_INSIDE_2
 10
1.487913590599496
 20
67.40049629672986
 30
0.0
  0
VERTEX
  5
BA0
  8
T3_PROFILE_INSIDE_2
 10
1.483716903184761
 20
67.40677933731648
 30
0.0
  0
VERTEX
  5
BA1
  8
T3_PROFILE_INSIDE_2
 10
1.479120531254339
 20
67.41296645361935
 30
0.0
  0
VERTEX
  5
BA2
  8
T3_PROFILE_INSIDE_2
 10
1.474124474808227
 20
67.41905764563843
 30
0.0
  0
VERTEX
  5
BA3
  8
T3_PROFILE_INSIDE_2
 10
1.468728733846426
 20
67.42505291337378
 30
0.0
  0
VERTEX
  5
BA4
  8
T3_PROFILE_INSIDE_2
 10
1.462933308368936
 20
67.43095225682534
 30
0.0
  0
VERTEX
  5
BA5
  8
T3_PROFILE_INSIDE_2
 10
1.456738198375758
 20
67.43675567599315
 30
0.0
  0
VERTEX
  5
BA6
  8
T3_PROFILE_INSIDE_2
 10
1.449815662564025
 20
67.4424911487933
 30
0.0
  0
VERTEX
  5
BA7
  8
T3_PROFILE_INSIDE_2
 10
1.441837959630874
 20
67.44818665314186
 30
0.0
  0
VERTEX
  5
BA8
  8
T3_PROFILE_INSIDE_2
 10
1.432805089576304
 20
67.45384218903885
 30
0.0
  0
VERTEX
  5
BA9
  8
T3_PROFILE_INSIDE_2
 10
1.422717052400315
 20
67.45945775648428
 30
0.0
  0
VERTEX
  5
BAA
  8
T3_PROFILE_INSIDE_2
 10
1.411573848102907
 20
67.46503335547814
 30
0.0
  0
VERTEX
  5
BAB
  8
T3_PROFILE_INSIDE_2
 10
1.39937547668408
 20
67.47056898602044
 30
0.0
  0
VERTEX
  5
BAC
  8
T3_PROFILE_INSIDE_2
 10
1.386121938143834
 20
67.47606464811116
 30
0.0
  0
VERTEX
  5
BAD
  8
T3_PROFILE_INSIDE_2
 10
1.37181323248217
 20
67.48152034175031
 30
0.0
  0
VERTEX
  5
BAE
  8
T3_PROFILE_INSIDE_2
 10
1.356449359699087
 20
67.48693606693789
 30
0.0
  0
VERTEX
  5
BAF
  8
T3_PROFILE_INSIDE_2
 10
1.340030319794585
 20
67.4923118236739
 30
0.0
  0
VERTEX
  5
BB0
  8
T3_PROFILE_INSIDE_2
 10
1.322556112768664
 20
67.49764761195834
 30
0.0
  0
VERTEX
  5
BB1
  8
T3_PROFILE_INSIDE_2
 10
1.304026738621324
 20
67.50294343179124
 30
0.0
  0
VERTEX
  5
BB2
  8
T3_PROFILE_INSIDE_2
 10
1.284442197352565
 20
67.50819928317254
 30
0.0
  0
VERTEX
  5
BB3
  8
T3_PROFILE_INSIDE_2
 10
1.263802488962388
 20
67.51341516610229
 30
0.0
  0
VERTEX
  5
BB4
  8
T3_PROFILE_INSIDE_2
 10
1.219357570817777
 20
67.52372702660706
 30
0.0
  0
VERTEX
  5
BB5
  8
T3_PROFILE_INSIDE_2
 10
1.181927115923507
 20
67.53247212381032
 30
0.0
  0
VERTEX
  5
BB6
  8
T3_PROFILE_INSIDE_2
 10
1.145863582072893
 20
67.5415689433874
 30
0.0
  0
VERTEX
  5
BB7
  8
T3_PROFILE_INSIDE_2
 10
1.111166969265935
 20
67.55101748533829
 30
0.0
  0
VERTEX
  5
BB8
  8
T3_PROFILE_INSIDE_2
 10
1.077837277502633
 20
67.56081774966299
 30
0.0
  0
VERTEX
  5
BB9
  8
T3_PROFILE_INSIDE_2
 10
1.045874506782988
 20
67.57096973636149
 30
0.0
  0
VERTEX
  5
BBA
  8
T3_PROFILE_INSIDE_2
 10
1.015278657106999
 20
67.5814734454338
 30
0.0
  0
VERTEX
  5
BBB
  8
T3_PROFILE_INSIDE_2
 10
0.9860497284746663
 20
67.59232887687992
 30
0.0
  0
VERTEX
  5
BBC
  8
T3_PROFILE_INSIDE_2
 10
0.9581877208859896
 20
67.60353603069983
 30
0.0
  0
VERTEX
  5
BBD
  8
T3_PROFILE_INSIDE_2
 10
0.9316926343409692
 20
67.61509490689355
 30
0.0
  0
VERTEX
  5
BBE
  8
T3_PROFILE_INSIDE_2
 10
0.9065644688396048
 20
67.62700550546109
 30
0.0
  0
VERTEX
  5
BBF
  8
T3_PROFILE_INSIDE_2
 10
0.8828032243818968
 20
67.63926782640243
 30
0.0
  0
VERTEX
  5
BC0
  8
T3_PROFILE_INSIDE_2
 10
0.8604089009678451
 20
67.65188186971757
 30
0.0
  0
VERTEX
  5
BC1
  8
T3_PROFILE_INSIDE_2
 10
0.8393814985974495
 20
67.66484763540652
 30
0.0
  0
VERTEX
  5
BC2
  8
T3_PROFILE_INSIDE_2
 10
0.81972101727071
 20
67.67816512346927
 30
0.0
  0
VERTEX
  5
BC3
  8
T3_PROFILE_INSIDE_2
 10
0.8014274569876269
 20
67.69183433390583
 30
0.0
  0
VERTEX
  5
BC4
  8
T3_PROFILE_INSIDE_2
 10
0.7845008177481998
 20
67.7058552667162
 30
0.0
  0
VERTEX
  5
BC5
  8
T3_PROFILE_INSIDE_2
 10
0.7686413361656623
 20
67.72029586826804
 30
0.0
  0
VERTEX
  5
BC6
  8
T3_PROFILE_INSIDE_2
 10
0.7538050469432884
 20
67.73522408492903
 30
0.0
  0
VERTEX
  5
BC7
  8
T3_PROFILE_INSIDE_2
 10
0.7399919500810784
 20
67.75063991669916
 30
0.0
  0
VERTEX
  5
BC8
  8
T3_PROFILE_INSIDE_2
 10
0.727202045579032
 20
67.76654336357842
 30
0.0
  0
VERTEX
  5
BC9
  8
T3_PROFILE_INSIDE_2
 10
0.7154353334371493
 20
67.78293442556682
 30
0.0
  0
VERTEX
  5
BCA
  8
T3_PROFILE_INSIDE_2
 10
0.7046918136554303
 20
67.79981310266436
 30
0.0
  0
VERTEX
  5
BCB
  8
T3_PROFILE_INSIDE_2
 10
0.6949714862338751
 20
67.81717939487103
 30
0.0
  0
VERTEX
  5
BCC
  8
T3_PROFILE_INSIDE_2
 10
0.6862743511724835
 20
67.83503330218687
 30
0.0
  0
VERTEX
  5
BCD
  8
T3_PROFILE_INSIDE_2
 10
0.6786004084712557
 20
67.85337482461183
 30
0.0
  0
VERTEX
  5
BCE
  8
T3_PROFILE_INSIDE_2
 10
0.6719496581301915
 20
67.87220396214595
 30
0.0
  0
VERTEX
  5
BCF
  8
T3_PROFILE_INSIDE_2
 10
0.666322100149291
 20
67.8915207147892
 30
0.0
  0
VERTEX
  5
BD0
  8
T3_PROFILE_INSIDE_2
 10
0.6617177345285544
 20
67.91132508254158
 30
0.0
  0
VERTEX
  5
BD1
  8
T3_PROFILE_INSIDE_2
 10
0.6581365612679815
 20
67.9316170654031
 30
0.0
  0
VERTEX
  5
BD2
  8
T3_PROFILE_INSIDE_2
 10
0.6555785803675722
 20
67.95239666337378
 30
0.0
  0
VERTEX
  5
BD3
  8
T3_PROFILE_INSIDE_2
 10
0.6540437918273266
 20
67.97366387645359
 30
0.0
  0
VERTEX
  5
BD4
  8
T3_PROFILE_INSIDE_2
 10
0.6535321956472447
 20
67.99541870464253
 30
0.0
  0
VERTEX
  5
BD5
  8
T3_PROFILE_INSIDE_2
 10
0.6537939890050211
 20
68.00982133616537
 30
0.0
  0
VERTEX
  5
BD6
  8
T3_PROFILE_INSIDE_2
 10
0.6545793690783498
 20
68.02412404655931
 30
0.0
  0
VERTEX
  5
BD7
  8
T3_PROFILE_INSIDE_2
 10
0.655888335867231
 20
68.03832683582431
 30
0.0
  0
VERTEX
  5
BD8
  8
T3_PROFILE_INSIDE_2
 10
0.657720889371665
 20
68.0524297039604
 30
0.0
  0
VERTEX
  5
BD9
  8
T3_PROFILE_INSIDE_2
 10
0.6600770295916514
 20
68.06643265096757
 30
0.0
  0
VERTEX
  5
BDA
  8
T3_PROFILE_INSIDE_2
 10
0.6629567565271902
 20
68.0803356768458
 30
0.0
  0
VERTEX
  5
BDB
  8
T3_PROFILE_INSIDE_2
 10
0.6663600701782816
 20
68.09413878159512
 30
0.0
  0
VERTEX
  5
BDC
  8
T3_PROFILE_INSIDE_2
 10
0.6702869705449255
 20
68.10784196521551
 30
0.0
  0
VERTEX
  5
BDD
  8
T3_PROFILE_INSIDE_2
 10
0.674737457627122
 20
68.12144522770697
 30
0.0
  0
VERTEX
  5
BDE
  8
T3_PROFILE_INSIDE_2
 10
0.679711531424871
 20
68.13494856906954
 30
0.0
  0
VERTEX
  5
BDF
  8
T3_PROFILE_INSIDE_2
 10
0.6852091919381724
 20
68.14835198930317
 30
0.0
  0
VERTEX
  5
BE0
  8
T3_PROFILE_INSIDE_2
 10
0.6912304391670265
 20
68.16165548840787
 30
0.0
  0
VERTEX
  5
BE1
  8
T3_PROFILE_INSIDE_2
 10
0.6977752731114331
 20
68.17485906638366
 30
0.0
  0
VERTEX
  5
BE2
  8
T3_PROFILE_INSIDE_2
 10
0.7048436937713922
 20
68.18796272323053
 30
0.0
  0
VERTEX
  5
BE3
  8
T3_PROFILE_INSIDE_2
 10
0.7124357011469037
 20
68.20096645894846
 30
0.0
  0
VERTEX
  5
BE4
  8
T3_PROFILE_INSIDE_2
 10
0.7205512952379678
 20
68.21387027353748
 30
0.0
  0
VERTEX
  5
BE5
  8
T3_PROFILE_INSIDE_2
 10
0.729192474467163
 20
68.2265522632203
 30
0.0
  0
VERTEX
  5
BE6
  8
T3_PROFILE_INSIDE_2
 10
0.7383612372570674
 20
68.23889052421961
 30
0.0
  0
VERTEX
  5
BE7
  8
T3_PROFILE_INSIDE_2
 10
0.7480575836076813
 20
68.25088505653545
 30
0.0
  0
VERTEX
  5
BE8
  8
T3_PROFILE_INSIDE_2
 10
0.7582815135190045
 20
68.26253586016777
 30
0.0
  0
VERTEX
  5
BE9
  8
T3_PROFILE_INSIDE_2
 10
0.7690330269910373
 20
68.27384293511662
 30
0.0
  0
VERTEX
  5
BEA
  8
T3_PROFILE_INSIDE_2
 10
0.7803121240237795
 20
68.28480628138196
 30
0.0
  0
VERTEX
  5
BEB
  8
T3_PROFILE_INSIDE_2
 10
0.792118804617231
 20
68.29542589896383
 30
0.0
  0
VERTEX
  5
BEC
  8
T3_PROFILE_INSIDE_2
 10
0.804453068771392
 20
68.30570178786218
 30
0.0
  0
VERTEX
  5
BED
  8
T3_PROFILE_INSIDE_2
 10
0.8173149164862624
 20
68.31563394807705
 30
0.0
  0
VERTEX
  5
BEE
  8
T3_PROFILE_INSIDE_2
 10
0.8307043477618423
 20
68.32522237960843
 30
0.0
  0
VERTEX
  5
BEF
  8
T3_PROFILE_INSIDE_2
 10
0.8446213625981316
 20
68.33446708245633
 30
0.0
  0
VERTEX
  5
BF0
  8
T3_PROFILE_INSIDE_2
 10
0.8590659609951301
 20
68.34336805662072
 30
0.0
  0
VERTEX
  5
BF1
  8
T3_PROFILE_INSIDE_2
 10
0.8740381429528383
 20
68.35192530210163
 30
0.0
  0
VERTEX
  5
BF2
  8
T3_PROFILE_INSIDE_2
 10
0.8895379084712558
 20
68.36013881889903
 30
0.0
  0
VERTEX
  5
BF3
  8
T3_PROFILE_INSIDE_2
 10
0.9055652575503825
 20
68.36800860701295
 30
0.0
  0
VERTEX
  5
BF4
  8
T3_PROFILE_INSIDE_2
 10
0.9221201901902188
 20
68.37553466644336
 30
0.0
  0
VERTEX
  5
BF5
  8
T3_PROFILE_INSIDE_2
 10
0.9393286070132065
 20
68.38265904293552
 30
0.0
  0
VERTEX
  5
BF6
  8
T3_PROFILE_INSIDE_2
 10
0.9573164086417876
 20
68.38932378223463
 30
0.0
  0
VERTEX
  5
BF7
  8
T3_PROFILE_INSIDE_2
 10
0.9760835950759623
 20
68.3955288843407
 30
0.0
  0
VERTEX
  5
BF8
  8
T3_PROFILE_INSIDE_2
 10
0.9956301663157303
 20
68.40127434925373
 30
0.0
  0
VERTEX
  5
BF9
  8
T3_PROFILE_INSIDE_2
 10
1.015956122361092
 20
68.40656017697373
 30
0.0
  0
VERTEX
  5
BFA
  8
T3_PROFILE_INSIDE_2
 10
1.037061463212047
 20
68.41138636750065
 30
0.0
  0
VERTEX
  5
BFB
  8
T3_PROFILE_INSIDE_2
 10
1.058946188868595
 20
68.41575292083455
 30
0.0
  0
VERTEX
  5
BFC
  8
T3_PROFILE_INSIDE_2
 10
1.081610299330737
 20
68.4196598369754
 30
0.0
  0
VERTEX
  5
BFD
  8
T3_PROFILE_INSIDE_2
 10
1.105053794598472
 20
68.42310711592323
 30
0.0
  0
VERTEX
  5
BFE
  8
T3_PROFILE_INSIDE_2
 10
1.129276674671801
 20
68.426094757678
 30
0.0
  0
VERTEX
  5
BFF
  8
T3_PROFILE_INSIDE_2
 10
1.154278939550724
 20
68.42862276223974
 30
0.0
  0
VERTEX
  5
C00
  8
T3_PROFILE_INSIDE_2
 10
1.180060589235239
 20
68.43069112960842
 30
0.0
  0
VERTEX
  5
C01
  8
T3_PROFILE_INSIDE_2
 10
1.206621623725348
 20
68.43229985978408
 30
0.0
  0
VERTEX
  5
C02
  8
T3_PROFILE_INSIDE_2
 10
1.233962043021051
 20
68.43344895276668
 30
0.0
  0
VERTEX
  5
C03
  8
T3_PROFILE_INSIDE_2
 10
1.262081847122347
 20
68.43413840855625
 30
0.0
  0
VERTEX
  5
C04
  8
T3_PROFILE_INSIDE_2
 10
1.290981036029236
 20
68.43436822715276
 30
0.0
  0
VERTEX
  5
C05
  8
T3_PROFILE_INSIDE_2
 10
1.326387088851542
 20
68.43395055683386
 30
0.0
  0
VERTEX
  5
C06
  8
T3_PROFILE_INSIDE_2
 10
1.360725984016958
 20
68.43269754587718
 30
0.0
  0
VERTEX
  5
C07
  8
T3_PROFILE_INSIDE_2
 10
1.393997721525485
 20
68.4306091942827
 30
0.0
  0
VERTEX
  5
C08
  8
T3_PROFILE_INSIDE_2
 10
1.426202301377122
 20
68.42768550205044
 30
0.0
  0
VERTEX
  5
C09
  8
T3_PROFILE_INSIDE_2
 10
1.457339723571869
 20
68.42392646918039
 30
0.0
  0
VERTEX
  5
C0A
  8
T3_PROFILE_INSIDE_2
 10
1.487409988109728
 20
68.41933209567254
 30
0.0
  0
VERTEX
  5
C0B
  8
T3_PROFILE_INSIDE_2
 10
1.516413094990696
 20
68.41390238152692
 30
0.0
  0
VERTEX
  5
C0C
  8
T3_PROFILE_INSIDE_2
 10
1.544349044214775
 20
68.4076373267435
 30
0.0
  0
VERTEX
  5
C0D
  8
T3_PROFILE_INSIDE_2
 10
1.571217835781965
 20
68.40053693132228
 30
0.0
  0
VERTEX
  5
C0E
  8
T3_PROFILE_INSIDE_2
 10
1.597019469692265
 20
68.39260119526328
 30
0.0
  0
VERTEX
  5
C0F
  8
T3_PROFILE_INSIDE_2
 10
1.621753945945676
 20
68.3838301185665
 30
0.0
  0
VERTEX
  5
C10
  8
T3_PROFILE_INSIDE_2
 10
1.645421264542197
 20
68.3742237012319
 30
0.0
  0
VERTEX
  5
C11
  8
T3_PROFILE_INSIDE_2
 10
1.656854739719124
 20
68.36910723982542
 30
0.0
  0
VERTEX
  5
C12
  8
T3_PROFILE_INSIDE_2
 10
1.668021425481829
 20
68.36378194325953
 30
0.0
  0
VERTEX
  5
C13
  8
T3_PROFILE_INSIDE_2
 10
1.678921321830311
 20
68.35824781153417
 30
0.0
  0
VERTEX
  5
C14
  8
T3_PROFILE_INSIDE_2
 10
1.689554428764571
 20
68.35250484464936
 30
0.0
  0
VERTEX
  5
C15
  8
T3_PROFILE_INSIDE_2
 10
1.699920746284608
 20
68.3465530426051
 30
0.0
  0
VERTEX
  5
C16
  8
T3_PROFILE_INSIDE_2
 10
1.710020274390423
 20
68.3403924054014
 30
0.0
  0
VERTEX
  5
C17
  8
T3_PROFILE_INSIDE_2
 10
1.719853013082016
 20
68.33402293303826
 30
0.0
  0
VERTEX
  5
C18
  8
T3_PROFILE_INSIDE_2
 10
1.729418962359387
 20
68.32744462551565
 30
0.0
  0
VERTEX
  5
C19
  8
T3_PROFILE_INSIDE_2
 10
1.738732111180584
 20
68.32063849781912
 30
0.0
  0
VERTEX
  5
C1A
  8
T3_PROFILE_INSIDE_2
 10
1.747806448503657
 20
68.31358556493416
 30
0.0
  0
VERTEX
  5
C1B
  8
T3_PROFILE_INSIDE_2
 10
1.756641974328606
 20
68.30628582686074
 30
0.0
  0
VERTEX
  5
C1C
  8
T3_PROFILE_INSIDE_2
 10
1.76523868865543
 20
68.29873928359889
 30
0.0
  0
VERTEX
  5
C1D
  8
T3_PROFILE_INSIDE_2
 10
1.773596591484131
 20
68.2909459351486
 30
0.0
  0
VERTEX
  5
C1E
  8
T3_PROFILE_INSIDE_2
 10
1.781715682814707
 20
68.28290578150988
 30
0.0
  0
VERTEX
  5
C1F
  8
T3_PROFILE_INSIDE_2
 10
1.78959596264716
 20
68.27461882268271
 30
0.0
  0
VERTEX
  5
C20
  8
T3_PROFILE_INSIDE_2
 10
1.797237430981487
 20
68.2660850586671
 30
0.0
  0
VERTEX
  5
C21
  8
T3_PROFILE_INSIDE_2
 10
1.804640087817691
 20
68.25730448946307
 30
0.0
  0
VERTEX
  5
C22
  8
T3_PROFILE_INSIDE_2
 10
1.811803933155771
 20
68.2482771150706
 30
0.0
  0
VERTEX
  5
C23
  8
T3_PROFILE_INSIDE_2
 10
1.818728966995727
 20
68.23900293548967
 30
0.0
  0
VERTEX
  5
C24
  8
T3_PROFILE_INSIDE_2
 10
1.825415189337559
 20
68.22948195072031
 30
0.0
  0
VERTEX
  5
C25
  8
T3_PROFILE_INSIDE_2
 10
1.831862600181266
 20
68.21971416076252
 30
0.0
  0
VERTEX
  5
C26
  8
T3_PROFILE_INSIDE_2
 10
1.838071199526849
 20
68.20969956561629
 30
0.0
  0
VERTEX
  5
C27
  8
T3_PROFILE_INSIDE_2
 10
1.844040987374308
 20
68.1994381652816
 30
0.0
  0
VERTEX
  5
C28
  8
T3_PROFILE_INSIDE_2
 10
1.849771963723643
 20
68.1889299597585
 30
0.0
  0
VERTEX
  5
C29
  8
T3_PROFILE_INSIDE_2
 10
1.855264128574854
 20
68.17817494904695
 30
0.0
  0
VERTEX
  5
C2A
  8
T3_PROFILE_INSIDE_2
 10
1.860517481927941
 20
68.16717313314697
 30
0.0
  0
VERTEX
  5
C2B
  8
T3_PROFILE_INSIDE_2
 10
1.865532023782903
 20
68.15592451205855
 30
0.0
  0
VERTEX
  5
C2C
  8
T3_PROFILE_INSIDE_2
 10
1.870307754139741
 20
68.1444290857817
 30
0.0
  0
VERTEX
  5
C2D
  8
T3_PROFILE_INSIDE_2
 10
1.874844672998456
 20
68.13268685431639
 30
0.0
  0
VERTEX
  5
C2E
  8
T3_PROFILE_INSIDE_2
 10
1.879142780359046
 20
68.12069781766266
 30
0.0
  0
VERTEX
  5
C2F
  8
T3_PROFILE_INSIDE_2
 10
1.883202076221512
 20
68.10846197582049
 30
0.0
  0
VERTEX
  5
C30
  8
T3_PROFILE_INSIDE_2
 10
1.887022560585853
 20
68.09597932878988
 30
0.0
  0
VERTEX
  5
C31
  8
T3_PROFILE_INSIDE_2
 10
1.893947094820164
 20
68.07027361916336
 30
0.0
  0
VERTEX
  5
C32
  8
T3_PROFILE_INSIDE_2
 10
1.899916383061979
 20
68.04358068878307
 30
0.0
  0
VERTEX
  5
C33
  8
T3_PROFILE_INSIDE_2
 10
1.904930425311297
 20
68.01590053764903
 30
0.0
  0
VERTEX
  5
C34
  8
T3_PROFILE_INSIDE_2
 10
1.908989221568118
 20
67.98723316576122
 30
0.0
  0
VERTEX
  5
C35
  8
T3_PROFILE_INSIDE_2
 10
1.472086083778213
 20
67.96165335675714
 30
0.0
  0
VERTEX
  5
C36
  8
T3_PROFILE_INSIDE_2
 10
1.469761918319482
 20
67.9740995325757
 30
0.0
  0
VERTEX
  5
C37
  8
T3_PROFILE_INSIDE_2
 10
1.467137989473984
 20
67.9861140491173
 30
0.0
  0
VERTEX
  5
C38
  8
T3_PROFILE_INSIDE_2
 10
1.464214297241719
 20
67.99769690638198
 30
0.0
  0
VERTEX
  5
C39
  8
T3_PROFILE_INSIDE_2
 10
1.460990841622688
 20
68.00884810436969
 30
0.0
  0
VERTEX
  5
C3A
  8
T3_PROFILE_INSIDE_2
 10
1.45746762261689
 20
68.01956764308048
 30
0.0
  0
VERTEX
  5
C3B
  8
T3_PROFILE_INSIDE_2
 10
1.453644640224325
 20
68.02985552251431
 30
0.0
  0
VERTEX
  5
C3C
  8
T3_PROFILE_INSIDE_2
 10
1.449521894444994
 20
68.03971174267119
 30
0.0
  0
VERTEX
  5
C3D
  8
T3_PROFILE_INSIDE_2
 10
1.445099385278895
 20
68.04913630355114
 30
0.0
  0
VERTEX
  5
C3E
  8
T3_PROFILE_INSIDE_2
 10
1.440377112726031
 20
68.05812920515413
 30
0.0
  0
VERTEX
  5
C3F
  8
T3_PROFILE_INSIDE_2
 10
1.435355076786399
 20
68.06669044748018
 30
0.0
  0
VERTEX
  5
C40
  8
T3_PROFILE_INSIDE_2
 10
1.430033277460001
 20
68.07482003052931
 30
0.0
  0
VERTEX
  5
C41
  8
T3_PROFILE_INSIDE_2
 10
1.424411714746835
 20
68.08251795430147
 30
0.0
  0
VERTEX
  5
C42
  8
T3_PROFILE_INSIDE_2
 10
1.418490388646904
 20
68.0897842187967
 30
0.0
  0
VERTEX
  5
C43
  8
T3_PROFILE_INSIDE_2
 10
1.412269299160205
 20
68.09661882401497
 30
0.0
  0
VERTEX
  5
C44
  8
T3_PROFILE_INSIDE_2
 10
1.40574844628674
 20
68.10302176995631
 30
0.0
  0
VERTEX
  5
C45
  8
T3_PROFILE_INSIDE_2
 10
1.398927830026508
 20
68.1089930566207
 30
0.0
  0
VERTEX
  5
C46
  8
T3_PROFILE_INSIDE_2
 10
1.391791462998882
 20
68.11456865561456
 30
0.0
  0
VERTEX
  5
C47
  8
T3_PROFILE_INSIDE_2
 10
1.384323357823234
 20
68.11978453854431
 30
0.0
  0
VERTEX
  5
C48
  8
T3_PROFILE_INSIDE_2
 10
1.376523514499564
 20
68.12464070540992
 30
0.0
  0
VERTEX
  5
C49
  8
T3_PROFILE_INSIDE_2
 10
1.368391933027872
 20
68.12913715621143
 30
0.0
  0
VERTEX
  5
C4A
  8
T3_PROFILE_INSIDE_2
 10
1.359928613408159
 20
68.1332738909488
 30
0.0
  0
VERTEX
  5
C4B
  8
T3_PROFILE_INSIDE_2
 10
1.351133555640424
 20
68.13705090962208
 30
0.0
  0
VERTEX
  5
C4C
  8
T3_PROFILE_INSIDE_2
 10
1.342006759724667
 20
68.14046821223121
 30
0.0
  0
VERTEX
  5
C4D
  8
T3_PROFILE_INSIDE_2
 10
1.332548225660887
 20
68.14352579877624
 30
0.0
  0
VERTEX
  5
C4E
  8
T3_PROFILE_INSIDE_2
 10
1.322757953449087
 20
68.14622366925713
 30
0.0
  0
VERTEX
  5
C4F
  8
T3_PROFILE_INSIDE_2
 10
1.312635943089264
 20
68.1485618236739
 30
0.0
  0
VERTEX
  5
C50
  8
T3_PROFILE_INSIDE_2
 10
1.30218219458142
 20
68.15054026202657
 30
0.0
  0
VERTEX
  5
C51
  8
T3_PROFILE_INSIDE_2
 10
1.291396707925553
 20
68.15215898431512
 30
0.0
  0
VERTEX
  5
C52
  8
T3_PROFILE_INSIDE_2
 10
1.280279483121665
 20
68.15341799053954
 30
0.0
  0
VERTEX
  5
C53
  8
T3_PROFILE_INSIDE_2
 10
1.268830520169755
 20
68.15431728069984
 30
0.0
  0
VERTEX
  5
C54
  8
T3_PROFILE_INSIDE_2
 10
1.257049819069823
 20
68.15485685479602
 30
0.0
  0
VERTEX
  5
C55
  8
T3_PROFILE_INSIDE_2
 10
1.24493737982187
 20
68.15503671282808
 30
0.0
  0
VERTEX
  5
C56
  8
T3_PROFILE_INSIDE_2
 10
1.225352838553111
 20
68.15450113557705
 30
0.0
  0
VERTEX
  5
C57
  8
T3_PROFILE_INSIDE_2
 10
1.207015312973302
 20
68.15289440382399
 30
0.0
  0
VERTEX
  5
C58
  8
T3_PROFILE_INSIDE_2
 10
1.198314181066753
 20
68.15168935500918
 30
0.0
  0
VERTEX
  5
C59
  8
T3_PROFILE_INSIDE_2
 10
1.189924803082443
 20
68.15021651756888
 30
0.0
  0
VERTEX
  5
C5A
  8
T3_PROFILE_INSIDE_2
 10
1.181847179020369
 20
68.14847589150304
 30
0.0
  0
VERTEX
  5
C5B
  8
T3_PROFILE_INSIDE_2
 10
1.174081308880533
 20
68.14646747681171
 30
0.0
  0
VERTEX
  5
C5C
  8
T3_PROFILE_INSIDE_2
 10
1.166627192662934
 20
68.14419127349485
 30
0.0
  0
VERTEX
  5
C5D
  8
T3_PROFILE_INSIDE_2
 10
1.159484830367572
 20
68.14164728155251
 30
0.0
  0
VERTEX
  5
C5E
  8
T3_PROFILE_INSIDE_2
 10
1.152654221994448
 20
68.13883550098464
 30
0.0
  0
VERTEX
  5
C5F
  8
T3_PROFILE_INSIDE_2
 10
1.146135367543561
 20
68.13575593179125
 30
0.0
  0
VERTEX
  5
C60
  8
T3_PROFILE_INSIDE_2
 10
1.139928267014912
 20
68.13240857397236
 30
0.0
  0
VERTEX
  5
C61
  8
T3_PROFILE_INSIDE_2
 10
1.1340329204085
 20
68.12879342752794
 30
0.0
  0
VERTEX
  5
C62
  8
T3_PROFILE_INSIDE_2
 10
1.128449327724325
 20
68.12491049245801
 30
0.0
  0
VERTEX
  5
C63
  8
T3_PROFILE_INSIDE_2
 10
1.123177488962388
 20
68.1207597687626
 30
0.0
  0
VERTEX
  5
C64
  8
T3_PROFILE_INSIDE_2
 10
1.118221400967845
 20
68.11641719649963
 30
0.0
  0
VERTEX
  5
C65
  8
T3_PROFILE_INSIDE_2
 10
1.113585060585853
 20
68.11195871572711
 30
0.0
  0
VERTEX
  5
C66
  8
T3_PROFILE_INSIDE_2
 10
1.109268467816413
 20
68.10738432644504
 30
0.0
  0
VERTEX
  5
C67
  8
T3_PROFILE_INSIDE_2
 10
1.105271622659523
 20
68.10269402865343
 30
0.0
  0
VERTEX
  5
C68
  8
T3_PROFILE_INSIDE_2
 10
1.101594525115185
 20
68.09788782235228
 30
0.0
  0
VERTEX
  5
C69
  8
T3_PROFILE_INSIDE_2
 10
1.098237175183398
 20
68.09296570754157
 30
0.0
  0
VERTEX
  5
C6A
  8
T3_PROFILE_INSIDE_2
 10
1.095199572864162
 20
68.08792768422131
 30
0.0
  0
VERTEX
  5
C6B
  8
T3_PROFILE_INSIDE_2
 10
1.092481718157477
 20
68.0827737523915
 30
0.0
  0
VERTEX
  5
C6C
  8
T3_PROFILE_INSIDE_2
 10
1.090083611063343
 20
68.07750391205215
 30
0.0
  0
VERTEX
  5
C6D
  8
T3_PROFILE_INSIDE_2
 10
1.088005251581761
 20
68.07211816320324
 30
0.0
  0
VERTEX
  5
C6E
  8
T3_PROFILE_INSIDE_2
 10
1.086246639712729
 20
68.06661650584478
 30
0.0
  0
VERTEX
  5
C6F
  8
T3_PROFILE_INSIDE_2
 10
1.084807775456249
 20
68.06099893997677
 30
0.0
  0
VERTEX
  5
C70
  8
T3_PROFILE_INSIDE_2
 10
1.08368865881232
 20
68.05526546559922
 30
0.0
  0
VERTEX
  5
C71
  8
T3_PROFILE_INSIDE_2
 10
1.082889289780942
 20
68.04941608271211
 30
0.0
  0
VERTEX
  5
C72
  8
T3_PROFILE_INSIDE_2
 10
1.082409668362115
 20
68.04345079131545
 30
0.0
  0
VERTEX
  5
C73
  8
T3_PROFILE_INSIDE_2
 10
1.08224979455584
 20
68.03736959140925
 30
0.0
  0
VERTEX
  5
C74
  8
T3_PROFILE_INSIDE_2
 10
1.082777378116549
 20
68.0285285699222
 30
0.0
  0
VERTEX
  5
C75
  8
T3_PROFILE_INSIDE_2
 10
1.084360128798677
 20
68.01991137176395
 30
0.0
  0
VERTEX
  5
C76
  8
T3_PROFILE_INSIDE_2
 10
1.086998046602224
 20
68.01151799693449
 30
0.0
  0
VERTEX
  5
C77
  8
T3_PROFILE_INSIDE_2
 10
1.09069113152719
 20
68.0033484454338
 30
0.0
  0
VERTEX
  5
C78
  8
T3_PROFILE_INSIDE_2
 10
1.095439383573575
 20
67.9954027172619
 30
0.0
  0
VERTEX
  5
C79
  8
T3_PROFILE_INSIDE_2
 10
1.101242802741379
 20
67.98768081241879
 30
0.0
  0
VERTEX
  5
C7A
  8
T3_PROFILE_INSIDE_2
 10
1.108101389030601
 20
67.98018273090446
 30
0.0
  0
VERTEX
  5
C7B
  8
T3_PROFILE_INSIDE_2
 10
1.116015142441242
 20
67.97290847271893
 30
0.0
  0
VERTEX
  5
C7C
  8
T3_PROFILE_INSIDE_2
 10
1.120459634255703
 20
67.96921538779398
 30
0.0
  0
VERTEX
  5
C7D
  8
T3_PROFILE_INSIDE_2
 10
1.125607570817777
 20
67.96555427763026
 30
0.0
  0
VERTEX
  5
C7E
  8
T3_PROFILE_INSIDE_2
 10
1.131458952127463
 20
67.96192514222781
 30
0.0
  0
VERTEX
  5
C7F
  8
T3_PROFILE_INSIDE_2
 10
1.138013778184762
 20
67.9583279815866
 30
0.0
  0
VERTEX
  5
C80
  8
T3_PROFILE_INSIDE_2
 10
1.145272048989673
 20
67.95476279570667
 30
0.0
  0
VERTEX
  5
C81
  8
T3_PROFILE_INSIDE_2
 10
1.153233764542197
 20
67.95122958458798
 30
0.0
  0
VERTEX
  5
C82
  8
T3_PROFILE_INSIDE_2
 10
1.171267529890082
 20
67.94425908663436
 30
0.0
  0
VERTEX
  5
C83
  8
T3_PROFILE_INSIDE_2
 10
1.192115074228418
 20
67.93741648772577
 30
0.0
  0
VERTEX
  5
C84
  8
T3_PROFILE_INSIDE_2
 10
1.215776397557204
 20
67.93070178786219
 30
0.0
  0
VERTEX
  5
C85
  8
T3_PROFILE_INSIDE_2
 10
1.24225149987644
 20
67.92411498704364
 30
0.0
  0
VERTEX
  5
C86
  8
T3_PROFILE_INSIDE_2
 10
1.271540381186126
 20
67.9176560852701
 30
0.0
  0
VERTEX
  5
C87
  8
T3_PROFILE_INSIDE_2
 10
1.308852929148268
 20
67.90946455112105
 30
0.0
  0
VERTEX
  5
C88
  8
T3_PROFILE_INSIDE_2
 10
1.344818540292538
 20
67.90126102643654
 30
0.0
  0
VERTEX
  5
C89
  8
T3_PROFILE_INSIDE_2
 10
1.379437214618936
 20
67.89304551121654
 30
0.0
  0
VERTEX
  5
C8A
  8
T3_PROFILE_INSIDE_2
 10
1.412708952127463
 20
67.88481800546109
 30
0.0
  0
VERTEX
  5
C8B
  8
T3_PROFILE_INSIDE_2
 10
1.444633752818118
 20
67.87657850917016
 30
0.0
  0
VERTEX
  5
C8C
  8
T3_PROFILE_INSIDE_2
 10
1.475211616690901
 20
67.86832702234376
 30
0.0
  0
VERTEX
  5
C8D
  8
T3_PROFILE_INSIDE_2
 10
1.504442543745812
 20
67.8600635449819
 30
0.0
  0
VERTEX
  5
C8E
  8
T3_PROFILE_INSIDE_2
 10
1.532326533982852
 20
67.85178807708456
 30
0.0
  0
VERTEX
  5
C8F
  8
T3_PROFILE_INSIDE_2
 10
1.55886358740202
 20
67.84350061865175
 30
0.0
  0
VERTEX
  5
C90
  8
T3_PROFILE_INSIDE_2
 10
1.584053704003316
 20
67.83520116968347
 30
0.0
  0
VERTEX
  5
C91
  8
T3_PROFILE_INSIDE_2
 10
1.60789688378674
 20
67.82688973017972
 30
0.0
  0
VERTEX
  5
C92
  8
T3_PROFILE_INSIDE_2
 10
1.630393126752293
 20
67.81856630014049
 30
0.0
  0
VERTEX
  5
C93
  8
T3_PROFILE_INSIDE_2
 10
1.651542432899973
 20
67.8102308795658
 30
0.0
  0
VERTEX
  5
C94
  8
T3_PROFILE_INSIDE_2
 10
1.671344802229783
 20
67.80188346845564
 30
0.0
  0
VERTEX
  5
C95
  8
T3_PROFILE_INSIDE_2
 10
1.68980023474172
 20
67.79352406681001
 30
0.0
  0
VERTEX
  5
C96
  8
T3_PROFILE_INSIDE_2
 10
1.706908730435785
 20
67.78515267462889
 30
0.0
  0
VERTEX
  5
C97
  8
T3_PROFILE_INSIDE_2
 10
1.723063978559932
 20
67.77664938655761
 30
0.0
  0
VERTEX
  5
C98
  8
T3_PROFILE_INSIDE_2
 10
1.738659668362115
 20
67.76789429724144
 30
0.0
  0
VERTEX
  5
C99
  8
T3_PROFILE_INSIDE_2
 10
1.753695799842333
 20
67.75888740668039
 30
0.0
  0
VERTEX
  5
C9A
  8
T3_PROFILE_INSIDE_2
 10
1.768172373000587
 20
67.74962871487446
 30
0.0
  0
VERTEX
  5
C9B
  8
T3_PROFILE_INSIDE_2
 10
1.782089387836876
 20
67.74011822182365
 30
0.0
  0
VERTEX
  5
C9C
  8
T3_PROFILE_INSIDE_2
 10
1.795446844351201
 20
67.73035592752794
 30
0.0
  0
VERTEX
  5
C9D
  8
T3_PROFILE_INSIDE_2
 10
1.808244742543561
 20
67.72034183198735
 30
0.0
  0
VERTEX
  5
C9E
  8
T3_PROFILE_INSIDE_2
 10
1.820483082413957
 20
67.71007593520187
 30
0.0
  0
VERTEX
  5
C9F
  8
T3_PROFILE_INSIDE_2
 10
1.832161863962388
 20
67.69955823717152
 30
0.0
  0
VERTEX
  5
CA0
  8
T3_PROFILE_INSIDE_2
 10
1.843281087188855
 20
67.68878873789629
 30
0.0
  0
VERTEX
  5
CA1
  8
T3_PROFILE_INSIDE_2
 10
1.853840752093357
 20
67.67776743737616
 30
0.0
  0
VERTEX
  5
CA2
  8
T3_PROFILE_INSIDE_2
 10
1.863840858675894
 20
67.66649433561116
 30
0.0
  0
VERTEX
  5
CA3
  8
T3_PROFILE_INSIDE_2
 10
1.873281406936467
 20
67.65496943260126
 30
0.0
  0
VERTEX
  5
CA4
  8
T3_PROFILE_INSIDE_2
 10
1.882162396875076
 20
67.64319272834649
 30
0.0
  0
VERTEX
  5
CA5
  8
T3_PROFILE_INSIDE_2
 10
1.89048382849172
 20
67.63116422284685
 30
0.0
  0
VERTEX
  5
CA6
  8
T3_PROFILE_INSIDE_2
 10
1.898245701786399
 20
67.61888391610229
 30
0.0
  0
VERTEX
  5
CA7
  8
T3_PROFILE_INSIDE_2
 10
1.905493980478418
 20
67.60638578129668
 30
0.0
  0
VERTEX
  5
CA8
  8
T3_PROFILE_INSIDE_2
 10
1.912274628287081
 20
67.59370379161388
 30
0.0
  0
VERTEX
  5
CA9
  8
T3_PROFILE_INSIDE_2
 10
1.918587645212388
 20
67.58083794705385
 30
0.0
  0
VERTEX
  5
CAA
  8
T3_PROFILE_INSIDE_2
 10
1.924433031254339
 20
67.56778824761662
 30
0.0
  0
VERTEX
  5
CAB
  8
T3_PROFILE_INSIDE_2
 10
1.929810786412934
 20
67.55455469330215
 30
0.0
  0
VERTEX
  5
CAC
  8
T3_PROFILE_INSIDE_2
 10
1.934720910688172
 20
67.54113728411048
 30
0.0
  0
VERTEX
  5
CAD
  8
T3_PROFILE_INSIDE_2
 10
1.939163404080055
 20
67.52753602004157
 30
0.0
  0
VERTEX
  5
CAE
  8
T3_PROFILE_INSIDE_2
 10
1.943138266588582
 20
67.51375090109548
 30
0.0
  0
VERTEX
  5
CAF
  8
T3_PROFILE_INSIDE_2
 10
1.946645498213752
 20
67.49978192727212
 30
0.0
  0
VERTEX
  5
CB0
  8
T3_PROFILE_INSIDE_2
 10
1.949685098955567
 20
67.4856290985716
 30
0.0
  0
VERTEX
  5
CB1
  8
T3_PROFILE_INSIDE_2
 10
1.952257068814025
 20
67.47129241499383
 30
0.0
  0
VERTEX
  5
CB2
  8
T3_PROFILE_INSIDE_2
 10
1.954361407789127
 20
67.45677187653885
 30
0.0
  0
VERTEX
  5
CB3
  8
T3_PROFILE_INSIDE_2
 10
1.955998115880874
 20
67.44206748320664
 30
0.0
  0
VERTEX
  5
CB4
  8
T3_PROFILE_INSIDE_2
 10
1.957167193089264
 20
67.42717923499725
 30
0.0
  0
VERTEX
  5
CB5
  8
T3_PROFILE_INSIDE_2
 10
1.957868639414298
 20
67.4121071319106
 30
0.0
  0
VERTEX
  5
CB6
  8
T3_PROFILE_INSIDE_2
 10
1.958102454855976
 20
67.39685117394677
 30
0.0
  0
VERTEX
  5
CB7
  8
T3_PROFILE_INSIDE_2
 10
1.957790700933739
 20
67.37890533919233
 30
0.0
  0
VERTEX
  5
CB8
  8
T3_PROFILE_INSIDE_2
 10
1.956855439167027
 20
67.36113536562482
 30
0.0
  0
VERTEX
  5
CB9
  8
T3_PROFILE_INSIDE_2
 10
1.95529666955584
 20
67.34354125324418
 30
0.0
  0
VERTEX
  5
CBA
  8
T3_PROFILE_INSIDE_2
 10
1.953114392100178
 20
67.32612300205045
 30
0.0
  0
VERTEX
  5
CBB
  8
T3_PROFILE_INSIDE_2
 10
1.950308606800041
 20
67.30888061204362
 30
0.0
  0
VERTEX
  5
CBC
  8
T3_PROFILE_INSIDE_2
 10
1.94687931365543
 20
67.29181408322373
 30
0.0
  0
VERTEX
  5
CBD
  8
T3_PROFILE_INSIDE_2
 10
1.942826512666344
 20
67.2749234155907
 30
0.0
  0
VERTEX
  5
CBE
  8
T3_PROFILE_INSIDE_2
 10
1.938150203832784
 20
67.25820860914459
 30
0.0
  0
VERTEX
  5
CBF
  8
T3_PROFILE_INSIDE_2
 10
1.932850387154748
 20
67.24166966388538
 30
0.0
  0
VERTEX
  5
CC0
  8
T3_PROFILE_INSIDE_2
 10
1.926927062632238
 20
67.22530657981306
 30
0.0
  0
VERTEX
  5
CC1
  8
T3_PROFILE_INSIDE_2
 10
1.920380230265253
 20
67.20911935692766
 30
0.0
  0
VERTEX
  5
CC2
  8
T3_PROFILE_INSIDE_2
 10
1.913209890053793
 20
67.19310799522916
 30
0.0
  0
VERTEX
  5
CC3
  8
T3_PROFILE_INSIDE_2
 10
1.905416041997858
 20
67.17727249471756
 30
0.0
  0
VERTEX
  5
CC4
  8
T3_PROFILE_INSIDE_2
 10
1.896998686097449
 20
67.16161285539286
 30
0.0
  0
VERTEX
  5
CC5
  8
T3_PROFILE_INSIDE_2
 10
1.887957822352565
 20
67.14612907725507
 30
0.0
  0
VERTEX
  5
CC6
  8
T3_PROFILE_INSIDE_2
 10
1.878293450763207
 20
67.1308211603042
 30
0.0
  0
VERTEX
  5
CC7
  8
T3_PROFILE_INSIDE_2
 10
1.868069520851884
 20
67.11583099254328
 30
0.0
  0
VERTEX
  5
CC8
  8
T3_PROFILE_INSIDE_2
 10
1.857349982141106
 20
67.10130046197541
 30
0.0
  0
VERTEX
  5
CC9
  8
T3_PROFILE_INSIDE_2
 10
1.846134834630874
 20
67.08722956860058
 30
0.0
  0
VERTEX
  5
CCA
  8
T3_PROFILE_INSIDE_2
 10
1.834424078321188
 20
67.0736183124188
 30
0.0
  0
VERTEX
  5
CCB
  8
T3_PROFILE_INSIDE_2
 10
1.822217713212047
 20
67.06046669343004
 30
0.0
  0
VERTEX
  5
CCC
  8
T3_PROFILE_INSIDE_2
 10
1.809515739303452
 20
67.04777471163435
 30
0.0
  0
VERTEX
  5
CCD
  8
T3_PROFILE_INSIDE_2
 10
1.796318156595403
 20
67.03554236703168
 30
0.0
  0
VERTEX
  5
CCE
  8
T3_PROFILE_INSIDE_2
 10
1.7826249650879
 20
67.02376965962208
 30
0.0
  0
VERTEX
  5
CCF
  8
T3_PROFILE_INSIDE_2
 10
1.768436164780942
 20
67.01245658940549
 30
0.0
  0
VERTEX
  5
CD0
  8
T3_PROFILE_INSIDE_2
 10
1.75375175567453
 20
67.00160315638196
 30
0.0
  0
VERTEX
  5
CD1
  8
T3_PROFILE_INSIDE_2
 10
1.738571737768664
 20
66.99120936055147
 30
0.0
  0
VERTEX
  5
CD2
  8
T3_PROFILE_INSIDE_2
 10
1.722896111063343
 20
66.98127520191403
 30
0.0
  0
VERTEX
  5
CD3
  8
T3_PROFILE_INSIDE_2
 10
1.706724875558568
 20
66.97180068046961
 30
0.0
  0
VERTEX
  5
CD4
  8
T3_PROFILE_INSIDE_2
 10
1.690058031254339
 20
66.96278579621826
 30
0.0
  0
VERTEX
  5
CD5
  8
T3_PROFILE_INSIDE_2
 10
1.672895578150656
 20
66.95423054915993
 30
0.0
  0
VERTEX
  5
CD6
  8
T3_PROFILE_INSIDE_2
 10
1.655237516247518
 20
66.94613493929465
 30
0.0
  0
VERTEX
  5
CD7
  8
T3_PROFILE_INSIDE_2
 10
1.6370398802482
 20
66.93851495400303
 30
0.0
  0
VERTEX
  5
CD8
  8
T3_PROFILE_INSIDE_2
 10
1.618258704855976
 20
66.93138658066573
 30
0.0
  0
VERTEX
  5
CD9
  8
T3_PROFILE_INSIDE_2
 10
1.598893990070846
 20
66.92474981928271
 30
0.0
  0
VERTEX
  5
CDA
  8
T3_PROFILE_INSIDE_2
 10
1.578945735892811
 20
66.91860466985399
 30
0.0
  0
VERTEX
  5
CDB
  8
T3_PROFILE_INSIDE_2
 10
1.558413942321869
 20
66.91295113237956
 30
0.0
  0
VERTEX
  5
CDC
  8
T3_PROFILE_INSIDE_2
 10
1.537298609358022
 20
66.90778920685946
 30
0.0
  0
VERTEX
  5
CDD
  8
T3_PROFILE_INSIDE_2
 10
1.515599737001269
 20
66.90311889329362
 30
0.0
  0
VERTEX
  5
CDE
  8
T3_PROFILE_INSIDE_2
 10
1.49331732525161
 20
66.8989401916821
 30
0.0
  0
VERTEX
  5
CDF
  8
T3_PROFILE_INSIDE_2
 10
1.470451374109046
 20
66.89525310202487
 30
0.0
  0
VERTEX
  5
CE0
  8
T3_PROFILE_INSIDE_2
 10
1.447001883573575
 20
66.89205762432195
 30
0.0
  0
VERTEX
  5
CE1
  8
T3_PROFILE_INSIDE_2
 10
1.422968853645199
 20
66.8893537585733
 30
0.0
  0
VERTEX
  5
CE2
  8
T3_PROFILE_INSIDE_2
 10
1.398352284323916
 20
66.88714150477895
 30
0.0
  0
VERTEX
  5
CE3
  8
T3_PROFILE_INSIDE_2
 10
1.373152175609728
 20
66.8854208629389
 30
0.0
  0
VERTEX
  5
CE4
  8
T3_PROFILE_INSIDE_2
 10
1.347368527502634
 20
66.88419183305317
 30
0.0
  0
VERTEX
  5
CE5
  8
T3_PROFILE_INSIDE_2
 10
1.321001340002634
 20
66.88345441512172
 30
0.0
  0
VERTEX
  5
CE6
  8
T3_PROFILE_INSIDE_2
 10
1.294050613109728
 20
66.88320860914457
 30
0.0
  0
VERTEX
  5
CE7
  8
T3_PROFILE_INSIDE_2
 10
1.247135644658159
 20
66.88378415484716
 30
0.0
  0
VERTEX
  5
CE8
  8
T3_PROFILE_INSIDE_2
 10
1.224367616221938
 20
66.8845035869754
 30
0.0
  0
VERTEX
  5
CE9
  8
T3_PROFILE_INSIDE_2
 10
1.202059224978759
 20
66.88551079195494
 30
0.0
  0
VERTEX
  5
CEA
  8
T3_PROFILE_INSIDE_2
 10
1.180210470928623
 20
66.88680576978578
 30
0.0
  0
VERTEX
  5
CEB
  8
T3_PROFILE_INSIDE_2
 10
1.158821354071529
 20
66.88838852046791
 30
0.0
  0
VERTEX
  5
CEC
  8
T3_PROFILE_INSIDE_2
 10
1.137891874407477
 20
66.89025904400133
 30
0.0
  0
VERTEX
  5
CED
  8
T3_PROFILE_INSIDE_2
 10
1.117422031936467
 20
66.89241734038605
 30
0.0
  0
VERTEX
  5
CEE
  8
T3_PROFILE_INSIDE_2
 10
1.0974118266585
 20
66.89486340962205
 30
0.0
  0
VERTEX
  5
CEF
  8
T3_PROFILE_INSIDE_2
 10
1.077861258573575
 20
66.89759725170939
 30
0.0
  0
VERTEX
  5
CF0
  8
T3_PROFILE_INSIDE_2
 10
1.058770327681692
 20
66.90061886664799
 30
0.0
  0
VERTEX
  5
CF1
  8
T3_PROFILE_INSIDE_2
 10
1.040139033982852
 20
66.90392825443789
 30
0.0
  0
VERTEX
  5
CF2
  8
T3_PROFILE_INSIDE_2
 10
1.021967377477054
 20
66.90752541507908
 30
0.0
  0
VERTEX
  5
CF3
  8
T3_PROFILE_INSIDE_2
 10
1.004255358164298
 20
66.9114103485716
 30
0.0
  0
VERTEX
  5
CF4
  8
T3_PROFILE_INSIDE_2
 10
0.9870029760445845
 20
66.91558305491537
 30
0.0
  0
VERTEX
  5
CF5
  8
T3_PROFILE_INSIDE_2
 10
0.9702102311179133
 20
66.92004353411048
 30
0.0
  0
VERTEX
  5
CF6
  8
T3_PROFILE_INSIDE_2
 10
0.9538771233842844
 20
66.92479178615687
 30
0.0
  0
VERTEX
  5
CF7
  8
T3_PROFILE_INSIDE_2
 10
0.9380036528436977
 20
66.92982781105457
 30
0.0
  0
VERTEX
  5
CF8
  8
T3_PROFILE_INSIDE_2
 10
0.9225898194961535
 20
66.93515160880352
 30
0.0
  0
VERTEX
  5
CF9
  8
T3_PROFILE_INSIDE_2
 10
0.9076356233416514
 20
66.9407631794038
 30
0.0
  0
VERTEX
  5
CFA
  8
T3_PROFILE_INSIDE_2
 10
0.8931410643801916
 20
66.94666252285536
 30
0.0
  0
VERTEX
  5
CFB
  8
T3_PROFILE_INSIDE_2
 10
0.8791061426117741
 20
66.95284963915823
 30
0.0
  0
VERTEX
  5
CFC
  8
T3_PROFILE_INSIDE_2
 10
0.8655308580363991
 20
66.95932452831238
 30
0.0
  0
VERTEX
  5
CFD
  8
T3_PROFILE_INSIDE_2
 10
0.8524152106540661
 20
66.96608719031784
 30
0.0
  0
VERTEX
  5
CFE
  8
T3_PROFILE_INSIDE_2
 10
0.8397592004647756
 20
66.97313762517459
 30
0.0
  0
VERTEX
  5
CFF
  8
T3_PROFILE_INSIDE_2
 10
0.8275628274685272
 20
66.98047583288265
 30
0.0
  0
VERTEX
  5
D00
  8
T3_PROFILE_INSIDE_2
 10
0.8158260916653213
 20
66.98810181344199
 30
0.0
  0
VERTEX
  5
D01
  8
T3_PROFILE_INSIDE_2
 10
0.8045489930551575
 20
66.99601556685263
 30
0.0
  0
VERTEX
  5
D02
  8
T3_PROFILE_INSIDE_2
 10
0.793731531638036
 20
67.00421709311456
 30
0.0
  0
VERTEX
  5
D03
  8
T3_PROFILE_INSIDE_2
 10
0.7833737074139568
 20
67.01270639222781
 30
0.0
  0
VERTEX
  5
D04
  8
T3_PROFILE_INSIDE_2
 10
0.7734755203829201
 20
67.02148346419233
 30
0.0
  0
VERTEX
  5
D05
  8
T3_PROFILE_INSIDE_2
 10
0.7640369705449256
 20
67.03054830900815
 30
0.0
  0
VERTEX
  5
D06
  8
T3_PROFILE_INSIDE_2
 10
0.7461191137065899
 20
67.04927752541334
 30
0.0
  0
VERTEX
  5
D07
  8
T3_PROFILE_INSIDE_2
 10
0.7292004681574766
 20
67.06863024966299
 30
0.0
  0
VERTEX
  5
D08
  8
T3_PROFILE_INSIDE_2
 10
0.7132810338975858
 20
67.08860648175713
 30
0.0
  0
VERTEX
  5
D09
  8
T3_PROFILE_INSIDE_2
 10
0.6983608109269173
 20
67.10920622169573
 30
0.0
  0
VERTEX
  5
D0A
  8
T3_PROFILE_INSIDE_2
 10
0.6844397992454712
 20
67.13042946947883
 30
0.0
  0
VERTEX
  5
D0B
  8
T3_PROFILE_INSIDE_2
 10
0.6715179988532474
 20
67.15227622510638
 30
0.0
  0
VERTEX
  5
D0C
  8
T3_PROFILE_INSIDE_2
 10
0.659595409750246
 20
67.17474648857842
 30
0.0
  0
VERTEX
  5
D0D
  8
T3_PROFILE_INSIDE_2
 10
0.648672031936467
 20
67.19784025989492
 30
0.0
  0
VERTEX
  5
D0E
  8
T3_PROFILE_INSIDE_2
 10
0.6387478654119104
 20
67.22155753905591
 30
0.0
  0
VERTEX
  5
D0F
  8
T3_PROFILE_INSIDE_2
 10
0.6298229101765762
 20
67.24589832606136
 30
0.0
  0
VERTEX
  5
D10
  8
T3_PROFILE_INSIDE_2
 10
0.6218971662304643
 20
67.2708626209113
 30
0.0
  0
VERTEX
  5
D11
  8
T3_PROFILE_INSIDE_2
 10
0.6149706335735748
 20
67.2964504236057
 30
0.0
  0
VERTEX
  5
D12
  8
T3_PROFILE_INSIDE_2
 10
0.6090433122059078
 20
67.32266173414459
 30
0.0
  0
VERTEX
  5
D13
  8
T3_PROFILE_INSIDE_2
 10
0.6041152021274631
 20
67.34949655252794
 30
0.0
  0
VERTEX
  5
D14
  8
T3_PROFILE_INSIDE_2
 10
0.6001863033382407
 20
67.37695487875578
 30
0.0
  0
SEQEND
  5
160F
  8
T3_PROFILE_INSIDE_2
  0
POLYLINE
  5
87
  8
T3_PROFILE_INSIDE_2
 66
     1
 10
0.0
 20
0.0
 30
0.0
 70
     1
  0
VERTEX
  5
D15
  8
T3_PROFILE_INSIDE_2
 10
2.528020599467163
 20
67.97495485743926
 30
0.0
  0
VERTEX
  5
D16
  8
T3_PROFILE_INSIDE_2
 10
2.134091540804134
 20
68.04555513029055
 30
0.0
  0
VERTEX
  5
D17
  8
T3_PROFILE_INSIDE_2
 10
2.1405844157615
 20
68.06874482589083
 30
0.0
  0
VERTEX
  5
D18
  8
T3_PROFILE_INSIDE_2
 10
2.147784732311637
 20
68.09124706412412
 30
0.0
  0
VERTEX
  5
D19
  8
T3_PROFILE_INSIDE_2
 10
2.155692490454542
 20
68.11306184499043
 30
0.0
  0
VERTEX
  5
D1A
  8
T3_PROFILE_INSIDE_2
 10
2.164307690190218
 20
68.13418916848974
 30
0.0
  0
VERTEX
  5
D1B
  8
T3_PROFILE_INSIDE_2
 10
2.173630331518663
 20
68.15462903462206
 30
0.0
  0
VERTEX
  5
D1C
  8
T3_PROFILE_INSIDE_2
 10
2.183660414439877
 20
68.1743814433874
 30
0.0
  0
VERTEX
  5
D1D
  8
T3_PROFILE_INSIDE_2
 10
2.194397938953861
 20
68.19344639478577
 30
0.0
  0
VERTEX
  5
D1E
  8
T3_PROFILE_INSIDE_2
 10
2.205842905060614
 20
68.21182388881715
 30
0.0
  0
VERTEX
  5
D1F
  8
T3_PROFILE_INSIDE_2
 10
2.217995312760136
 20
68.22951392548154
 30
0.0
  0
VERTEX
  5
D20
  8
T3_PROFILE_INSIDE_2
 10
2.230855162052428
 20
68.24651650477895
 30
0.0
  0
VERTEX
  5
D21
  8
T3_PROFILE_INSIDE_2
 10
2.244422452937489
 20
68.26283162670937
 30
0.0
  0
VERTEX
  5
D22
  8
T3_PROFILE_INSIDE_2
 10
2.258697185415321
 20
68.27845929127281
 30
0.0
  0
VERTEX
  5
D23
  8
T3_PROFILE_INSIDE_2
 10
2.273679359485921
 20
68.29339949846926
 30
0.0
  0
VERTEX
  5
D24
  8
T3_PROFILE_INSIDE_2
 10
2.289368975149291
 20
68.30765224829872
 30
0.0
  0
VERTEX
  5
D25
  8
T3_PROFILE_INSIDE_2
 10
2.30576603240543
 20
68.32121754076121
 30
0.0
  0
VERTEX
  5
D26
  8
T3_PROFILE_INSIDE_2
 10
2.322870531254339
 20
68.33409537585672
 30
0.0
  0
VERTEX
  5
D27
  8
T3_PROFILE_INSIDE_2
 10
2.340782392824939
 20
68.34623779144337
 30
0.0
  0
VERTEX
  5
D28
  8
T3_PROFILE_INSIDE_2
 10
2.359601538246153
 20
68.35759682537923
 30
0.0
  0
VERTEX
  5
D29
  8
T3_PROFILE_INSIDE_2
 10
2.379327967517981
 20
68.36817247766439
 30
0.0
  0
VERTEX
  5
D2A
  8
T3_PROFILE_INSIDE_2
 10
2.399961680640423
 20
68.37796474829875
 30
0.0
  0
VERTEX
  5
D2B
  8
T3_PROFILE_INSIDE_2
 10
2.421502677613479
 20
68.38697363728238
 30
0.0
  0
VERTEX
  5
D2C
  8
T3_PROFILE_INSIDE_2
 10
2.443950958437149
 20
68.39519914461525
 30
0.0
  0
VERTEX
  5
D2D
  8
T3_PROFILE_INSIDE_2
 10
2.467306523111433
 20
68.40264127029738
 30
0.0
  0
VERTEX
  5
D2E
  8
T3_PROFILE_INSIDE_2
 10
2.491569371636331
 20
68.40930001432875
 30
0.0
  0
VERTEX
  5
D2F
  8
T3_PROFILE_INSIDE_2
 10
2.516739504011842
 20
68.41517537670939
 30
0.0
  0
VERTEX
  5
D30
  8
T3_PROFILE_INSIDE_2
 10
2.542816920237968
 20
68.42026735743926
 30
0.0
  0
VERTEX
  5
D31
  8
T3_PROFILE_INSIDE_2
 10
2.569801620314707
 20
68.4245759565184
 30
0.0
  0
VERTEX
  5
D32
  8
T3_PROFILE_INSIDE_2
 10
2.59769360424206
 20
68.42810117394677
 30
0.0
  0
VERTEX
  5
D33
  8
T3_PROFILE_INSIDE_2
 10
2.626492872020028
 20
68.4308430097244
 30
0.0
  0
VERTEX
  5
D34
  8
T3_PROFILE_INSIDE_2
 10
2.656199423648609
 20
68.43280146385126
 30
0.0
  0
VERTEX
  5
D35
  8
T3_PROFILE_INSIDE_2
 10
2.686813259127804
 20
68.43397653632739
 30
0.0
  0
VERTEX
  5
D36
  8
T3_PROFILE_INSIDE_2
 10
2.718334378457613
 20
68.43436822715276
 30
0.0
  0
VERTEX
  5
D37
  8
T3_PROFILE_INSIDE_2
 10
2.75440590599854
 20
68.43394056472097
 30
0.0
  0
VERTEX
  5
D38
  8
T3_PROFILE_INSIDE_2
 10
2.789206436779577
 20
68.43265757742562
 30
0.0
  0
VERTEX
  5
D39
  8
T3_PROFILE_INSIDE_2
 10
2.822735970800723
 20
68.43051926526667
 30
0.0
  0
VERTEX
  5
D3A
  8
T3_PROFILE_INSIDE_2
 10
2.854994508061978
 20
68.42752562824415
 30
0.0
  0
VERTEX
  5
D3B
  8
T3_PROFILE_INSIDE_2
 10
2.885982048563342
 20
68.42367666635806
 30
0.0
  0
VERTEX
  5
D3C
  8
T3_PROFILE_INSIDE_2
 10
2.915698592304816
 20
68.41897237960842
 30
0.0
  0
VERTEX
  5
D3D
  8
T3_PROFILE_INSIDE_2
 10
2.944144139286398
 20
68.41341276799517
 30
0.0
  0
VERTEX
  5
D3E
  8
T3_PROFILE_INSIDE_2
 10
2.97131868950809
 20
68.40699783151838
 30
0.0
  0
VERTEX
  5
D3F
  8
T3_PROFILE_INSIDE_2
 10
2.997222242969891
 20
68.399727570178
 30
0.0
  0
VERTEX
  5
D40
  8
T3_PROFILE_INSIDE_2
 10
3.009697395915833
 20
68.39577169268397
 30
0.0
  0
VERTEX
  5
D41
  8
T3_PROFILE_INSIDE_2
 10
3.021854799671801
 20
68.39160198397406
 30
0.0
  0
VERTEX
  5
D42
  8
T3_PROFILE_INSIDE_2
 10
3.033694454237797
 20
68.38721844404823
 30
0.0
  0
VERTEX
  5
D43
  8
T3_PROFILE_INSIDE_2
 10
3.04521635961382
 20
68.38262107290652
 30
0.0
  0
VERTEX
  5
D44
  8
T3_PROFILE_INSIDE_2
 10
3.056420515799871
 20
68.3778098705489
 30
0.0
  0
VERTEX
  5
D45
  8
T3_PROFILE_INSIDE_2
 10
3.067306922795948
 20
68.3727848369754
 30
0.0
  0
VERTEX
  5
D46
  8
T3_PROFILE_INSIDE_2
 10
3.077875580602054
 20
68.36754597218601
 30
0.0
  0
VERTEX
  5
D47
  8
T3_PROFILE_INSIDE_2
 10
3.088126489218186
 20
68.36209327618073
 30
0.0
  0
VERTEX
  5
D48
  8
T3_PROFILE_INSIDE_2
 10
3.098059648644345
 20
68.35642674895954
 30
0.0
  0
VERTEX
  5
D49
  8
T3_PROFILE_INSIDE_2
 10
3.107675058880532
 20
68.35054639052248
 30
0.0
  0
VERTEX
  5
D4A
  8
T3_PROFILE_INSIDE_2
 10
3.116972719926746
 20
68.34445220086951
 30
0.0
  0
VERTEX
  5
D4B
  8
T3_PROFILE_INSIDE_2
 10
3.125952631782988
 20
68.33814418000065
 30
0.0
  0
VERTEX
  5
D4C
  8
T3_PROFILE_INSIDE_2
 10
3.134614794449257
 20
68.3316223279159
 30
0.0
  0
VERTEX
  5
D4D
  8
T3_PROFILE_INSIDE_2
 10
3.142959207925553
 20
68.32488664461525
 30
0.0
  0
VERTEX
  5
D4E
  8
T3_PROFILE_INSIDE_2
 10
3.15881868950809
 20
68.31098162031444
 30
0.0
  0
VERTEX
  5
D4F
  8
T3_PROFILE_INSIDE_2
 10
3.173654978730464
 20
68.29663694304635
 30
0.0
  0
VERTEX
  5
D50
  8
T3_PROFILE_INSIDE_2
 10
3.187468075592674
 20
68.28185261281101
 30
0.0
  0
VERTEX
  5
D51
  8
T3_PROFILE_INSIDE_2
 10
3.200257980094721
 20
68.26662862960842
 30
0.0
  0
VERTEX
  5
D52
  8
T3_PROFILE_INSIDE_2
 10
3.212024692236604
 20
68.25096499343857
 30
0.0
  0
VERTEX
  5
D53
  8
T3_PROFILE_INSIDE_2
 10
3.222768212018322
 20
68.23486170430147
 30
0.0
  0
VERTEX
  5
D54
  8
T3_PROFILE_INSIDE_2
 10
3.232488539439878
 20
68.2183187621971
 30
0.0
  0
VERTEX
  5
D55
  8
T3_PROFILE_INSIDE_2
 10
3.241185674501269
 20
68.20133616712548
 30
0.0
  0
VERTEX
  5
D56
  8
T3_PROFILE_INSIDE_2
 10
3.248859617202497
 20
68.18391391908659
 30
0.0
  0
VERTEX
  5
D57
  8
T3_PROFILE_INSIDE_2
 10
3.255510367543561
 20
68.16605201808045
 30
0.0
  0
VERTEX
  5
D58
  8
T3_PROFILE_INSIDE_2
 10
3.261137925524461
 20
68.14775046410706
 30
0.0
  0
VERTEX
  5
D59
  8
T3_PROFILE_INSIDE_2
 10
3.265742291145198
 20
68.1290092571664
 30
0.0
  0
VERTEX
  5
D5A
  8
T3_PROFILE_INSIDE_2
 10
3.269323464405771
 20
68.10982839725848
 30
0.0
  0
VERTEX
  5
D5B
  8
T3_PROFILE_INSIDE_2
 10
3.27188144530618
 20
68.09020788438332
 30
0.0
  0
VERTEX
  5
D5C
  8
T3_PROFILE_INSIDE_2
 10
3.273416233846426
 20
68.0701477185409
 30
0.0
  0
VERTEX
  5
D5D
  8
T3_PROFILE_INSIDE_2
 10
3.273927830026508
 20
68.04964789973121
 30
0.0
  0
VERTEX
  5
D5E
  8
T3_PROFILE_INSIDE_2
 10
3.273719994078349
 20
68.03756943366709
 30
0.0
  0
VERTEX
  5
D5F
  8
T3_PROFILE_INSIDE_2
 10
3.273096486233874
 20
68.02563485402862
 30
0.0
  0
VERTEX
  5
D60
  8
T3_PROFILE_INSIDE_2
 10
3.272057306493084
 20
68.01384416081581
 30
0.0
  0
VERTEX
  5
D61
  8
T3_PROFILE_INSIDE_2
 10
3.270602454855975
 20
68.00219735402862
 30
0.0
  0
VERTEX
  5
D62
  8
T3_PROFILE_INSIDE_2
 10
3.268731931322551
 20
67.99069443366709
 30
0.0
  0
VERTEX
  5
D63
  8
T3_PROFILE_INSIDE_2
 10
3.26644573589281
 20
67.97933539973121
 30
0.0
  0
VERTEX
  5
D64
  8
T3_PROFILE_INSIDE_2
 10
3.263743868566753
 20
67.96812025222097
 30
0.0
  0
VERTEX
  5
D65
  8
T3_PROFILE_INSIDE_2
 10
3.26062632934438
 20
67.95704899113639
 30
0.0
  0
VERTEX
  5
D66
  8
T3_PROFILE_INSIDE_2
 10
3.257093118225689
 20
67.94612161647746
 30
0.0
  0
VERTEX
  5
D67
  8
T3_PROFILE_INSIDE_2
 10
3.253144235210683
 20
67.93533812824417
 30
0.0
  0
VERTEX
  5
D68
  8
T3_PROFILE_INSIDE_2
 10
3.248779680299359
 20
67.92469852643653
 30
0.0
  0
VERTEX
  5
D69
  8
T3_PROFILE_INSIDE_2
 10
3.243999453491719
 20
67.91420281105454
 30
0.0
  0
VERTEX
  5
D6A
  8
T3_PROFILE_INSIDE_2
 10
3.238803554787763
 20
67.90385098209819
 30
0.0
  0
VERTEX
  5
D6B
  8
T3_PROFILE_INSIDE_2
 10
3.23319198418749
 20
67.8936430395675
 30
0.0
  0
VERTEX
  5
D6C
  8
T3_PROFILE_INSIDE_2
 10
3.227164741690901
 20
67.88357898346246
 30
0.0
  0
VERTEX
  5
D6D
  8
T3_PROFILE_INSIDE_2
 10
3.220721827297995
 20
67.87365881378305
 30
0.0
  0
VERTEX
  5
D6E
  8
T3_PROFILE_INSIDE_2
 10
3.213859244163616
 20
67.86388652737446
 30
0.0
  0
VERTEX
  5
D6F
  8
T3_PROFILE_INSIDE_2
 10
3.206572995442606
 20
67.85426612108182
 30
0.0
  0
VERTEX
  5
D70
  8
T3_PROFILE_INSIDE_2
 10
3.198863081134966
 20
67.84479759490515
 30
0.0
  0
VERTEX
  5
D71
  8
T3_PROFILE_INSIDE_2
 10
3.190729501240696
 20
67.83548094884443
 30
0.0
  0
VERTEX
  5
D72
  8
T3_PROFILE_INSIDE_2
 10
3.182172255759796
 20
67.8263161828997
 30
0.0
  0
VERTEX
  5
D73
  8
T3_PROFILE_INSIDE_2
 10
3.173191344692265
 20
67.81730329707091
 30
0.0
  0
VERTEX
  5
D74
  8
T3_PROFILE_INSIDE_2
 10
3.163786768038104
 20
67.80844229135809
 30
0.0
  0
VERTEX
  5
D75
  8
T3_PROFILE_INSIDE_2
 10
3.153958525797313
 20
67.79973316576121
 30
0.0
  0
VERTEX
  5
D76
  8
T3_PROFILE_INSIDE_2
 10
3.143706617969891
 20
67.79117592028032
 30
0.0
  0
VERTEX
  5
D77
  8
T3_PROFILE_INSIDE_2
 10
3.133031044555839
 20
67.78277055491537
 30
0.0
  0
VERTEX
  5
D78
  8
T3_PROFILE_INSIDE_2
 10
3.121931805555157
 20
67.77451706966642
 30
0.0
  0
VERTEX
  5
D79
  8
T3_PROFILE_INSIDE_2
 10
3.110408900967845
 20
67.7664154645334
 30
0.0
  0
VERTEX
  5
D7A
  8
T3_PROFILE_INSIDE_2
 10
3.098462330793902
 20
67.75846573951635
 30
0.0
  0
VERTEX
  5
D7B
  8
T3_PROFILE_INSIDE_2
 10
3.086092095033329
 20
67.75066789461525
 30
0.0
  0
VERTEX
  5
D7C
  8
T3_PROFILE_INSIDE_2
 10
3.073298193686126
 20
67.74302192983012
 30
0.0
  0
VERTEX
  5
D7D
  8
T3_PROFILE_INSIDE_2
 10
3.060080626752292
 20
67.73552784516096
 30
0.0
  0
VERTEX
  5
D7E
  8
T3_PROFILE_INSIDE_2
 10
3.081183969180668
 20
67.7300441736057
 30
0.0
  0
VERTEX
  5
D7F
  8
T3_PROFILE_INSIDE_2
 10
3.101008321158841
 20
67.72433667872167
 30
0.0
  0
VERTEX
  5
D80
  8
T3_PROFILE_INSIDE_2
 10
3.119553682686808
 20
67.71840536050884
 30
0.0
  0
VERTEX
  5
D81
  8
T3_PROFILE_INSIDE_2
 10
3.136820053764571
 20
67.71225021896723
 30
0.0
  0
VERTEX
  5
D82
  8
T3_PROFILE_INSIDE_2
 10
3.152807434392129
 20
67.70587125409685
 30
0.0
  0
VERTEX
  5
D83
  8
T3_PROFILE_INSIDE_2
 10
3.167515824569482
 20
67.69926846589766
 30
0.0
  0
VERTEX
  5
D84
  8
T3_PROFILE_INSIDE_2
 10
3.180945224296631
 20
67.69244185436969
 30
0.0
  0
VERTEX
  5
D85
  8
T3_PROFILE_INSIDE_2
 10
3.193095633573575
 20
67.68539141951292
 30
0.0
  0
VERTEX
  5
D86
  8
T3_PROFILE_INSIDE_2
 10
3.20230236639247
 20
67.67952205240003
 30
0.0
  0
VERTEX
  5
D87
  8
T3_PROFILE_INSIDE_2
 10
3.211249304276167
 20
67.67342486511319
 30
0.0
  0
VERTEX
  5
D88
  8
T3_PROFILE_INSIDE_2
 10
3.219936447224666
 20
67.66709985765242
 30
0.0
  0
VERTEX
  5
D89
  8
T3_PROFILE_INSIDE_2
 10
3.228363795237967
 20
67.6605470300177
 30
0.0
  0
VERTEX
  5
D8A
  8
T3_PROFILE_INSIDE_2
 10
3.236531348316071
 20
67.65376638220904
 30
0.0
  0
VERTEX
  5
D8B
  8
T3_PROFILE_INSIDE_2
 10
3.244439106458977
 20
67.64675791422643
 30
0.0
  0
VERTEX
  5
D8C
  8
T3_PROFILE_INSIDE_2
 10
3.252087069666685
 20
67.6395216260699
 30
0.0
  0
VERTEX
  5
D8D
  8
T3_PROFILE_INSIDE_2
 10
3.259475237939195
 20
67.6320575177394
 30
0.0
  0
VERTEX
  5
D8E
  8
T3_PROFILE_INSIDE_2
 10
3.266603611276508
 20
67.62436558923497
 30
0.0
  0
VERTEX
  5
D8F
  8
T3_PROFILE_INSIDE_2
 10
3.273472189678622
 20
67.6164458405566
 30
0.0
  0
VERTEX
  5
D90
  8
T3_PROFILE_INSIDE_2
 10
3.280080973145539
 20
67.60829827170429
 30
0.0
  0
VERTEX
  5
D91
  8
T3_PROFILE_INSIDE_2
 10
3.286429961677258
 20
67.59992288267802
 30
0.0
  0
VERTEX
  5
D92
  8
T3_PROFILE_INSIDE_2
 10
3.292519155273779
 20
67.59131967347781
 30
0.0
  0
VERTEX
  5
D93
  8
T3_PROFILE_INSIDE_2
 10
3.298348553935103
 20
67.58248864410365
 30
0.0
  0
VERTEX
  5
D94
  8
T3_PROFILE_INSIDE_2
 10
3.303918157661228
 20
67.57342979455558
 30
0.0
  0
VERTEX
  5
D95
  8
T3_PROFILE_INSIDE_2
 10
3.309227966452156
 20
67.56414312483354
 30
0.0
  0
VERTEX
  5
D96
  8
T3_PROFILE_INSIDE_2
 10
3.31424600554663
 20
67.55462863493756
 30
0.0
  0
VERTEX
  5
D97
  8
T3_PROFILE_INSIDE_2
 10
3.318940300183397
 20
67.54488632486763
 30
0.0
  0
VERTEX
  5
D98
  8
T3_PROFILE_INSIDE_2
 10
3.323310850362455
 20
67.53491619462379
 30
0.0
  0
VERTEX
  5
D99
  8
T3_PROFILE_INSIDE_2
 10
3.327357656083806
 20
67.52471824420599
 30
0.0
  0
VERTEX
  5
D9A
  8
T3_PROFILE_INSIDE_2
 10
3.331080717347449
 20
67.51429247361425
 30
0.0
  0
VERTEX
  5
D9B
  8
T3_PROFILE_INSIDE_2
 10
3.334480034153383
 20
67.50363888284855
 30
0.0
  0
VERTEX
  5
D9C
  8
T3_PROFILE_INSIDE_2
 10
3.33755560650161
 20
67.49275747190892
 30
0.0
  0
VERTEX
  5
D9D
  8
T3_PROFILE_INSIDE_2
 10
3.340307434392128
 20
67.48164824079534
 30
0.0
  0
VERTEX
  5
D9E
  8
T3_PROFILE_INSIDE_2
 10
3.342735517824939
 20
67.47031118950783
 30
0.0
  0
VERTEX
  5
D9F
  8
T3_PROFILE_INSIDE_2
 10
3.344839856800041
 20
67.45874631804635
 30
0.0
  0
VERTEX
  5
DA0
  8
T3_PROFILE_INSIDE_2
 10
3.346620451317436
 20
67.44695362641096
 30
0.0
  0
VERTEX
  5
DA1
  8
T3_PROFILE_INSIDE_2
 10
3.348077301377121
 20
67.4349331146016
 30
0.0
  0
VERTEX
  5
DA2
  8
T3_PROFILE_INSIDE_2
 10
3.3492104069791
 20
67.42268478261832
 30
0.0
  0
VERTEX
  5
DA3
  8
T3_PROFILE_INSIDE_2
 10
3.35001976812337
 20
67.41020863046109
 30
0.0
  0
VERTEX
  5
DA4
  8
T3_PROFILE_INSIDE_2
 10
3.350505384809932
 20
67.39750465812992
 30
0.0
  0
VERTEX
  5
DA5
  8
T3_PROFILE_INSIDE_2
 10
3.350667257038786
 20
67.3845728656248
 30
0.0
  0
VERTEX
  5
DA6
  8
T3_PROFILE_INSIDE_2
 10
3.350399468413274
 20
67.36824375473634
 30
0.0
  0
VERTEX
  5
DA7
  8
T3_PROFILE_INSIDE_2
 10
3.349596102536739
 20
67.35199857759616
 30
0.0
  0
VERTEX
  5
DA8
  8
T3_PROFILE_INSIDE_2
 10
3.348257159409181
 20
67.33583733420427
 30
0.0
  0
VERTEX
  5
DA9
  8
T3_PROFILE_INSIDE_2
 10
3.3463826390306
 20
67.31976002456068
 30
0.0
  0
VERTEX
  5
DAA
  8
T3_PROFILE_INSIDE_2
 10
3.343972541400996
 20
67.3037666486654
 30
0.0
  0
VERTEX
  5
DAB
  8
T3_PROFILE_INSIDE_2
 10
3.341026866520369
 20
67.2878572065184
 30
0.0
  0
VERTEX
  5
DAC
  8
T3_PROFILE_INSIDE_2
 10
3.337545614388717
 20
67.27203169811969
 30
0.0
  0
VERTEX
  5
DAD
  8
T3_PROFILE_INSIDE_2
 10
3.333528785006044
 20
67.25629012346928
 30
0.0
  0
VERTEX
  5
DAE
  8
T3_PROFILE_INSIDE_2
 10
3.328976378372347
 20
67.24063248256718
 30
0.0
  0
VERTEX
  5
DAF
  8
T3_PROFILE_INSIDE_2
 10
3.323888394487627
 20
67.22505877541334
 30
0.0
  0
VERTEX
  5
DB0
  8
T3_PROFILE_INSIDE_2
 10
3.318264833351883
 20
67.20956900200781
 30
0.0
  0
VERTEX
  5
DB1
  8
T3_PROFILE_INSIDE_2
 10
3.312105694965116
 20
67.19416316235058
 30
0.0
  0
VERTEX
  5
DB2
  8
T3_PROFILE_INSIDE_2
 10
3.305410979327326
 20
67.17884125644164
 30
0.0
  0
VERTEX
  5
DB3
  8
T3_PROFILE_INSIDE_2
 10
3.298180686438513
 20
67.16360328428101
 30
0.0
  0
VERTEX
  5
DB4
  8
T3_PROFILE_INSIDE_2
 10
3.290414816298677
 20
67.14844924586865
 30
0.0
  0
VERTEX
  5
DB5
  8
T3_PROFILE_INSIDE_2
 10
3.282113368907817
 20
67.13337914120461
 30
0.0
  0
VERTEX
  5
DB6
  8
T3_PROFILE_INSIDE_2
 10
3.27330831902719
 20
67.11856683305317
 30
0.0
  0
VERTEX
  5
DB7
  8
T3_PROFILE_INSIDE_2
 10
3.264031641418049
 20
67.10418618417867
 30
0.0
  0
VERTEX
  5
DB8
  8
T3_PROFILE_INSIDE_2
 10
3.254283336080396
 20
67.09023719458112
 30
0.0
  0
VERTEX
  5
DB9
  8
T3_PROFILE_INSIDE_2
 10
3.244063403014229
 20
67.07671986426053
 30
0.0
  0
VERTEX
  5
DBA
  8
T3_PROFILE_INSIDE_2
 10
3.233371842219549
 20
67.06363419321687
 30
0.0
  0
VERTEX
  5
DBB
  8
T3_PROFILE_INSIDE_2
 10
3.222208653696357
 20
67.05098018145017
 30
0.0
  0
VERTEX
  5
DBC
  8
T3_PROFILE_INSIDE_2
 10
3.210573837444652
 20
67.0387578289604
 30
0.0
  0
VERTEX
  5
DBD
  8
T3_PROFILE_INSIDE_2
 10
3.198467393464434
 20
67.02696713574758
 30
0.0
  0
VERTEX
  5
DBE
  8
T3_PROFILE_INSIDE_2
 10
3.185889321755702
 20
67.0156081018117
 30
0.0
  0
VERTEX
  5
DBF
  8
T3_PROFILE_INSIDE_2
 10
3.172839622318459
 20
67.00468072715277
 30
0.0
  0
VERTEX
  5
DC0
  8
T3_PROFILE_INSIDE_2
 10
3.159318295152701
 20
66.99418501177078
 30
0.0
  0
VERTEX
  5
DC1
  8
T3_PROFILE_INSIDE_2
 10
3.145325340258431
 20
66.98412095566573
 30
0.0
  0
VERTEX
  5
DC2
  8
T3_PROFILE_INSIDE_2
 10
3.130860757635648
 20
66.97448855883763
 30
0.0
  0
VERTEX
  5
DC3
  8
T3_PROFILE_INSIDE_2
 10
3.115924547284352
 20
66.96528782128647
 30
0.0
  0
VERTEX
  5
DC4
  8
T3_PROFILE_INSIDE_2
 10
3.100516709204543
 20
66.95651874301225
 30
0.0
  0
VERTEX
  5
DC5
  8
T3_PROFILE_INSIDE_2
 10
3.084637243396221
 20
66.94818132401498
 30
0.0
  0
VERTEX
  5
DC6
  8
T3_PROFILE_INSIDE_2
 10
3.068206212956249
 20
66.94031353432365
 30
0.0
  0
VERTEX
  5
DC7
  8
T3_PROFILE_INSIDE_2
 10
3.051143680981487
 20
66.93295334396723
 30
0.0
  0
VERTEX
  5
DC8
  8
T3_PROFILE_INSIDE_2
 10
3.033449647471937
 20
66.92610075294574
 30
0.0
  0
VERTEX
  5
DC9
  8
T3_PROFILE_INSIDE_2
 10
3.015124112427599
 20
66.91975576125918
 30
0.0
  0
VERTEX
  5
DCA
  8
T3_PROFILE_INSIDE_2
 10
2.996167075848472
 20
66.91391836890756
 30
0.0
  0
VERTEX
  5
DCB
  8
T3_PROFILE_INSIDE_2
 10
2.976578537734556
 20
66.90858857589083
 30
0.0
  0
VERTEX
  5
DCC
  8
T3_PROFILE_INSIDE_2
 10
2.956358498085853
 20
66.90376638220906
 30
0.0
  0
VERTEX
  5
DCD
  8
T3_PROFILE_INSIDE_2
 10
2.93550695690236
 20
66.89945178786218
 30
0.0
  0
VERTEX
  5
DCE
  8
T3_PROFILE_INSIDE_2
 10
2.91402391418408
 20
66.89564479285025
 30
0.0
  0
VERTEX
  5
DCF
  8
T3_PROFILE_INSIDE_2
 10
2.89190936993101
 20
66.89234539717324
 30
0.0
  0
VERTEX
  5
DD0
  8
T3_PROFILE_INSIDE_2
 10
2.869163324143152
 20
66.88955360083116
 30
0.0
  0
VERTEX
  5
DD1
  8
T3_PROFILE_INSIDE_2
 10
2.845785776820505
 20
66.88726940382398
 30
0.0
  0
VERTEX
  5
DD2
  8
T3_PROFILE_INSIDE_2
 10
2.82177672796307
 20
66.88549280615175
 30
0.0
  0
VERTEX
  5
DD3
  8
T3_PROFILE_INSIDE_2
 10
2.797136177570846
 20
66.88422380781442
 30
0.0
  0
VERTEX
  5
DD4
  8
T3_PROFILE_INSIDE_2
 10
2.771864125643834
 20
66.88346240881204
 30
0.0
  0
VERTEX
  5
DD5
  8
T3_PROFILE_INSIDE_2
 10
2.745960572182033
 20
66.88320860914457
 30
0.0
  0
VERTEX
  5
DD6
  8
T3_PROFILE_INSIDE_2
 10
2.720718496593697
 20
66.88339646086695
 30
0.0
  0
VERTEX
  5
DD7
  8
T3_PROFILE_INSIDE_2
 10
2.696151887836876
 20
66.88396001603407
 30
0.0
  0
VERTEX
  5
DD8
  8
T3_PROFILE_INSIDE_2
 10
2.672260745911569
 20
66.88489927464593
 30
0.0
  0
VERTEX
  5
DD9
  8
T3_PROFILE_INSIDE_2
 10
2.649045070817776
 20
66.88621423670256
 30
0.0
  0
VERTEX
  5
DDA
  8
T3_PROFILE_INSIDE_2
 10
2.626504862555498
 20
66.88790490220393
 30
0.0
  0
VERTEX
  5
DDB
  8
T3_PROFILE_INSIDE_2
 10
2.604640121124734
 20
66.88997127115005
 30
0.0
  0
VERTEX
  5
DDC
  8
T3_PROFILE_INSIDE_2
 10
2.583450846525484
 20
66.8924133435409
 30
0.0
  0
VERTEX
  5
DDD
  8
T3_PROFILE_INSIDE_2
 10
2.562937038757749
 20
66.8952311193765
 30
0.0
  0
VERTEX
  5
DDE
  8
T3_PROFILE_INSIDE_2
 10
2.543098697821528
 20
66.89842459865685
 30
0.0
  0
VERTEX
  5
DDF
  8
T3_PROFILE_INSIDE_2
 10
2.523935823716822
 20
66.90199378138198
 30
0.0
  0
VERTEX
  5
DE0
  8
T3_PROFILE_INSIDE_2
 10
2.505448416443629
 20
66.90593866755182
 30
0.0
  0
VERTEX
  5
DE1
  8
T3_PROFILE_INSIDE_2
 10
2.487636476001951
 20
66.91025925716642
 30
0.0
  0
VERTEX
  5
DE2
  8
T3_PROFILE_INSIDE_2
 10
2.470500002391787
 20
66.91495555022576
 30
0.0
  0
VERTEX
  5
DE3
  8
T3_PROFILE_INSIDE_2
 10
2.454038995613138
 20
66.92002754672987
 30
0.0
  0
VERTEX
  5
DE4
  8
T3_PROFILE_INSIDE_2
 10
2.438253455666003
 20
66.9254752466787
 30
0.0
  0
VERTEX
  5
DE5
  8
T3_PROFILE_INSIDE_2
 10
2.423143382550382
 20
66.93129865007228
 30
0.0
  0
VERTEX
  5
DE6
  8
T3_PROFILE_INSIDE_2
 10
2.408534913501951
 20
66.93748376795256
 30
0.0
  0
VERTEX
  5
DE7
  8
T3_PROFILE_INSIDE_2
 10
2.394254185756385
 20
66.9440166113615
 30
0.0
  0
VERTEX
  5
DE8
  8
T3_PROFILE_INSIDE_2
 10
2.380301199313684
 20
66.95089718029908
 30
0.0
  0
VERTEX
  5
DE9
  8
T3_PROFILE_INSIDE_2
 10
2.366675954173847
 20
66.95812547476532
 30
0.0
  0
VERTEX
  5
DEA
  8
T3_PROFILE_INSIDE_2
 10
2.353378450336876
 20
66.9657014947602
 30
0.0
  0
VERTEX
  5
DEB
  8
T3_PROFILE_INSIDE_2
 10
2.340408687802769
 20
66.97362524028374
 30
0.0
  0
VERTEX
  5
DEC
  8
T3_PROFILE_INSIDE_2
 10
2.327766666571528
 20
66.9818967113359
 30
0.0
  0
VERTEX
  5
DED
  8
T3_PROFILE_INSIDE_2
 10
2.315452386643152
 20
66.99051590791674
 30
0.0
  0
VERTEX
  5
DEE
  8
T3_PROFILE_INSIDE_2
 10
2.30346584801764
 20
66.99948283002624
 30
0.0
  0
VERTEX
  5
DEF
  8
T3_PROFILE_INSIDE_2
 10
2.291807050694993
 20
67.00879747766436
 30
0.0
  0
VERTEX
  5
DF0
  8
T3_PROFILE_INSIDE_2
 10
2.280475994675212
 20
67.01845985083114
 30
0.0
  0
VERTEX
  5
DF1
  8
T3_PROFILE_INSIDE_2
 10
2.269472679958295
 20
67.02846994952657
 30
0.0
  0
VERTEX
  5
DF2
  8
T3_PROFILE_INSIDE_2
 10
2.258797106544243
 20
67.03882777375065
 30
0.0
  0
VERTEX
  5
DF3
  8
T3_PROFILE_INSIDE_2
 10
2.248449274433056
 20
67.04953332350338
 30
0.0
  0
VERTEX
  5
DF4
  8
T3_PROFILE_INSIDE_2
 10
2.238429183624734
 20
67.06058659878475
 30
0.0
  0
VERTEX
  5
DF5
  8
T3_PROFILE_INSIDE_2
 10
2.228736834119277
 20
67.07198759959479
 30
0.0
  0
VERTEX
  5
DF6
  8
T3_PROFILE_INSIDE_2
 10
2.219346246423165
 20
67.08374831646893
 30
0.0
  0
VERTEX
  5
DF7
  8
T3_PROFILE_INSIDE_2
 10
2.210231441042879
 20
67.09588073994266
 30
0.0
  0
VERTEX
  5
DF8
  8
T3_PROFILE_INSIDE_2
 10
2.201392417978417
 20
67.10838487001598
 30
0.0
  0
VERTEX
  5
DF9
  8
T3_PROFILE_INSIDE_2
 10
2.192829177229782
 20
67.12126070668893
 30
0.0
  0
VERTEX
  5
DFA
  8
T3_PROFILE_INSIDE_2
 10
2.184541718796972
 20
67.13450824996141
 30
0.0
  0
VERTEX
  5
DFB
  8
T3_PROFILE_INSIDE_2
 10
2.176530042679986
 20
67.14812749983352
 30
0.0
  0
VERTEX
  5
DFC
  8
T3_PROFILE_INSIDE_2
 10
2.168794148878828
 20
67.16211845630522
 30
0.0
  0
VERTEX
  5
DFD
  8
T3_PROFILE_INSIDE_2
 10
2.161334037393493
 20
67.1764811193765
 30
0.0
  0
VERTEX
  5
DFE
  8
T3_PROFILE_INSIDE_2
 10
2.154149708223984
 20
67.19121548904737
 30
0.0
  0
VERTEX
  5
DFF
  8
T3_PROFILE_INSIDE_2
 10
2.1472411613703
 20
67.20632156531784
 30
0.0
  0
VERTEX
  5
E00
  8
T3_PROFILE_INSIDE_2
 10
2.140608396832443
 20
67.22179934818789
 30
0.0
  0
VERTEX
  5
E01
  8
T3_PROFILE_INSIDE_2
 10
2.134251414610409
 20
67.23764883765753
 30
0.0
  0
VERTEX
  5
E02
  8
T3_PROFILE_INSIDE_2
 10
2.128170214704202
 20
67.25387003372677
 30
0.0
  0
VERTEX
  5
E03
  8
T3_PROFILE_INSIDE_2
 10
2.12236479711382
 20
67.2704629363956
 30
0.0
  0
VERTEX
  5
E04
  8
T3_PROFILE_INSIDE_2
 10
2.116835161839264
 20
67.287427545664
 30
0.0
  0
VERTEX
  5
E05
  8
T3_PROFILE_INSIDE_2
 10
2.111581308880532
 20
67.30476386153202
 30
0.0
  0
VERTEX
  5
E06
  8
T3_PROFILE_INSIDE_2
 10
2.528020599467163
 20
67.36001624898087
 30
0.0
  0
VERTEX
  5
E07
  8
T3_PROFILE_INSIDE_2
 10
2.531196092944311
 20
67.34458642825268
 30
0.0
  0
VERTEX
  5
E08
  8
T3_PROFILE_INSIDE_2
 10
2.534583419214775
 20
67.32976013114322
 30
0.0
  0
VERTEX
  5
E09
  8
T3_PROFILE_INSIDE_2
 10
2.538182578278554
 20
67.31553735765242
 30
0.0
  0
VERTEX
  5
E0A
  8
T3_PROFILE_INSIDE_2
 10
2.541993570135648
 20
67.30191810778032
 30
0.0
  0
VERTEX
  5
E0B
  8
T3_PROFILE_INSIDE_2
 10
2.546016394786057
 20
67.28890238152691
 30
0.0
  0
VERTEX
  5
E0C
  8
T3_PROFILE_INSIDE_2
 10
2.550251052229782
 20
67.27649017889219
 30
0.0
  0
VERTEX
  5
E0D
  8
T3_PROFILE_INSIDE_2
 10
2.554697542466822
 20
67.26468149987616
 30
0.0
  0
VERTEX
  5
E0E
  8
T3_PROFILE_INSIDE_2
 10
2.559355865497176
 20
67.25347634447883
 30
0.0
  0
VERTEX
  5
E0F
  8
T3_PROFILE_INSIDE_2
 10
2.564226021320846
 20
67.24287471270017
 30
0.0
  0
VERTEX
  5
E10
  8
T3_PROFILE_INSIDE_2
 10
2.569308009937831
 20
67.23287660454022
 30
0.0
  0
VERTEX
  5
E11
  8
T3_PROFILE_INSIDE_2
 10
2.574601831348131
 20
67.22348201999894
 30
0.0
  0
VERTEX
  5
E12
  8
T3_PROFILE_INSIDE_2
 10
2.580107485551746
 20
67.21469095907636
 30
0.0
  0
VERTEX
  5
E13
  8
T3_PROFILE_INSIDE_2
 10
2.585824972548677
 20
67.20650342177248
 30
0.0
  0
VERTEX
  5
E14
  8
T3_PROFILE_INSIDE_2
 10
2.591754292338922
 20
67.19891940808729
 30
0.0
  0
VERTEX
  5
E15
  8
T3_PROFILE_INSIDE_2
 10
2.597895444922483
 20
67.19193891802078
 30
0.0
  0
VERTEX
  5
E16
  8
T3_PROFILE_INSIDE_2
 10
2.604248430299359
 20
67.18556195157296
 30
0.0
  0
VERTEX
  5
E17
  8
T3_PROFILE_INSIDE_2
 10
2.610817245314707
 20
67.17967659707944
 30
0.0
  0
VERTEX
  5
E18
  8
T3_PROFILE_INSIDE_2
 10
2.617605886813684
 20
67.17417094287583
 30
0.0
  0
VERTEX
  5
E19
  8
T3_PROFILE_INSIDE_2
 10
2.624614354796289
 20
67.16904498896213
 30
0.0
  0
VERTEX
  5
E1A
  8
T3_PROFILE_INSIDE_2
 10
2.631842649262524
 20
67.16429873533832
 30
0.0
  0
VERTEX
  5
E1B
  8
T3_PROFILE_INSIDE_2
 10
2.639290770212387
 20
67.15993218200441
 30
0.0
  0
VERTEX
  5
E1C
  8
T3_PROFILE_INSIDE_2
 10
2.64695871764588
 20
67.1559453289604
 30
0.0
  0
VERTEX
  5
E1D
  8
T3_PROFILE_INSIDE_2
 10
2.654846491563001
 20
67.15233817620631
 30
0.0
  0
VERTEX
  5
E1E
  8
T3_PROFILE_INSIDE_2
 10
2.662954091963752
 20
67.14911072374213
 30
0.0
  0
VERTEX
  5
E1F
  8
T3_PROFILE_INSIDE_2
 10
2.671281518848131
 20
67.14626297156785
 30
0.0
  0
VERTEX
  5
E20
  8
T3_PROFILE_INSIDE_2
 10
2.67982877221614
 20
67.14379491968347
 30
0.0
  0
VERTEX
  5
E21
  8
T3_PROFILE_INSIDE_2
 10
2.688595852067777
 20
67.14170656808899
 30
0.0
  0
VERTEX
  5
E22
  8
T3_PROFILE_INSIDE_2
 10
2.697582758403042
 20
67.13999791678442
 30
0.0
  0
VERTEX
  5
E23
  8
T3_PROFILE_INSIDE_2
 10
2.706789491221937
 20
67.13866896576977
 30
0.0
  0
VERTEX
  5
E24
  8
T3_PROFILE_INSIDE_2
 10
2.716216050524461
 20
67.137719715045
 30
0.0
  0
VERTEX
  5
E25
  8
T3_PROFILE_INSIDE_2
 10
2.725862436310615
 20
67.13715016461015
 30
0.0
  0
VERTEX
  5
E26
  8
T3_PROFILE_INSIDE_2
 10
2.735728648580396
 20
67.13696031446518
 30
0.0
  0
VERTEX
  5
E27
  8
T3_PROFILE_INSIDE_2
 10
2.74610645703026
 20
67.1372001251746
 30
0.0
  0
VERTEX
  5
E28
  8
T3_PROFILE_INSIDE_2
 10
2.756264438996494
 20
67.13791955730284
 30
0.0
  0
VERTEX
  5
E29
  8
T3_PROFILE_INSIDE_2
 10
2.7662025944791
 20
67.13911861084992
 30
0.0
  0
VERTEX
  5
E2A
  8
T3_PROFILE_INSIDE_2
 10
2.775920923478077
 20
67.14079728581581
 30
0.0
  0
VERTEX
  5
E2B
  8
T3_PROFILE_INSIDE_2
 10
2.785419425993425
 20
67.14295558220053
 30
0.0
  0
VERTEX
  5
E2C
  8
T3_PROFILE_INSIDE_2
 10
2.794698102025144
 20
67.14559350000407
 30
0.0
  0
VERTEX
  5
E2D
  8
T3_PROFILE_INSIDE_2
 10
2.803756951573233
 20
67.14871103922644
 30
0.0
  0
VERTEX
  5
E2E
  8
T3_PROFILE_INSIDE_2
 10
2.812595974637695
 20
67.15230819986765
 30
0.0
  0
VERTEX
  5
E2F
  8
T3_PROFILE_INSIDE_2
 10
2.821215171218527
 20
67.15638498192769
 30
0.0
  0
VERTEX
  5
E30
  8
T3_PROFILE_INSIDE_2
 10
2.82961454131573
 20
67.16094138540653
 30
0.0
  0
VERTEX
  5
E31
  8
T3_PROFILE_INSIDE_2
 10
2.837794084929305
 20
67.16597741030421
 30
0.0
  0
VERTEX
  5
E32
  8
T3_PROFILE_INSIDE_2
 10
2.84575380205925
 20
67.1714930566207
 30
0.0
  0
VERTEX
  5
E33
  8
T3_PROFILE_INSIDE_2
 10
2.853493692705567
 20
67.17748832435603
 30
0.0
  0
VERTEX
  5
E34
  8
T3_PROFILE_INSIDE_2
 10
2.861013756868254
 20
67.1839632135102
 30
0.0
  0
VERTEX
  5
E35
  8
T3_PROFILE_INSIDE_2
 10
2.868313994547313
 20
67.19091772408319
 30
0.0
  0
VERTEX
  5
E36
  8
T3_PROFILE_INSIDE_2
 10
2.875394405742743
 20
67.198351856075
 30
0.0
  0
VERTEX
  5
E37
  8
T3_PROFILE_INSIDE_2
 10
2.882147075635308
 20
67.2061856725825
 30
0.0
  0
VERTEX
  5
E38
  8
T3_PROFILE_INSIDE_2
 10
2.888464089405771
 20
67.21433923670256
 30
0.0
  0
VERTEX
  5
E39
  8
T3_PROFILE_INSIDE_2
 10
2.894345447054135
 20
67.22281254843517
 30
0.0
  0
VERTEX
  5
E3A
  8
T3_PROFILE_INSIDE_2
 10
2.899791148580396
 20
67.23160560778032
 30
0.0
  0
VERTEX
  5
E3B
  8
T3_PROFILE_INSIDE_2
 10
2.904801193984557
 20
67.24071841473804
 30
0.0
  0
VERTEX
  5
E3C
  8
T3_PROFILE_INSIDE_2
 10
2.909375583266617
 20
67.2501509693083
 30
0.0
  0
VERTEX
  5
E3D
  8
T3_PROFILE_INSIDE_2
 10
2.913514316426576
 20
67.25990327149111
 30
0.0
  0
VERTEX
  5
E3E
  8
T3_PROFILE_INSIDE_2
 10
2.917217393464434
 20
67.26997532128647
 30
0.0
  0
VERTEX
  5
E3F
  8
T3_PROFILE_INSIDE_2
 10
2.920484814380191
 20
67.28036711869439
 30
0.0
  0
VERTEX
  5
E40
  8
T3_PROFILE_INSIDE_2
 10
2.923316579173847
 20
67.29107866371484
 30
0.0
  0
VERTEX
  5
E41
  8
T3_PROFILE_INSIDE_2
 10
2.925712687845403
 20
67.30210995634786
 30
0.0
  0
VERTEX
  5
E42
  8
T3_PROFILE_INSIDE_2
 10
2.927673140394857
 20
67.31346099659342
 30
0.0
  0
VERTEX
  5
E43
  8
T3_PROFILE_INSIDE_2
 10
2.92919793682221
 20
67.32513178445154
 30
0.0
  0
VERTEX
  5
E44
  8
T3_PROFILE_INSIDE_2
 10
2.930287077127463
 20
67.3371223199222
 30
0.0
  0
VERTEX
  5
E45
  8
T3_PROFILE_INSIDE_2
 10
2.930940561310615
 20
67.34943260300543
 30
0.0
  0
VERTEX
  5
E46
  8
T3_PROFILE_INSIDE_2
 10
2.931158389371665
 20
67.3620626337012
 30
0.0
  0
VERTEX
  5
E47
  8
T3_PROFILE_INSIDE_2
 10
2.930948555000928
 20
67.37492448141606
 30
0.0
  0
VERTEX
  5
E48
  8
T3_PROFILE_INSIDE_2
 10
2.930319051888718
 20
67.38741861937649
 30
0.0
  0
VERTEX
  5
E49
  8
T3_PROFILE_INSIDE_2
 10
2.929269880035034
 20
67.3995450475825
 30
0.0
  0
VERTEX
  5
E4A
  8
T3_PROFILE_INSIDE_2
 10
2.927801039439877
 20
67.41130376603408
 30
0.0
  0
VERTEX
  5
E4B
  8
T3_PROFILE_INSIDE_2
 10
2.925912530103247
 20
67.42269477473121
 30
0.0
  0
VERTEX
  5
E4C
  8
T3_PROFILE_INSIDE_2
 10
2.923604352025143
 20
67.4337180736739
 30
0.0
  0
VERTEX
  5
E4D
  8
T3_PROFILE_INSIDE_2
 10
2.920876505205567
 20
67.44437366286218
 30
0.0
  0
VERTEX
  5
E4E
  8
T3_PROFILE_INSIDE_2
 10
2.917728989644516
 20
67.45466154229601
 30
0.0
  0
VERTEX
  5
E4F
  8
T3_PROFILE_INSIDE_2
 10
2.914161805341992
 20
67.46458171197541
 30
0.0
  0
VERTEX
  5
E50
  8
T3_PROFILE_INSIDE_2
 10
2.910174952297995
 20
67.47413417190037
 30
0.0
  0
VERTEX
  5
E51
  8
T3_PROFILE_INSIDE_2
 10
2.905768430512524
 20
67.48331892207091
 30
0.0
  0
VERTEX
  5
E52
  8
T3_PROFILE_INSIDE_2
 10
2.90094223998558
 20
67.49213596248701
 30
0.0
  0
VERTEX
  5
E53
  8
T3_PROFILE_INSIDE_2
 10
2.895696380717163
 20
67.50058529314867
 30
0.0
  0
VERTEX
  5
E54
  8
T3_PROFILE_INSIDE_2
 10
2.890030852707272
 20
67.5086669140559
 30
0.0
  0
VERTEX
  5
E55
  8
T3_PROFILE_INSIDE_2
 10
2.883945655955908
 20
67.51638082520869
 30
0.0
  0
VERTEX
  5
E56
  8
T3_PROFILE_INSIDE_2
 10
2.87744079046307
 20
67.52372702660706
 30
0.0
  0
VERTEX
  5
E57
  8
T3_PROFILE_INSIDE_2
 10
2.870576208906112
 20
67.53066554979942
 30
0.0
  0
VERTEX
  5
E58
  8
T3_PROFILE_INSIDE_2
 10
2.863411863962388
 20
67.5371564263342
 30
0.0
  0
VERTEX
  5
E59
  8
T3_PROFILE_INSIDE_2
 10
2.855947755631897
 20
67.54319965621141
 30
0.0
  0
VERTEX
  5
E5A
  8
T3_PROFILE_INSIDE_2
 10
2.848183883914639
 20
67.54879523943109
 30
0.0
  0
VERTEX
  5
E5B
  8
T3_PROFILE_INSIDE_2
 10
2.840120248810614
 20
67.55394317599314
 30
0.0
  0
VERTEX
  5
E5C
  8
T3_PROFILE_INSIDE_2
 10
2.831756850319823
 20
67.55864346589766
 30
0.0
  0
VERTEX
  5
E5D
  8
T3_PROFILE_INSIDE_2
 10
2.823093688442265
 20
67.56289610914459
 30
0.0
  0
VERTEX
  5
E5E
  8
T3_PROFILE_INSIDE_2
 10
2.81413076317794
 20
67.56670110573396
 30
0.0
  0
VERTEX
  5
E5F
  8
T3_PROFILE_INSIDE_2
 10
2.804868074526849
 20
67.57005845566573
 30
0.0
  0
VERTEX
  5
E60
  8
T3_PROFILE_INSIDE_2
 10
2.795305622488991
 20
67.57296815893994
 30
0.0
  0
VERTEX
  5
E61
  8
T3_PROFILE_INSIDE_2
 10
2.785443407064366
 20
67.5754302155566
 30
0.0
  0
VERTEX
  5
E62
  8
T3_PROFILE_INSIDE_2
 10
2.775281428252975
 20
67.57744462551567
 30
0.0
  0
VERTEX
  5
E63
  8
T3_PROFILE_INSIDE_2
 10
2.764819686054816
 20
67.57901138881715
 30
0.0
  0
VERTEX
  5
E64
  8
T3_PROFILE_INSIDE_2
 10
2.754058180469892
 20
67.58013050546109
 30
0.0
  0
VERTEX
  5
E65
  8
T3_PROFILE_INSIDE_2
 10
2.7429969114982
 20
67.58080197544744
 30
0.0
  0
VERTEX
  5
E66
  8
T3_PROFILE_INSIDE_2
 10
2.731635879139741
 20
67.58102579877624
 30
0.0
  0
VERTEX
  5
E67
  8
T3_PROFILE_INSIDE_2
 10
2.718782025115184
 20
67.58064210164117
 30
0.0
  0
VERTEX
  5
E68
  8
T3_PROFILE_INSIDE_2
 10
2.704777079685443
 20
67.579491010236
 30
0.0
  0
VERTEX
  5
E69
  8
T3_PROFILE_INSIDE_2
 10
2.689621042850519
 20
67.57757252456068
 30
0.0
  0
VERTEX
  5
E6A
  8
T3_PROFILE_INSIDE_2
 10
2.67331391461041
 20
67.57488664461525
 30
0.0
  0
VERTEX
  5
E6B
  8
T3_PROFILE_INSIDE_2
 10
2.655855694965116
 20
67.57143337039969
 30
0.0
  0
VERTEX
  5
E6C
  8
T3_PROFILE_INSIDE_2
 10
2.637246383914639
 20
67.56721270191403
 30
0.0
  0
VERTEX
  5
E6D
  8
T3_PROFILE_INSIDE_2
 10
2.617485981458977
 20
67.56222463915822
 30
0.0
  0
VERTEX
  5
E6E
  8
T3_PROFILE_INSIDE_2
 10
2.596574487598131
 20
67.5564691821323
 30
0.0
  0
VERTEX
  5
E6F
  8
T3_PROFILE_INSIDE_2
 10
2.618061527161569
 20
67.85421815893994
 30
0.0
  0
VERTEX
  5
E70
  8
T3_PROFILE_INSIDE_2
 10
2.634496554446699
 20
67.85197992565207
 30
0.0
  0
VERTEX
  5
E71
  8
T3_PROFILE_INSIDE_2
 10
2.649013096056521
 20
67.85038118758932
 30
0.0
  0
VERTEX
  5
E72
  8
T3_PROFILE_INSIDE_2
 10
2.661611151991037
 20
67.84942194475167
 30
0.0
  0
VERTEX
  5
E73
  8
T3_PROFILE_INSIDE_2
 10
2.672290722250246
 20
67.84910219713912
 30
0.0
  0
VERTEX
  5
E74
  8
T3_PROFILE_INSIDE_2
 10
2.682416729455225
 20
67.84930603624213
 30
0.0
  0
VERTEX
  5
E75
  8
T3_PROFILE_INSIDE_2
 10
2.692330903866889
 20
67.84991755355112
 30
0.0
  0
VERTEX
  5
E76
  8
T3_PROFILE_INSIDE_2
 10
2.702033245485238
 20
67.85093674906612
 30
0.0
  0
VERTEX
  5
E77
  8
T3_PROFILE_INSIDE_2
 10
2.711523754310273
 20
67.85236362278714
 30
0.0
  0
VERTEX
  5
E78
  8
T3_PROFILE_INSIDE_2
 10
2.720802430341991
 20
67.85419817471416
 30
0.0
  0
VERTEX
  5
E79
  8
T3_PROFILE_INSIDE_2
 10
2.729869273580396
 20
67.85644040484716
 30
0.0
  0
VERTEX
  5
E7A
  8
T3_PROFILE_INSIDE_2
 10
2.738724284025484
 20
67.85909031318619
 30
0.0
  0
VERTEX
  5
E7B
  8
T3_PROFILE_INSIDE_2
 10
2.747367461677258
 20
67.86214789973121
 30
0.0
  0
VERTEX
  5
E7C
  8
T3_PROFILE_INSIDE_2
 10
2.755798806535716
 20
67.86561316448224
 30
0.0
  0
VERTEX
  5
E7D
  8
T3_PROFILE_INSIDE_2
 10
2.76401831860086
 20
67.86948610743926
 30
0.0
  0
VERTEX
  5
E7E
  8
T3_PROFILE_INSIDE_2
 10
2.772025997872688
 20
67.87376672860228
 30
0.0
  0
VERTEX
  5
E7F
  8
T3_PROFILE_INSIDE_2
 10
2.779821844351201
 20
67.87845502797131
 30
0.0
  0
VERTEX
  5
E80
  8
T3_PROFILE_INSIDE_2
 10
2.787405858036398
 20
67.88355100554634
 30
0.0
  0
VERTEX
  5
E81
  8
T3_PROFILE_INSIDE_2
 10
2.794778038928281
 20
67.88905466132738
 30
0.0
  0
VERTEX
  5
E82
  8
T3_PROFILE_INSIDE_2
 10
2.801938387026849
 20
67.89496599531442
 30
0.0
  0
VERTEX
  5
E83
  8
T3_PROFILE_INSIDE_2
 10
2.808886902332101
 20
67.90128500750747
 30
0.0
  0
VERTEX
  5
E84
  8
T3_PROFILE_INSIDE_2
 10
2.815515670024802
 20
67.90788379886149
 30
0.0
  0
VERTEX
  5
E85
  8
T3_PROFILE_INSIDE_2
 10
2.821716775285716
 20
67.91463447033146
 30
0.0
  0
VERTEX
  5
E86
  8
T3_PROFILE_INSIDE_2
 10
2.827490218114843
 20
67.92153702191743
 30
0.0
  0
VERTEX
  5
E87
  8
T3_PROFILE_INSIDE_2
 10
2.832835998512183
 20
67.92859145361933
 30
0.0
  0
VERTEX
  5
E88
  8
T3_PROFILE_INSIDE_2
 10
2.837754116477735
 20
67.9357977654372
 30
0.0
  0
VERTEX
  5
E89
  8
T3_PROFILE_INSIDE_2
 10
2.842244572011501
 20
67.94315595737103
 30
0.0
  0
VERTEX
  5
E8A
  8
T3_PROFILE_INSIDE_2
 10
2.846307365113478
 20
67.95066602942083
 30
0.0
  0
VERTEX
  5
E8B
  8
T3_PROFILE_INSIDE_2
 10
2.84994249578367
 20
67.95832798158659
 30
0.0
  0
VERTEX
  5
E8C
  8
T3_PROFILE_INSIDE_2
 10
2.853149964022074
 20
67.96614181386832
 30
0.0
  0
VERTEX
  5
E8D
  8
T3_PROFILE_INSIDE_2
 10
2.855929769828691
 20
67.97410752626598
 30
0.0
  0
VERTEX
  5
E8E
  8
T3_PROFILE_INSIDE_2
 10
2.85828191320352
 20
67.98222511877964
 30
0.0
  0
VERTEX
  5
E8F
  8
T3_PROFILE_INSIDE_2
 10
2.860206394146562
 20
67.99049459140923
 30
0.0
  0
VERTEX
  5
E90
  8
T3_PROFILE_INSIDE_2
 10
2.861703212657817
 20
67.99891594415482
 30
0.0
  0
VERTEX
  5
E91
  8
T3_PROFILE_INSIDE_2
 10
2.862772368737285
 20
68.00748917701634
 30
0.0
  0
VERTEX
  5
E92
  8
T3_PROFILE_INSIDE_2
 10
2.863413862384966
 20
68.01621428999383
 30
0.0
  0
VERTEX
  5
E93
  8
T3_PROFILE_INSIDE_2
 10
2.86362769360086
 20
68.02509128308728
 30
0.0
  0
VERTEX
  5
E94
  8
T3_PROFILE_INSIDE_2
 10
2.863467819794584
 20
68.03355260428441
 30
0.0
  0
VERTEX
  5
E95
  8
T3_PROFILE_INSIDE_2
 10
2.862988198375757
 20
68.04179809584308
 30
0.0
  0
VERTEX
  5
E96
  8
T3_PROFILE_INSIDE_2
 10
2.862188829344379
 20
68.04982775776327
 30
0.0
  0
VERTEX
  5
E97
  8
T3_PROFILE_INSIDE_2
 10
2.86106971270045
 20
68.057641590045
 30
0.0
  0
VERTEX
  5
E98
  8
T3_PROFILE_INSIDE_2
 10
2.85963084844397
 20
68.06523959268824
 30
0.0
  0
VERTEX
  5
E99
  8
T3_PROFILE_INSIDE_2
 10
2.857872236574939
 20
68.07262176569301
 30
0.0
  0
VERTEX
  5
E9A
  8
T3_PROFILE_INSIDE_2
 10
2.855793877093356
 20
68.07978810905931
 30
0.0
  0
VERTEX
  5
E9B
  8
T3_PROFILE_INSIDE_2
 10
2.853395769999223
 20
68.08673862278715
 30
0.0
  0
VERTEX
  5
E9C
  8
T3_PROFILE_INSIDE_2
 10
2.850677915292537
 20
68.0934733068765
 30
0.0
  0
VERTEX
  5
E9D
  8
T3_PROFILE_INSIDE_2
 10
2.847640312973302
 20
68.09999216132739
 30
0.0
  0
VERTEX
  5
E9E
  8
T3_PROFILE_INSIDE_2
 10
2.844282963041514
 20
68.1062951861398
 30
0.0
  0
VERTEX
  5
E9F
  8
T3_PROFILE_INSIDE_2
 10
2.840605865497176
 20
68.11238238131375
 30
0.0
  0
VERTEX
  5
EA0
  8
T3_PROFILE_INSIDE_2
 10
2.836609020340287
 20
68.11825374684922
 30
0.0
  0
VERTEX
  5
EA1
  8
T3_PROFILE_INSIDE_2
 10
2.832292427570846
 20
68.12390928274623
 30
0.0
  0
VERTEX
  5
EA2
  8
T3_PROFILE_INSIDE_2
 10
2.827656087188854
 20
68.12934898900475
 30
0.0
  0
VERTEX
  5
EA3
  8
T3_PROFILE_INSIDE_2
 10
2.822699999194311
 20
68.1345728656248
 30
0.0
  0
VERTEX
  5
EA4
  8
T3_PROFILE_INSIDE_2
 10
2.817464132038786
 20
68.13952895361935
 30
0.0
  0
VERTEX
  5
EA5
  8
T3_PROFILE_INSIDE_2
 10
2.811988454173848
 20
68.14416529400134
 30
0.0
  0
VERTEX
  5
EA6
  8
T3_PROFILE_INSIDE_2
 10
2.806272965599496
 20
68.14848188677078
 30
0.0
  0
VERTEX
  5
EA7
  8
T3_PROFILE_INSIDE_2
 10
2.80031766631573
 20
68.15247873192767
 30
0.0
  0
VERTEX
  5
EA8
  8
T3_PROFILE_INSIDE_2
 10
2.794122556322552
 20
68.15615582947203
 30
0.0
  0
VERTEX
  5
EA9
  8
T3_PROFILE_INSIDE_2
 10
2.78768763561996
 20
68.1595131794038
 30
0.0
  0
VERTEX
  5
EAA
  8
T3_PROFILE_INSIDE_2
 10
2.781012904207954
 20
68.16255078172303
 30
0.0
  0
VERTEX
  5
EAB
  8
T3_PROFILE_INSIDE_2
 10
2.774098362086535
 20
68.16526863642972
 30
0.0
  0
VERTEX
  5
EAC
  8
T3_PROFILE_INSIDE_2
 10
2.766944009255703
 20
68.16766674352385
 30
0.0
  0
VERTEX
  5
EAD
  8
T3_PROFILE_INSIDE_2
 10
2.759549845715457
 20
68.16974510300544
 30
0.0
  0
VERTEX
  5
EAE
  8
T3_PROFILE_INSIDE_2
 10
2.751915871465798
 20
68.17150371487446
 30
0.0
  0
VERTEX
  5
EAF
  8
T3_PROFILE_INSIDE_2
 10
2.744042086506726
 20
68.17294257913095
 30
0.0
  0
VERTEX
  5
EB0
  8
T3_PROFILE_INSIDE_2
 10
2.73592849083824
 20
68.17406169577488
 30
0.0
  0
VERTEX
  5
EB1
  8
T3_PROFILE_INSIDE_2
 10
2.727575084460341
 20
68.17486106480625
 30
0.0
  0
VERTEX
  5
EB2
  8
T3_PROFILE_INSIDE_2
 10
2.718981867373029
 20
68.17534068622507
 30
0.0
  0
VERTEX
  5
EB3
  8
T3_PROFILE_INSIDE_2
 10
2.710148839576303
 20
68.17550056003135
 30
0.0
  0
VERTEX
  5
EB4
  8
T3_PROFILE_INSIDE_2
 10
2.701048023154065
 20
68.17532669726702
 30
0.0
  0
VERTEX
  5
EB5
  8
T3_PROFILE_INSIDE_2
 10
2.6921630363703
 20
68.17480510897406
 30
0.0
  0
VERTEX
  5
EB6
  8
T3_PROFILE_INSIDE_2
 10
2.683493879225006
 20
68.17393579515243
 30
0.0
  0
VERTEX
  5
EB7
  8
T3_PROFILE_INSIDE_2
 10
2.675040551718185
 20
68.17271875580215
 30
0.0
  0
VERTEX
  5
EB8
  8
T3_PROFILE_INSIDE_2
 10
2.666803053849836
 20
68.17115399092324
 30
0.0
  0
VERTEX
  5
EB9
  8
T3_PROFILE_INSIDE_2
 10
2.658781385619959
 20
68.16924150051567
 30
0.0
  0
VERTEX
  5
EBA
  8
T3_PROFILE_INSIDE_2
 10
2.650975547028554
 20
68.16698128457946
 30
0.0
  0
VERTEX
  5
EBB
  8
T3_PROFILE_INSIDE_2
 10
2.643385538075621
 20
68.16437334311458
 30
0.0
  0
VERTEX
  5
EBC
  8
T3_PROFILE_INSIDE_2
 10
2.63601135876116
 20
68.16141767612106
 30
0.0
  0
VERTEX
  5
EBD
  8
T3_PROFILE_INSIDE_2
 10
2.628853009085171
 20
68.15811428359888
 30
0.0
  0
VERTEX
  5
EBE
  8
T3_PROFILE_INSIDE_2
 10
2.621910489047654
 20
68.15446316554807
 30
0.0
  0
VERTEX
  5
EBF
  8
T3_PROFILE_INSIDE_2
 10
2.615183798648609
 20
68.1504643219686
 30
0.0
  0
VERTEX
  5
EC0
  8
T3_PROFILE_INSIDE_2
 10
2.608672937888036
 20
68.14611775286049
 30
0.0
  0
VERTEX
  5
EC1
  8
T3_PROFILE_INSIDE_2
 10
2.602377906765935
 20
68.14142345822371
 30
0.0
  0
VERTEX
  5
EC2
  8
T3_PROFILE_INSIDE_2
 10
2.596298705282306
 20
68.1363814380583
 30
0.0
  0
VERTEX
  5
EC3
  8
T3_PROFILE_INSIDE_2
 10
2.590435333437149
 20
68.13099169236423
 30
0.0
  0
VERTEX
  5
EC4
  8
T3_PROFILE_INSIDE_2
 10
2.584795784920778
 20
68.12516629054807
 30
0.0
  0
VERTEX
  5
EC5
  8
T3_PROFILE_INSIDE_2
 10
2.579388053423506
 20
68.11881730201634
 30
0.0
  0
VERTEX
  5
EC6
  8
T3_PROFILE_INSIDE_2
 10
2.574212138945335
 20
68.11194472676905
 30
0.0
  0
VERTEX
  5
EC7
  8
T3_PROFILE_INSIDE_2
 10
2.569268041486262
 20
68.10454856480624
 30
0.0
  0
VERTEX
  5
EC8
  8
T3_PROFILE_INSIDE_2
 10
2.564555761046289
 20
68.09662881612788
 30
0.0
  0
VERTEX
  5
EC9
  8
T3_PROFILE_INSIDE_2
 10
2.560075297625416
 20
68.08818548073394
 30
0.0
  0
VERTEX
  5
ECA
  8
T3_PROFILE_INSIDE_2
 10
2.555826651223643
 20
68.07921855862446
 30
0.0
  0
VERTEX
  5
ECB
  8
T3_PROFILE_INSIDE_2
 10
2.551809821840969
 20
68.06972804979944
 30
0.0
  0
VERTEX
  5
ECC
  8
T3_PROFILE_INSIDE_2
 10
2.548024809477395
 20
68.05971395425885
 30
0.0
  0
VERTEX
  5
ECD
  8
T3_PROFILE_INSIDE_2
 10
2.54447161413292
 20
68.04917627200271
 30
0.0
  0
VERTEX
  5
ECE
  8
T3_PROFILE_INSIDE_2
 10
2.541150235807546
 20
68.03811500303101
 30
0.0
  0
VERTEX
  5
ECF
  8
T3_PROFILE_INSIDE_2
 10
2.53806067450127
 20
68.02653014734378
 30
0.0
  0
VERTEX
  5
ED0
  8
T3_PROFILE_INSIDE_2
 10
2.535202930214094
 20
68.01442170494097
 30
0.0
  0
VERTEX
  5
ED1
  8
T3_PROFILE_INSIDE_2
 10
2.532577002946017
 20
68.00178967582262
 30
0.0
  0
VERTEX
  5
ED2
  8
T3_PROFILE_INSIDE_2
 10
2.53018289269704
 20
67.98863405998873
 30
0.0
  0
SEQEND
  5
1610
  8
T3_PROFILE_INSIDE_2
  0
POLYLINE
  5
88
  8
T3_PROFILE_INSIDE_2
 66
     1
 10
0.0
 20
0.0
 30
0.0
 70
     1
  0
VERTEX
  5
ED3
  8
T3_PROFILE_INSIDE_2
 10
2.425701363450792
 20
65.41390437994949
 30
0.0
  0
VERTEX
  5
ED4
  8
T3_PROFILE_INSIDE_2
 10
2.425899207286058
 20
65.3788020873591
 30
0.0
  0
VERTEX
  5
ED5
  8
T3_PROFILE_INSIDE_2
 10
2.426492738791856
 20
65.34511867479941
 30
0.0
  0
VERTEX
  5
ED6
  8
T3_PROFILE_INSIDE_2
 10
2.427481957968187
 20
65.31285414227042
 30
0.0
  0
VERTEX
  5
ED7
  8
T3_PROFILE_INSIDE_2
 10
2.428866864815049
 20
65.28200848977212
 30
0.0
  0
VERTEX
  5
ED8
  8
T3_PROFILE_INSIDE_2
 10
2.430647459332444
 20
65.25258171730454
 30
0.0
  0
VERTEX
  5
ED9
  8
T3_PROFILE_INSIDE_2
 10
2.43282374152037
 20
65.22457382486763
 30
0.0
  0
VERTEX
  5
EDA
  8
T3_PROFILE_INSIDE_2
 10
2.435395711378828
 20
65.19798481246143
 30
0.0
  0
VERTEX
  5
EDB
  8
T3_PROFILE_INSIDE_2
 10
2.438363368907818
 20
65.1728146800859
 30
0.0
  0
VERTEX
  5
EDC
  8
T3_PROFILE_INSIDE_2
 10
2.441726714107341
 20
65.1490634277411
 30
0.0
  0
VERTEX
  5
EDD
  8
T3_PROFILE_INSIDE_2
 10
2.445485746977395
 20
65.12673105542697
 30
0.0
  0
VERTEX
  5
EDE
  8
T3_PROFILE_INSIDE_2
 10
2.449640467517982
 20
65.10581756314356
 30
0.0
  0
VERTEX
  5
EDF
  8
T3_PROFILE_INSIDE_2
 10
2.4541908757291
 20
65.08632295089083
 30
0.0
  0
VERTEX
  5
EE0
  8
T3_PROFILE_INSIDE_2
 10
2.459136971610751
 20
65.0682472186688
 30
0.0
  0
VERTEX
  5
EE1
  8
T3_PROFILE_INSIDE_2
 10
2.464478755162934
 20
65.05159036647746
 30
0.0
  0
VERTEX
  5
EE2
  8
T3_PROFILE_INSIDE_2
 10
2.470216226385649
 20
65.03635239431682
 30
0.0
  0
VERTEX
  5
EE3
  8
T3_PROFILE_INSIDE_2
 10
2.476349385278896
 20
65.02253330218687
 30
0.0
  0
VERTEX
  5
EE4
  8
T3_PROFILE_INSIDE_2
 10
2.48285824761689
 20
65.00983332670086
 30
0.0
  0
VERTEX
  5
EE5
  8
T3_PROFILE_INSIDE_2
 10
2.489722829173848
 20
64.997952704472
 30
0.0
  0
VERTEX
  5
EE6
  8
T3_PROFILE_INSIDE_2
 10
2.496943129949769
 20
64.98689143550033
 30
0.0
  0
VERTEX
  5
EE7
  8
T3_PROFILE_INSIDE_2
 10
2.504519149944653
 20
64.97664951978578
 30
0.0
  0
VERTEX
  5
EE8
  8
T3_PROFILE_INSIDE_2
 10
2.5124508891585
 20
64.96722695732842
 30
0.0
  0
VERTEX
  5
EE9
  8
T3_PROFILE_INSIDE_2
 10
2.520738347591311
 20
64.9586237481282
 30
0.0
  0
VERTEX
  5
EEA
  8
T3_PROFILE_INSIDE_2
 10
2.529381525243084
 20
64.95083989218516
 30
0.0
  0
VERTEX
  5
EEB
  8
T3_PROFILE_INSIDE_2
 10
2.538380422113821
 20
64.94387538949928
 30
0.0
  0
VERTEX
  5
EEC
  8
T3_PROFILE_INSIDE_2
 10
2.547735038203521
 20
64.93773024007056
 30
0.0
  0
VERTEX
  5
EED
  8
T3_PROFILE_INSIDE_2
 10
2.557445373512184
 20
64.932404443899
 30
0.0
  0
VERTEX
  5
EEE
  8
T3_PROFILE_INSIDE_2
 10
2.56751142803981
 20
64.92789800098461
 30
0.0
  0
VERTEX
  5
EEF
  8
T3_PROFILE_INSIDE_2
 10
2.577933201786399
 20
64.92421091132739
 30
0.0
  0
VERTEX
  5
EF0
  8
T3_PROFILE_INSIDE_2
 10
2.588710694751951
 20
64.92134317492733
 30
0.0
  0
VERTEX
  5
EF1
  8
T3_PROFILE_INSIDE_2
 10
2.599843906936467
 20
64.91929479178441
 30
0.0
  0
VERTEX
  5
EF2
  8
T3_PROFILE_INSIDE_2
 10
2.611332838339946
 20
64.91806576189867
 30
0.0
  0
VERTEX
  5
EF3
  8
T3_PROFILE_INSIDE_2
 10
2.623177488962388
 20
64.9176560852701
 30
0.0
  0
VERTEX
  5
EF4
  8
T3_PROFILE_INSIDE_2
 10
2.631041281808568
 20
64.91782994803441
 30
0.0
  0
VERTEX
  5
EF5
  8
T3_PROFILE_INSIDE_2
 10
2.638773178764571
 20
64.91835153632739
 30
0.0
  0
VERTEX
  5
EF6
  8
T3_PROFILE_INSIDE_2
 10
2.646373179830396
 20
64.919220850149
 30
0.0
  0
VERTEX
  5
EF7
  8
T3_PROFILE_INSIDE_2
 10
2.653841285006044
 20
64.92043788949928
 30
0.0
  0
VERTEX
  5
EF8
  8
T3_PROFILE_INSIDE_2
 10
2.661177494291515
 20
64.9220026543782
 30
0.0
  0
VERTEX
  5
EF9
  8
T3_PROFILE_INSIDE_2
 10
2.668381807686808
 20
64.92391514478578
 30
0.0
  0
VERTEX
  5
EFA
  8
T3_PROFILE_INSIDE_2
 10
2.675454225191924
 20
64.926175360722
 30
0.0
  0
VERTEX
  5
EFB
  8
T3_PROFILE_INSIDE_2
 10
2.682394746806863
 20
64.92878330218687
 30
0.0
  0
VERTEX
  5
EFC
  8
T3_PROFILE_INSIDE_2
 10
2.689203372531624
 20
64.93173896918039
 30
0.0
  0
VERTEX
  5
EFD
  8
T3_PROFILE_INSIDE_2
 10
2.695880102366208
 20
64.93504236170256
 30
0.0
  0
VERTEX
  5
EFE
  8
T3_PROFILE_INSIDE_2
 10
2.702424936310615
 20
64.93869347975337
 30
0.0
  0
VERTEX
  5
EFF
  8
T3_PROFILE_INSIDE_2
 10
2.708837874364844
 20
64.94269232333285
 30
0.0
  0
VERTEX
  5
F00
  8
T3_PROFILE_INSIDE_2
 10
2.715118916528896
 20
64.94703889244097
 30
0.0
  0
VERTEX
  5
F01
  8
T3_PROFILE_INSIDE_2
 10
2.72126806280277
 20
64.95173318707774
 30
0.0
  0
VERTEX
  5
F02
  8
T3_PROFILE_INSIDE_2
 10
2.727285313186467
 20
64.95677520724314
 30
0.0
  0
VERTEX
  5
F03
  8
T3_PROFILE_INSIDE_2
 10
2.733170667679987
 20
64.96216495293721
 30
0.0
  0
VERTEX
  5
F04
  8
T3_PROFILE_INSIDE_2
 10
2.738894149944653
 20
64.96793040207602
 30
0.0
  0
VERTEX
  5
F05
  8
T3_PROFILE_INSIDE_2
 10
2.744425783641788
 20
64.97409953257568
 30
0.0
  0
VERTEX
  5
F06
  8
T3_PROFILE_INSIDE_2
 10
2.749765568771392
 20
64.98067234443617
 30
0.0
  0
VERTEX
  5
F07
  8
T3_PROFILE_INSIDE_2
 10
2.754913505333466
 20
64.98764883765753
 30
0.0
  0
VERTEX
  5
F08
  8
T3_PROFILE_INSIDE_2
 10
2.759869593328009
 20
64.99502901223973
 30
0.0
  0
VERTEX
  5
F09
  8
T3_PROFILE_INSIDE_2
 10
2.764633832755021
 20
65.00281286818277
 30
0.0
  0
VERTEX
  5
F0A
  8
T3_PROFILE_INSIDE_2
 10
2.769206223614503
 20
65.01100040548664
 30
0.0
  0
VERTEX
  5
F0B
  8
T3_PROFILE_INSIDE_2
 10
2.773586765906454
 20
65.01959162415139
 30
0.0
  0
VERTEX
  5
F0C
  8
T3_PROFILE_INSIDE_2
 10
2.777775459630874
 20
65.02858652417697
 30
0.0
  0
VERTEX
  5
F0D
  8
T3_PROFILE_INSIDE_2
 10
2.781772304787763
 20
65.0379851055634
 30
0.0
  0
VERTEX
  5
F0E
  8
T3_PROFILE_INSIDE_2
 10
2.785577301377122
 20
65.04778736831065
 30
0.0
  0
VERTEX
  5
F0F
  8
T3_PROFILE_INSIDE_2
 10
2.789190449398951
 20
65.05799331241879
 30
0.0
  0
VERTEX
  5
F10
  8
T3_PROFILE_INSIDE_2
 10
2.792611748853248
 20
65.06860293788773
 30
0.0
  0
VERTEX
  5
F11
  8
T3_PROFILE_INSIDE_2
 10
2.795841199740014
 20
65.07961624471756
 30
0.0
  0
VERTEX
  5
F12
  8
T3_PROFILE_INSIDE_2
 10
2.801724555810956
 20
65.10285390245973
 30
0.0
  0
VERTEX
  5
F13
  8
T3_PROFILE_INSIDE_2
 10
2.804388453108023
 20
65.11529608143312
 30
0.0
  0
VERTEX
  5
F14
  8
T3_PROFILE_INSIDE_2
 10
2.806880486063343
 20
65.12857759788946
 30
0.0
  0
VERTEX
  5
F15
  8
T3_PROFILE_INSIDE_2
 10
2.811348958948746
 20
65.157658643251
 30
0.0
  0
VERTEX
  5
F16
  8
T3_PROFILE_INSIDE_2
 10
2.815129974467164
 20
65.19009703854431
 30
0.0
  0
VERTEX
  5
F17
  8
T3_PROFILE_INSIDE_2
 10
2.818223532618596
 20
65.22589278376941
 30
0.0
  0
VERTEX
  5
F18
  8
T3_PROFILE_INSIDE_2
 10
2.820629633403043
 20
65.2650458789263
 30
0.0
  0
VERTEX
  5
F19
  8
T3_PROFILE_INSIDE_2
 10
2.822348276820505
 20
65.30755632401498
 30
0.0
  0
VERTEX
  5
F1A
  8
T3_PROFILE_INSIDE_2
 10
2.823379462870983
 20
65.35342411903545
 30
0.0
  0
VERTEX
  5
F1B
  8
T3_PROFILE_INSIDE_2
 10
2.823723191554476
 20
65.4026492639877
 30
0.0
  0
VERTEX
  5
F1C
  8
T3_PROFILE_INSIDE_2
 10
2.823525347719209
 20
65.43923038928611
 30
0.0
  0
VERTEX
  5
F1D
  8
T3_PROFILE_INSIDE_2
 10
2.822931816213412
 20
65.47428072288946
 30
0.0
  0
VERTEX
  5
F1E
  8
T3_PROFILE_INSIDE_2
 10
2.821942597037081
 20
65.50780026479771
 30
0.0
  0
VERTEX
  5
F1F
  8
T3_PROFILE_INSIDE_2
 10
2.820557690190219
 20
65.53978901501088
 30
0.0
  0
VERTEX
  5
F20
  8
T3_PROFILE_INSIDE_2
 10
2.818777095672824
 20
65.57024697352895
 30
0.0
  0
VERTEX
  5
F21
  8
T3_PROFILE_INSIDE_2
 10
2.816600813484898
 20
65.59917414035195
 30
0.0
  0
VERTEX
  5
F22
  8
T3_PROFILE_INSIDE_2
 10
2.81402884362644
 20
65.62657051547984
 30
0.0
  0
VERTEX
  5
F23
  8
T3_PROFILE_INSIDE_2
 10
2.81106118609745
 20
65.65243609891266
 30
0.0
  0
VERTEX
  5
F24
  8
T3_PROFILE_INSIDE_2
 10
2.807697840897927
 20
65.67677089065037
 30
0.0
  0
VERTEX
  5
F25
  8
T3_PROFILE_INSIDE_2
 10
2.803938808027873
 20
65.69957489069301
 30
0.0
  0
VERTEX
  5
F26
  8
T3_PROFILE_INSIDE_2
 10
2.799784087487286
 20
65.72084809904055
 30
0.0
  0
VERTEX
  5
F27
  8
T3_PROFILE_INSIDE_2
 10
2.795233679276167
 20
65.74059051569301
 30
0.0
  0
VERTEX
  5
F28
  8
T3_PROFILE_INSIDE_2
 10
2.790287583394517
 20
65.75880214065037
 30
0.0
  0
VERTEX
  5
F29
  8
T3_PROFILE_INSIDE_2
 10
2.784945799842334
 20
65.77548297391266
 30
0.0
  0
VERTEX
  5
F2A
  8
T3_PROFILE_INSIDE_2
 10
2.779208328619619
 20
65.79063301547984
 30
0.0
  0
VERTEX
  5
F2B
  8
T3_PROFILE_INSIDE_2
 10
2.773075169726372
 20
65.80425226535195
 30
0.0
  0
VERTEX
  5
F2C
  8
T3_PROFILE_INSIDE_2
 10
2.766546323162593
 20
65.81670443643824
 30
0.0
  0
VERTEX
  5
F2D
  8
T3_PROFILE_INSIDE_2
 10
2.759621788928282
 20
65.828353241648
 30
0.0
  0
VERTEX
  5
F2E
  8
T3_PROFILE_INSIDE_2
 10
2.752301567023439
 20
65.83919868098123
 30
0.0
  0
VERTEX
  5
F2F
  8
T3_PROFILE_INSIDE_2
 10
2.744585657448063
 20
65.8492407544379
 30
0.0
  0
VERTEX
  5
F30
  8
T3_PROFILE_INSIDE_2
 10
2.736474060202156
 20
65.85847946201804
 30
0.0
  0
VERTEX
  5
F31
  8
T3_PROFILE_INSIDE_2
 10
2.727966775285717
 20
65.86691480372167
 30
0.0
  0
VERTEX
  5
F32
  8
T3_PROFILE_INSIDE_2
 10
2.719063802698746
 20
65.87454677954874
 30
0.0
  0
VERTEX
  5
F33
  8
T3_PROFILE_INSIDE_2
 10
2.709765142441242
 20
65.88137538949928
 30
0.0
  0
VERTEX
  5
F34
  8
T3_PROFILE_INSIDE_2
 10
2.700070794513207
 20
65.8874006335733
 30
0.0
  0
VERTEX
  5
F35
  8
T3_PROFILE_INSIDE_2
 10
2.689980758914639
 20
65.89262251177078
 30
0.0
  0
VERTEX
  5
F36
  8
T3_PROFILE_INSIDE_2
 10
2.67949503564554
 20
65.89704102409172
 30
0.0
  0
VERTEX
  5
F37
  8
T3_PROFILE_INSIDE_2
 10
2.668613624705908
 20
65.90065617053612
 30
0.0
  0
VERTEX
  5
F38
  8
T3_PROFILE_INSIDE_2
 10
2.657336526095744
 20
65.90346795110399
 30
0.0
  0
VERTEX
  5
F39
  8
T3_PROFILE_INSIDE_2
 10
2.645663739815049
 20
65.90547636579534
 30
0.0
  0
VERTEX
  5
F3A
  8
T3_PROFILE_INSIDE_2
 10
2.63359526586382
 20
65.90668141461013
 30
0.0
  0
VERTEX
  5
F3B
  8
T3_PROFILE_INSIDE_2
 10
2.621131104242061
 20
65.9070830975484
 30
0.0
  0
VERTEX
  5
F3C
  8
T3_PROFILE_INSIDE_2
 10
2.60843712402378
 20
65.90667342091982
 30
0.0
  0
VERTEX
  5
F3D
  8
T3_PROFILE_INSIDE_2
 10
2.59619079046307
 20
65.90544439103408
 30
0.0
  0
VERTEX
  5
F3E
  8
T3_PROFILE_INSIDE_2
 10
2.584392103559932
 20
65.90339600789116
 30
0.0
  0
VERTEX
  5
F3F
  8
T3_PROFILE_INSIDE_2
 10
2.573041063314367
 20
65.9005282714911
 30
0.0
  0
VERTEX
  5
F40
  8
T3_PROFILE_INSIDE_2
 10
2.562137669726372
 20
65.89684118183388
 30
0.0
  0
VERTEX
  5
F41
  8
T3_PROFILE_INSIDE_2
 10
2.551681922795949
 20
65.89233473891949
 30
0.0
  0
VERTEX
  5
F42
  8
T3_PROFILE_INSIDE_2
 10
2.541673822523098
 20
65.88700894274793
 30
0.0
  0
VERTEX
  5
F43
  8
T3_PROFILE_INSIDE_2
 10
2.532113368907818
 20
65.88086379331921
 30
0.0
  0
VERTEX
  5
F44
  8
T3_PROFILE_INSIDE_2
 10
2.52300056195011
 20
65.87389929063333
 30
0.0
  0
VERTEX
  5
F45
  8
T3_PROFILE_INSIDE_2
 10
2.514335401649974
 20
65.8661154346903
 30
0.0
  0
VERTEX
  5
F46
  8
T3_PROFILE_INSIDE_2
 10
2.506117888007409
 20
65.8575122254901
 30
0.0
  0
VERTEX
  5
F47
  8
T3_PROFILE_INSIDE_2
 10
2.498348021022416
 20
65.84808966303271
 30
0.0
  0
VERTEX
  5
F48
  8
T3_PROFILE_INSIDE_2
 10
2.491025800694994
 20
65.8378477473182
 30
0.0
  0
VERTEX
  5
F49
  8
T3_PROFILE_INSIDE_2
 10
2.484151227025144
 20
65.82678647834649
 30
0.0
  0
VERTEX
  5
F4A
  8
T3_PROFILE_INSIDE_2
 10
2.477724300012865
 20
65.81490585611763
 30
0.0
  0
VERTEX
  5
F4B
  8
T3_PROFILE_INSIDE_2
 10
2.471745019658159
 20
65.80220588063162
 30
0.0
  0
VERTEX
  5
F4C
  8
T3_PROFILE_INSIDE_2
 10
2.466169420664298
 20
65.78839877903715
 30
0.0
  0
VERTEX
  5
F4D
  8
T3_PROFILE_INSIDE_2
 10
2.460953537734557
 20
65.77319677848293
 30
0.0
  0
VERTEX
  5
F4E
  8
T3_PROFILE_INSIDE_2
 10
2.456097370868937
 20
65.75659987896896
 30
0.0
  0
VERTEX
  5
F4F
  8
T3_PROFILE_INSIDE_2
 10
2.451600920067436
 20
65.73860808049521
 30
0.0
  0
VERTEX
  5
F50
  8
T3_PROFILE_INSIDE_2
 10
2.447464185330055
 20
65.71922138306172
 30
0.0
  0
VERTEX
  5
F51
  8
T3_PROFILE_INSIDE_2
 10
2.443687166656795
 20
65.69843978666847
 30
0.0
  0
VERTEX
  5
F52
  8
T3_PROFILE_INSIDE_2
 10
2.440269864047655
 20
65.67626329131546
 30
0.0
  0
VERTEX
  5
F53
  8
T3_PROFILE_INSIDE_2
 10
2.437212277502634
 20
65.65269189700271
 30
0.0
  0
VERTEX
  5
F54
  8
T3_PROFILE_INSIDE_2
 10
2.434514407021734
 20
65.6277256037302
 30
0.0
  0
VERTEX
  5
F55
  8
T3_PROFILE_INSIDE_2
 10
2.432176252604953
 20
65.60136441149794
 30
0.0
  0
VERTEX
  5
F56
  8
T3_PROFILE_INSIDE_2
 10
2.430197814252293
 20
65.57360832030592
 30
0.0
  0
VERTEX
  5
F57
  8
T3_PROFILE_INSIDE_2
 10
2.428579091963753
 20
65.54445733015415
 30
0.0
  0
VERTEX
  5
F58
  8
T3_PROFILE_INSIDE_2
 10
2.427320085739332
 20
65.51391144104261
 30
0.0
  0
VERTEX
  5
F59
  8
T3_PROFILE_INSIDE_2
 10
2.426420795579032
 20
65.48197065297133
 30
0.0
  0
VERTEX
  5
F5A
  8
T3_PROFILE_INSIDE_2
 10
2.425881221482852
 20
65.44863496594029
 30
0.0
  0
SEQEND
  5
1611
  8
T3_PROFILE_INSIDE_2
  0
POLYLINE
  5
89
  8
T3_PROFILE_INSIDE_2
 66
     1
 10
0.0
 20
0.0
 30
0.0
 70
     1
  0
VERTEX
  5
F5B
  8
T3_PROFILE_INSIDE_2
 10
2.012331649944653
 20
65.41492757230965
 30
0.0
  0
VERTEX
  5
F5C
  8
T3_PROFILE_INSIDE_2
 10
2.012482031243681
 20
65.44140767068534
 30
0.0
  0
VERTEX
  5
F5D
  8
T3_PROFILE_INSIDE_2
 10
2.012933175140764
 20
65.46738616499383
 30
0.0
  0
VERTEX
  5
F5E
  8
T3_PROFILE_INSIDE_2
 10
2.013685081635904
 20
65.49286305523512
 30
0.0
  0
VERTEX
  5
F5F
  8
T3_PROFILE_INSIDE_2
 10
2.0147377507291
 20
65.51783834140925
 30
0.0
  0
VERTEX
  5
F60
  8
T3_PROFILE_INSIDE_2
 10
2.016091182420352
 20
65.54231202351616
 30
0.0
  0
VERTEX
  5
F61
  8
T3_PROFILE_INSIDE_2
 10
2.01774537670966
 20
65.56628410155591
 30
0.0
  0
VERTEX
  5
F62
  8
T3_PROFILE_INSIDE_2
 10
2.019700333597023
 20
65.58975457552845
 30
0.0
  0
VERTEX
  5
F63
  8
T3_PROFILE_INSIDE_2
 10
2.021956053082443
 20
65.6127234454338
 30
0.0
  0
VERTEX
  5
F64
  8
T3_PROFILE_INSIDE_2
 10
2.024512535165918
 20
65.63519071127196
 30
0.0
  0
VERTEX
  5
F65
  8
T3_PROFILE_INSIDE_2
 10
2.027369779847449
 20
65.65715637304294
 30
0.0
  0
VERTEX
  5
F66
  8
T3_PROFILE_INSIDE_2
 10
2.030527787127037
 20
65.67862043074672
 30
0.0
  0
VERTEX
  5
F67
  8
T3_PROFILE_INSIDE_2
 10
2.03398655700468
 20
65.69958288438332
 30
0.0
  0
VERTEX
  5
F68
  8
T3_PROFILE_INSIDE_2
 10
2.037746089480379
 20
65.72004373395272
 30
0.0
  0
VERTEX
  5
F69
  8
T3_PROFILE_INSIDE_2
 10
2.041806384554135
 20
65.74000297945494
 30
0.0
  0
VERTEX
  5
F6A
  8
T3_PROFILE_INSIDE_2
 10
2.046167442225945
 20
65.75946062088997
 30
0.0
  0
VERTEX
  5
F6B
  8
T3_PROFILE_INSIDE_2
 10
2.050829262495812
 20
65.77841665825781
 30
0.0
  0
VERTEX
  5
F6C
  8
T3_PROFILE_INSIDE_2
 10
2.055791845363736
 20
65.79687109155844
 30
0.0
  0
VERTEX
  5
F6D
  8
T3_PROFILE_INSIDE_2
 10
2.061055190829714
 20
65.81482392079192
 30
0.0
  0
VERTEX
  5
F6E
  8
T3_PROFILE_INSIDE_2
 10
2.066619298893749
 20
65.83227514595819
 30
0.0
  0
VERTEX
  5
F6F
  8
T3_PROFILE_INSIDE_2
 10
2.07248416955584
 20
65.84922476705728
 30
0.0
  0
VERTEX
  5
F70
  8
T3_PROFILE_INSIDE_2
 10
2.078649802815987
 20
65.86567278408916
 30
0.0
  0
VERTEX
  5
F71
  8
T3_PROFILE_INSIDE_2
 10
2.085116198674189
 20
65.88161919705387
 30
0.0
  0
VERTEX
  5
F72
  8
T3_PROFILE_INSIDE_2
 10
2.091883357130448
 20
65.89706400595136
 30
0.0
  0
VERTEX
  5
F73
  8
T3_PROFILE_INSIDE_2
 10
2.098951278184762
 20
65.9120072107817
 30
0.0
  0
VERTEX
  5
F74
  8
T3_PROFILE_INSIDE_2
 10
2.106319961837132
 20
65.92644881154482
 30
0.0
  0
VERTEX
  5
F75
  8
T3_PROFILE_INSIDE_2
 10
2.113989408087559
 20
65.94038880824077
 30
0.0
  0
VERTEX
  5
F76
  8
T3_PROFILE_INSIDE_2
 10
2.121959616936041
 20
65.95382720086951
 30
0.0
  0
VERTEX
  5
F77
  8
T3_PROFILE_INSIDE_2
 10
2.130230588382579
 20
65.96676398943109
 30
0.0
  0
VERTEX
  5
F78
  8
T3_PROFILE_INSIDE_2
 10
2.138802322427173
 20
65.97919917392545
 30
0.0
  0
VERTEX
  5
F79
  8
T3_PROFILE_INSIDE_2
 10
2.147674819069823
 20
65.99113275435263
 30
0.0
  0
VERTEX
  5
F7A
  8
T3_PROFILE_INSIDE_2
 10
2.15684807831053
 20
66.0025647307126
 30
0.0
  0
VERTEX
  5
F7B
  8
T3_PROFILE_INSIDE_2
 10
2.166322100149292
 20
66.01349510300543
 30
0.0
  0
VERTEX
  5
F7C
  8
T3_PROFILE_INSIDE_2
 10
2.176103879065133
 20
66.02400780497933
 30
0.0
  0
VERTEX
  5
F7D
  8
T3_PROFILE_INSIDE_2
 10
2.186200409537081
 20
66.03418677038265
 30
0.0
  0
VERTEX
  5
F7E
  8
T3_PROFILE_INSIDE_2
 10
2.196611691565133
 20
66.04403199921535
 30
0.0
  0
VERTEX
  5
F7F
  8
T3_PROFILE_INSIDE_2
 10
2.207337725149291
 20
66.05354349147746
 30
0.0
  0
VERTEX
  5
F80
  8
T3_PROFILE_INSIDE_2
 10
2.218378510289553
 20
66.06272124716895
 30
0.0
  0
VERTEX
  5
F81
  8
T3_PROFILE_INSIDE_2
 10
2.229734046985921
 20
66.07156526628987
 30
0.0
  0
VERTEX
  5
F82
  8
T3_PROFILE_INSIDE_2
 10
2.241404335238394
 20
66.08007554884017
 30
0.0
  0
VERTEX
  5
F83
  8
T3_PROFILE_INSIDE_2
 10
2.253389375046972
 20
66.08825209481988
 30
0.0
  0
VERTEX
  5
F84
  8
T3_PROFILE_INSIDE_2
 10
2.265689166411654
 20
66.09609490422899
 30
0.0
  0
VERTEX
  5
F85
  8
T3_PROFILE_INSIDE_2
 10
2.278303709332443
 20
66.1036039770675
 30
0.0
  0
VERTEX
  5
F86
  8
T3_PROFILE_INSIDE_2
 10
2.291233003809335
 20
66.11077931333539
 30
0.0
  0
VERTEX
  5
F87
  8
T3_PROFILE_INSIDE_2
 10
2.304477049842333
 20
66.1176209130327
 30
0.0
  0
VERTEX
  5
F88
  8
T3_PROFILE_INSIDE_2
 10
2.318035847431436
 20
66.12412877615941
 30
0.0
  0
VERTEX
  5
F89
  8
T3_PROFILE_INSIDE_2
 10
2.331909396576645
 20
66.13030290271551
 30
0.0
  0
VERTEX
  5
F8A
  8
T3_PROFILE_INSIDE_2
 10
2.346097697277957
 20
66.13614329270102
 30
0.0
  0
VERTEX
  5
F8B
  8
T3_PROFILE_INSIDE_2
 10
2.360600749535376
 20
66.14164994611592
 30
0.0
  0
VERTEX
  5
F8C
  8
T3_PROFILE_INSIDE_2
 10
2.375418553348899
 20
66.14682286296022
 30
0.0
  0
VERTEX
  5
F8D
  8
T3_PROFILE_INSIDE_2
 10
2.390551108718527
 20
66.15166204323391
 30
0.0
  0
VERTEX
  5
F8E
  8
T3_PROFILE_INSIDE_2
 10
2.40599841564426
 20
66.15616748693702
 30
0.0
  0
VERTEX
  5
F8F
  8
T3_PROFILE_INSIDE_2
 10
2.421760474126098
 20
66.16033919406952
 30
0.0
  0
VERTEX
  5
F90
  8
T3_PROFILE_INSIDE_2
 10
2.437837284164042
 20
66.16417716463143
 30
0.0
  0
VERTEX
  5
F91
  8
T3_PROFILE_INSIDE_2
 10
2.454228845758091
 20
66.16768139862273
 30
0.0
  0
VERTEX
  5
F92
  8
T3_PROFILE_INSIDE_2
 10
2.470935158908244
 20
66.17085189604344
 30
0.0
  0
VERTEX
  5
F93
  8
T3_PROFILE_INSIDE_2
 10
2.487956223614503
 20
66.17368865689355
 30
0.0
  0
VERTEX
  5
F94
  8
T3_PROFILE_INSIDE_2
 10
2.505292039876866
 20
66.17619168117305
 30
0.0
  0
VERTEX
  5
F95
  8
T3_PROFILE_INSIDE_2
 10
2.522942607695335
 20
66.17836096888195
 30
0.0
  0
VERTEX
  5
F96
  8
T3_PROFILE_INSIDE_2
 10
2.540907927069908
 20
66.18019652002025
 30
0.0
  0
VERTEX
  5
F97
  8
T3_PROFILE_INSIDE_2
 10
2.559187998000587
 20
66.18169833458795
 30
0.0
  0
VERTEX
  5
F98
  8
T3_PROFILE_INSIDE_2
 10
2.577782820487371
 20
66.18286641258504
 30
0.0
  0
VERTEX
  5
F99
  8
T3_PROFILE_INSIDE_2
 10
2.59669239453026
 20
66.18370075401155
 30
0.0
  0
VERTEX
  5
F9A
  8
T3_PROFILE_INSIDE_2
 10
2.615916720129253
 20
66.18420135886745
 30
0.0
  0
VERTEX
  5
F9B
  8
T3_PROFILE_INSIDE_2
 10
2.635455797284353
 20
66.18436822715276
 30
0.0
  0
VERTEX
  5
F9C
  8
T3_PROFILE_INSIDE_2
 10
2.672466583437149
 20
66.18378468775987
 30
0.0
  0
VERTEX
  5
F9D
  8
T3_PROFILE_INSIDE_2
 10
2.690336478133603
 20
66.18305526351872
 30
0.0
  0
VERTEX
  5
F9E
  8
T3_PROFILE_INSIDE_2
 10
2.707782707243425
 20
66.18203406958114
 30
0.0
  0
VERTEX
  5
F9F
  8
T3_PROFILE_INSIDE_2
 10
2.724805270766617
 20
66.1807211059471
 30
0.0
  0
VERTEX
  5
FA0
  8
T3_PROFILE_INSIDE_2
 10
2.74140416870318
 20
66.17911637261662
 30
0.0
  0
VERTEX
  5
FA1
  8
T3_PROFILE_INSIDE_2
 10
2.757579401053112
 20
66.17721986958966
 30
0.0
  0
VERTEX
  5
FA2
  8
T3_PROFILE_INSIDE_2
 10
2.773330967816413
 20
66.17503159686626
 30
0.0
  0
VERTEX
  5
FA3
  8
T3_PROFILE_INSIDE_2
 10
2.788658868993084
 20
66.17255155444641
 30
0.0
  0
VERTEX
  5
FA4
  8
T3_PROFILE_INSIDE_2
 10
2.803563104583125
 20
66.16977974233012
 30
0.0
  0
VERTEX
  5
FA5
  8
T3_PROFILE_INSIDE_2
 10
2.818043674586536
 20
66.16671616051735
 30
0.0
  0
VERTEX
  5
FA6
  8
T3_PROFILE_INSIDE_2
 10
2.832100579003316
 20
66.16336080900814
 30
0.0
  0
VERTEX
  5
FA7
  8
T3_PROFILE_INSIDE_2
 10
2.845733817833466
 20
66.15971368780248
 30
0.0
  0
VERTEX
  5
FA8
  8
T3_PROFILE_INSIDE_2
 10
2.858943391076986
 20
66.15577479690037
 30
0.0
  0
VERTEX
  5
FA9
  8
T3_PROFILE_INSIDE_2
 10
2.871729298733876
 20
66.15154413630182
 30
0.0
  0
VERTEX
  5
FAA
  8
T3_PROFILE_INSIDE_2
 10
2.884091540804135
 20
66.1470217060068
 30
0.0
  0
VERTEX
  5
FAB
  8
T3_PROFILE_INSIDE_2
 10
2.907832801036058
 20
66.13733335334649
 30
0.0
  0
VERTEX
  5
FAC
  8
T3_PROFILE_INSIDE_2
 10
2.930454944624053
 20
66.12694155593857
 30
0.0
  0
VERTEX
  5
FAD
  8
T3_PROFILE_INSIDE_2
 10
2.951957971568119
 20
66.11584631378305
 30
0.0
  0
VERTEX
  5
FAE
  8
T3_PROFILE_INSIDE_2
 10
2.972341881868255
 20
66.10404762687992
 30
0.0
  0
VERTEX
  5
FAF
  8
T3_PROFILE_INSIDE_2
 10
2.991606675524462
 20
66.09154549522917
 30
0.0
  0
VERTEX
  5
FB0
  8
T3_PROFILE_INSIDE_2
 10
3.000819403611092
 20
66.08503063762345
 30
0.0
  0
VERTEX
  5
FB1
  8
T3_PROFILE_INSIDE_2
 10
3.00975235253674
 20
66.0783399188308
 30
0.0
  0
VERTEX
  5
FB2
  8
T3_PROFILE_INSIDE_2
 10
3.018405522301406
 20
66.07147333885126
 30
0.0
  0
VERTEX
  5
FB3
  8
T3_PROFILE_INSIDE_2
 10
3.026778912905089
 20
66.06443089768483
 30
0.0
  0
VERTEX
  5
FB4
  8
T3_PROFILE_INSIDE_2
 10
3.034872524347791
 20
66.05721259533149
 30
0.0
  0
VERTEX
  5
FB5
  8
T3_PROFILE_INSIDE_2
 10
3.04268635662951
 20
66.04981843179124
 30
0.0
  0
VERTEX
  5
FB6
  8
T3_PROFILE_INSIDE_2
 10
3.057626563825963
 20
66.03475831924007
 30
0.0
  0
VERTEX
  5
FB7
  8
T3_PROFILE_INSIDE_2
 10
3.07175141461041
 20
66.01950635812138
 30
0.0
  0
VERTEX
  5
FB8
  8
T3_PROFILE_INSIDE_2
 10
3.085060908982852
 20
66.00406254843516
 30
0.0
  0
VERTEX
  5
FB9
  8
T3_PROFILE_INSIDE_2
 10
3.097555046943289
 20
65.98842689018142
 30
0.0
  0
VERTEX
  5
FBA
  8
T3_PROFILE_INSIDE_2
 10
3.10923382849172
 20
65.97259938336013
 30
0.0
  0
VERTEX
  5
FBB
  8
T3_PROFILE_INSIDE_2
 10
3.120097253628145
 20
65.95658002797131
 30
0.0
  0
VERTEX
  5
FBC
  8
T3_PROFILE_INSIDE_2
 10
3.130145322352566
 20
65.94036882401497
 30
0.0
  0
VERTEX
  5
FBD
  8
T3_PROFILE_INSIDE_2
 10
3.13937803466498
 20
65.9239657714911
 30
0.0
  0
VERTEX
  5
FBE
  8
T3_PROFILE_INSIDE_2
 10
3.14798723913292
 20
65.90712306599997
 30
0.0
  0
VERTEX
  5
FBF
  8
T3_PROFILE_INSIDE_2
 10
3.156164784323916
 20
65.88959290314186
 30
0.0
  0
VERTEX
  5
FC0
  8
T3_PROFILE_INSIDE_2
 10
3.163910670237968
 20
65.87137528291676
 30
0.0
  0
VERTEX
  5
FC1
  8
T3_PROFILE_INSIDE_2
 10
3.171224896875076
 20
65.85247020532466
 30
0.0
  0
VERTEX
  5
FC2
  8
T3_PROFILE_INSIDE_2
 10
3.178107464235239
 20
65.83287767036559
 30
0.0
  0
VERTEX
  5
FC3
  8
T3_PROFILE_INSIDE_2
 10
3.184558372318459
 20
65.81259767803954
 30
0.0
  0
VERTEX
  5
FC4
  8
T3_PROFILE_INSIDE_2
 10
3.190577621124735
 20
65.79163022834649
 30
0.0
  0
VERTEX
  5
FC5
  8
T3_PROFILE_INSIDE_2
 10
3.196165210654066
 20
65.76997532128647
 30
0.0
  0
VERTEX
  5
FC6
  8
T3_PROFILE_INSIDE_2
 10
3.201245200848473
 20
65.74894392207092
 30
0.0
  0
VERTEX
  5
FC7
  8
T3_PROFILE_INSIDE_2
 10
3.205997449740015
 20
65.72780061119096
 30
0.0
  0
VERTEX
  5
FC8
  8
T3_PROFILE_INSIDE_2
 10
3.210421957328692
 20
65.70654538864662
 30
0.0
  0
VERTEX
  5
FC9
  8
T3_PROFILE_INSIDE_2
 10
3.214518723614503
 20
65.68517825443789
 30
0.0
  0
VERTEX
  5
FCA
  8
T3_PROFILE_INSIDE_2
 10
3.21828774859745
 20
65.66369920856476
 30
0.0
  0
VERTEX
  5
FCB
  8
T3_PROFILE_INSIDE_2
 10
3.221729032277532
 20
65.64210825102724
 30
0.0
  0
VERTEX
  5
FCC
  8
T3_PROFILE_INSIDE_2
 10
3.224842574654748
 20
65.62040538182534
 30
0.0
  0
VERTEX
  5
FCD
  8
T3_PROFILE_INSIDE_2
 10
3.2276283757291
 20
65.59859060095904
 30
0.0
  0
VERTEX
  5
FCE
  8
T3_PROFILE_INSIDE_2
 10
3.230086435500588
 20
65.57666390842836
 30
0.0
  0
VERTEX
  5
FCF
  8
T3_PROFILE_INSIDE_2
 10
3.232216753969209
 20
65.55462530423326
 30
0.0
  0
VERTEX
  5
FD0
  8
T3_PROFILE_INSIDE_2
 10
3.234019331134967
 20
65.53247478837378
 30
0.0
  0
VERTEX
  5
FD1
  8
T3_PROFILE_INSIDE_2
 10
3.235494166997859
 20
65.5102123608499
 30
0.0
  0
VERTEX
  5
FD2
  8
T3_PROFILE_INSIDE_2
 10
3.236641261557886
 20
65.48783802166164
 30
0.0
  0
VERTEX
  5
FD3
  8
T3_PROFILE_INSIDE_2
 10
3.237460614815048
 20
65.46535177080898
 30
0.0
  0
VERTEX
  5
FD4
  8
T3_PROFILE_INSIDE_2
 10
3.237952226769345
 20
65.44275360829194
 30
0.0
  0
VERTEX
  5
FD5
  8
T3_PROFILE_INSIDE_2
 10
3.238116097420778
 20
65.42004353411048
 30
0.0
  0
VERTEX
  5
FD6
  8
T3_PROFILE_INSIDE_2
 10
3.237576523324598
 20
65.36986714001088
 30
0.0
  0
VERTEX
  5
FD7
  8
T3_PROFILE_INSIDE_2
 10
3.235957801036058
 20
65.32140139563845
 30
0.0
  0
VERTEX
  5
FD8
  8
T3_PROFILE_INSIDE_2
 10
3.233259930555158
 20
65.27464630099315
 30
0.0
  0
VERTEX
  5
FD9
  8
T3_PROFILE_INSIDE_2
 10
3.231506314742572
 20
65.25191024731818
 30
0.0
  0
VERTEX
  5
FDA
  8
T3_PROFILE_INSIDE_2
 10
3.229482911881897
 20
65.229601856075
 30
0.0
  0
VERTEX
  5
FDB
  8
T3_PROFILE_INSIDE_2
 10
3.227189721973132
 20
65.20772112726361
 30
0.0
  0
VERTEX
  5
FDC
  8
T3_PROFILE_INSIDE_2
 10
3.224626745016276
 20
65.186268060884
 30
0.0
  0
VERTEX
  5
FDD
  8
T3_PROFILE_INSIDE_2
 10
3.221793981011331
 20
65.16524265693619
 30
0.0
  0
VERTEX
  5
FDE
  8
T3_PROFILE_INSIDE_2
 10
3.218691429958295
 20
65.14464491542016
 30
0.0
  0
VERTEX
  5
FDF
  8
T3_PROFILE_INSIDE_2
 10
3.21531909185717
 20
65.1244748363359
 30
0.0
  0
VERTEX
  5
FE0
  8
T3_PROFILE_INSIDE_2
 10
3.211676966707954
 20
65.10473241968346
 30
0.0
  0
VERTEX
  5
FE1
  8
T3_PROFILE_INSIDE_2
 10
3.207765054510649
 20
65.08541766546278
 30
0.0
  0
VERTEX
  5
FE2
  8
T3_PROFILE_INSIDE_2
 10
3.203583355265253
 20
65.0665305736739
 30
0.0
  0
VERTEX
  5
FE3
  8
T3_PROFILE_INSIDE_2
 10
3.199131868971768
 20
65.04807114431681
 30
0.0
  0
VERTEX
  5
FE4
  8
T3_PROFILE_INSIDE_2
 10
3.194410595630192
 20
65.0300393773915
 30
0.0
  0
VERTEX
  5
FE5
  8
T3_PROFILE_INSIDE_2
 10
3.189419535240527
 20
65.01243527289799
 30
0.0
  0
VERTEX
  5
FE6
  8
T3_PROFILE_INSIDE_2
 10
3.18415868780277
 20
64.99525883083625
 30
0.0
  0
VERTEX
  5
FE7
  8
T3_PROFILE_INSIDE_2
 10
3.178628053316924
 20
64.97851005120631
 30
0.0
  0
VERTEX
  5
FE8
  8
T3_PROFILE_INSIDE_2
 10
3.172827631782988
 20
64.96218893400815
 30
0.0
  0
VERTEX
  5
FE9
  8
T3_PROFILE_INSIDE_2
 10
3.166757423200963
 20
64.94629547924178
 30
0.0
  0
VERTEX
  5
FEA
  8
T3_PROFILE_INSIDE_2
 10
3.160417427570847
 20
64.9308296869072
 30
0.0
  0
VERTEX
  5
FEB
  8
T3_PROFILE_INSIDE_2
 10
3.153807644892641
 20
64.91579155700441
 30
0.0
  0
VERTEX
  5
FEC
  8
T3_PROFILE_INSIDE_2
 10
3.146928075166345
 20
64.9011810895334
 30
0.0
  0
VERTEX
  5
FED
  8
T3_PROFILE_INSIDE_2
 10
3.139778718391959
 20
64.88699828449417
 30
0.0
  0
VERTEX
  5
FEE
  8
T3_PROFILE_INSIDE_2
 10
3.132359574569483
 20
64.87324314188673
 30
0.0
  0
VERTEX
  5
FEF
  8
T3_PROFILE_INSIDE_2
 10
3.124670643698917
 20
64.85991566171109
 30
0.0
  0
VERTEX
  5
FF0
  8
T3_PROFILE_INSIDE_2
 10
3.11671192578026
 20
64.84701584396723
 30
0.0
  0
VERTEX
  5
FF1
  8
T3_PROFILE_INSIDE_2
 10
3.108483420813514
 20
64.83454368865515
 30
0.0
  0
VERTEX
  5
FF2
  8
T3_PROFILE_INSIDE_2
 10
3.099985128798678
 20
64.82249919577487
 30
0.0
  0
VERTEX
  5
FF3
  8
T3_PROFILE_INSIDE_2
 10
3.091157097058399
 20
64.81085338819898
 30
0.0
  0
VERTEX
  5
FF4
  8
T3_PROFILE_INSIDE_2
 10
3.081939372915322
 20
64.79957728880011
 30
0.0
  0
VERTEX
  5
FF5
  8
T3_PROFILE_INSIDE_2
 10
3.072331956369449
 20
64.78867089757824
 30
0.0
  0
VERTEX
  5
FF6
  8
T3_PROFILE_INSIDE_2
 10
3.062334847420779
 20
64.7781342145334
 30
0.0
  0
VERTEX
  5
FF7
  8
T3_PROFILE_INSIDE_2
 10
3.051948046069312
 20
64.76796723966555
 30
0.0
  0
VERTEX
  5
FF8
  8
T3_PROFILE_INSIDE_2
 10
3.041171552315049
 20
64.75816997297473
 30
0.0
  0
VERTEX
  5
FF9
  8
T3_PROFILE_INSIDE_2
 10
3.030005366157989
 20
64.7487424144609
 30
0.0
  0
VERTEX
  5
FFA
  8
T3_PROFILE_INSIDE_2
 10
3.018449487598132
 20
64.7396845641241
 30
0.0
  0
VERTEX
  5
FFB
  8
T3_PROFILE_INSIDE_2
 10
3.006503916635479
 20
64.73099642196432
 30
0.0
  0
VERTEX
  5
FFC
  8
T3_PROFILE_INSIDE_2
 10
2.994168653270028
 20
64.72267798798154
 30
0.0
  0
VERTEX
  5
FFD
  8
T3_PROFILE_INSIDE_2
 10
2.981443697501781
 20
64.71472926217578
 30
0.0
  0
VERTEX
  5
FFE
  8
T3_PROFILE_INSIDE_2
 10
2.968329049330737
 20
64.70715024454702
 30
0.0
  0
VERTEX
  5
FFF
  8
T3_PROFILE_INSIDE_2
 10
2.954824708756897
 20
64.69994093509528
 30
0.0
  0
VERTEX
  5
1000
  8
T3_PROFILE_INSIDE_2
 10
2.94093067578026
 20
64.69310133382056
 30
0.0
  0
VERTEX
  5
1001
  8
T3_PROFILE_INSIDE_2
 10
2.926646950400826
 20
64.68663144072285
 30
0.0
  0
VERTEX
  5
1002
  8
T3_PROFILE_INSIDE_2
 10
2.911973532618596
 20
64.68053125580215
 30
0.0
  0
VERTEX
  5
1003
  8
T3_PROFILE_INSIDE_2
 10
2.896910422433569
 20
64.67480077905846
 30
0.0
  0
VERTEX
  5
1004
  8
T3_PROFILE_INSIDE_2
 10
2.881457619845744
 20
64.66944001049178
 30
0.0
  0
VERTEX
  5
1005
  8
T3_PROFILE_INSIDE_2
 10
2.865615124855124
 20
64.66444895010211
 30
0.0
  0
VERTEX
  5
1006
  8
T3_PROFILE_INSIDE_2
 10
2.849382937461706
 20
64.65982759788946
 30
0.0
  0
VERTEX
  5
1007
  8
T3_PROFILE_INSIDE_2
 10
2.832761057665492
 20
64.65557595385383
 30
0.0
  0
VERTEX
  5
1008
  8
T3_PROFILE_INSIDE_2
 10
2.815749485466481
 20
64.6516940179952
 30
0.0
  0
VERTEX
  5
1009
  8
T3_PROFILE_INSIDE_2
 10
2.798348220864673
 20
64.64818179031357
 30
0.0
  0
VERTEX
  5
100A
  8
T3_PROFILE_INSIDE_2
 10
2.780557263860069
 20
64.64503927080897
 30
0.0
  0
VERTEX
  5
100B
  8
T3_PROFILE_INSIDE_2
 10
2.762376614452668
 20
64.64226645948136
 30
0.0
  0
VERTEX
  5
100C
  8
T3_PROFILE_INSIDE_2
 10
2.74380627264247
 20
64.63986335633079
 30
0.0
  0
VERTEX
  5
100D
  8
T3_PROFILE_INSIDE_2
 10
2.724846238429476
 20
64.63782996135723
 30
0.0
  0
VERTEX
  5
100E
  8
T3_PROFILE_INSIDE_2
 10
2.705496511813684
 20
64.63616627456068
 30
0.0
  0
VERTEX
  5
100F
  8
T3_PROFILE_INSIDE_2
 10
2.685757092795097
 20
64.63487229594114
 30
0.0
  0
VERTEX
  5
1010
  8
T3_PROFILE_INSIDE_2
 10
2.665627981373712
 20
64.6339480254986
 30
0.0
  0
VERTEX
  5
1011
  8
T3_PROFILE_INSIDE_2
 10
2.64510917754953
 20
64.63339346323308
 30
0.0
  0
VERTEX
  5
1012
  8
T3_PROFILE_INSIDE_2
 10
2.624200681322552
 20
64.63320860914457
 30
0.0
  0
VERTEX
  5
1013
  8
T3_PROFILE_INSIDE_2
 10
2.600823133999905
 20
64.63344442300883
 30
0.0
  0
VERTEX
  5
1014
  8
T3_PROFILE_INSIDE_2
 10
2.578013138689536
 20
64.6341518646016
 30
0.0
  0
VERTEX
  5
1015
  8
T3_PROFILE_INSIDE_2
 10
2.555770695391446
 20
64.63533093392289
 30
0.0
  0
VERTEX
  5
1016
  8
T3_PROFILE_INSIDE_2
 10
2.534095804105635
 20
64.63698163097268
 30
0.0
  0
VERTEX
  5
1017
  8
T3_PROFILE_INSIDE_2
 10
2.512988464832102
 20
64.63910395575098
 30
0.0
  0
VERTEX
  5
1018
  8
T3_PROFILE_INSIDE_2
 10
2.492448677570846
 20
64.64169790825781
 30
0.0
  0
VERTEX
  5
1019
  8
T3_PROFILE_INSIDE_2
 10
2.472476442321869
 20
64.64476348849314
 30
0.0
  0
VERTEX
  5
101A
  8
T3_PROFILE_INSIDE_2
 10
2.453071759085171
 20
64.64830069645699
 30
0.0
  0
VERTEX
  5
101B
  8
T3_PROFILE_INSIDE_2
 10
2.434234627860751
 20
64.65230953214933
 30
0.0
  0
VERTEX
  5
101C
  8
T3_PROFILE_INSIDE_2
 10
2.415965048648609
 20
64.65678999557022
 30
0.0
  0
VERTEX
  5
101D
  8
T3_PROFILE_INSIDE_2
 10
2.398263021448745
 20
64.66174208671961
 30
0.0
  0
VERTEX
  5
101E
  8
T3_PROFILE_INSIDE_2
 10
2.38112854626116
 20
64.6671658055975
 30
0.0
  0
VERTEX
  5
101F
  8
T3_PROFILE_INSIDE_2
 10
2.364561623085853
 20
64.67306115220393
 30
0.0
  0
VERTEX
  5
1020
  8
T3_PROFILE_INSIDE_2
 10
2.348562251922825
 20
64.67942812653885
 30
0.0
  0
VERTEX
  5
1021
  8
T3_PROFILE_INSIDE_2
 10
2.333130432772074
 20
64.6862667286023
 30
0.0
  0
VERTEX
  5
1022
  8
T3_PROFILE_INSIDE_2
 10
2.318266165633602
 20
64.69357695839425
 30
0.0
  0
VERTEX
  5
1023
  8
T3_PROFILE_INSIDE_2
 10
2.303849545152702
 20
64.70134282853408
 30
0.0
  0
VERTEX
  5
1024
  8
T3_PROFILE_INSIDE_2
 10
2.289760665974666
 20
64.70954835164117
 30
0.0
  0
VERTEX
  5
1025
  8
T3_PROFILE_INSIDE_2
 10
2.275999528099495
 20
64.71819352771553
 30
0.0
  0
VERTEX
  5
1026
  8
T3_PROFILE_INSIDE_2
 10
2.26256613152719
 20
64.72727835675713
 30
0.0
  0
VERTEX
  5
1027
  8
T3_PROFILE_INSIDE_2
 10
2.249460476257749
 20
64.73680283876598
 30
0.0
  0
VERTEX
  5
1028
  8
T3_PROFILE_INSIDE_2
 10
2.236682562291174
 20
64.74676697374213
 30
0.0
  0
VERTEX
  5
1029
  8
T3_PROFILE_INSIDE_2
 10
2.224232389627463
 20
64.7571707616855
 30
0.0
  0
VERTEX
  5
102A
  8
T3_PROFILE_INSIDE_2
 10
2.212109958266617
 20
64.76801420259615
 30
0.0
  0
VERTEX
  5
102B
  8
T3_PROFILE_INSIDE_2
 10
2.200315268208636
 20
64.77929729647406
 30
0.0
  0
VERTEX
  5
102C
  8
T3_PROFILE_INSIDE_2
 10
2.18884831945352
 20
64.79102004331921
 30
0.0
  0
VERTEX
  5
102D
  8
T3_PROFILE_INSIDE_2
 10
2.177709112001269
 20
64.80318244313162
 30
0.0
  0
VERTEX
  5
102E
  8
T3_PROFILE_INSIDE_2
 10
2.166897645851883
 20
64.81578449591129
 30
0.0
  0
VERTEX
  5
102F
  8
T3_PROFILE_INSIDE_2
 10
2.156413921005361
 20
64.82882620165822
 30
0.0
  0
VERTEX
  5
1030
  8
T3_PROFILE_INSIDE_2
 10
2.146257937461706
 20
64.8423075603724
 30
0.0
  0
VERTEX
  5
1031
  8
T3_PROFILE_INSIDE_2
 10
2.136429695220914
 20
64.85622857205385
 30
0.0
  0
VERTEX
  5
1032
  8
T3_PROFILE_INSIDE_2
 10
2.126929194282988
 20
64.87058923670256
 30
0.0
  0
VERTEX
  5
1033
  8
T3_PROFILE_INSIDE_2
 10
2.120244470758091
 20
64.88118687163606
 30
0.0
  0
VERTEX
  5
1034
  8
T3_PROFILE_INSIDE_2
 10
2.113747598955567
 20
64.8922601311432
 30
0.0
  0
VERTEX
  5
1035
  8
T3_PROFILE_INSIDE_2
 10
2.107438578875417
 20
64.90380901522404
 30
0.0
  0
VERTEX
  5
1036
  8
T3_PROFILE_INSIDE_2
 10
2.10131741051764
 20
64.91583352387853
 30
0.0
  0
VERTEX
  5
1037
  8
T3_PROFILE_INSIDE_2
 10
2.095384093882238
 20
64.9283336571067
 30
0.0
  0
VERTEX
  5
1038
  8
T3_PROFILE_INSIDE_2
 10
2.089638628969209
 20
64.94130941490855
 30
0.0
  0
VERTEX
  5
1039
  8
T3_PROFILE_INSIDE_2
 10
2.084081015778555
 20
64.95476079728407
 30
0.0
  0
VERTEX
  5
103A
  8
T3_PROFILE_INSIDE_2
 10
2.078711254310273
 20
64.96868780423326
 30
0.0
  0
VERTEX
  5
103B
  8
T3_PROFILE_INSIDE_2
 10
2.073529344564366
 20
64.98309043575613
 30
0.0
  0
VERTEX
  5
103C
  8
T3_PROFILE_INSIDE_2
 10
2.068535286540833
 20
64.99796869185263
 30
0.0
  0
VERTEX
  5
103D
  8
T3_PROFILE_INSIDE_2
 10
2.063729080239673
 20
65.01332257252282
 30
0.0
  0
VERTEX
  5
103E
  8
T3_PROFILE_INSIDE_2
 10
2.059110725660887
 20
65.02915207776668
 30
0.0
  0
VERTEX
  5
103F
  8
T3_PROFILE_INSIDE_2
 10
2.054680222804476
 20
65.04545720758422
 30
0.0
  0
VERTEX
  5
1040
  8
T3_PROFILE_INSIDE_2
 10
2.050437571670437
 20
65.06223796197541
 30
0.0
  0
VERTEX
  5
1041
  8
T3_PROFILE_INSIDE_2
 10
2.042515824569482
 20
65.09722634447883
 30
0.0
  0
VERTEX
  5
1042
  8
T3_PROFILE_INSIDE_2
 10
2.035441408641788
 20
65.13363760385809
 30
0.0
  0
VERTEX
  5
1043
  8
T3_PROFILE_INSIDE_2
 10
2.02931024817112
 20
65.17099211869437
 30
0.0
  0
VERTEX
  5
1044
  8
T3_PROFILE_INSIDE_2
 10
2.024122343157477
 20
65.2092898889877
 30
0.0
  0
VERTEX
  5
1045
  8
T3_PROFILE_INSIDE_2
 10
2.01987769360086
 20
65.24853091473804
 30
0.0
  0
VERTEX
  5
1046
  8
T3_PROFILE_INSIDE_2
 10
2.01657629950127
 20
65.28871519594541
 30
0.0
  0
VERTEX
  5
1047
  8
T3_PROFILE_INSIDE_2
 10
2.014218160858705
 20
65.32984273260979
 30
0.0
  0
VERTEX
  5
1048
  8
T3_PROFILE_INSIDE_2
 10
2.012803277673166
 20
65.37191352473121
 30
0.0
  0
SEQEND
  5
1612
  8
T3_PROFILE_INSIDE_2
  0
POLYLINE
  5
8A
  8
T3_PROFILE_INSIDE_2
 66
     1
 10
0.0
 20
0.0
 30
0.0
 70
     1
  0
VERTEX
  5
1049
  8
T3_PROFILE_INSIDE_2
 10
0.783477625388036
 20
66.15878841814867
 30
0.0
  0
VERTEX
  5
104A
  8
T3_PROFILE_INSIDE_2
 10
1.772904637666344
 20
66.15878841814867
 30
0.0
  0
VERTEX
  5
104B
  8
T3_PROFILE_INSIDE_2
 10
1.772904637666344
 20
65.82625090109546
 30
0.0
  0
VERTEX
  5
104C
  8
T3_PROFILE_INSIDE_2
 10
1.102713641759114
 20
65.82625090109546
 30
0.0
  0
VERTEX
  5
104D
  8
T3_PROFILE_INSIDE_2
 10
1.066901909153384
 20
65.60114858185945
 30
0.0
  0
VERTEX
  5
104E
  8
T3_PROFILE_INSIDE_2
 10
1.084272198205225
 20
65.60907832265072
 30
0.0
  0
VERTEX
  5
104F
  8
T3_PROFILE_INSIDE_2
 10
1.101594525115185
 20
65.6164964672619
 30
0.0
  0
VERTEX
  5
1050
  8
T3_PROFILE_INSIDE_2
 10
1.118868889883261
 20
65.623403015693
 30
0.0
  0
VERTEX
  5
1051
  8
T3_PROFILE_INSIDE_2
 10
1.136095292509455
 20
65.62979796794403
 30
0.0
  0
VERTEX
  5
1052
  8
T3_PROFILE_INSIDE_2
 10
1.153273732993766
 20
65.63568132401498
 30
0.0
  0
VERTEX
  5
1053
  8
T3_PROFILE_INSIDE_2
 10
1.170404211336194
 20
65.64105308390585
 30
0.0
  0
VERTEX
  5
1054
  8
T3_PROFILE_INSIDE_2
 10
1.18748672753674
 20
65.64591324761662
 30
0.0
  0
VERTEX
  5
1055
  8
T3_PROFILE_INSIDE_2
 10
1.204521281595403
 20
65.6502618151473
 30
0.0
  0
VERTEX
  5
1056
  8
T3_PROFILE_INSIDE_2
 10
1.221507873512183
 20
65.65409878649791
 30
0.0
  0
VERTEX
  5
1057
  8
T3_PROFILE_INSIDE_2
 10
1.238446503287081
 20
65.65742416166844
 30
0.0
  0
VERTEX
  5
1058
  8
T3_PROFILE_INSIDE_2
 10
1.255337170920096
 20
65.6602379406589
 30
0.0
  0
VERTEX
  5
1059
  8
T3_PROFILE_INSIDE_2
 10
1.272179876411228
 20
65.66254012346927
 30
0.0
  0
VERTEX
  5
105A
  8
T3_PROFILE_INSIDE_2
 10
1.288974619760478
 20
65.66433071009956
 30
0.0
  0
VERTEX
  5
105B
  8
T3_PROFILE_INSIDE_2
 10
1.305721400967845
 20
65.66560970054977
 30
0.0
  0
VERTEX
  5
105C
  8
T3_PROFILE_INSIDE_2
 10
1.322420220033329
 20
65.6663770948199
 30
0.0
  0
VERTEX
  5
105D
  8
T3_PROFILE_INSIDE_2
 10
1.339071076956931
 20
65.66663289290993
 30
0.0
  0
VERTEX
  5
105E
  8
T3_PROFILE_INSIDE_2
 10
1.366877128713411
 20
65.66610131250407
 30
0.0
  0
VERTEX
  5
105F
  8
T3_PROFILE_INSIDE_2
 10
1.394019704173848
 20
65.66450657128647
 30
0.0
  0
VERTEX
  5
1060
  8
T3_PROFILE_INSIDE_2
 10
1.42049880333824
 20
65.66184866925713
 30
0.0
  0
VERTEX
  5
1061
  8
T3_PROFILE_INSIDE_2
 10
1.44631442620659
 20
65.65812760641607
 30
0.0
  0
VERTEX
  5
1062
  8
T3_PROFILE_INSIDE_2
 10
1.471466572778895
 20
65.65334338276327
 30
0.0
  0
VERTEX
  5
1063
  8
T3_PROFILE_INSIDE_2
 10
1.495955243055157
 20
65.64749599829875
 30
0.0
  0
VERTEX
  5
1064
  8
T3_PROFILE_INSIDE_2
 10
1.507950774582272
 20
65.64417362076207
 30
0.0
  0
VERTEX
  5
1065
  8
T3_PROFILE_INSIDE_2
 10
1.519780437035376
 20
65.64058545302248
 30
0.0
  0
VERTEX
  5
1066
  8
T3_PROFILE_INSIDE_2
 10
1.531444230414468
 20
65.63673149507994
 30
0.0
  0
VERTEX
  5
1067
  8
T3_PROFILE_INSIDE_2
 10
1.54294215471955
 20
65.63261174693449
 30
0.0
  0
VERTEX
  5
1068
  8
T3_PROFILE_INSIDE_2
 10
1.554274209950621
 20
65.62822620858609
 30
0.0
  0
VERTEX
  5
1069
  8
T3_PROFILE_INSIDE_2
 10
1.565440396107681
 20
65.62357488003474
 30
0.0
  0
VERTEX
  5
106A
  8
T3_PROFILE_INSIDE_2
 10
1.57644071319073
 20
65.61865776128047
 30
0.0
  0
VERTEX
  5
106B
  8
T3_PROFILE_INSIDE_2
 10
1.587275161199769
 20
65.6134748523233
 30
0.0
  0
VERTEX
  5
106C
  8
T3_PROFILE_INSIDE_2
 10
1.597943740134796
 20
65.60802615316317
 30
0.0
  0
VERTEX
  5
106D
  8
T3_PROFILE_INSIDE_2
 10
1.608446449995812
 20
65.60231166380011
 30
0.0
  0
VERTEX
  5
106E
  8
T3_PROFILE_INSIDE_2
 10
1.618783290782818
 20
65.59633138423412
 30
0.0
  0
VERTEX
  5
106F
  8
T3_PROFILE_INSIDE_2
 10
1.628954262495812
 20
65.59008531446518
 30
0.0
  0
VERTEX
  5
1070
  8
T3_PROFILE_INSIDE_2
 10
1.638959365134796
 20
65.5835734544933
 30
0.0
  0
VERTEX
  5
1071
  8
T3_PROFILE_INSIDE_2
 10
1.648798598699769
 20
65.57679580431851
 30
0.0
  0
VERTEX
  5
1072
  8
T3_PROFILE_INSIDE_2
 10
1.65847196319073
 20
65.56975236394078
 30
0.0
  0
VERTEX
  5
1073
  8
T3_PROFILE_INSIDE_2
 10
1.667979458607681
 20
65.56244313336012
 30
0.0
  0
VERTEX
  5
1074
  8
T3_PROFILE_INSIDE_2
 10
1.677321084950621
 20
65.55486811257651
 30
0.0
  0
VERTEX
  5
1075
  8
T3_PROFILE_INSIDE_2
 10
1.68649684221955
 20
65.54702730158999
 30
0.0
  0
VERTEX
  5
1076
  8
T3_PROFILE_INSIDE_2
 10
1.695506730414468
 20
65.53892070040054
 30
0.0
  0
VERTEX
  5
1077
  8
T3_PROFILE_INSIDE_2
 10
1.704350749535376
 20
65.53054830900815
 30
0.0
  0
VERTEX
  5
1078
  8
T3_PROFILE_INSIDE_2
 10
1.721325350916685
 20
65.51326195370461
 30
0.0
  0
VERTEX
  5
1079
  8
T3_PROFILE_INSIDE_2
 10
1.737204816725007
 20
65.49542403376941
 30
0.0
  0
VERTEX
  5
107A
  8
T3_PROFILE_INSIDE_2
 10
1.751989146960341
 20
65.47703454920256
 30
0.0
  0
VERTEX
  5
107B
  8
T3_PROFILE_INSIDE_2
 10
1.758970636238138
 20
65.46763297018227
 30
0.0
  0
VERTEX
  5
107C
  8
T3_PROFILE_INSIDE_2
 10
1.765678341622688
 20
65.45809350000405
 30
0.0
  0
VERTEX
  5
107D
  8
T3_PROFILE_INSIDE_2
 10
1.772112263113991
 20
65.44841613866795
 30
0.0
  0
VERTEX
  5
107E
  8
T3_PROFILE_INSIDE_2
 10
1.778272400712047
 20
65.43860088617392
 30
0.0
  0
VERTEX
  5
107F
  8
T3_PROFILE_INSIDE_2
 10
1.784158754416856
 20
65.42864774252197
 30
0.0
  0
VERTEX
  5
1080
  8
T3_PROFILE_INSIDE_2
 10
1.789771324228418
 20
65.4185567077121
 30
0.0
  0
VERTEX
  5
1081
  8
T3_PROFILE_INSIDE_2
 10
1.795110110146733
 20
65.40832778174433
 30
0.0
  0
VERTEX
  5
1082
  8
T3_PROFILE_INSIDE_2
 10
1.800175112171801
 20
65.39796096461865
 30
0.0
  0
VERTEX
  5
1083
  8
T3_PROFILE_INSIDE_2
 10
1.804966330303623
 20
65.38745625633507
 30
0.0
  0
VERTEX
  5
1084
  8
T3_PROFILE_INSIDE_2
 10
1.809483764542197
 20
65.37681365689355
 30
0.0
  0
VERTEX
  5
1085
  8
T3_PROFILE_INSIDE_2
 10
1.813727414887524
 20
65.36603316629413
 30
0.0
  0
VERTEX
  5
1086
  8
T3_PROFILE_INSIDE_2
 10
1.817697281339605
 20
65.3551147845368
 30
0.0
  0
VERTEX
  5
1087
  8
T3_PROFILE_INSIDE_2
 10
1.821393363898438
 20
65.34405851162155
 30
0.0
  0
VERTEX
  5
1088
  8
T3_PROFILE_INSIDE_2
 10
1.824815662564025
 20
65.33286434754838
 30
0.0
  0
VERTEX
  5
1089
  8
T3_PROFILE_INSIDE_2
 10
1.830838908215457
 20
65.31006234592833
 30
0.0
  0
VERTEX
  5
108A
  8
T3_PROFILE_INSIDE_2
 10
1.835767018293902
 20
65.28670877967663
 30
0.0
  0
VERTEX
  5
108B
  8
T3_PROFILE_INSIDE_2
 10
1.839599992799359
 20
65.2628036487933
 30
0.0
  0
VERTEX
  5
108C
  8
T3_PROFILE_INSIDE_2
 10
1.842337831731829
 20
65.23834695327827
 30
0.0
  0
VERTEX
  5
108D
  8
T3_PROFILE_INSIDE_2
 10
1.84398053509131
 20
65.21333869313162
 30
0.0
  0
VERTEX
  5
108E
  8
T3_PROFILE_INSIDE_2
 10
1.844528102877804
 20
65.18777886835332
 30
0.0
  0
VERTEX
  5
108F
  8
T3_PROFILE_INSIDE_2
 10
1.844246325294243
 20
65.16966116925713
 30
0.0
  0
VERTEX
  5
1090
  8
T3_PROFILE_INSIDE_2
 10
1.843400992543561
 20
65.15163140075441
 30
0.0
  0
VERTEX
  5
1091
  8
T3_PROFILE_INSIDE_2
 10
1.841992104625758
 20
65.13368956284512
 30
0.0
  0
VERTEX
  5
1092
  8
T3_PROFILE_INSIDE_2
 10
1.840019661540833
 20
65.11583565552931
 30
0.0
  0
VERTEX
  5
1093
  8
T3_PROFILE_INSIDE_2
 10
1.837483663288786
 20
65.09806967880692
 30
0.0
  0
VERTEX
  5
1094
  8
T3_PROFILE_INSIDE_2
 10
1.834384109869619
 20
65.080391632678
 30
0.0
  0
VERTEX
  5
1095
  8
T3_PROFILE_INSIDE_2
 10
1.830721001283329
 20
65.06280151714253
 30
0.0
  0
VERTEX
  5
1096
  8
T3_PROFILE_INSIDE_2
 10
1.826494337529919
 20
65.04529933220051
 30
0.0
  0
VERTEX
  5
1097
  8
T3_PROFILE_INSIDE_2
 10
1.821704118609387
 20
65.02788507785195
 30
0.0
  0
VERTEX
  5
1098
  8
T3_PROFILE_INSIDE_2
 10
1.816350344521733
 20
65.01055875409683
 30
0.0
  0
VERTEX
  5
1099
  8
T3_PROFILE_INSIDE_2
 10
1.810433015266958
 20
64.99332036093517
 30
0.0
  0
VERTEX
  5
109A
  8
T3_PROFILE_INSIDE_2
 10
1.803952130845062
 20
64.97616989836695
 30
0.0
  0
VERTEX
  5
109B
  8
T3_PROFILE_INSIDE_2
 10
1.796907691256044
 20
64.9591073663922
 30
0.0
  0
VERTEX
  5
109C
  8
T3_PROFILE_INSIDE_2
 10
1.789299696499905
 20
64.94213276501088
 30
0.0
  0
VERTEX
  5
109D
  8
T3_PROFILE_INSIDE_2
 10
1.781128146576644
 20
64.92524609422304
 30
0.0
  0
VERTEX
  5
109E
  8
T3_PROFILE_INSIDE_2
 10
1.772393041486263
 20
64.90844735402862
 30
0.0
  0
VERTEX
  5
109F
  8
T3_PROFILE_INSIDE_2
 10
1.763140344948063
 20
64.89194038353065
 30
0.0
  0
VERTEX
  5
10A0
  8
T3_PROFILE_INSIDE_2
 10
1.753416020681351
 20
64.87592902183215
 30
0.0
  0
VERTEX
  5
10A1
  8
T3_PROFILE_INSIDE_2
 10
1.743220068686126
 20
64.86041326893312
 30
0.0
  0
VERTEX
  5
10A2
  8
T3_PROFILE_INSIDE_2
 10
1.732552488962388
 20
64.84539312483352
 30
0.0
  0
VERTEX
  5
10A3
  8
T3_PROFILE_INSIDE_2
 10
1.721413281510137
 20
64.8308685895334
 30
0.0
  0
VERTEX
  5
10A4
  8
T3_PROFILE_INSIDE_2
 10
1.709802446329373
 20
64.81683966303271
 30
0.0
  0
VERTEX
  5
10A5
  8
T3_PROFILE_INSIDE_2
 10
1.697719983420096
 20
64.80330634533149
 30
0.0
  0
VERTEX
  5
10A6
  8
T3_PROFILE_INSIDE_2
 10
1.685165892782306
 20
64.79026863642972
 30
0.0
  0
VERTEX
  5
10A7
  8
T3_PROFILE_INSIDE_2
 10
1.672140174416003
 20
64.77772653632738
 30
0.0
  0
VERTEX
  5
10A8
  8
T3_PROFILE_INSIDE_2
 10
1.658642828321187
 20
64.76568004502451
 30
0.0
  0
VERTEX
  5
10A9
  8
T3_PROFILE_INSIDE_2
 10
1.644673854497858
 20
64.75412916252111
 30
0.0
  0
VERTEX
  5
10AA
  8
T3_PROFILE_INSIDE_2
 10
1.630233252946017
 20
64.74307388881715
 30
0.0
  0
VERTEX
  5
10AB
  8
T3_PROFILE_INSIDE_2
 10
1.615321023665662
 20
64.73251422391266
 30
0.0
  0
VERTEX
  5
10AC
  8
T3_PROFILE_INSIDE_2
 10
1.599937166656794
 20
64.72245016780761
 30
0.0
  0
VERTEX
  5
10AD
  8
T3_PROFILE_INSIDE_2
 10
1.584081681919414
 20
64.71288172050203
 30
0.0
  0
VERTEX
  5
10AE
  8
T3_PROFILE_INSIDE_2
 10
1.56775456945352
 20
64.70380888199588
 30
0.0
  0
VERTEX
  5
10AF
  8
T3_PROFILE_INSIDE_2
 10
1.550901871849496
 20
64.6952596302053
 30
0.0
  0
VERTEX
  5
10B0
  8
T3_PROFILE_INSIDE_2
 10
1.533469631697722
 20
64.68726194304637
 30
0.0
  0
VERTEX
  5
10B1
  8
T3_PROFILE_INSIDE_2
 10
1.515457848998199
 20
64.67981582051907
 30
0.0
  0
VERTEX
  5
10B2
  8
T3_PROFILE_INSIDE_2
 10
1.496866523750928
 20
64.67292126262345
 30
0.0
  0
VERTEX
  5
10B3
  8
T3_PROFILE_INSIDE_2
 10
1.477695655955908
 20
64.66657826935946
 30
0.0
  0
VERTEX
  5
10B4
  8
T3_PROFILE_INSIDE_2
 10
1.457945245613138
 20
64.66078684072713
 30
0.0
  0
VERTEX
  5
10B5
  8
T3_PROFILE_INSIDE_2
 10
1.43761529272262
 20
64.65554697672644
 30
0.0
  0
VERTEX
  5
10B6
  8
T3_PROFILE_INSIDE_2
 10
1.416705797284352
 20
64.6508586773574
 30
0.0
  0
VERTEX
  5
10B7
  8
T3_PROFILE_INSIDE_2
 10
1.395216759298336
 20
64.64672194262002
 30
0.0
  0
VERTEX
  5
10B8
  8
T3_PROFILE_INSIDE_2
 10
1.373148178764571
 20
64.64313677251431
 30
0.0
  0
VERTEX
  5
10B9
  8
T3_PROFILE_INSIDE_2
 10
1.350500055683056
 20
64.64010316704022
 30
0.0
  0
VERTEX
  5
10BA
  8
T3_PROFILE_INSIDE_2
 10
1.327272390053793
 20
64.63762112619779
 30
0.0
  0
VERTEX
  5
10BB
  8
T3_PROFILE_INSIDE_2
 10
1.303465181876781
 20
64.635690649987
 30
0.0
  0
VERTEX
  5
10BC
  8
T3_PROFILE_INSIDE_2
 10
1.27907843115202
 20
64.63431173840787
 30
0.0
  0
VERTEX
  5
10BD
  8
T3_PROFILE_INSIDE_2
 10
1.254112137879509
 20
64.6334843914604
 30
0.0
  0
VERTEX
  5
10BE
  8
T3_PROFILE_INSIDE_2
 10
1.22856630205925
 20
64.63320860914457
 30
0.0
  0
VERTEX
  5
10BF
  8
T3_PROFILE_INSIDE_2
 10
1.192139055299359
 20
64.63364826211182
 30
0.0
  0
VERTEX
  5
10C0
  8
T3_PROFILE_INSIDE_2
 10
1.157038761131556
 20
64.6349672210136
 30
0.0
  0
VERTEX
  5
10C1
  8
T3_PROFILE_INSIDE_2
 10
1.123265419555839
 20
64.63716548584989
 30
0.0
  0
VERTEX
  5
10C2
  8
T3_PROFILE_INSIDE_2
 10
1.090819030572211
 20
64.6402430566207
 30
0.0
  0
VERTEX
  5
10C3
  8
T3_PROFILE_INSIDE_2
 10
1.059699594180669
 20
64.64419993332604
 30
0.0
  0
VERTEX
  5
10C4
  8
T3_PROFILE_INSIDE_2
 10
1.029907110381215
 20
64.64903611596586
 30
0.0
  0
VERTEX
  5
10C5
  8
T3_PROFILE_INSIDE_2
 10
1.001441579173847
 20
64.65475160454022
 30
0.0
  0
VERTEX
  5
10C6
  8
T3_PROFILE_INSIDE_2
 10
0.974303000558568
 20
64.66134639904908
 30
0.0
  0
VERTEX
  5
10C7
  8
T3_PROFILE_INSIDE_2
 10
0.9483235070387862
 20
64.66881250580215
 30
0.0
  0
VERTEX
  5
10C8
  8
T3_PROFILE_INSIDE_2
 10
0.9233352311179132
 20
64.6771419311091
 30
0.0
  0
VERTEX
  5
10C9
  8
T3_PROFILE_INSIDE_2
 10
0.8993381727959486
 20
64.68633467496996
 30
0.0
  0
VERTEX
  5
10CA
  8
T3_PROFILE_INSIDE_2
 10
0.8763323320728927
 20
64.69639073738469
 30
0.0
  0
VERTEX
  5
10CB
  8
T3_PROFILE_INSIDE_2
 10
0.8652011183109554
 20
64.70174251304977
 30
0.0
  0
VERTEX
  5
10CC
  8
T3_PROFILE_INSIDE_2
 10
0.8543177089487453
 20
64.7073101183533
 30
0.0
  0
VERTEX
  5
10CD
  8
T3_PROFILE_INSIDE_2
 10
0.8436821039862623
 20
64.71309355329532
 30
0.0
  0
VERTEX
  5
10CE
  8
T3_PROFILE_INSIDE_2
 10
0.8332943034235065
 20
64.71909281787582
 30
0.0
  0
VERTEX
  5
10CF
  8
T3_PROFILE_INSIDE_2
 10
0.8231543072604779
 20
64.72530791209479
 30
0.0
  0
VERTEX
  5
10D0
  8
T3_PROFILE_INSIDE_2
 10
0.8132621154971764
 20
64.73173883595223
 30
0.0
  0
VERTEX
  5
10D1
  8
T3_PROFILE_INSIDE_2
 10
0.8036177281336021
 20
64.73838558944814
 30
0.0
  0
VERTEX
  5
10D2
  8
T3_PROFILE_INSIDE_2
 10
0.794221145169755
 20
64.7452481725825
 30
0.0
  0
VERTEX
  5
10D3
  8
T3_PROFILE_INSIDE_2
 10
0.7761154366090455
 20
64.75942098550883
 30
0.0
  0
VERTEX
  5
10D4
  8
T3_PROFILE_INSIDE_2
 10
0.7588890339828518
 20
64.77405743247337
 30
0.0
  0
VERTEX
  5
10D5
  8
T3_PROFILE_INSIDE_2
 10
0.7425419372911737
 20
64.78915751347608
 30
0.0
  0
VERTEX
  5
10D6
  8
T3_PROFILE_INSIDE_2
 10
0.7270741465340114
 20
64.80472122851702
 30
0.0
  0
VERTEX
  5
10D7
  8
T3_PROFILE_INSIDE_2
 10
0.7124856617113646
 20
64.82074857759613
 30
0.0
  0
VERTEX
  5
10D8
  8
T3_PROFILE_INSIDE_2
 10
0.6987764828232337
 20
64.83723956071347
 30
0.0
  0
VERTEX
  5
10D9
  8
T3_PROFILE_INSIDE_2
 10
0.6859466098696184
 20
64.85419417786898
 30
0.0
  0
VERTEX
  5
10DA
  8
T3_PROFILE_INSIDE_2
 10
0.6739960428505188
 20
64.87161242906272
 30
0.0
  0
VERTEX
  5
10DB
  8
T3_PROFILE_INSIDE_2
 10
0.6627249395080904
 20
64.8898060682169
 30
0.0
  0
VERTEX
  5
10DC
  8
T3_PROFILE_INSIDE_2
 10
0.6519334575844888
 20
64.90908684925373
 30
0.0
  0
VERTEX
  5
10DD
  8
T3_PROFILE_INSIDE_2
 10
0.641621597079714
 20
64.92945477217323
 30
0.0
  0
VERTEX
  5
10DE
  8
T3_PROFILE_INSIDE_2
 10
0.6317893579937658
 20
64.9509098369754
 30
0.0
  0
VERTEX
  5
10DF
  8
T3_PROFILE_INSIDE_2
 10
0.6224367403266443
 20
64.97345204366027
 30
0.0
  0
VERTEX
  5
10E0
  8
T3_PROFILE_INSIDE_2
 10
0.6135637440783497
 20
64.9970813922278
 30
0.0
  0
VERTEX
  5
10E1
  8
T3_PROFILE_INSIDE_2
 10
0.6051703692488818
 20
65.021797882678
 30
0.0
  0
VERTEX
  5
10E2
  8
T3_PROFILE_INSIDE_2
 10
0.5972566158382406
 20
65.04760151501088
 30
0.0
  0
VERTEX
  5
10E3
  8
T3_PROFILE_INSIDE_2
 10
1.018811868225689
 20
65.09364517121826
 30
0.0
  0
VERTEX
  5
10E4
  8
T3_PROFILE_INSIDE_2
 10
1.020890227707272
 20
65.08117301590617
 30
0.0
  0
VERTEX
  5
10E5
  8
T3_PROFILE_INSIDE_2
 10
1.023288334801406
 20
65.069080560884
 30
0.0
  0
VERTEX
  5
10E6
  8
T3_PROFILE_INSIDE_2
 10
1.026006189508091
 20
65.05736780615175
 30
0.0
  0
VERTEX
  5
10E7
  8
T3_PROFILE_INSIDE_2
 10
1.029043791827327
 20
65.04603475170939
 30
0.0
  0
VERTEX
  5
10E8
  8
T3_PROFILE_INSIDE_2
 10
1.032401141759114
 20
65.03508139755692
 30
0.0
  0
VERTEX
  5
10E9
  8
T3_PROFILE_INSIDE_2
 10
1.036078239303452
 20
65.02450774369436
 30
0.0
  0
VERTEX
  5
10EA
  8
T3_PROFILE_INSIDE_2
 10
1.040075084460341
 20
65.01431379012172
 30
0.0
  0
VERTEX
  5
10EB
  8
T3_PROFILE_INSIDE_2
 10
1.044391677229782
 20
65.00449953683898
 30
0.0
  0
VERTEX
  5
10EC
  8
T3_PROFILE_INSIDE_2
 10
1.049028017611774
 20
64.99506498384613
 30
0.0
  0
VERTEX
  5
10ED
  8
T3_PROFILE_INSIDE_2
 10
1.053984105606317
 20
64.9860101311432
 30
0.0
  0
VERTEX
  5
10EE
  8
T3_PROFILE_INSIDE_2
 10
1.059259941213411
 20
64.97733497873018
 30
0.0
  0
VERTEX
  5
10EF
  8
T3_PROFILE_INSIDE_2
 10
1.064855524433057
 20
64.96903952660706
 30
0.0
  0
VERTEX
  5
10F0
  8
T3_PROFILE_INSIDE_2
 10
1.070770855265253
 20
64.96112377477384
 30
0.0
  0
VERTEX
  5
10F1
  8
T3_PROFILE_INSIDE_2
 10
1.077005933710001
 20
64.95358772323053
 30
0.0
  0
VERTEX
  5
10F2
  8
T3_PROFILE_INSIDE_2
 10
1.083560759767299
 20
64.94643137197711
 30
0.0
  0
VERTEX
  5
10F3
  8
T3_PROFILE_INSIDE_2
 10
1.090435333437149
 20
64.93965472101361
 30
0.0
  0
VERTEX
  5
10F4
  8
T3_PROFILE_INSIDE_2
 10
1.097553714661569
 20
64.93327375772064
 30
0.0
  0
VERTEX
  5
10F5
  8
T3_PROFILE_INSIDE_2
 10
1.104839963382579
 20
64.92730446947883
 30
0.0
  0
VERTEX
  5
10F6
  8
T3_PROFILE_INSIDE_2
 10
1.112294079600177
 20
64.92174685628817
 30
0.0
  0
VERTEX
  5
10F7
  8
T3_PROFILE_INSIDE_2
 10
1.119916063314366
 20
64.91660091814867
 30
0.0
  0
VERTEX
  5
10F8
  8
T3_PROFILE_INSIDE_2
 10
1.127705914525143
 20
64.91186665506035
 30
0.0
  0
VERTEX
  5
10F9
  8
T3_PROFILE_INSIDE_2
 10
1.135663633232511
 20
64.90754406702317
 30
0.0
  0
VERTEX
  5
10FA
  8
T3_PROFILE_INSIDE_2
 10
1.143789219436467
 20
64.90363315403715
 30
0.0
  0
VERTEX
  5
10FB
  8
T3_PROFILE_INSIDE_2
 10
1.152082673137013
 20
64.90013391610229
 30
0.0
  0
VERTEX
  5
10FC
  8
T3_PROFILE_INSIDE_2
 10
1.160543994334148
 20
64.8970463532186
 30
0.0
  0
VERTEX
  5
10FD
  8
T3_PROFILE_INSIDE_2
 10
1.169173183027872
 20
64.89437046538606
 30
0.0
  0
VERTEX
  5
10FE
  8
T3_PROFILE_INSIDE_2
 10
1.177970239218186
 20
64.89210625260468
 30
0.0
  0
VERTEX
  5
10FF
  8
T3_PROFILE_INSIDE_2
 10
1.186935162905089
 20
64.89025371487446
 30
0.0
  0
VERTEX
  5
1100
  8
T3_PROFILE_INSIDE_2
 10
1.196067954088581
 20
64.8888128521954
 30
0.0
  0
VERTEX
  5
1101
  8
T3_PROFILE_INSIDE_2
 10
1.205368612768663
 20
64.88778366456751
 30
0.0
  0
VERTEX
  5
1102
  8
T3_PROFILE_INSIDE_2
 10
1.214837138945335
 20
64.88716615199075
 30
0.0
  0
VERTEX
  5
1103
  8
T3_PROFILE_INSIDE_2
 10
1.224473532618595
 20
64.88696031446518
 30
0.0
  0
VERTEX
  5
1104
  8
T3_PROFILE_INSIDE_2
 10
1.235227044513207
 20
64.88721811097781
 30
0.0
  0
VERTEX
  5
1105
  8
T3_PROFILE_INSIDE_2
 10
1.245744742543561
 20
64.88799150051567
 30
0.0
  0
VERTEX
  5
1106
  8
T3_PROFILE_INSIDE_2
 10
1.25602662670966
 20
64.88928048307876
 30
0.0
  0
VERTEX
  5
1107
  8
T3_PROFILE_INSIDE_2
 10
1.266072697011501
 20
64.8910850586671
 30
0.0
  0
VERTEX
  5
1108
  8
T3_PROFILE_INSIDE_2
 10
1.275882953449087
 20
64.89340522728067
 30
0.0
  0
VERTEX
  5
1109
  8
T3_PROFILE_INSIDE_2
 10
1.285457396022415
 20
64.89624098891949
 30
0.0
  0
VERTEX
  5
110A
  8
T3_PROFILE_INSIDE_2
 10
1.294796024731488
 20
64.89959234358354
 30
0.0
  0
VERTEX
  5
110B
  8
T3_PROFILE_INSIDE_2
 10
1.303898839576303
 20
64.90345929127282
 30
0.0
  0
VERTEX
  5
110C
  8
T3_PROFILE_INSIDE_2
 10
1.312765840556863
 20
64.90784183198735
 30
0.0
  0
VERTEX
  5
110D
  8
T3_PROFILE_INSIDE_2
 10
1.321397027673166
 20
64.91273996572711
 30
0.0
  0
VERTEX
  5
110E
  8
T3_PROFILE_INSIDE_2
 10
1.329792400925212
 20
64.91815369249213
 30
0.0
  0
VERTEX
  5
110F
  8
T3_PROFILE_INSIDE_2
 10
1.337951960313002
 20
64.92408301228237
 30
0.0
  0
VERTEX
  5
1110
  8
T3_PROFILE_INSIDE_2
 10
1.345875705836535
 20
64.93052792509785
 30
0.0
  0
VERTEX
  5
1111
  8
T3_PROFILE_INSIDE_2
 10
1.353563637495812
 20
64.93748843093859
 30
0.0
  0
VERTEX
  5
1112
  8
T3_PROFILE_INSIDE_2
 10
1.361015755290833
 20
64.94496452980455
 30
0.0
  0
VERTEX
  5
1113
  8
T3_PROFILE_INSIDE_2
 10
1.368232059221597
 20
64.95295622169574
 30
0.0
  0
VERTEX
  5
1114
  8
T3_PROFILE_INSIDE_2
 10
1.375108631314025
 20
64.96145950976702
 30
0.0
  0
VERTEX
  5
1115
  8
T3_PROFILE_INSIDE_2
 10
1.381541553594039
 20
64.97047039717324
 30
0.0
  0
VERTEX
  5
1116
  8
T3_PROFILE_INSIDE_2
 10
1.387530826061637
 20
64.97998888391439
 30
0.0
  0
VERTEX
  5
1117
  8
T3_PROFILE_INSIDE_2
 10
1.393076448716822
 20
64.99001496999043
 30
0.0
  0
VERTEX
  5
1118
  8
T3_PROFILE_INSIDE_2
 10
1.398178421559591
 20
65.00054865540142
 30
0.0
  0
VERTEX
  5
1119
  8
T3_PROFILE_INSIDE_2
 10
1.402836744589946
 20
65.01158994014733
 30
0.0
  0
VERTEX
  5
111A
  8
T3_PROFILE_INSIDE_2
 10
1.407051417807886
 20
65.02313882422817
 30
0.0
  0
VERTEX
  5
111B
  8
T3_PROFILE_INSIDE_2
 10
1.410822441213411
 20
65.0351953076439
 30
0.0
  0
VERTEX
  5
111C
  8
T3_PROFILE_INSIDE_2
 10
1.414149814806521
 20
65.04775939039459
 30
0.0
  0
VERTEX
  5
111D
  8
T3_PROFILE_INSIDE_2
 10
1.417033538587217
 20
65.0608310724802
 30
0.0
  0
VERTEX
  5
111E
  8
T3_PROFILE_INSIDE_2
 10
1.419473612555498
 20
65.07441035390073
 30
0.0
  0
VERTEX
  5
111F
  8
T3_PROFILE_INSIDE_2
 10
1.421470036711365
 20
65.08849723465619
 30
0.0
  0
VERTEX
  5
1120
  8
T3_PROFILE_INSIDE_2
 10
1.423022811054816
 20
65.10309171474657
 30
0.0
  0
VERTEX
  5
1121
  8
T3_PROFILE_INSIDE_2
 10
1.424131935585853
 20
65.11819379417187
 30
0.0
  0
VERTEX
  5
1122
  8
T3_PROFILE_INSIDE_2
 10
1.424797410304475
 20
65.1338034729321
 30
0.0
  0
VERTEX
  5
1123
  8
T3_PROFILE_INSIDE_2
 10
1.425019235210683
 20
65.14992075102725
 30
0.0
  0
VERTEX
  5
1124
  8
T3_PROFILE_INSIDE_2
 10
1.424795411881897
 20
65.16639574676395
 30
0.0
  0
VERTEX
  5
1125
  8
T3_PROFILE_INSIDE_2
 10
1.424123941895539
 20
65.18231118417869
 30
0.0
  0
VERTEX
  5
1126
  8
T3_PROFILE_INSIDE_2
 10
1.42300482525161
 20
65.19766706327147
 30
0.0
  0
VERTEX
  5
1127
  8
T3_PROFILE_INSIDE_2
 10
1.421438061950109
 20
65.21246338404227
 30
0.0
  0
VERTEX
  5
1128
  8
T3_PROFILE_INSIDE_2
 10
1.419423651991037
 20
65.22670014649111
 30
0.0
  0
VERTEX
  5
1129
  8
T3_PROFILE_INSIDE_2
 10
1.416961595374393
 20
65.24037735061798
 30
0.0
  0
VERTEX
  5
112A
  8
T3_PROFILE_INSIDE_2
 10
1.414051892100178
 20
65.25349499642289
 30
0.0
  0
VERTEX
  5
112B
  8
T3_PROFILE_INSIDE_2
 10
1.410694542168391
 20
65.26605308390583
 30
0.0
  0
VERTEX
  5
112C
  8
T3_PROFILE_INSIDE_2
 10
1.406889545579032
 20
65.27805161306682
 30
0.0
  0
VERTEX
  5
112D
  8
T3_PROFILE_INSIDE_2
 10
1.402636902332101
 20
65.28949058390583
 30
0.0
  0
VERTEX
  5
112E
  8
T3_PROFILE_INSIDE_2
 10
1.397936612427599
 20
65.30036999642287
 30
0.0
  0
VERTEX
  5
112F
  8
T3_PROFILE_INSIDE_2
 10
1.392788675865526
 20
65.31068985061798
 30
0.0
  0
VERTEX
  5
1130
  8
T3_PROFILE_INSIDE_2
 10
1.38719309264588
 20
65.32045014649111
 30
0.0
  0
VERTEX
  5
1131
  8
T3_PROFILE_INSIDE_2
 10
1.381149862768664
 20
65.32965088404227
 30
0.0
  0
VERTEX
  5
1132
  8
T3_PROFILE_INSIDE_2
 10
1.374658986233875
 20
65.33829206327147
 30
0.0
  0
VERTEX
  5
1133
  8
T3_PROFILE_INSIDE_2
 10
1.367720463041515
 20
65.34637368417869
 30
0.0
  0
VERTEX
  5
1134
  8
T3_PROFILE_INSIDE_2
 10
1.360410233249564
 20
65.35393171837036
 30
0.0
  0
VERTEX
  5
1135
  8
T3_PROFILE_INSIDE_2
 10
1.352804236916003
 20
65.3610021374529
 30
0.0
  0
VERTEX
  5
1136
  8
T3_PROFILE_INSIDE_2
 10
1.344902474040833
 20
65.3675849414263
 30
0.0
  0
VERTEX
  5
1137
  8
T3_PROFILE_INSIDE_2
 10
1.336704944624052
 20
65.37368013029055
 30
0.0
  0
VERTEX
  5
1138
  8
T3_PROFILE_INSIDE_2
 10
1.328211648665662
 20
65.37928770404568
 30
0.0
  0
VERTEX
  5
1139
  8
T3_PROFILE_INSIDE_2
 10
1.319422586165662
 20
65.38440766269164
 30
0.0
  0
VERTEX
  5
113A
  8
T3_PROFILE_INSIDE_2
 10
1.310337757124052
 20
65.38904000622848
 30
0.0
  0
VERTEX
  5
113B
  8
T3_PROFILE_INSIDE_2
 10
1.300957161540833
 20
65.39318473465617
 30
0.0
  0
VERTEX
  5
113C
  8
T3_PROFILE_INSIDE_2
 10
1.291280799416003
 20
65.39684184797473
 30
0.0
  0
VERTEX
  5
113D
  8
T3_PROFILE_INSIDE_2
 10
1.281308670749564
 20
65.40001134618414
 30
0.0
  0
VERTEX
  5
113E
  8
T3_PROFILE_INSIDE_2
 10
1.271040775541515
 20
65.40269322928442
 30
0.0
  0
VERTEX
  5
113F
  8
T3_PROFILE_INSIDE_2
 10
1.260477113791856
 20
65.40488749727554
 30
0.0
  0
VERTEX
  5
1140
  8
T3_PROFILE_INSIDE_2
 10
1.249617685500587
 20
65.40659415015753
 30
0.0
  0
VERTEX
  5
1141
  8
T3_PROFILE_INSIDE_2
 10
1.238462490667708
 20
65.40781318793039
 30
0.0
  0
VERTEX
  5
1142
  8
T3_PROFILE_INSIDE_2
 10
1.22701152929322
 20
65.4085446105941
 30
0.0
  0
VERTEX
  5
1143
  8
T3_PROFILE_INSIDE_2
 10
1.215264801377122
 20
65.40878841814867
 30
0.0
  0
VERTEX
  5
1144
  8
T3_PROFILE_INSIDE_2
 10
1.200236663587217
 20
65.40832478411048
 30
0.0
  0
VERTEX
  5
1145
  8
T3_PROFILE_INSIDE_2
 10
1.185336424842333
 20
65.40693388199588
 30
0.0
  0
VERTEX
  5
1146
  8
T3_PROFILE_INSIDE_2
 10
1.17056408514247
 20
65.4046157118049
 30
0.0
  0
VERTEX
  5
1147
  8
T3_PROFILE_INSIDE_2
 10
1.155919644487627
 20
65.40137027353748
 30
0.0
  0
VERTEX
  5
1148
  8
T3_PROFILE_INSIDE_2
 10
1.141403102877804
 20
65.39719756719369
 30
0.0
  0
VERTEX
  5
1149
  8
T3_PROFILE_INSIDE_2
 10
1.127014460313002
 20
65.3920975927735
 30
0.0
  0
VERTEX
  5
114A
  8
T3_PROFILE_INSIDE_2
 10
1.11275371679322
 20
65.38607035027692
 30
0.0
  0
VERTEX
  5
114B
  8
T3_PROFILE_INSIDE_2
 10
1.098620872318459
 20
65.37911583970393
 30
0.0
  0
VERTEX
  5
114C
  8
T3_PROFILE_INSIDE_2
 10
1.08800525158176
 20
65.37320050887172
 30
0.0
  0
VERTEX
  5
114D
  8
T3_PROFILE_INSIDE_2
 10
1.077133832755021
 20
65.36619803615686
 30
0.0
  0
VERTEX
  5
114E
  8
T3_PROFILE_INSIDE_2
 10
1.06600661583824
 20
65.35810842155932
 30
0.0
  0
VERTEX
  5
114F
  8
T3_PROFILE_INSIDE_2
 10
1.054623600831419
 20
65.3489316650791
 30
0.0
  0
VERTEX
  5
1150
  8
T3_PROFILE_INSIDE_2
 10
1.042984787734557
 20
65.33866776671621
 30
0.0
  0
VERTEX
  5
1151
  8
T3_PROFILE_INSIDE_2
 10
1.031090176547654
 20
65.32731672647064
 30
0.0
  0
VERTEX
  5
1152
  8
T3_PROFILE_INSIDE_2
 10
1.01893976727071
 20
65.3148785443424
 30
0.0
  0
VERTEX
  5
1153
  8
T3_PROFILE_INSIDE_2
 10
1.006533559903725
 20
65.30135322033148
 30
0.0
  0
VERTEX
  5
1154
  8
T3_PROFILE_INSIDE_2
 10
0.6514858109269173
 20
65.35251283833966
 30
0.0
  0
SEQEND
  5
1613
  8
T3_PROFILE_INSIDE_2
  0
POLYLINE
  5
8B
  8
T3_PROFILE_INSIDE_2
 66
     1
 10
0.0
 20
0.0
 30
0.0
 70
     1
  0
VERTEX
  5
1155
  8
T3_PROFILE_INSIDE_2
 10
1.801554023750928
 20
63.57113493929465
 30
0.0
  0
VERTEX
  5
1156
  8
T3_PROFILE_INSIDE_2
 10
1.387161117884625
 20
63.51997532128647
 30
0.0
  0
VERTEX
  5
1157
  8
T3_PROFILE_INSIDE_2
 10
1.382724619760478
 20
63.54091878990857
 30
0.0
  0
VERTEX
  5
1158
  8
T3_PROFILE_INSIDE_2
 10
1.377600664269346
 20
63.56026352046791
 30
0.0
  0
VERTEX
  5
1159
  8
T3_PROFILE_INSIDE_2
 10
1.371789251411228
 20
63.5780095129645
 30
0.0
  0
VERTEX
  5
115A
  8
T3_PROFILE_INSIDE_2
 10
1.36862574846955
 20
63.58628298243926
 30
0.0
  0
VERTEX
  5
115B
  8
T3_PROFILE_INSIDE_2
 10
1.365290381186126
 20
63.59415676739833
 30
0.0
  0
VERTEX
  5
115C
  8
T3_PROFILE_INSIDE_2
 10
1.361783149560956
 20
63.60163086784171
 30
0.0
  0
VERTEX
  5
115D
  8
T3_PROFILE_INSIDE_2
 10
1.358104053594039
 20
63.60870528376941
 30
0.0
  0
VERTEX
  5
115E
  8
T3_PROFILE_INSIDE_2
 10
1.354253093285376
 20
63.61538001518142
 30
0.0
  0
VERTEX
  5
115F
  8
T3_PROFILE_INSIDE_2
 10
1.350230268634966
 20
63.62165506207774
 30
0.0
  0
VERTEX
  5
1160
  8
T3_PROFILE_INSIDE_2
 10
1.346035579642811
 20
63.62753042445836
 30
0.0
  0
VERTEX
  5
1161
  8
T3_PROFILE_INSIDE_2
 10
1.341669026308909
 20
63.6330061023233
 30
0.0
  0
VERTEX
  5
1162
  8
T3_PROFILE_INSIDE_2
 10
1.337130608633261
 20
63.63808209567254
 30
0.0
  0
VERTEX
  5
1163
  8
T3_PROFILE_INSIDE_2
 10
1.332420326615867
 20
63.64275840450611
 30
0.0
  0
VERTEX
  5
1164
  8
T3_PROFILE_INSIDE_2
 10
1.327554167637354
 20
63.64709498150134
 30
0.0
  0
VERTEX
  5
1165
  8
T3_PROFILE_INSIDE_2
 10
1.32254811907835
 20
63.65115177933558
 30
0.0
  0
VERTEX
  5
1166
  8
T3_PROFILE_INSIDE_2
 10
1.317402180938855
 20
63.65492879800883
 30
0.0
  0
VERTEX
  5
1167
  8
T3_PROFILE_INSIDE_2
 10
1.312116353218868
 20
63.65842603752112
 30
0.0
  0
VERTEX
  5
1168
  8
T3_PROFILE_INSIDE_2
 10
1.306690635918391
 20
63.66164349787242
 30
0.0
  0
VERTEX
  5
1169
  8
T3_PROFILE_INSIDE_2
 10
1.301125029037422
 20
63.66458117906273
 30
0.0
  0
VERTEX
  5
116A
  8
T3_PROFILE_INSIDE_2
 10
1.295419532575963
 20
63.66723908109206
 30
0.0
  0
VERTEX
  5
116B
  8
T3_PROFILE_INSIDE_2
 10
1.289574146534012
 20
63.66961720396041
 30
0.0
  0
VERTEX
  5
116C
  8
T3_PROFILE_INSIDE_2
 10
1.283588870911569
 20
63.67171554766777
 30
0.0
  0
VERTEX
  5
116D
  8
T3_PROFILE_INSIDE_2
 10
1.277463705708636
 20
63.67353411221416
 30
0.0
  0
VERTEX
  5
116E
  8
T3_PROFILE_INSIDE_2
 10
1.271198650925212
 20
63.67507289759956
 30
0.0
  0
VERTEX
  5
116F
  8
T3_PROFILE_INSIDE_2
 10
1.264793706561297
 20
63.67633190382398
 30
0.0
  0
VERTEX
  5
1170
  8
T3_PROFILE_INSIDE_2
 10
1.251564149091992
 20
63.67801057878987
 30
0.0
  0
VERTEX
  5
1171
  8
T3_PROFILE_INSIDE_2
 10
1.237775033300724
 20
63.67857013711184
 30
0.0
  0
VERTEX
  5
1172
  8
T3_PROFILE_INSIDE_2
 10
1.225288889030601
 20
63.67817045259615
 30
0.0
  0
VERTEX
  5
1173
  8
T3_PROFILE_INSIDE_2
 10
1.213154467134284
 20
63.67697139904909
 30
0.0
  0
VERTEX
  5
1174
  8
T3_PROFILE_INSIDE_2
 10
1.201371767611774
 20
63.67497297647064
 30
0.0
  0
VERTEX
  5
1175
  8
T3_PROFILE_INSIDE_2
 10
1.18994079046307
 20
63.67217518486082
 30
0.0
  0
VERTEX
  5
1176
  8
T3_PROFILE_INSIDE_2
 10
1.178861535688172
 20
63.66857802421962
 30
0.0
  0
VERTEX
  5
1177
  8
T3_PROFILE_INSIDE_2
 10
1.168134003287081
 20
63.66418149454704
 30
0.0
  0
VERTEX
  5
1178
  8
T3_PROFILE_INSIDE_2
 10
1.157758193259796
 20
63.65898559584308
 30
0.0
  0
VERTEX
  5
1179
  8
T3_PROFILE_INSIDE_2
 10
1.147734105606317
 20
63.65299032810775
 30
0.0
  0
VERTEX
  5
117A
  8
T3_PROFILE_INSIDE_2
 10
1.138061740326645
 20
63.64619569134103
 30
0.0
  0
VERTEX
  5
117B
  8
T3_PROFILE_INSIDE_2
 10
1.128741097420778
 20
63.63860168554294
 30
0.0
  0
VERTEX
  5
117C
  8
T3_PROFILE_INSIDE_2
 10
1.119772176888718
 20
63.63020831071348
 30
0.0
  0
VERTEX
  5
117D
  8
T3_PROFILE_INSIDE_2
 10
1.111154978730464
 20
63.62101556685263
 30
0.0
  0
VERTEX
  5
117E
  8
T3_PROFILE_INSIDE_2
 10
1.102889502946017
 20
63.61102345396041
 30
0.0
  0
VERTEX
  5
117F
  8
T3_PROFILE_INSIDE_2
 10
1.094975749535376
 20
63.60023197203681
 30
0.0
  0
VERTEX
  5
1180
  8
T3_PROFILE_INSIDE_2
 10
1.087413718498541
 20
63.58864112108183
 30
0.0
  0
VERTEX
  5
1181
  8
T3_PROFILE_INSIDE_2
 10
1.080203409835512
 20
63.57625090109547
 30
0.0
  0
VERTEX
  5
1182
  8
T3_PROFILE_INSIDE_2
 10
1.075171381782988
 20
63.56638668724827
 30
0.0
  0
VERTEX
  5
1183
  8
T3_PROFILE_INSIDE_2
 10
1.070307221227054
 20
63.55521150818961
 30
0.0
  0
VERTEX
  5
1184
  8
T3_PROFILE_INSIDE_2
 10
1.065610928167708
 20
63.54272536391949
 30
0.0
  0
VERTEX
  5
1185
  8
T3_PROFILE_INSIDE_2
 10
1.061082502604953
 20
63.5289282544379
 30
0.0
  0
VERTEX
  5
1186
  8
T3_PROFILE_INSIDE_2
 10
1.056721944538786
 20
63.51382017974485
 30
0.0
  0
VERTEX
  5
1187
  8
T3_PROFILE_INSIDE_2
 10
1.052529253969209
 20
63.49740113984036
 30
0.0
  0
VERTEX
  5
1188
  8
T3_PROFILE_INSIDE_2
 10
1.048504430896221
 20
63.4796711347244
 30
0.0
  0
VERTEX
  5
1189
  8
T3_PROFILE_INSIDE_2
 10
1.044647475319823
 20
63.46063016439697
 30
0.0
  0
VERTEX
  5
118A
  8
T3_PROFILE_INSIDE_2
 10
1.040958387240014
 20
63.44027822885809
 30
0.0
  0
VERTEX
  5
118B
  8
T3_PROFILE_INSIDE_2
 10
1.037437166656795
 20
63.41861532810775
 30
0.0
  0
VERTEX
  5
118C
  8
T3_PROFILE_INSIDE_2
 10
1.034083813570164
 20
63.39564146214595
 30
0.0
  0
VERTEX
  5
118D
  8
T3_PROFILE_INSIDE_2
 10
1.030898327980123
 20
63.37135663097268
 30
0.0
  0
VERTEX
  5
118E
  8
T3_PROFILE_INSIDE_2
 10
1.027880709886672
 20
63.34576083458796
 30
0.0
  0
VERTEX
  5
118F
  8
T3_PROFILE_INSIDE_2
 10
1.025030959289809
 20
63.31885407299178
 30
0.0
  0
VERTEX
  5
1190
  8
T3_PROFILE_INSIDE_2
 10
1.019835060585853
 20
63.26110765416504
 30
0.0
  0
VERTEX
  5
1191
  8
T3_PROFILE_INSIDE_2
 10
1.038572270681351
 20
63.27942119867391
 30
0.0
  0
VERTEX
  5
1192
  8
T3_PROFILE_INSIDE_2
 10
1.057437379821869
 20
63.29650371487445
 30
0.0
  0
VERTEX
  5
1193
  8
T3_PROFILE_INSIDE_2
 10
1.076430388007408
 20
63.31235520276668
 30
0.0
  0
VERTEX
  5
1194
  8
T3_PROFILE_INSIDE_2
 10
1.095551295237968
 20
63.32697566235058
 30
0.0
  0
VERTEX
  5
1195
  8
T3_PROFILE_INSIDE_2
 10
1.114800101513548
 20
63.34036509362616
 30
0.0
  0
VERTEX
  5
1196
  8
T3_PROFILE_INSIDE_2
 10
1.134176806834148
 20
63.35252349659342
 30
0.0
  0
VERTEX
  5
1197
  8
T3_PROFILE_INSIDE_2
 10
1.153681411199769
 20
63.36345087125235
 30
0.0
  0
VERTEX
  5
1198
  8
T3_PROFILE_INSIDE_2
 10
1.17331391461041
 20
63.37314721760297
 30
0.0
  0
VERTEX
  5
1199
  8
T3_PROFILE_INSIDE_2
 10
1.183258065360751
 20
63.37754574569813
 30
0.0
  0
VERTEX
  5
119A
  8
T3_PROFILE_INSIDE_2
 10
1.193394064678623
 20
63.38166049778714
 30
0.0
  0
VERTEX
  5
119B
  8
T3_PROFILE_INSIDE_2
 10
1.203721912564025
 20
63.38549147387002
 30
0.0
  0
VERTEX
  5
119C
  8
T3_PROFILE_INSIDE_2
 10
1.214241609016958
 20
63.38903867394676
 30
0.0
  0
VERTEX
  5
119D
  8
T3_PROFILE_INSIDE_2
 10
1.224953154037422
 20
63.39230209801735
 30
0.0
  0
VERTEX
  5
119E
  8
T3_PROFILE_INSIDE_2
 10
1.235856547625417
 20
63.39528174608182
 30
0.0
  0
VERTEX
  5
119F
  8
T3_PROFILE_INSIDE_2
 10
1.246951789780942
 20
63.39797761814015
 30
0.0
  0
VERTEX
  5
11A0
  8
T3_PROFILE_INSIDE_2
 10
1.258238880503998
 20
63.40038971419233
 30
0.0
  0
VERTEX
  5
11A1
  8
T3_PROFILE_INSIDE_2
 10
1.269717819794585
 20
63.40251803423837
 30
0.0
  0
VERTEX
  5
11A2
  8
T3_PROFILE_INSIDE_2
 10
1.281388607652702
 20
63.40436257827827
 30
0.0
  0
VERTEX
  5
11A3
  8
T3_PROFILE_INSIDE_2
 10
1.29325124407835
 20
63.40592334631204
 30
0.0
  0
VERTEX
  5
11A4
  8
T3_PROFILE_INSIDE_2
 10
1.305305729071529
 20
63.40720033833966
 30
0.0
  0
VERTEX
  5
11A5
  8
T3_PROFILE_INSIDE_2
 10
1.329990244760478
 20
63.4089029943765
 30
0.0
  0
VERTEX
  5
11A6
  8
T3_PROFILE_INSIDE_2
 10
1.35544215471955
 20
63.40947054638878
 30
0.0
  0
VERTEX
  5
11A7
  8
T3_PROFILE_INSIDE_2
 10
1.380268558411569
 20
63.40891098806681
 30
0.0
  0
VERTEX
  5
11A8
  8
T3_PROFILE_INSIDE_2
 10
1.404611343839605
 20
63.40723231310092
 30
0.0
  0
VERTEX
  5
11A9
  8
T3_PROFILE_INSIDE_2
 10
1.428470511003657
 20
63.4044345214911
 30
0.0
  0
VERTEX
  5
11AA
  8
T3_PROFILE_INSIDE_2
 10
1.451846059903725
 20
63.40051761323735
 30
0.0
  0
VERTEX
  5
11AB
  8
T3_PROFILE_INSIDE_2
 10
1.47473799053981
 20
63.39548158833967
 30
0.0
  0
VERTEX
  5
11AC
  8
T3_PROFILE_INSIDE_2
 10
1.486002599008858
 20
63.39254390714936
 30
0.0
  0
VERTEX
  5
11AD
  8
T3_PROFILE_INSIDE_2
 10
1.497146302911911
 20
63.38932644679806
 30
0.0
  0
VERTEX
  5
11AE
  8
T3_PROFILE_INSIDE_2
 10
1.508169102248967
 20
63.38582920728577
 30
0.0
  0
VERTEX
  5
11AF
  8
T3_PROFILE_INSIDE_2
 10
1.519070997020028
 20
63.38205218861252
 30
0.0
  0
VERTEX
  5
11B0
  8
T3_PROFILE_INSIDE_2
 10
1.529851987225093
 20
63.37799539077828
 30
0.0
  0
VERTEX
  5
11B1
  8
T3_PROFILE_INSIDE_2
 10
1.540512072864161
 20
63.37365881378305
 30
0.0
  0
VERTEX
  5
11B2
  8
T3_PROFILE_INSIDE_2
 10
1.551051253937235
 20
63.36904245762685
 30
0.0
  0
VERTEX
  5
11B3
  8
T3_PROFILE_INSIDE_2
 10
1.561469530444312
 20
63.36414632230965
 30
0.0
  0
VERTEX
  5
11B4
  8
T3_PROFILE_INSIDE_2
 10
1.571766902385393
 20
63.35897040783148
 30
0.0
  0
VERTEX
  5
11B5
  8
T3_PROFILE_INSIDE_2
 10
1.581943369760478
 20
63.35351471419233
 30
0.0
  0
VERTEX
  5
11B6
  8
T3_PROFILE_INSIDE_2
 10
1.591998932569568
 20
63.34777924139219
 30
0.0
  0
VERTEX
  5
11B7
  8
T3_PROFILE_INSIDE_2
 10
1.601933590812661
 20
63.34176398943107
 30
0.0
  0
VERTEX
  5
11B8
  8
T3_PROFILE_INSIDE_2
 10
1.611747344489758
 20
63.33546895830897
 30
0.0
  0
VERTEX
  5
11B9
  8
T3_PROFILE_INSIDE_2
 10
1.62144019360086
 20
63.32889414802589
 30
0.0
  0
VERTEX
  5
11BA
  8
T3_PROFILE_INSIDE_2
 10
1.640463178125076
 20
63.31490518997678
 30
0.0
  0
VERTEX
  5
11BB
  8
T3_PROFILE_INSIDE_2
 10
1.659002544385308
 20
63.29979711528374
 30
0.0
  0
VERTEX
  5
11BC
  8
T3_PROFILE_INSIDE_2
 10
1.677058292381556
 20
63.28356992394676
 30
0.0
  0
VERTEX
  5
11BD
  8
T3_PROFILE_INSIDE_2
 10
1.69463042211382
 20
63.26622361596586
 30
0.0
  0
VERTEX
  5
11BE
  8
T3_PROFILE_INSIDE_2
 10
1.703160189284267
 20
63.25719574196773
 30
0.0
  0
VERTEX
  5
11BF
  8
T3_PROFILE_INSIDE_2
 10
1.711419170195335
 20
63.24801798627623
 30
0.0
  0
VERTEX
  5
11C0
  8
T3_PROFILE_INSIDE_2
 10
1.719407364847023
 20
63.23869034889134
 30
0.0
  0
VERTEX
  5
11C1
  8
T3_PROFILE_INSIDE_2
 10
1.727124773239332
 20
63.22921282981306
 30
0.0
  0
VERTEX
  5
11C2
  8
T3_PROFILE_INSIDE_2
 10
1.734571395372262
 20
63.2195854290414
 30
0.0
  0
VERTEX
  5
11C3
  8
T3_PROFILE_INSIDE_2
 10
1.741747231245812
 20
63.20980814657636
 30
0.0
  0
VERTEX
  5
11C4
  8
T3_PROFILE_INSIDE_2
 10
1.748652280859983
 20
63.19988098241794
 30
0.0
  0
VERTEX
  5
11C5
  8
T3_PROFILE_INSIDE_2
 10
1.755286544214775
 20
63.18980393656614
 30
0.0
  0
VERTEX
  5
11C6
  8
T3_PROFILE_INSIDE_2
 10
1.761650021310188
 20
63.17957700902094
 30
0.0
  0
VERTEX
  5
11C7
  8
T3_PROFILE_INSIDE_2
 10
1.767742712146221
 20
63.16920019978237
 30
0.0
  0
VERTEX
  5
11C8
  8
T3_PROFILE_INSIDE_2
 10
1.773564616722876
 20
63.15867350885041
 30
0.0
  0
VERTEX
  5
11C9
  8
T3_PROFILE_INSIDE_2
 10
1.779115735040151
 20
63.14799693622507
 30
0.0
  0
VERTEX
  5
11CA
  8
T3_PROFILE_INSIDE_2
 10
1.784396067098046
 20
63.13717048190634
 30
0.0
  0
VERTEX
  5
11CB
  8
T3_PROFILE_INSIDE_2
 10
1.789405612896563
 20
63.12619414589423
 30
0.0
  0
VERTEX
  5
11CC
  8
T3_PROFILE_INSIDE_2
 10
1.7941443724357
 20
63.11506792818874
 30
0.0
  0
VERTEX
  5
11CD
  8
T3_PROFILE_INSIDE_2
 10
1.798612345715457
 20
63.10379182878987
 30
0.0
  0
VERTEX
  5
11CE
  8
T3_PROFILE_INSIDE_2
 10
1.802809532735836
 20
63.09236584769761
 30
0.0
  0
VERTEX
  5
11CF
  8
T3_PROFILE_INSIDE_2
 10
1.806735933496835
 20
63.08078998491198
 30
0.0
  0
VERTEX
  5
11D0
  8
T3_PROFILE_INSIDE_2
 10
1.810391547998455
 20
63.06906424043295
 30
0.0
  0
VERTEX
  5
11D1
  8
T3_PROFILE_INSIDE_2
 10
1.813776376240696
 20
63.05718861426055
 30
0.0
  0
VERTEX
  5
11D2
  8
T3_PROFILE_INSIDE_2
 10
1.81973367394704
 20
63.03298771683558
 30
0.0
  0
VERTEX
  5
11D3
  8
T3_PROFILE_INSIDE_2
 10
1.824607826615867
 20
63.00818729263707
 30
0.0
  0
VERTEX
  5
11D4
  8
T3_PROFILE_INSIDE_2
 10
1.828398834247177
 20
62.98278734166504
 30
0.0
  0
VERTEX
  5
11D5
  8
T3_PROFILE_INSIDE_2
 10
1.831106696840969
 20
62.95678786391948
 30
0.0
  0
VERTEX
  5
11D6
  8
T3_PROFILE_INSIDE_2
 10
1.832731414397245
 20
62.93018885940038
 30
0.0
  0
VERTEX
  5
11D7
  8
T3_PROFILE_INSIDE_2
 10
1.833272986916003
 20
62.90299032810775
 30
0.0
  0
VERTEX
  5
11D8
  8
T3_PROFILE_INSIDE_2
 10
1.832999203022756
 20
62.8845448877087
 30
0.0
  0
VERTEX
  5
11D9
  8
T3_PROFILE_INSIDE_2
 10
1.832177851343016
 20
62.8662992895675
 30
0.0
  0
VERTEX
  5
11DA
  8
T3_PROFILE_INSIDE_2
 10
1.830808931876781
 20
62.84825353368414
 30
0.0
  0
VERTEX
  5
11DB
  8
T3_PROFILE_INSIDE_2
 10
1.828892444624052
 20
62.83040762005864
 30
0.0
  0
VERTEX
  5
11DC
  8
T3_PROFILE_INSIDE_2
 10
1.82642838958483
 20
62.81276154869096
 30
0.0
  0
VERTEX
  5
11DD
  8
T3_PROFILE_INSIDE_2
 10
1.823416766759114
 20
62.79531531958114
 30
0.0
  0
VERTEX
  5
11DE
  8
T3_PROFILE_INSIDE_2
 10
1.819857576146904
 20
62.77806893272916
 30
0.0
  0
VERTEX
  5
11DF
  8
T3_PROFILE_INSIDE_2
 10
1.8157508177482
 20
62.76102238813503
 30
0.0
  0
VERTEX
  5
11E0
  8
T3_PROFILE_INSIDE_2
 10
1.811096491563002
 20
62.74417568579874
 30
0.0
  0
VERTEX
  5
11E1
  8
T3_PROFILE_INSIDE_2
 10
1.805894597591311
 20
62.7275288257203
 30
0.0
  0
VERTEX
  5
11E2
  8
T3_PROFILE_INSIDE_2
 10
1.800145135833125
 20
62.7110818078997
 30
0.0
  0
VERTEX
  5
11E3
  8
T3_PROFILE_INSIDE_2
 10
1.793848106288445
 20
62.69483463233694
 30
0.0
  0
VERTEX
  5
11E4
  8
T3_PROFILE_INSIDE_2
 10
1.787003508957272
 20
62.67878729903203
 30
0.0
  0
VERTEX
  5
11E5
  8
T3_PROFILE_INSIDE_2
 10
1.779611343839605
 20
62.66293980798497
 30
0.0
  0
VERTEX
  5
11E6
  8
T3_PROFILE_INSIDE_2
 10
1.771671610935444
 20
62.64729215919574
 30
0.0
  0
VERTEX
  5
11E7
  8
T3_PROFILE_INSIDE_2
 10
1.763184310244789
 20
62.63184435266437
 30
0.0
  0
VERTEX
  5
11E8
  8
T3_PROFILE_INSIDE_2
 10
1.754211392867572
 20
62.61673028270359
 30
0.0
  0
VERTEX
  5
11E9
  8
T3_PROFILE_INSIDE_2
 10
1.744814809903725
 20
62.60208384362617
 30
0.0
  0
VERTEX
  5
11EA
  8
T3_PROFILE_INSIDE_2
 10
1.734994561353247
 20
62.5879050354321
 30
0.0
  0
VERTEX
  5
11EB
  8
T3_PROFILE_INSIDE_2
 10
1.72475064721614
 20
62.57419385812139
 30
0.0
  0
VERTEX
  5
11EC
  8
T3_PROFILE_INSIDE_2
 10
1.714083067492401
 20
62.56095031169403
 30
0.0
  0
VERTEX
  5
11ED
  8
T3_PROFILE_INSIDE_2
 10
1.702991822182033
 20
62.54817439615003
 30
0.0
  0
VERTEX
  5
11EE
  8
T3_PROFILE_INSIDE_2
 10
1.691476911285035
 20
62.5358661114894
 30
0.0
  0
VERTEX
  5
11EF
  8
T3_PROFILE_INSIDE_2
 10
1.679538334801406
 20
62.52402545771211
 30
0.0
  0
VERTEX
  5
11F0
  8
T3_PROFILE_INSIDE_2
 10
1.667176092731147
 20
62.51265243481818
 30
0.0
  0
VERTEX
  5
11F1
  8
T3_PROFILE_INSIDE_2
 10
1.654390185074257
 20
62.50174704280761
 30
0.0
  0
VERTEX
  5
11F2
  8
T3_PROFILE_INSIDE_2
 10
1.641180611830737
 20
62.49130928168039
 30
0.0
  0
VERTEX
  5
11F3
  8
T3_PROFILE_INSIDE_2
 10
1.627547373000587
 20
62.48133915143653
 30
0.0
  0
VERTEX
  5
11F4
  8
T3_PROFILE_INSIDE_2
 10
1.613490468583807
 20
62.47183665207603
 30
0.0
  0
VERTEX
  5
11F5
  8
T3_PROFILE_INSIDE_2
 10
1.599009898580396
 20
62.46280178359888
 30
0.0
  0
VERTEX
  5
11F6
  8
T3_PROFILE_INSIDE_2
 10
1.584105662990355
 20
62.45423454600508
 30
0.0
  0
VERTEX
  5
11F7
  8
T3_PROFILE_INSIDE_2
 10
1.568777761813684
 20
62.44613493929465
 30
0.0
  0
VERTEX
  5
11F8
  8
T3_PROFILE_INSIDE_2
 10
1.552992221866549
 20
62.43851495400304
 30
0.0
  0
VERTEX
  5
11F9
  8
T3_PROFILE_INSIDE_2
 10
1.536715069965116
 20
62.43138658066573
 30
0.0
  0
VERTEX
  5
11FA
  8
T3_PROFILE_INSIDE_2
 10
1.519946306109387
 20
62.42474981928271
 30
0.0
  0
VERTEX
  5
11FB
  8
T3_PROFILE_INSIDE_2
 10
1.502685930299359
 20
62.41860466985399
 30
0.0
  0
VERTEX
  5
11FC
  8
T3_PROFILE_INSIDE_2
 10
1.484933942535035
 20
62.41295113237958
 30
0.0
  0
VERTEX
  5
11FD
  8
T3_PROFILE_INSIDE_2
 10
1.466690342816412
 20
62.40778920685946
 30
0.0
  0
VERTEX
  5
11FE
  8
T3_PROFILE_INSIDE_2
 10
1.447955131143493
 20
62.40311889329363
 30
0.0
  0
VERTEX
  5
11FF
  8
T3_PROFILE_INSIDE_2
 10
1.428728307516276
 20
62.3989401916821
 30
0.0
  0
VERTEX
  5
1200
  8
T3_PROFILE_INSIDE_2
 10
1.409009871934762
 20
62.39525310202487
 30
0.0
  0
VERTEX
  5
1201
  8
T3_PROFILE_INSIDE_2
 10
1.38879982439895
 20
62.39205762432194
 30
0.0
  0
VERTEX
  5
1202
  8
T3_PROFILE_INSIDE_2
 10
1.368098164908841
 20
62.38935375857331
 30
0.0
  0
VERTEX
  5
1203
  8
T3_PROFILE_INSIDE_2
 10
1.346904893464434
 20
62.38714150477897
 30
0.0
  0
VERTEX
  5
1204
  8
T3_PROFILE_INSIDE_2
 10
1.32522001006573
 20
62.38542086293892
 30
0.0
  0
VERTEX
  5
1205
  8
T3_PROFILE_INSIDE_2
 10
1.303043514712729
 20
62.38419183305318
 30
0.0
  0
VERTEX
  5
1206
  8
T3_PROFILE_INSIDE_2
 10
1.28037540740543
 20
62.38345441512173
 30
0.0
  0
VERTEX
  5
1207
  8
T3_PROFILE_INSIDE_2
 10
1.257215688143834
 20
62.38320860914458
 30
0.0
  0
VERTEX
  5
1208
  8
T3_PROFILE_INSIDE_2
 10
1.229425623767981
 20
62.38350837253135
 30
0.0
  0
VERTEX
  5
1209
  8
T3_PROFILE_INSIDE_2
 10
1.202331010449428
 20
62.38440766269165
 30
0.0
  0
VERTEX
  5
120A
  8
T3_PROFILE_INSIDE_2
 10
1.175931848188173
 20
62.38590647962548
 30
0.0
  0
VERTEX
  5
120B
  8
T3_PROFILE_INSIDE_2
 10
1.150228136984216
 20
62.38800482333285
 30
0.0
  0
VERTEX
  5
120C
  8
T3_PROFILE_INSIDE_2
 10
1.125219876837559
 20
62.39070269381375
 30
0.0
  0
VERTEX
  5
120D
  8
T3_PROFILE_INSIDE_2
 10
1.1009070677482
 20
62.39400009106818
 30
0.0
  0
VERTEX
  5
120E
  8
T3_PROFILE_INSIDE_2
 10
1.07728970971614
 20
62.39789701509615
 30
0.0
  0
VERTEX
  5
120F
  8
T3_PROFILE_INSIDE_2
 10
1.054367802741378
 20
62.40239346589765
 30
0.0
  0
VERTEX
  5
1210
  8
T3_PROFILE_INSIDE_2
 10
1.032141346823916
 20
62.40748944347268
 30
0.0
  0
VERTEX
  5
1211
  8
T3_PROFILE_INSIDE_2
 10
1.010610341963752
 20
62.41318494782125
 30
0.0
  0
VERTEX
  5
1212
  8
T3_PROFILE_INSIDE_2
 10
0.9897747881608873
 20
62.41947997894336
 30
0.0
  0
VERTEX
  5
1213
  8
T3_PROFILE_INSIDE_2
 10
0.969634685415321
 20
62.42637453683899
 30
0.0
  0
VERTEX
  5
1214
  8
T3_PROFILE_INSIDE_2
 10
0.9501900337270537
 20
62.43386862150815
 30
0.0
  0
VERTEX
  5
1215
  8
T3_PROFILE_INSIDE_2
 10
0.931440833096085
 20
62.44196223295086
 30
0.0
  0
VERTEX
  5
1216
  8
T3_PROFILE_INSIDE_2
 10
0.9133870835224152
 20
62.45065537116709
 30
0.0
  0
VERTEX
  5
1217
  8
T3_PROFILE_INSIDE_2
 10
0.8960287850060441
 20
62.45994803615686
 30
0.0
  0
VERTEX
  5
1218
  8
T3_PROFILE_INSIDE_2
 10
0.879232043234216
 20
62.46989818217493
 30
0.0
  0
VERTEX
  5
1219
  8
T3_PROFILE_INSIDE_2
 10
0.862862963894175
 20
62.4805637634761
 30
0.0
  0
VERTEX
  5
121A
  8
T3_PROFILE_INSIDE_2
 10
0.8469215469859213
 20
62.49194478006034
 30
0.0
  0
VERTEX
  5
121B
  8
T3_PROFILE_INSIDE_2
 10
0.8314077925094547
 20
62.50404123192767
 30
0.0
  0
VERTEX
  5
121C
  8
T3_PROFILE_INSIDE_2
 10
0.8163217004647754
 20
62.51685311907808
 30
0.0
  0
VERTEX
  5
121D
  8
T3_PROFILE_INSIDE_2
 10
0.8016632708518832
 20
62.53038044151157
 30
0.0
  0
VERTEX
  5
121E
  8
T3_PROFILE_INSIDE_2
 10
0.7874325036707781
 20
62.54462319922813
 30
0.0
  0
VERTEX
  5
121F
  8
T3_PROFILE_INSIDE_2
 10
0.7736293989214602
 20
62.5595813922278
 30
0.0
  0
VERTEX
  5
1220
  8
T3_PROFILE_INSIDE_2
 10
0.7602539566039295
 20
62.57525502051054
 30
0.0
  0
VERTEX
  5
1221
  8
T3_PROFILE_INSIDE_2
 10
0.7473061767181859
 20
62.59164408407636
 30
0.0
  0
VERTEX
  5
1222
  8
T3_PROFILE_INSIDE_2
 10
0.7347860592642296
 20
62.60874858292527
 30
0.0
  0
VERTEX
  5
1223
  8
T3_PROFILE_INSIDE_2
 10
0.7226936042420604
 20
62.62656851705727
 30
0.0
  0
VERTEX
  5
1224
  8
T3_PROFILE_INSIDE_2
 10
0.7110288116516784
 20
62.64510388647234
 30
0.0
  0
VERTEX
  5
1225
  8
T3_PROFILE_INSIDE_2
 10
0.6997916814930836
 20
62.6643546911705
 30
0.0
  0
VERTEX
  5
1226
  8
T3_PROFILE_INSIDE_2
 10
0.688982213766276
 20
62.68432093115175
 30
0.0
  0
VERTEX
  5
1227
  8
T3_PROFILE_INSIDE_2
 10
0.6786004084712556
 20
62.70500260641607
 30
0.0
  0
VERTEX
  5
1228
  8
T3_PROFILE_INSIDE_2
 10
0.6687501835821014
 20
62.72646766333114
 30
0.0
  0
VERTEX
  5
1229
  8
T3_PROFILE_INSIDE_2
 10
0.6595354570728926
 20
62.74878404826463
 30
0.0
  0
VERTEX
  5
122A
  8
T3_PROFILE_INSIDE_2
 10
0.6509562289436294
 20
62.77195176121654
 30
0.0
  0
VERTEX
  5
122B
  8
T3_PROFILE_INSIDE_2
 10
0.6430124991943116
 20
62.79597080218687
 30
0.0
  0
VERTEX
  5
122C
  8
T3_PROFILE_INSIDE_2
 10
0.6357042678249392
 20
62.82084117117562
 30
0.0
  0
VERTEX
  5
122D
  8
T3_PROFILE_INSIDE_2
 10
0.6290315348355121
 20
62.84656286818278
 30
0.0
  0
VERTEX
  5
122E
  8
T3_PROFILE_INSIDE_2
 10
0.6229943002260305
 20
62.87313589320836
 30
0.0
  0
VERTEX
  5
122F
  8
T3_PROFILE_INSIDE_2
 10
0.6175925639964944
 20
62.90056024625236
 30
0.0
  0
VERTEX
  5
1230
  8
T3_PROFILE_INSIDE_2
 10
0.6128263261469038
 20
62.92883592731478
 30
0.0
  0
VERTEX
  5
1231
  8
T3_PROFILE_INSIDE_2
 10
0.6086955866772585
 20
62.95796293639561
 30
0.0
  0
VERTEX
  5
1232
  8
T3_PROFILE_INSIDE_2
 10
0.6052003455875585
 20
62.98794127349485
 30
0.0
  0
VERTEX
  5
1233
  8
T3_PROFILE_INSIDE_2
 10
0.6023406028778041
 20
63.01877093861252
 30
0.0
  0
VERTEX
  5
1234
  8
T3_PROFILE_INSIDE_2
 10
0.6001163585479952
 20
63.0504519317486
 30
0.0
  0
VERTEX
  5
1235
  8
T3_PROFILE_INSIDE_2
 10
0.5985276125981316
 20
63.08298425290311
 30
0.0
  0
VERTEX
  5
1236
  8
T3_PROFILE_INSIDE_2
 10
0.5975743650282134
 20
63.11636790207604
 30
0.0
  0
VERTEX
  5
1237
  8
T3_PROFILE_INSIDE_2
 10
0.5972566158382406
 20
63.15060287926737
 30
0.0
  0
VERTEX
  5
1238
  8
T3_PROFILE_INSIDE_2
 10
0.5974234841235408
 20
63.17577850730497
 30
0.0
  0
VERTEX
  5
1239
  8
T3_PROFILE_INSIDE_2
 10
0.5979240889794412
 20
63.20052947054465
 30
0.0
  0
VERTEX
  5
123A
  8
T3_PROFILE_INSIDE_2
 10
0.5987584304059419
 20
63.22485576898642
 30
0.0
  0
VERTEX
  5
123B
  8
T3_PROFILE_INSIDE_2
 10
0.5999265084030427
 20
63.24875740263026
 30
0.0
  0
VERTEX
  5
123C
  8
T3_PROFILE_INSIDE_2
 10
0.601428322970744
 20
63.27223437147618
 30
0.0
  0
VERTEX
  5
123D
  8
T3_PROFILE_INSIDE_2
 10
0.6032638741090455
 20
63.29528667552418
 30
0.0
  0
VERTEX
  5
123E
  8
T3_PROFILE_INSIDE_2
 10
0.6054331618179474
 20
63.31791431477426
 30
0.0
  0
VERTEX
  5
123F
  8
T3_PROFILE_INSIDE_2
 10
0.6079361860974494
 20
63.34011728922643
 30
0.0
  0
VERTEX
  5
1240
  8
T3_PROFILE_INSIDE_2
 10
0.6107729469475518
 20
63.36189559888069
 30
0.0
  0
VERTEX
  5
1241
  8
T3_PROFILE_INSIDE_2
 10
0.6139434443682543
 20
63.38324924373701
 30
0.0
  0
VERTEX
  5
1242
  8
T3_PROFILE_INSIDE_2
 10
0.6174476783595572
 20
63.40417822379542
 30
0.0
  0
VERTEX
  5
1243
  8
T3_PROFILE_INSIDE_2
 10
0.6212856489214602
 20
63.42468253905591
 30
0.0
  0
VERTEX
  5
1244
  8
T3_PROFILE_INSIDE_2
 10
0.6254573560539636
 20
63.44476218951848
 30
0.0
  0
VERTEX
  5
1245
  8
T3_PROFILE_INSIDE_2
 10
0.6299627997570674
 20
63.46441717518313
 30
0.0
  0
VERTEX
  5
1246
  8
T3_PROFILE_INSIDE_2
 10
0.6348019800307714
 20
63.48364749604985
 30
0.0
  0
VERTEX
  5
1247
  8
T3_PROFILE_INSIDE_2
 10
0.6399748968750756
 20
63.50245315211866
 30
0.0
  0
VERTEX
  5
1248
  8
T3_PROFILE_INSIDE_2
 10
0.64548155028998
 20
63.52083414338955
 30
0.0
  0
VERTEX
  5
1249
  8
T3_PROFILE_INSIDE_2
 10
0.6513219402754848
 20
63.53879046986252
 30
0.0
  0
VERTEX
  5
124A
  8
T3_PROFILE_INSIDE_2
 10
0.6574960668315899
 20
63.55632213153757
 30
0.0
  0
VERTEX
  5
124B
  8
T3_PROFILE_INSIDE_2
 10
0.6640039299582952
 20
63.5734291284147
 30
0.0
  0
VERTEX
  5
124C
  8
T3_PROFILE_INSIDE_2
 10
0.6708455296556008
 20
63.59011146049392
 30
0.0
  0
VERTEX
  5
124D
  8
T3_PROFILE_INSIDE_2
 10
0.6780208659235066
 20
63.60636912777521
 30
0.0
  0
VERTEX
  5
124E
  8
T3_PROFILE_INSIDE_2
 10
0.6855299387620128
 20
63.62220213025859
 30
0.0
  0
VERTEX
  5
124F
  8
T3_PROFILE_INSIDE_2
 10
0.6933727481711192
 20
63.63761046794404
 30
0.0
  0
VERTEX
  5
1250
  8
T3_PROFILE_INSIDE_2
 10
0.7015492941508259
 20
63.65259414083157
 30
0.0
  0
VERTEX
  5
1251
  8
T3_PROFILE_INSIDE_2
 10
0.7100595767011328
 20
63.66715314892119
 30
0.0
  0
VERTEX
  5
1252
  8
T3_PROFILE_INSIDE_2
 10
0.71890359582204
 20
63.68128749221287
 30
0.0
  0
VERTEX
  5
1253
  8
T3_PROFILE_INSIDE_2
 10
0.7280813515135475
 20
63.69499717070666
 30
0.0
  0
VERTEX
  5
1254
  8
T3_PROFILE_INSIDE_2
 10
0.7375928437756551
 20
63.70828218440251
 30
0.0
  0
VERTEX
  5
1255
  8
T3_PROFILE_INSIDE_2
 10
0.7474380726083633
 20
63.72114253330045
 30
0.0
  0
VERTEX
  5
1256
  8
T3_PROFILE_INSIDE_2
 10
0.7576170380116716
 20
63.73357821740046
 30
0.0
  0
VERTEX
  5
1257
  8
T3_PROFILE_INSIDE_2
 10
0.7681297399855802
 20
63.74558923670256
 30
0.0
  0
VERTEX
  5
1258
  8
T3_PROFILE_INSIDE_2
 10
0.7789382085010987
 20
63.75720356912284
 30
0.0
  0
VERTEX
  5
1259
  8
T3_PROFILE_INSIDE_2
 10
0.7900044735292365
 20
63.7684491925774
 30
0.0
  0
VERTEX
  5
125A
  8
T3_PROFILE_INSIDE_2
 10
0.8013285350699938
 20
63.77932610706623
 30
0.0
  0
VERTEX
  5
125B
  8
T3_PROFILE_INSIDE_2
 10
0.8129103931233702
 20
63.78983431258933
 30
0.0
  0
VERTEX
  5
125C
  8
T3_PROFILE_INSIDE_2
 10
0.8247500476893661
 20
63.79997380914672
 30
0.0
  0
VERTEX
  5
125D
  8
T3_PROFILE_INSIDE_2
 10
0.8368474987679815
 20
63.80974459673838
 30
0.0
  0
VERTEX
  5
125E
  8
T3_PROFILE_INSIDE_2
 10
0.8492027463592162
 20
63.81914667536432
 30
0.0
  0
VERTEX
  5
125F
  8
T3_PROFILE_INSIDE_2
 10
0.8618157904630701
 20
63.82818004502453
 30
0.0
  0
VERTEX
  5
1260
  8
T3_PROFILE_INSIDE_2
 10
0.8746866310795436
 20
63.83684470571902
 30
0.0
  0
VERTEX
  5
1261
  8
T3_PROFILE_INSIDE_2
 10
0.8878152682086364
 20
63.84514065744779
 30
0.0
  0
VERTEX
  5
1262
  8
T3_PROFILE_INSIDE_2
 10
0.9012017018503486
 20
63.85306790021083
 30
0.0
  0
VERTEX
  5
1263
  8
T3_PROFILE_INSIDE_2
 10
0.91484593200468
 20
63.86062643400816
 30
0.0
  0
VERTEX
  5
1264
  8
T3_PROFILE_INSIDE_2
 10
0.928747958671631
 20
63.86781625883976
 30
0.0
  0
VERTEX
  5
1265
  8
T3_PROFILE_INSIDE_2
 10
0.942907781851201
 20
63.87463737470564
 30
0.0
  0
VERTEX
  5
1266
  8
T3_PROFILE_INSIDE_2
 10
0.9573254015433906
 20
63.88108978160578
 30
0.0
  0
VERTEX
  5
1267
  8
T3_PROFILE_INSIDE_2
 10
0.9720008177481996
 20
63.88717347954022
 30
0.0
  0
VERTEX
  5
1268
  8
T3_PROFILE_INSIDE_2
 10
0.986934030465628
 20
63.89288846850893
 30
0.0
  0
VERTEX
  5
1269
  8
T3_PROFILE_INSIDE_2
 10
1.002125039695676
 20
63.89823474851192
 30
0.0
  0
VERTEX
  5
126A
  8
T3_PROFILE_INSIDE_2
 10
1.017573845438343
 20
63.90321231954918
 30
0.0
  0
VERTEX
  5
126B
  8
T3_PROFILE_INSIDE_2
 10
1.033280447693629
 20
63.90782118162071
 30
0.0
  0
VERTEX
  5
126C
  8
T3_PROFILE_INSIDE_2
 10
1.049244846461535
 20
63.91206133472652
 30
0.0
  0
VERTEX
  5
126D
  8
T3_PROFILE_INSIDE_2
 10
1.06546704174206
 20
63.91593277886662
 30
0.0
  0
VERTEX
  5
126E
  8
T3_PROFILE_INSIDE_2
 10
1.081947033535205
 20
63.91943551404098
 30
0.0
  0
VERTEX
  5
126F
  8
T3_PROFILE_INSIDE_2
 10
1.098684821840969
 20
63.92256954024963
 30
0.0
  0
VERTEX
  5
1270
  8
T3_PROFILE_INSIDE_2
 10
1.115680406659352
 20
63.92533485749254
 30
0.0
  0
VERTEX
  5
1271
  8
T3_PROFILE_INSIDE_2
 10
1.132933787990355
 20
63.92773146576975
 30
0.0
  0
VERTEX
  5
1272
  8
T3_PROFILE_INSIDE_2
 10
1.150444965833977
 20
63.92975936508122
 30
0.0
  0
VERTEX
  5
1273
  8
T3_PROFILE_INSIDE_2
 10
1.168213940190219
 20
63.93141855542698
 30
0.0
  0
VERTEX
  5
1274
  8
T3_PROFILE_INSIDE_2
 10
1.18624071105908
 20
63.93270903680701
 30
0.0
  0
VERTEX
  5
1275
  8
T3_PROFILE_INSIDE_2
 10
1.20452527844056
 20
63.93363080922132
 30
0.0
  0
VERTEX
  5
1276
  8
T3_PROFILE_INSIDE_2
 10
1.223067642334659
 20
63.93418387266991
 30
0.0
  0
VERTEX
  5
1277
  8
T3_PROFILE_INSIDE_2
 10
1.241867802741378
 20
63.93436822715277
 30
0.0
  0
VERTEX
  5
1278
  8
T3_PROFILE_INSIDE_2
 10
1.263956367500928
 20
63.93420635492392
 30
0.0
  0
VERTEX
  5
1279
  8
T3_PROFILE_INSIDE_2
 10
1.285457396022415
 20
63.93372073823735
 30
0.0
  0
VERTEX
  5
127A
  8
T3_PROFILE_INSIDE_2
 10
1.30637088830584
 20
63.93291137709308
 30
0.0
  0
VERTEX
  5
127B
  8
T3_PROFILE_INSIDE_2
 10
1.326696844351201
 20
63.9317782714911
 30
0.0
  0
VERTEX
  5
127C
  8
T3_PROFILE_INSIDE_2
 10
1.3464352641585
 20
63.93032142143142
 30
0.0
  0
VERTEX
  5
127D
  8
T3_PROFILE_INSIDE_2
 10
1.365586147727736
 20
63.92854082691402
 30
0.0
  0
VERTEX
  5
127E
  8
T3_PROFILE_INSIDE_2
 10
1.384149495058909
 20
63.92643648793892
 30
0.0
  0
VERTEX
  5
127F
  8
T3_PROFILE_INSIDE_2
 10
1.40212530615202
 20
63.92400840450611
 30
0.0
  0
VERTEX
  5
1280
  8
T3_PROFILE_INSIDE_2
 10
1.419513581007067
 20
63.92125657661559
 30
0.0
  0
VERTEX
  5
1281
  8
T3_PROFILE_INSIDE_2
 10
1.436314319624052
 20
63.91818100426737
 30
0.0
  0
VERTEX
  5
1282
  8
T3_PROFILE_INSIDE_2
 10
1.452527522002975
 20
63.91478168746143
 30
0.0
  0
VERTEX
  5
1283
  8
T3_PROFILE_INSIDE_2
 10
1.468153188143834
 20
63.91105862619779
 30
0.0
  0
VERTEX
  5
1284
  8
T3_PROFILE_INSIDE_2
 10
1.483191318046631
 20
63.90701182047643
 30
0.0
  0
VERTEX
  5
1285
  8
T3_PROFILE_INSIDE_2
 10
1.497641911711365
 20
63.90264127029738
 30
0.0
  0
VERTEX
  5
1286
  8
T3_PROFILE_INSIDE_2
 10
1.511504969138036
 20
63.89794697566062
 30
0.0
  0
VERTEX
  5
1287
  8
T3_PROFILE_INSIDE_2
 10
1.524780490326644
 20
63.89292893656614
 30
0.0
  0
VERTEX
  5
1288
  8
T3_PROFILE_INSIDE_2
 10
1.537624352238309
 20
63.88759914354942
 30
0.0
  0
VERTEX
  5
1289
  8
T3_PROFILE_INSIDE_2
 10
1.550192431834148
 20
63.88196958714595
 30
0.0
  0
VERTEX
  5
128A
  8
T3_PROFILE_INSIDE_2
 10
1.562484729114161
 20
63.8760402673557
 30
0.0
  0
VERTEX
  5
128B
  8
T3_PROFILE_INSIDE_2
 10
1.57450124407835
 20
63.86981118417869
 30
0.0
  0
VERTEX
  5
128C
  8
T3_PROFILE_INSIDE_2
 10
1.586241976726713
 20
63.86328233761491
 30
0.0
  0
VERTEX
  5
128D
  8
T3_PROFILE_INSIDE_2
 10
1.59770692705925
 20
63.85645372766437
 30
0.0
  0
VERTEX
  5
128E
  8
T3_PROFILE_INSIDE_2
 10
1.608896095075962
 20
63.84932535432705
 30
0.0
  0
VERTEX
  5
128F
  8
T3_PROFILE_INSIDE_2
 10
1.619809480776849
 20
63.84189721760298
 30
0.0
  0
VERTEX
  5
1290
  8
T3_PROFILE_INSIDE_2
 10
1.63044708416191
 20
63.83416931749213
 30
0.0
  0
VERTEX
  5
1291
  8
T3_PROFILE_INSIDE_2
 10
1.640808905231146
 20
63.82614165399451
 30
0.0
  0
VERTEX
  5
1292
  8
T3_PROFILE_INSIDE_2
 10
1.650894943984557
 20
63.81781422711013
 30
0.0
  0
VERTEX
  5
1293
  8
T3_PROFILE_INSIDE_2
 10
1.660705200422142
 20
63.80918703683899
 30
0.0
  0
VERTEX
  5
1294
  8
T3_PROFILE_INSIDE_2
 10
1.670239674543902
 20
63.80026008318107
 30
0.0
  0
VERTEX
  5
1295
  8
T3_PROFILE_INSIDE_2
 10
1.679498366349837
 20
63.7910333661364
 30
0.0
  0
VERTEX
  5
1296
  8
T3_PROFILE_INSIDE_2
 10
1.688481275839946
 20
63.78150688570495
 30
0.0
  0
VERTEX
  5
1297
  8
T3_PROFILE_INSIDE_2
 10
1.69718840301423
 20
63.77168064188674
 30
0.0
  0
VERTEX
  5
1298
  8
T3_PROFILE_INSIDE_2
 10
1.70562973998558
 20
63.76154464256888
 30
0.0
  0
VERTEX
  5
1299
  8
T3_PROFILE_INSIDE_2
 10
1.71381527886689
 20
63.75108889563845
 30
0.0
  0
VERTEX
  5
129A
  8
T3_PROFILE_INSIDE_2
 10
1.721745019658159
 20
63.74031340109548
 30
0.0
  0
VERTEX
  5
129B
  8
T3_PROFILE_INSIDE_2
 10
1.729418962359387
 20
63.72921815893994
 30
0.0
  0
VERTEX
  5
129C
  8
T3_PROFILE_INSIDE_2
 10
1.736837106970574
 20
63.71780316917187
 30
0.0
  0
VERTEX
  5
129D
  8
T3_PROFILE_INSIDE_2
 10
1.743999453491719
 20
63.70606843179124
 30
0.0
  0
VERTEX
  5
129E
  8
T3_PROFILE_INSIDE_2
 10
1.750906001922825
 20
63.69401394679807
 30
0.0
  0
VERTEX
  5
129F
  8
T3_PROFILE_INSIDE_2
 10
1.757556752263889
 20
63.68163971419233
 30
0.0
  0
VERTEX
  5
12A0
  8
T3_PROFILE_INSIDE_2
 10
1.763951704514912
 20
63.66894573397404
 30
0.0
  0
VERTEX
  5
12A1
  8
T3_PROFILE_INSIDE_2
 10
1.770090858675894
 20
63.6559320061432
 30
0.0
  0
VERTEX
  5
12A2
  8
T3_PROFILE_INSIDE_2
 10
1.775974214746836
 20
63.64259853069983
 30
0.0
  0
VERTEX
  5
12A3
  8
T3_PROFILE_INSIDE_2
 10
1.781601772727736
 20
63.62894530764389
 30
0.0
  0
VERTEX
  5
12A4
  8
T3_PROFILE_INSIDE_2
 10
1.786973532618596
 20
63.61497233697541
 30
0.0
  0
VERTEX
  5
12A5
  8
T3_PROFILE_INSIDE_2
 10
1.792089494419414
 20
63.60067961869437
 30
0.0
  0
VERTEX
  5
12A6
  8
T3_PROFILE_INSIDE_2
 10
1.796949658130192
 20
63.58606715280079
 30
0.0
  0
SEQEND
  5
1614
  8
T3_PROFILE_INSIDE_2
  0
POLYLINE
  5
8C
  8
T3_PROFILE_INSIDE_2
 66
     1
 10
0.0
 20
0.0
 30
0.0
 70
     1
  0
VERTEX
  5
12A7
  8
T3_PROFILE_INSIDE_2
 10
1.034159753628145
 20
62.90299032810775
 30
0.0
  0
VERTEX
  5
12A8
  8
T3_PROFILE_INSIDE_2
 10
1.034399564337558
 20
62.8879761792759
 30
0.0
  0
VERTEX
  5
12A9
  8
T3_PROFILE_INSIDE_2
 10
1.035118996465799
 20
62.8733737054952
 30
0.0
  0
VERTEX
  5
12AA
  8
T3_PROFILE_INSIDE_2
 10
1.036318050012865
 20
62.85918290676566
 30
0.0
  0
VERTEX
  5
12AB
  8
T3_PROFILE_INSIDE_2
 10
1.037996724978759
 20
62.84540378308728
 30
0.0
  0
VERTEX
  5
12AC
  8
T3_PROFILE_INSIDE_2
 10
1.040155021363479
 20
62.83203633446007
 30
0.0
  0
VERTEX
  5
12AD
  8
T3_PROFILE_INSIDE_2
 10
1.042792939167026
 20
62.81908056088401
 30
0.0
  0
VERTEX
  5
12AE
  8
T3_PROFILE_INSIDE_2
 10
1.0459104783894
 20
62.80653646235911
 30
0.0
  0
VERTEX
  5
12AF
  8
T3_PROFILE_INSIDE_2
 10
1.049507639030601
 20
62.79440403888538
 30
0.0
  0
VERTEX
  5
12B0
  8
T3_PROFILE_INSIDE_2
 10
1.053584421090628
 20
62.7826832904628
 30
0.0
  0
VERTEX
  5
12B1
  8
T3_PROFILE_INSIDE_2
 10
1.058140824569482
 20
62.77137421709138
 30
0.0
  0
VERTEX
  5
12B2
  8
T3_PROFILE_INSIDE_2
 10
1.063176849467163
 20
62.76047681877111
 30
0.0
  0
VERTEX
  5
12B3
  8
T3_PROFILE_INSIDE_2
 10
1.068692495783671
 20
62.74999109550201
 30
0.0
  0
VERTEX
  5
12B4
  8
T3_PROFILE_INSIDE_2
 10
1.074687763519005
 20
62.73991704728407
 30
0.0
  0
VERTEX
  5
12B5
  8
T3_PROFILE_INSIDE_2
 10
1.081162652673166
 20
62.7302546741173
 30
0.0
  0
VERTEX
  5
12B6
  8
T3_PROFILE_INSIDE_2
 10
1.088117163246153
 20
62.72100397600168
 30
0.0
  0
VERTEX
  5
12B7
  8
T3_PROFILE_INSIDE_2
 10
1.095551295237968
 20
62.71216495293721
 30
0.0
  0
VERTEX
  5
12B8
  8
T3_PROFILE_INSIDE_2
 10
1.103333152758432
 20
62.70380155444643
 30
0.0
  0
VERTEX
  5
12B9
  8
T3_PROFILE_INSIDE_2
 10
1.111330839917367
 20
62.69597773005182
 30
0.0
  0
VERTEX
  5
12BA
  8
T3_PROFILE_INSIDE_2
 10
1.119544356714775
 20
62.68869347975338
 30
0.0
  0
VERTEX
  5
12BB
  8
T3_PROFILE_INSIDE_2
 10
1.127973703150655
 20
62.68194880355114
 30
0.0
  0
VERTEX
  5
12BC
  8
T3_PROFILE_INSIDE_2
 10
1.136618879225007
 20
62.67574370144506
 30
0.0
  0
VERTEX
  5
12BD
  8
T3_PROFILE_INSIDE_2
 10
1.145479884937831
 20
62.67007817343517
 30
0.0
  0
VERTEX
  5
12BE
  8
T3_PROFILE_INSIDE_2
 10
1.154556720289127
 20
62.66495221952145
 30
0.0
  0
VERTEX
  5
12BF
  8
T3_PROFILE_INSIDE_2
 10
1.163849385278895
 20
62.66036583970393
 30
0.0
  0
VERTEX
  5
12C0
  8
T3_PROFILE_INSIDE_2
 10
1.173357879907135
 20
62.65631903398257
 30
0.0
  0
VERTEX
  5
12C1
  8
T3_PROFILE_INSIDE_2
 10
1.183082204173848
 20
62.65281180235741
 30
0.0
  0
VERTEX
  5
12C2
  8
T3_PROFILE_INSIDE_2
 10
1.193022358079032
 20
62.64984414482841
 30
0.0
  0
VERTEX
  5
12C3
  8
T3_PROFILE_INSIDE_2
 10
1.203178341622688
 20
62.6474160613956
 30
0.0
  0
VERTEX
  5
12C4
  8
T3_PROFILE_INSIDE_2
 10
1.213550154804816
 20
62.64552755205897
 30
0.0
  0
VERTEX
  5
12C5
  8
T3_PROFILE_INSIDE_2
 10
1.224137797625417
 20
62.64417861681852
 30
0.0
  0
VERTEX
  5
12C6
  8
T3_PROFILE_INSIDE_2
 10
1.234941270084489
 20
62.64336925567424
 30
0.0
  0
VERTEX
  5
12C7
  8
T3_PROFILE_INSIDE_2
 10
1.245960572182033
 20
62.64309946862616
 30
0.0
  0
VERTEX
  5
12C8
  8
T3_PROFILE_INSIDE_2
 10
1.256088577809591
 20
62.64334327618074
 30
0.0
  0
VERTEX
  5
12C9
  8
T3_PROFILE_INSIDE_2
 10
1.266008747488991
 20
62.64407469884445
 30
0.0
  0
VERTEX
  5
12CA
  8
T3_PROFILE_INSIDE_2
 10
1.275721081220233
 20
62.6452937366173
 30
0.0
  0
VERTEX
  5
12CB
  8
T3_PROFILE_INSIDE_2
 10
1.285225579003316
 20
62.64700038949928
 30
0.0
  0
VERTEX
  5
12CC
  8
T3_PROFILE_INSIDE_2
 10
1.294522240838241
 20
62.64919465749043
 30
0.0
  0
VERTEX
  5
12CD
  8
T3_PROFILE_INSIDE_2
 10
1.303611066725007
 20
62.65187654059069
 30
0.0
  0
VERTEX
  5
12CE
  8
T3_PROFILE_INSIDE_2
 10
1.312492056663616
 20
62.65504603880011
 30
0.0
  0
VERTEX
  5
12CF
  8
T3_PROFILE_INSIDE_2
 10
1.321165210654066
 20
62.65870315211866
 30
0.0
  0
VERTEX
  5
12D0
  8
T3_PROFILE_INSIDE_2
 10
1.329630528696358
 20
62.66284788054637
 30
0.0
  0
VERTEX
  5
12D1
  8
T3_PROFILE_INSIDE_2
 10
1.337888010790492
 20
62.66748022408319
 30
0.0
  0
VERTEX
  5
12D2
  8
T3_PROFILE_INSIDE_2
 10
1.345937656936467
 20
62.67260018272917
 30
0.0
  0
VERTEX
  5
12D3
  8
T3_PROFILE_INSIDE_2
 10
1.353779467134284
 20
62.67820775648428
 30
0.0
  0
VERTEX
  5
12D4
  8
T3_PROFILE_INSIDE_2
 10
1.361413441383943
 20
62.68430294534854
 30
0.0
  0
VERTEX
  5
12D5
  8
T3_PROFILE_INSIDE_2
 10
1.368839579685444
 20
62.69088574932194
 30
0.0
  0
VERTEX
  5
12D6
  8
T3_PROFILE_INSIDE_2
 10
1.376057882038786
 20
62.69795616840447
 30
0.0
  0
VERTEX
  5
12D7
  8
T3_PROFILE_INSIDE_2
 10
1.383068348443971
 20
62.70551420259615
 30
0.0
  0
VERTEX
  5
12D8
  8
T3_PROFILE_INSIDE_2
 10
1.389759067236604
 20
62.71355585505181
 30
0.0
  0
VERTEX
  5
12D9
  8
T3_PROFILE_INSIDE_2
 10
1.396018126752293
 20
62.72207712892629
 30
0.0
  0
VERTEX
  5
12DA
  8
T3_PROFILE_INSIDE_2
 10
1.401845526991037
 20
62.73107802421961
 30
0.0
  0
VERTEX
  5
12DB
  8
T3_PROFILE_INSIDE_2
 10
1.407241267952838
 20
62.74055854093175
 30
0.0
  0
VERTEX
  5
12DC
  8
T3_PROFILE_INSIDE_2
 10
1.412205349637695
 20
62.75051867906271
 30
0.0
  0
VERTEX
  5
12DD
  8
T3_PROFILE_INSIDE_2
 10
1.416737772045607
 20
62.76095843861252
 30
0.0
  0
VERTEX
  5
12DE
  8
T3_PROFILE_INSIDE_2
 10
1.420838535176576
 20
62.77187781958114
 30
0.0
  0
VERTEX
  5
12DF
  8
T3_PROFILE_INSIDE_2
 10
1.424507639030601
 20
62.78327682196859
 30
0.0
  0
VERTEX
  5
12E0
  8
T3_PROFILE_INSIDE_2
 10
1.427745083607681
 20
62.79515544577486
 30
0.0
  0
VERTEX
  5
12E1
  8
T3_PROFILE_INSIDE_2
 10
1.430550868907818
 20
62.80751369099997
 30
0.0
  0
VERTEX
  5
12E2
  8
T3_PROFILE_INSIDE_2
 10
1.43292499493101
 20
62.8203515576439
 30
0.0
  0
VERTEX
  5
12E3
  8
T3_PROFILE_INSIDE_2
 10
1.434867461677258
 20
62.83366904570666
 30
0.0
  0
VERTEX
  5
12E4
  8
T3_PROFILE_INSIDE_2
 10
1.436378269146562
 20
62.84746615518824
 30
0.0
  0
VERTEX
  5
12E5
  8
T3_PROFILE_INSIDE_2
 10
1.437457417338923
 20
62.86174288608865
 30
0.0
  0
VERTEX
  5
12E6
  8
T3_PROFILE_INSIDE_2
 10
1.438104906254339
 20
62.87649923840788
 30
0.0
  0
VERTEX
  5
12E7
  8
T3_PROFILE_INSIDE_2
 10
1.438320735892811
 20
62.89173521214595
 30
0.0
  0
VERTEX
  5
12E8
  8
T3_PROFILE_INSIDE_2
 10
1.438096912564025
 20
62.90735887986422
 30
0.0
  0
VERTEX
  5
12E9
  8
T3_PROFILE_INSIDE_2
 10
1.437425442577668
 20
62.92251091985399
 30
0.0
  0
VERTEX
  5
12EA
  8
T3_PROFILE_INSIDE_2
 10
1.436306325933739
 20
62.93719133211525
 30
0.0
  0
VERTEX
  5
12EB
  8
T3_PROFILE_INSIDE_2
 10
1.434739562632238
 20
62.95140011664799
 30
0.0
  0
VERTEX
  5
12EC
  8
T3_PROFILE_INSIDE_2
 10
1.432725152673165
 20
62.96513727345221
 30
0.0
  0
VERTEX
  5
12ED
  8
T3_PROFILE_INSIDE_2
 10
1.430263096056521
 20
62.97840280252794
 30
0.0
  0
VERTEX
  5
12EE
  8
T3_PROFILE_INSIDE_2
 10
1.427353392782306
 20
62.99119670387514
 30
0.0
  0
VERTEX
  5
12EF
  8
T3_PROFILE_INSIDE_2
 10
1.423996042850519
 20
63.00351897749383
 30
0.0
  0
VERTEX
  5
12F0
  8
T3_PROFILE_INSIDE_2
 10
1.42019104626116
 20
63.015369623384
 30
0.0
  0
VERTEX
  5
12F1
  8
T3_PROFILE_INSIDE_2
 10
1.41593840301423
 20
63.02674864154568
 30
0.0
  0
VERTEX
  5
12F2
  8
T3_PROFILE_INSIDE_2
 10
1.411238113109727
 20
63.03765603197883
 30
0.0
  0
VERTEX
  5
12F3
  8
T3_PROFILE_INSIDE_2
 10
1.406090176547654
 20
63.04809179468346
 30
0.0
  0
VERTEX
  5
12F4
  8
T3_PROFILE_INSIDE_2
 10
1.400494593328009
 20
63.05805592965959
 30
0.0
  0
VERTEX
  5
12F5
  8
T3_PROFILE_INSIDE_2
 10
1.394451363450792
 20
63.0675484369072
 30
0.0
  0
VERTEX
  5
12F6
  8
T3_PROFILE_INSIDE_2
 10
1.387960486916003
 20
63.07656931642629
 30
0.0
  0
VERTEX
  5
12F7
  8
T3_PROFILE_INSIDE_2
 10
1.381021963723643
 20
63.08511856821688
 30
0.0
  0
VERTEX
  5
12F8
  8
T3_PROFILE_INSIDE_2
 10
1.373751702383261
 20
63.09317221120802
 30
0.0
  0
VERTEX
  5
12F9
  8
T3_PROFILE_INSIDE_2
 10
1.366265611404407
 20
63.10070626432876
 30
0.0
  0
VERTEX
  5
12FA
  8
T3_PROFILE_INSIDE_2
 10
1.358563690787081
 20
63.10772072757909
 30
0.0
  0
VERTEX
  5
12FB
  8
T3_PROFILE_INSIDE_2
 10
1.350645940531283
 20
63.11421560095904
 30
0.0
  0
VERTEX
  5
12FC
  8
T3_PROFILE_INSIDE_2
 10
1.342512360637013
 20
63.12019088446859
 30
0.0
  0
VERTEX
  5
12FD
  8
T3_PROFILE_INSIDE_2
 10
1.334162951104271
 20
63.12564657810775
 30
0.0
  0
VERTEX
  5
12FE
  8
T3_PROFILE_INSIDE_2
 10
1.325597711933056
 20
63.1305826818765
 30
0.0
  0
VERTEX
  5
12FF
  8
T3_PROFILE_INSIDE_2
 10
1.31681664312337
 20
63.13499919577487
 30
0.0
  0
VERTEX
  5
1300
  8
T3_PROFILE_INSIDE_2
 10
1.307819744675212
 20
63.13889611980284
 30
0.0
  0
VERTEX
  5
1301
  8
T3_PROFILE_INSIDE_2
 10
1.298607016588582
 20
63.14227345396041
 30
0.0
  0
VERTEX
  5
1302
  8
T3_PROFILE_INSIDE_2
 10
1.289178458863479
 20
63.14513119824758
 30
0.0
  0
VERTEX
  5
1303
  8
T3_PROFILE_INSIDE_2
 10
1.279534071499905
 20
63.14746935266436
 30
0.0
  0
VERTEX
  5
1304
  8
T3_PROFILE_INSIDE_2
 10
1.269673854497859
 20
63.14928791721074
 30
0.0
  0
VERTEX
  5
1305
  8
T3_PROFILE_INSIDE_2
 10
1.25959780785734
 20
63.15058689188673
 30
0.0
  0
VERTEX
  5
1306
  8
T3_PROFILE_INSIDE_2
 10
1.24930593157835
 20
63.15136627669233
 30
0.0
  0
VERTEX
  5
1307
  8
T3_PROFILE_INSIDE_2
 10
1.238798225660887
 20
63.15162607162753
 30
0.0
  0
VERTEX
  5
1308
  8
T3_PROFILE_INSIDE_2
 10
1.228036720075963
 20
63.15137427038264
 30
0.0
  0
VERTEX
  5
1309
  8
T3_PROFILE_INSIDE_2
 10
1.217495040974666
 20
63.15061886664799
 30
0.0
  0
VERTEX
  5
130A
  8
T3_PROFILE_INSIDE_2
 10
1.207173188356999
 20
63.14935986042357
 30
0.0
  0
VERTEX
  5
130B
  8
T3_PROFILE_INSIDE_2
 10
1.197071162222961
 20
63.14759725170939
 30
0.0
  0
VERTEX
  5
130C
  8
T3_PROFILE_INSIDE_2
 10
1.187188962572552
 20
63.14533104050543
 30
0.0
  0
VERTEX
  5
130D
  8
T3_PROFILE_INSIDE_2
 10
1.177526589405771
 20
63.1425612268117
 30
0.0
  0
VERTEX
  5
130E
  8
T3_PROFILE_INSIDE_2
 10
1.16808404272262
 20
63.1392878106282
 30
0.0
  0
VERTEX
  5
130F
  8
T3_PROFILE_INSIDE_2
 10
1.158861322523097
 20
63.13551079195495
 30
0.0
  0
VERTEX
  5
1310
  8
T3_PROFILE_INSIDE_2
 10
1.149858428807204
 20
63.13123017079192
 30
0.0
  0
VERTEX
  5
1311
  8
T3_PROFILE_INSIDE_2
 10
1.141075361574939
 20
63.12644594713912
 30
0.0
  0
VERTEX
  5
1312
  8
T3_PROFILE_INSIDE_2
 10
1.132512120826303
 20
63.12115812099655
 30
0.0
  0
VERTEX
  5
1313
  8
T3_PROFILE_INSIDE_2
 10
1.124168706561297
 20
63.11536669236423
 30
0.0
  0
VERTEX
  5
1314
  8
T3_PROFILE_INSIDE_2
 10
1.116045118779919
 20
63.10907166124213
 30
0.0
  0
VERTEX
  5
1315
  8
T3_PROFILE_INSIDE_2
 10
1.108141357482169
 20
63.10227302763026
 30
0.0
  0
VERTEX
  5
1316
  8
T3_PROFILE_INSIDE_2
 10
1.10045742266805
 20
63.09497079152862
 30
0.0
  0
VERTEX
  5
1317
  8
T3_PROFILE_INSIDE_2
 10
1.092993314337559
 20
63.08716495293721
 30
0.0
  0
VERTEX
  5
1318
  8
T3_PROFILE_INSIDE_2
 10
1.085868937845403
 20
63.07889148346245
 30
0.0
  0
VERTEX
  5
1319
  8
T3_PROFILE_INSIDE_2
 10
1.07920419854629
 20
63.07018635471074
 30
0.0
  0
VERTEX
  5
131A
  8
T3_PROFILE_INSIDE_2
 10
1.072999096440219
 20
63.06104956668209
 30
0.0
  0
VERTEX
  5
131B
  8
T3_PROFILE_INSIDE_2
 10
1.06725363152719
 20
63.0514811193765
 30
0.0
  0
VERTEX
  5
131C
  8
T3_PROFILE_INSIDE_2
 10
1.061967803807204
 20
63.04148101279397
 30
0.0
  0
VERTEX
  5
131D
  8
T3_PROFILE_INSIDE_2
 10
1.05714161328026
 20
63.03104924693449
 30
0.0
  0
VERTEX
  5
131E
  8
T3_PROFILE_INSIDE_2
 10
1.052775059946358
 20
63.02018582179806
 30
0.0
  0
VERTEX
  5
131F
  8
T3_PROFILE_INSIDE_2
 10
1.048868143805498
 20
63.00889073738469
 30
0.0
  0
VERTEX
  5
1320
  8
T3_PROFILE_INSIDE_2
 10
1.045420864857681
 20
62.99716399369437
 30
0.0
  0
VERTEX
  5
1321
  8
T3_PROFILE_INSIDE_2
 10
1.042433223102906
 20
62.98500559072711
 30
0.0
  0
VERTEX
  5
1322
  8
T3_PROFILE_INSIDE_2
 10
1.039905218541174
 20
62.97241552848291
 30
0.0
  0
VERTEX
  5
1323
  8
T3_PROFILE_INSIDE_2
 10
1.037836851172483
 20
62.95939380696177
 30
0.0
  0
VERTEX
  5
1324
  8
T3_PROFILE_INSIDE_2
 10
1.036228120996835
 20
62.94594042616368
 30
0.0
  0
VERTEX
  5
1325
  8
T3_PROFILE_INSIDE_2
 10
1.03507902801423
 20
62.93205538608865
 30
0.0
  0
VERTEX
  5
1326
  8
T3_PROFILE_INSIDE_2
 10
1.034389572224666
 20
62.91773868673667
 30
0.0
  0
SEQEND
  5
1615
  8
T3_PROFILE_INSIDE_2
  0
POLYLINE
  5
8D
  8
T3_PROFILE_INSIDE_2
 66
     1
 10
0.0
 20
0.0
 30
0.0
 70
     1
  0
VERTEX
  5
1327
  8
T3_PROFILE_INSIDE_2
 10
1.992890995101542
 20
63.16492757230966
 30
0.0
  0
VERTEX
  5
1328
  8
T3_PROFILE_INSIDE_2
 10
1.99304137640057
 20
63.19140767068534
 30
0.0
  0
VERTEX
  5
1329
  8
T3_PROFILE_INSIDE_2
 10
1.993492520297654
 20
63.21738616499383
 30
0.0
  0
VERTEX
  5
132A
  8
T3_PROFILE_INSIDE_2
 10
1.994244426792794
 20
63.24286305523513
 30
0.0
  0
VERTEX
  5
132B
  8
T3_PROFILE_INSIDE_2
 10
1.99529709588599
 20
63.26783834140925
 30
0.0
  0
VERTEX
  5
132C
  8
T3_PROFILE_INSIDE_2
 10
1.996650527577241
 20
63.29231202351616
 30
0.0
  0
VERTEX
  5
132D
  8
T3_PROFILE_INSIDE_2
 10
1.998304721866549
 20
63.3162841015559
 30
0.0
  0
VERTEX
  5
132E
  8
T3_PROFILE_INSIDE_2
 10
2.000259678753912
 20
63.33975457552845
 30
0.0
  0
VERTEX
  5
132F
  8
T3_PROFILE_INSIDE_2
 10
2.002515398239332
 20
63.3627234454338
 30
0.0
  0
VERTEX
  5
1330
  8
T3_PROFILE_INSIDE_2
 10
2.005071880322808
 20
63.38519071127196
 30
0.0
  0
VERTEX
  5
1331
  8
T3_PROFILE_INSIDE_2
 10
2.007929125004339
 20
63.40715637304294
 30
0.0
  0
VERTEX
  5
1332
  8
T3_PROFILE_INSIDE_2
 10
2.011087132283926
 20
63.42862043074673
 30
0.0
  0
VERTEX
  5
1333
  8
T3_PROFILE_INSIDE_2
 10
2.014545902161569
 20
63.44958288438333
 30
0.0
  0
VERTEX
  5
1334
  8
T3_PROFILE_INSIDE_2
 10
2.018305434637269
 20
63.47004373395273
 30
0.0
  0
VERTEX
  5
1335
  8
T3_PROFILE_INSIDE_2
 10
2.022365729711024
 20
63.49000297945494
 30
0.0
  0
VERTEX
  5
1336
  8
T3_PROFILE_INSIDE_2
 10
2.026726787382835
 20
63.50946062088997
 30
0.0
  0
VERTEX
  5
1337
  8
T3_PROFILE_INSIDE_2
 10
2.031388607652702
 20
63.52841665825781
 30
0.0
  0
VERTEX
  5
1338
  8
T3_PROFILE_INSIDE_2
 10
2.036351190520625
 20
63.54687109155846
 30
0.0
  0
VERTEX
  5
1339
  8
T3_PROFILE_INSIDE_2
 10
2.041614535986604
 20
63.56482392079192
 30
0.0
  0
VERTEX
  5
133A
  8
T3_PROFILE_INSIDE_2
 10
2.047178644050638
 20
63.58227514595819
 30
0.0
  0
VERTEX
  5
133B
  8
T3_PROFILE_INSIDE_2
 10
2.053043514712729
 20
63.59922476705727
 30
0.0
  0
VERTEX
  5
133C
  8
T3_PROFILE_INSIDE_2
 10
2.059209147972876
 20
63.61567278408915
 30
0.0
  0
VERTEX
  5
133D
  8
T3_PROFILE_INSIDE_2
 10
2.065675543831079
 20
63.63161919705385
 30
0.0
  0
VERTEX
  5
133E
  8
T3_PROFILE_INSIDE_2
 10
2.072442702287337
 20
63.64706400595136
 30
0.0
  0
VERTEX
  5
133F
  8
T3_PROFILE_INSIDE_2
 10
2.079510623341651
 20
63.66200721078169
 30
0.0
  0
VERTEX
  5
1340
  8
T3_PROFILE_INSIDE_2
 10
2.086879306994021
 20
63.67644881154482
 30
0.0
  0
VERTEX
  5
1341
  8
T3_PROFILE_INSIDE_2
 10
2.094548753244448
 20
63.69038880824075
 30
0.0
  0
VERTEX
  5
1342
  8
T3_PROFILE_INSIDE_2
 10
2.10251896209293
 20
63.7038272008695
 30
0.0
  0
VERTEX
  5
1343
  8
T3_PROFILE_INSIDE_2
 10
2.110789933539468
 20
63.71676398943107
 30
0.0
  0
VERTEX
  5
1344
  8
T3_PROFILE_INSIDE_2
 10
2.119361667584062
 20
63.72919917392544
 30
0.0
  0
VERTEX
  5
1345
  8
T3_PROFILE_INSIDE_2
 10
2.128234164226713
 20
63.74113275435263
 30
0.0
  0
VERTEX
  5
1346
  8
T3_PROFILE_INSIDE_2
 10
2.137407423467419
 20
63.75256473071262
 30
0.0
  0
VERTEX
  5
1347
  8
T3_PROFILE_INSIDE_2
 10
2.146881445306181
 20
63.76349510300543
 30
0.0
  0
VERTEX
  5
1348
  8
T3_PROFILE_INSIDE_2
 10
2.156663224222023
 20
63.77400780497934
 30
0.0
  0
VERTEX
  5
1349
  8
T3_PROFILE_INSIDE_2
 10
2.16675975469397
 20
63.78418677038265
 30
0.0
  0
VERTEX
  5
134A
  8
T3_PROFILE_INSIDE_2
 10
2.177171036722022
 20
63.79403199921536
 30
0.0
  0
VERTEX
  5
134B
  8
T3_PROFILE_INSIDE_2
 10
2.18789707030618
 20
63.80354349147746
 30
0.0
  0
VERTEX
  5
134C
  8
T3_PROFILE_INSIDE_2
 10
2.198937855446442
 20
63.81272124716897
 30
0.0
  0
VERTEX
  5
134D
  8
T3_PROFILE_INSIDE_2
 10
2.210293392142811
 20
63.82156526628987
 30
0.0
  0
VERTEX
  5
134E
  8
T3_PROFILE_INSIDE_2
 10
2.221963680395283
 20
63.83007554884018
 30
0.0
  0
VERTEX
  5
134F
  8
T3_PROFILE_INSIDE_2
 10
2.233948720203861
 20
63.83825209481989
 30
0.0
  0
VERTEX
  5
1350
  8
T3_PROFILE_INSIDE_2
 10
2.246248511568544
 20
63.84609490422899
 30
0.0
  0
VERTEX
  5
1351
  8
T3_PROFILE_INSIDE_2
 10
2.258863054489332
 20
63.85360397706749
 30
0.0
  0
VERTEX
  5
1352
  8
T3_PROFILE_INSIDE_2
 10
2.271792348966224
 20
63.86077931333541
 30
0.0
  0
VERTEX
  5
1353
  8
T3_PROFILE_INSIDE_2
 10
2.285036394999223
 20
63.86762091303271
 30
0.0
  0
VERTEX
  5
1354
  8
T3_PROFILE_INSIDE_2
 10
2.298595192588325
 20
63.87412877615942
 30
0.0
  0
VERTEX
  5
1355
  8
T3_PROFILE_INSIDE_2
 10
2.312468741733534
 20
63.88030290271552
 30
0.0
  0
VERTEX
  5
1356
  8
T3_PROFILE_INSIDE_2
 10
2.326657042434847
 20
63.88614329270103
 30
0.0
  0
VERTEX
  5
1357
  8
T3_PROFILE_INSIDE_2
 10
2.341160094692265
 20
63.89164994611593
 30
0.0
  0
VERTEX
  5
1358
  8
T3_PROFILE_INSIDE_2
 10
2.355977898505788
 20
63.89682286296024
 30
0.0
  0
VERTEX
  5
1359
  8
T3_PROFILE_INSIDE_2
 10
2.371110453875416
 20
63.90166204323394
 30
0.0
  0
VERTEX
  5
135A
  8
T3_PROFILE_INSIDE_2
 10
2.386557760801149
 20
63.90616748693705
 30
0.0
  0
VERTEX
  5
135B
  8
T3_PROFILE_INSIDE_2
 10
2.402319819282988
 20
63.91033919406955
 30
0.0
  0
VERTEX
  5
135C
  8
T3_PROFILE_INSIDE_2
 10
2.418396629320931
 20
63.91417716463145
 30
0.0
  0
VERTEX
  5
135D
  8
T3_PROFILE_INSIDE_2
 10
2.43478819091498
 20
63.91768139862275
 30
0.0
  0
VERTEX
  5
135E
  8
T3_PROFILE_INSIDE_2
 10
2.451494504065133
 20
63.92085189604346
 30
0.0
  0
VERTEX
  5
135F
  8
T3_PROFILE_INSIDE_2
 10
2.468515568771392
 20
63.92368865689356
 30
0.0
  0
VERTEX
  5
1360
  8
T3_PROFILE_INSIDE_2
 10
2.485851385033755
 20
63.92619168117307
 30
0.0
  0
VERTEX
  5
1361
  8
T3_PROFILE_INSIDE_2
 10
2.503501952852224
 20
63.92836096888196
 30
0.0
  0
VERTEX
  5
1362
  8
T3_PROFILE_INSIDE_2
 10
2.521467272226797
 20
63.93019652002027
 30
0.0
  0
VERTEX
  5
1363
  8
T3_PROFILE_INSIDE_2
 10
2.539747343157476
 20
63.93169833458796
 30
0.0
  0
VERTEX
  5
1364
  8
T3_PROFILE_INSIDE_2
 10
2.55834216564426
 20
63.93286641258507
 30
0.0
  0
VERTEX
  5
1365
  8
T3_PROFILE_INSIDE_2
 10
2.577251739687149
 20
63.93370075401157
 30
0.0
  0
VERTEX
  5
1366
  8
T3_PROFILE_INSIDE_2
 10
2.596476065286143
 20
63.93420135886747
 30
0.0
  0
VERTEX
  5
1367
  8
T3_PROFILE_INSIDE_2
 10
2.616015142441242
 20
63.93436822715277
 30
0.0
  0
VERTEX
  5
1368
  8
T3_PROFILE_INSIDE_2
 10
2.653025928594039
 20
63.93378468775986
 30
0.0
  0
VERTEX
  5
1369
  8
T3_PROFILE_INSIDE_2
 10
2.670895823290492
 20
63.93305526351873
 30
0.0
  0
VERTEX
  5
136A
  8
T3_PROFILE_INSIDE_2
 10
2.688342052400314
 20
63.93203406958114
 30
0.0
  0
VERTEX
  5
136B
  8
T3_PROFILE_INSIDE_2
 10
2.705364615923507
 20
63.9307211059471
 30
0.0
  0
VERTEX
  5
136C
  8
T3_PROFILE_INSIDE_2
 10
2.721963513860069
 20
63.92911637261661
 30
0.0
  0
VERTEX
  5
136D
  8
T3_PROFILE_INSIDE_2
 10
2.738138746210001
 20
63.92721986958966
 30
0.0
  0
VERTEX
  5
136E
  8
T3_PROFILE_INSIDE_2
 10
2.753890312973302
 20
63.92503159686627
 30
0.0
  0
VERTEX
  5
136F
  8
T3_PROFILE_INSIDE_2
 10
2.769218214149973
 20
63.92255155444642
 30
0.0
  0
VERTEX
  5
1370
  8
T3_PROFILE_INSIDE_2
 10
2.784122449740014
 20
63.91977974233012
 30
0.0
  0
VERTEX
  5
1371
  8
T3_PROFILE_INSIDE_2
 10
2.798603019743425
 20
63.91671616051737
 30
0.0
  0
VERTEX
  5
1372
  8
T3_PROFILE_INSIDE_2
 10
2.812659924160205
 20
63.91336080900815
 30
0.0
  0
VERTEX
  5
1373
  8
T3_PROFILE_INSIDE_2
 10
2.826293162990356
 20
63.90971368780249
 30
0.0
  0
VERTEX
  5
1374
  8
T3_PROFILE_INSIDE_2
 10
2.839502736233875
 20
63.90577479690038
 30
0.0
  0
VERTEX
  5
1375
  8
T3_PROFILE_INSIDE_2
 10
2.852288643890765
 20
63.90154413630182
 30
0.0
  0
VERTEX
  5
1376
  8
T3_PROFILE_INSIDE_2
 10
2.864650885961024
 20
63.89702170600679
 30
0.0
  0
VERTEX
  5
1377
  8
T3_PROFILE_INSIDE_2
 10
2.888392146192947
 20
63.88733335334649
 30
0.0
  0
VERTEX
  5
1378
  8
T3_PROFILE_INSIDE_2
 10
2.911014289780942
 20
63.87694155593857
 30
0.0
  0
VERTEX
  5
1379
  8
T3_PROFILE_INSIDE_2
 10
2.932517316725008
 20
63.86584631378305
 30
0.0
  0
VERTEX
  5
137A
  8
T3_PROFILE_INSIDE_2
 10
2.952901227025144
 20
63.85404762687991
 30
0.0
  0
VERTEX
  5
137B
  8
T3_PROFILE_INSIDE_2
 10
2.972166020681351
 20
63.84154549522916
 30
0.0
  0
VERTEX
  5
137C
  8
T3_PROFILE_INSIDE_2
 10
2.981378748767982
 20
63.83503063762343
 30
0.0
  0
VERTEX
  5
137D
  8
T3_PROFILE_INSIDE_2
 10
2.99031169769363
 20
63.82833991883079
 30
0.0
  0
VERTEX
  5
137E
  8
T3_PROFILE_INSIDE_2
 10
2.998964867458295
 20
63.82147333885126
 30
0.0
  0
VERTEX
  5
137F
  8
T3_PROFILE_INSIDE_2
 10
3.007338258061979
 20
63.81443089768483
 30
0.0
  0
VERTEX
  5
1380
  8
T3_PROFILE_INSIDE_2
 10
3.01543186950468
 20
63.80721259533149
 30
0.0
  0
VERTEX
  5
1381
  8
T3_PROFILE_INSIDE_2
 10
3.023245701786399
 20
63.79981843179124
 30
0.0
  0
VERTEX
  5
1382
  8
T3_PROFILE_INSIDE_2
 10
3.038185908982852
 20
63.78475831924008
 30
0.0
  0
VERTEX
  5
1383
  8
T3_PROFILE_INSIDE_2
 10
3.052310759767299
 20
63.76950635812139
 30
0.0
  0
VERTEX
  5
1384
  8
T3_PROFILE_INSIDE_2
 10
3.065620254139741
 20
63.75406254843517
 30
0.0
  0
VERTEX
  5
1385
  8
T3_PROFILE_INSIDE_2
 10
3.078114392100178
 20
63.73842689018142
 30
0.0
  0
VERTEX
  5
1386
  8
T3_PROFILE_INSIDE_2
 10
3.089793173648609
 20
63.72259938336013
 30
0.0
  0
VERTEX
  5
1387
  8
T3_PROFILE_INSIDE_2
 10
3.100656598785035
 20
63.70658002797132
 30
0.0
  0
VERTEX
  5
1388
  8
T3_PROFILE_INSIDE_2
 10
3.110704667509455
 20
63.69036882401497
 30
0.0
  0
VERTEX
  5
1389
  8
T3_PROFILE_INSIDE_2
 10
3.11993737982187
 20
63.6739657714911
 30
0.0
  0
VERTEX
  5
138A
  8
T3_PROFILE_INSIDE_2
 10
3.128546584289809
 20
63.65712306599998
 30
0.0
  0
VERTEX
  5
138B
  8
T3_PROFILE_INSIDE_2
 10
3.136724129480806
 20
63.63959290314186
 30
0.0
  0
VERTEX
  5
138C
  8
T3_PROFILE_INSIDE_2
 10
3.144470015394857
 20
63.62137528291676
 30
0.0
  0
VERTEX
  5
138D
  8
T3_PROFILE_INSIDE_2
 10
3.151784242031965
 20
63.60247020532466
 30
0.0
  0
VERTEX
  5
138E
  8
T3_PROFILE_INSIDE_2
 10
3.158666809392129
 20
63.58287767036559
 30
0.0
  0
VERTEX
  5
138F
  8
T3_PROFILE_INSIDE_2
 10
3.165117717475348
 20
63.56259767803954
 30
0.0
  0
VERTEX
  5
1390
  8
T3_PROFILE_INSIDE_2
 10
3.171136966281624
 20
63.54163022834649
 30
0.0
  0
VERTEX
  5
1391
  8
T3_PROFILE_INSIDE_2
 10
3.176724555810956
 20
63.51997532128647
 30
0.0
  0
VERTEX
  5
1392
  8
T3_PROFILE_INSIDE_2
 10
3.181804546005362
 20
63.49894392207092
 30
0.0
  0
VERTEX
  5
1393
  8
T3_PROFILE_INSIDE_2
 10
3.186556794896904
 20
63.47780061119097
 30
0.0
  0
VERTEX
  5
1394
  8
T3_PROFILE_INSIDE_2
 10
3.190981302485581
 20
63.45654538864663
 30
0.0
  0
VERTEX
  5
1395
  8
T3_PROFILE_INSIDE_2
 10
3.195078068771393
 20
63.4351782544379
 30
0.0
  0
VERTEX
  5
1396
  8
T3_PROFILE_INSIDE_2
 10
3.198847093754339
 20
63.41369920856478
 30
0.0
  0
VERTEX
  5
1397
  8
T3_PROFILE_INSIDE_2
 10
3.202288377434421
 20
63.39210825102726
 30
0.0
  0
VERTEX
  5
1398
  8
T3_PROFILE_INSIDE_2
 10
3.205401919811638
 20
63.37040538182535
 30
0.0
  0
VERTEX
  5
1399
  8
T3_PROFILE_INSIDE_2
 10
3.20818772088599
 20
63.34859060095904
 30
0.0
  0
VERTEX
  5
139A
  8
T3_PROFILE_INSIDE_2
 10
3.210645780657477
 20
63.32666390842835
 30
0.0
  0
VERTEX
  5
139B
  8
T3_PROFILE_INSIDE_2
 10
3.212776099126099
 20
63.30462530423326
 30
0.0
  0
VERTEX
  5
139C
  8
T3_PROFILE_INSIDE_2
 10
3.214578676291856
 20
63.28247478837378
 30
0.0
  0
VERTEX
  5
139D
  8
T3_PROFILE_INSIDE_2
 10
3.216053512154748
 20
63.26021236084991
 30
0.0
  0
VERTEX
  5
139E
  8
T3_PROFILE_INSIDE_2
 10
3.217200606714775
 20
63.23783802166164
 30
0.0
  0
VERTEX
  5
139F
  8
T3_PROFILE_INSIDE_2
 10
3.218019959971937
 20
63.21535177080898
 30
0.0
  0
VERTEX
  5
13A0
  8
T3_PROFILE_INSIDE_2
 10
3.218511571926235
 20
63.19275360829192
 30
0.0
  0
VERTEX
  5
13A1
  8
T3_PROFILE_INSIDE_2
 10
3.218675442577668
 20
63.17004353411048
 30
0.0
  0
VERTEX
  5
13A2
  8
T3_PROFILE_INSIDE_2
 10
3.218135868481487
 20
63.11986714001088
 30
0.0
  0
VERTEX
  5
13A3
  8
T3_PROFILE_INSIDE_2
 10
3.216517146192947
 20
63.07140139563845
 30
0.0
  0
VERTEX
  5
13A4
  8
T3_PROFILE_INSIDE_2
 10
3.213819275712047
 20
63.02464630099314
 30
0.0
  0
VERTEX
  5
13A5
  8
T3_PROFILE_INSIDE_2
 10
3.212065659899462
 20
63.00191024731818
 30
0.0
  0
VERTEX
  5
13A6
  8
T3_PROFILE_INSIDE_2
 10
3.210042257038786
 20
62.97960185607501
 30
0.0
  0
VERTEX
  5
13A7
  8
T3_PROFILE_INSIDE_2
 10
3.207749067130021
 20
62.95772112726361
 30
0.0
  0
VERTEX
  5
13A8
  8
T3_PROFILE_INSIDE_2
 10
3.205186090173165
 20
62.936268060884
 30
0.0
  0
VERTEX
  5
13A9
  8
T3_PROFILE_INSIDE_2
 10
3.20235332616822
 20
62.91524265693619
 30
0.0
  0
VERTEX
  5
13AA
  8
T3_PROFILE_INSIDE_2
 10
3.199250775115185
 20
62.89464491542017
 30
0.0
  0
VERTEX
  5
13AB
  8
T3_PROFILE_INSIDE_2
 10
3.195878437014059
 20
62.87447483633593
 30
0.0
  0
VERTEX
  5
13AC
  8
T3_PROFILE_INSIDE_2
 10
3.192236311864844
 20
62.85473241968347
 30
0.0
  0
VERTEX
  5
13AD
  8
T3_PROFILE_INSIDE_2
 10
3.188324399667538
 20
62.8354176654628
 30
0.0
  0
VERTEX
  5
13AE
  8
T3_PROFILE_INSIDE_2
 10
3.184142700422142
 20
62.81653057367392
 30
0.0
  0
VERTEX
  5
13AF
  8
T3_PROFILE_INSIDE_2
 10
3.179691214128657
 20
62.79807114431682
 30
0.0
  0
VERTEX
  5
13B0
  8
T3_PROFILE_INSIDE_2
 10
3.174969940787081
 20
62.78003937739151
 30
0.0
  0
VERTEX
  5
13B1
  8
T3_PROFILE_INSIDE_2
 10
3.169978880397416
 20
62.762435272898
 30
0.0
  0
VERTEX
  5
13B2
  8
T3_PROFILE_INSIDE_2
 10
3.16471803295966
 20
62.74525883083626
 30
0.0
  0
VERTEX
  5
13B3
  8
T3_PROFILE_INSIDE_2
 10
3.159187398473814
 20
62.72851005120632
 30
0.0
  0
VERTEX
  5
13B4
  8
T3_PROFILE_INSIDE_2
 10
3.153386976939878
 20
62.71218893400815
 30
0.0
  0
VERTEX
  5
13B5
  8
T3_PROFILE_INSIDE_2
 10
3.147316768357852
 20
62.69629547924178
 30
0.0
  0
VERTEX
  5
13B6
  8
T3_PROFILE_INSIDE_2
 10
3.140976772727736
 20
62.6808296869072
 30
0.0
  0
VERTEX
  5
13B7
  8
T3_PROFILE_INSIDE_2
 10
3.13436699004953
 20
62.66579155700441
 30
0.0
  0
VERTEX
  5
13B8
  8
T3_PROFILE_INSIDE_2
 10
3.127487420323234
 20
62.6511810895334
 30
0.0
  0
VERTEX
  5
13B9
  8
T3_PROFILE_INSIDE_2
 10
3.120338063548848
 20
62.63699828449418
 30
0.0
  0
VERTEX
  5
13BA
  8
T3_PROFILE_INSIDE_2
 10
3.112918919726372
 20
62.62324314188674
 30
0.0
  0
VERTEX
  5
13BB
  8
T3_PROFILE_INSIDE_2
 10
3.105229988855806
 20
62.60991566171109
 30
0.0
  0
VERTEX
  5
13BC
  8
T3_PROFILE_INSIDE_2
 10
3.09727127093715
 20
62.59701584396723
 30
0.0
  0
VERTEX
  5
13BD
  8
T3_PROFILE_INSIDE_2
 10
3.089042765970404
 20
62.58454368865516
 30
0.0
  0
VERTEX
  5
13BE
  8
T3_PROFILE_INSIDE_2
 10
3.080544473955567
 20
62.57249919577487
 30
0.0
  0
VERTEX
  5
13BF
  8
T3_PROFILE_INSIDE_2
 10
3.071716442215288
 20
62.56085338819898
 30
0.0
  0
VERTEX
  5
13C0
  8
T3_PROFILE_INSIDE_2
 10
3.062498718072211
 20
62.5495772888001
 30
0.0
  0
VERTEX
  5
13C1
  8
T3_PROFILE_INSIDE_2
 10
3.052891301526338
 20
62.53867089757824
 30
0.0
  0
VERTEX
  5
13C2
  8
T3_PROFILE_INSIDE_2
 10
3.042894192577668
 20
62.52813421453339
 30
0.0
  0
VERTEX
  5
13C3
  8
T3_PROFILE_INSIDE_2
 10
3.032507391226201
 20
62.51796723966555
 30
0.0
  0
VERTEX
  5
13C4
  8
T3_PROFILE_INSIDE_2
 10
3.021730897471938
 20
62.50816997297473
 30
0.0
  0
VERTEX
  5
13C5
  8
T3_PROFILE_INSIDE_2
 10
3.010564711314878
 20
62.49874241446092
 30
0.0
  0
VERTEX
  5
13C6
  8
T3_PROFILE_INSIDE_2
 10
2.999008832755021
 20
62.48968456412412
 30
0.0
  0
VERTEX
  5
13C7
  8
T3_PROFILE_INSIDE_2
 10
2.987063261792368
 20
62.48099642196433
 30
0.0
  0
VERTEX
  5
13C8
  8
T3_PROFILE_INSIDE_2
 10
2.974727998426918
 20
62.47267798798156
 30
0.0
  0
VERTEX
  5
13C9
  8
T3_PROFILE_INSIDE_2
 10
2.962003042658671
 20
62.46472926217579
 30
0.0
  0
VERTEX
  5
13CA
  8
T3_PROFILE_INSIDE_2
 10
2.948888394487627
 20
62.45715024454704
 30
0.0
  0
VERTEX
  5
13CB
  8
T3_PROFILE_INSIDE_2
 10
2.935384053913786
 20
62.4499409350953
 30
0.0
  0
VERTEX
  5
13CC
  8
T3_PROFILE_INSIDE_2
 10
2.921490020937149
 20
62.44310133382056
 30
0.0
  0
VERTEX
  5
13CD
  8
T3_PROFILE_INSIDE_2
 10
2.907206295557716
 20
62.43663144072286
 30
0.0
  0
VERTEX
  5
13CE
  8
T3_PROFILE_INSIDE_2
 10
2.892532877775485
 20
62.43053125580215
 30
0.0
  0
VERTEX
  5
13CF
  8
T3_PROFILE_INSIDE_2
 10
2.877469767590458
 20
62.42480077905846
 30
0.0
  0
VERTEX
  5
13D0
  8
T3_PROFILE_INSIDE_2
 10
2.862016965002633
 20
62.41944001049178
 30
0.0
  0
VERTEX
  5
13D1
  8
T3_PROFILE_INSIDE_2
 10
2.846174470012013
 20
62.41444895010211
 30
0.0
  0
VERTEX
  5
13D2
  8
T3_PROFILE_INSIDE_2
 10
2.829942282618595
 20
62.40982759788946
 30
0.0
  0
VERTEX
  5
13D3
  8
T3_PROFILE_INSIDE_2
 10
2.813320402822381
 20
62.40557595385383
 30
0.0
  0
VERTEX
  5
13D4
  8
T3_PROFILE_INSIDE_2
 10
2.79630883062337
 20
62.40169401799519
 30
0.0
  0
VERTEX
  5
13D5
  8
T3_PROFILE_INSIDE_2
 10
2.778907566021562
 20
62.39818179031358
 30
0.0
  0
VERTEX
  5
13D6
  8
T3_PROFILE_INSIDE_2
 10
2.761116609016958
 20
62.39503927080897
 30
0.0
  0
VERTEX
  5
13D7
  8
T3_PROFILE_INSIDE_2
 10
2.742935959609557
 20
62.39226645948138
 30
0.0
  0
VERTEX
  5
13D8
  8
T3_PROFILE_INSIDE_2
 10
2.724365617799359
 20
62.38986335633081
 30
0.0
  0
VERTEX
  5
13D9
  8
T3_PROFILE_INSIDE_2
 10
2.705405583586365
 20
62.38782996135724
 30
0.0
  0
VERTEX
  5
13DA
  8
T3_PROFILE_INSIDE_2
 10
2.686055856970573
 20
62.38616627456068
 30
0.0
  0
VERTEX
  5
13DB
  8
T3_PROFILE_INSIDE_2
 10
2.666316437951986
 20
62.38487229594114
 30
0.0
  0
VERTEX
  5
13DC
  8
T3_PROFILE_INSIDE_2
 10
2.646187326530601
 20
62.38394802549861
 30
0.0
  0
VERTEX
  5
13DD
  8
T3_PROFILE_INSIDE_2
 10
2.62566852270642
 20
62.38339346323309
 30
0.0
  0
VERTEX
  5
13DE
  8
T3_PROFILE_INSIDE_2
 10
2.604760026479441
 20
62.38320860914458
 30
0.0
  0
VERTEX
  5
13DF
  8
T3_PROFILE_INSIDE_2
 10
2.581382479156794
 20
62.38344442300884
 30
0.0
  0
VERTEX
  5
13E0
  8
T3_PROFILE_INSIDE_2
 10
2.558572483846425
 20
62.38415186460161
 30
0.0
  0
VERTEX
  5
13E1
  8
T3_PROFILE_INSIDE_2
 10
2.536330040548335
 20
62.38533093392289
 30
0.0
  0
VERTEX
  5
13E2
  8
T3_PROFILE_INSIDE_2
 10
2.514655149262524
 20
62.38698163097268
 30
0.0
  0
VERTEX
  5
13E3
  8
T3_PROFILE_INSIDE_2
 10
2.493547809988991
 20
62.389103955751
 30
0.0
  0
VERTEX
  5
13E4
  8
T3_PROFILE_INSIDE_2
 10
2.473008022727735
 20
62.39169790825781
 30
0.0
  0
VERTEX
  5
13E5
  8
T3_PROFILE_INSIDE_2
 10
2.453035787478759
 20
62.39476348849315
 30
0.0
  0
VERTEX
  5
13E6
  8
T3_PROFILE_INSIDE_2
 10
2.43363110424206
 20
62.398300696457
 30
0.0
  0
VERTEX
  5
13E7
  8
T3_PROFILE_INSIDE_2
 10
2.41479397301764
 20
62.40230953214936
 30
0.0
  0
VERTEX
  5
13E8
  8
T3_PROFILE_INSIDE_2
 10
2.396524393805498
 20
62.40678999557022
 30
0.0
  0
VERTEX
  5
13E9
  8
T3_PROFILE_INSIDE_2
 10
2.378822366605634
 20
62.41174208671961
 30
0.0
  0
VERTEX
  5
13EA
  8
T3_PROFILE_INSIDE_2
 10
2.361687891418049
 20
62.41716580559752
 30
0.0
  0
VERTEX
  5
13EB
  8
T3_PROFILE_INSIDE_2
 10
2.345120968242743
 20
62.42306115220393
 30
0.0
  0
VERTEX
  5
13EC
  8
T3_PROFILE_INSIDE_2
 10
2.329121597079714
 20
62.42942812653885
 30
0.0
  0
VERTEX
  5
13ED
  8
T3_PROFILE_INSIDE_2
 10
2.313689777928964
 20
62.43626672860229
 30
0.0
  0
VERTEX
  5
13EE
  8
T3_PROFILE_INSIDE_2
 10
2.298825510790492
 20
62.44357695839424
 30
0.0
  0
VERTEX
  5
13EF
  8
T3_PROFILE_INSIDE_2
 10
2.284408890309591
 20
62.45134282853407
 30
0.0
  0
VERTEX
  5
13F0
  8
T3_PROFILE_INSIDE_2
 10
2.270320011131555
 20
62.45954835164117
 30
0.0
  0
VERTEX
  5
13F1
  8
T3_PROFILE_INSIDE_2
 10
2.256558873256385
 20
62.46819352771552
 30
0.0
  0
VERTEX
  5
13F2
  8
T3_PROFILE_INSIDE_2
 10
2.243125476684079
 20
62.47727835675713
 30
0.0
  0
VERTEX
  5
13F3
  8
T3_PROFILE_INSIDE_2
 10
2.230019821414638
 20
62.486802838766
 30
0.0
  0
VERTEX
  5
13F4
  8
T3_PROFILE_INSIDE_2
 10
2.217241907448063
 20
62.49676697374213
 30
0.0
  0
VERTEX
  5
13F5
  8
T3_PROFILE_INSIDE_2
 10
2.204791734784352
 20
62.50717076168551
 30
0.0
  0
VERTEX
  5
13F6
  8
T3_PROFILE_INSIDE_2
 10
2.192669303423506
 20
62.51801420259615
 30
0.0
  0
VERTEX
  5
13F7
  8
T3_PROFILE_INSIDE_2
 10
2.180874613365526
 20
62.52929729647405
 30
0.0
  0
VERTEX
  5
13F8
  8
T3_PROFILE_INSIDE_2
 10
2.169407664610409
 20
62.54102004331921
 30
0.0
  0
VERTEX
  5
13F9
  8
T3_PROFILE_INSIDE_2
 10
2.158268457158158
 20
62.55318244313163
 30
0.0
  0
VERTEX
  5
13FA
  8
T3_PROFILE_INSIDE_2
 10
2.147456991008772
 20
62.56578449591129
 30
0.0
  0
VERTEX
  5
13FB
  8
T3_PROFILE_INSIDE_2
 10
2.136973266162251
 20
62.57882620165822
 30
0.0
  0
VERTEX
  5
13FC
  8
T3_PROFILE_INSIDE_2
 10
2.126817282618595
 20
62.59230756037241
 30
0.0
  0
VERTEX
  5
13FD
  8
T3_PROFILE_INSIDE_2
 10
2.116989040377804
 20
62.60622857205386
 30
0.0
  0
VERTEX
  5
13FE
  8
T3_PROFILE_INSIDE_2
 10
2.107488539439878
 20
62.62058923670256
 30
0.0
  0
VERTEX
  5
13FF
  8
T3_PROFILE_INSIDE_2
 10
2.10080381591498
 20
62.63118687163606
 30
0.0
  0
VERTEX
  5
1400
  8
T3_PROFILE_INSIDE_2
 10
2.094306944112456
 20
62.64226013114322
 30
0.0
  0
VERTEX
  5
1401
  8
T3_PROFILE_INSIDE_2
 10
2.087997924032306
 20
62.65380901522406
 30
0.0
  0
VERTEX
  5
1402
  8
T3_PROFILE_INSIDE_2
 10
2.081876755674529
 20
62.66583352387855
 30
0.0
  0
VERTEX
  5
1403
  8
T3_PROFILE_INSIDE_2
 10
2.075943439039127
 20
62.67833365710672
 30
0.0
  0
VERTEX
  5
1404
  8
T3_PROFILE_INSIDE_2
 10
2.070197974126098
 20
62.69130941490856
 30
0.0
  0
VERTEX
  5
1405
  8
T3_PROFILE_INSIDE_2
 10
2.064640360935444
 20
62.70476079728407
 30
0.0
  0
VERTEX
  5
1406
  8
T3_PROFILE_INSIDE_2
 10
2.059270599467163
 20
62.71868780423326
 30
0.0
  0
VERTEX
  5
1407
  8
T3_PROFILE_INSIDE_2
 10
2.054088689721255
 20
62.7330904357561
 30
0.0
  0
VERTEX
  5
1408
  8
T3_PROFILE_INSIDE_2
 10
2.049094631697722
 20
62.74796869185263
 30
0.0
  0
VERTEX
  5
1409
  8
T3_PROFILE_INSIDE_2
 10
2.044288425396562
 20
62.76332257252282
 30
0.0
  0
VERTEX
  5
140A
  8
T3_PROFILE_INSIDE_2
 10
2.039670070817777
 20
62.77915207776668
 30
0.0
  0
VERTEX
  5
140B
  8
T3_PROFILE_INSIDE_2
 10
2.035239567961365
 20
62.79545720758421
 30
0.0
  0
VERTEX
  5
140C
  8
T3_PROFILE_INSIDE_2
 10
2.030996916827326
 20
62.81223796197541
 30
0.0
  0
VERTEX
  5
140D
  8
T3_PROFILE_INSIDE_2
 10
2.023075169726372
 20
62.84722634447883
 30
0.0
  0
VERTEX
  5
140E
  8
T3_PROFILE_INSIDE_2
 10
2.016000753798678
 20
62.88363760385809
 30
0.0
  0
VERTEX
  5
140F
  8
T3_PROFILE_INSIDE_2
 10
2.009869593328009
 20
62.92099211869438
 30
0.0
  0
VERTEX
  5
1410
  8
T3_PROFILE_INSIDE_2
 10
2.004681688314366
 20
62.9592898889877
 30
0.0
  0
VERTEX
  5
1411
  8
T3_PROFILE_INSIDE_2
 10
2.00043703875775
 20
62.99853091473803
 30
0.0
  0
VERTEX
  5
1412
  8
T3_PROFILE_INSIDE_2
 10
1.997135644658159
 20
63.0387151959454
 30
0.0
  0
VERTEX
  5
1413
  8
T3_PROFILE_INSIDE_2
 10
1.994777506015594
 20
63.07984273260979
 30
0.0
  0
VERTEX
  5
1414
  8
T3_PROFILE_INSIDE_2
 10
1.993362622830055
 20
63.12191352473121
 30
0.0
  0
SEQEND
  5
1616
  8
T3_PROFILE_INSIDE_2
  0
POLYLINE
  5
8E
  8
T3_PROFILE_INSIDE_2
 66
     1
 10
0.0
 20
0.0
 30
0.0
 70
     1
  0
VERTEX
  5
1415
  8
T3_PROFILE_INSIDE_2
 10
2.406260708607681
 20
63.16390437994949
 30
0.0
  0
VERTEX
  5
1416
  8
T3_PROFILE_INSIDE_2
 10
2.406458552442948
 20
63.12880208735911
 30
0.0
  0
VERTEX
  5
1417
  8
T3_PROFILE_INSIDE_2
 10
2.407052083948745
 20
63.09511867479942
 30
0.0
  0
VERTEX
  5
1418
  8
T3_PROFILE_INSIDE_2
 10
2.408041303125076
 20
63.06285414227044
 30
0.0
  0
VERTEX
  5
1419
  8
T3_PROFILE_INSIDE_2
 10
2.409426209971938
 20
63.03200848977214
 30
0.0
  0
VERTEX
  5
141A
  8
T3_PROFILE_INSIDE_2
 10
2.411206804489333
 20
63.00258171730454
 30
0.0
  0
VERTEX
  5
141B
  8
T3_PROFILE_INSIDE_2
 10
2.413383086677259
 20
62.97457382486764
 30
0.0
  0
VERTEX
  5
141C
  8
T3_PROFILE_INSIDE_2
 10
2.415955056535717
 20
62.94798481246143
 30
0.0
  0
VERTEX
  5
141D
  8
T3_PROFILE_INSIDE_2
 10
2.418922714064707
 20
62.92281468008592
 30
0.0
  0
VERTEX
  5
141E
  8
T3_PROFILE_INSIDE_2
 10
2.42228605926423
 20
62.89906342774111
 30
0.0
  0
VERTEX
  5
141F
  8
T3_PROFILE_INSIDE_2
 10
2.426045092134284
 20
62.87673105542699
 30
0.0
  0
VERTEX
  5
1420
  8
T3_PROFILE_INSIDE_2
 10
2.430199812674871
 20
62.85581756314356
 30
0.0
  0
VERTEX
  5
1421
  8
T3_PROFILE_INSIDE_2
 10
2.43475022088599
 20
62.83632295089083
 30
0.0
  0
VERTEX
  5
1422
  8
T3_PROFILE_INSIDE_2
 10
2.43969631676764
 20
62.8182472186688
 30
0.0
  0
VERTEX
  5
1423
  8
T3_PROFILE_INSIDE_2
 10
2.445038100319823
 20
62.80159036647746
 30
0.0
  0
VERTEX
  5
1424
  8
T3_PROFILE_INSIDE_2
 10
2.450775571542538
 20
62.78635239431681
 30
0.0
  0
VERTEX
  5
1425
  8
T3_PROFILE_INSIDE_2
 10
2.456908730435785
 20
62.77253330218687
 30
0.0
  0
VERTEX
  5
1426
  8
T3_PROFILE_INSIDE_2
 10
2.46341759277378
 20
62.75983332670086
 30
0.0
  0
VERTEX
  5
1427
  8
T3_PROFILE_INSIDE_2
 10
2.470282174330737
 20
62.747952704472
 30
0.0
  0
VERTEX
  5
1428
  8
T3_PROFILE_INSIDE_2
 10
2.477502475106658
 20
62.73689143550031
 30
0.0
  0
VERTEX
  5
1429
  8
T3_PROFILE_INSIDE_2
 10
2.485078495101542
 20
62.72664951978578
 30
0.0
  0
VERTEX
  5
142A
  8
T3_PROFILE_INSIDE_2
 10
2.493010234315389
 20
62.71722695732841
 30
0.0
  0
VERTEX
  5
142B
  8
T3_PROFILE_INSIDE_2
 10
2.5012976927482
 20
62.7086237481282
 30
0.0
  0
VERTEX
  5
142C
  8
T3_PROFILE_INSIDE_2
 10
2.509940870399973
 20
62.70083989218516
 30
0.0
  0
VERTEX
  5
142D
  8
T3_PROFILE_INSIDE_2
 10
2.51893976727071
 20
62.69387538949928
 30
0.0
  0
VERTEX
  5
142E
  8
T3_PROFILE_INSIDE_2
 10
2.52829438336041
 20
62.68773024007056
 30
0.0
  0
VERTEX
  5
142F
  8
T3_PROFILE_INSIDE_2
 10
2.538004718669074
 20
62.68240444389901
 30
0.0
  0
VERTEX
  5
1430
  8
T3_PROFILE_INSIDE_2
 10
2.548070773196699
 20
62.67789800098462
 30
0.0
  0
VERTEX
  5
1431
  8
T3_PROFILE_INSIDE_2
 10
2.558492546943288
 20
62.67421091132739
 30
0.0
  0
VERTEX
  5
1432
  8
T3_PROFILE_INSIDE_2
 10
2.569270039908841
 20
62.67134317492732
 30
0.0
  0
VERTEX
  5
1433
  8
T3_PROFILE_INSIDE_2
 10
2.580403252093356
 20
62.66929479178442
 30
0.0
  0
VERTEX
  5
1434
  8
T3_PROFILE_INSIDE_2
 10
2.591892183496835
 20
62.66806576189867
 30
0.0
  0
VERTEX
  5
1435
  8
T3_PROFILE_INSIDE_2
 10
2.603736834119277
 20
62.6676560852701
 30
0.0
  0
VERTEX
  5
1436
  8
T3_PROFILE_INSIDE_2
 10
2.611600626965457
 20
62.66782994803442
 30
0.0
  0
VERTEX
  5
1437
  8
T3_PROFILE_INSIDE_2
 10
2.61933252392146
 20
62.66835153632739
 30
0.0
  0
VERTEX
  5
1438
  8
T3_PROFILE_INSIDE_2
 10
2.626932524987286
 20
62.66922085014901
 30
0.0
  0
VERTEX
  5
1439
  8
T3_PROFILE_INSIDE_2
 10
2.634400630162934
 20
62.67043788949929
 30
0.0
  0
VERTEX
  5
143A
  8
T3_PROFILE_INSIDE_2
 10
2.641736839448404
 20
62.67200265437821
 30
0.0
  0
VERTEX
  5
143B
  8
T3_PROFILE_INSIDE_2
 10
2.648941152843697
 20
62.67391514478579
 30
0.0
  0
VERTEX
  5
143C
  8
T3_PROFILE_INSIDE_2
 10
2.656013570348813
 20
62.67617536072201
 30
0.0
  0
VERTEX
  5
143D
  8
T3_PROFILE_INSIDE_2
 10
2.662954091963752
 20
62.67878330218688
 30
0.0
  0
VERTEX
  5
143E
  8
T3_PROFILE_INSIDE_2
 10
2.669762717688513
 20
62.68173896918039
 30
0.0
  0
VERTEX
  5
143F
  8
T3_PROFILE_INSIDE_2
 10
2.676439447523097
 20
62.68504236170256
 30
0.0
  0
VERTEX
  5
1440
  8
T3_PROFILE_INSIDE_2
 10
2.682984281467504
 20
62.68869347975338
 30
0.0
  0
VERTEX
  5
1441
  8
T3_PROFILE_INSIDE_2
 10
2.689397219521733
 20
62.69269232333285
 30
0.0
  0
VERTEX
  5
1442
  8
T3_PROFILE_INSIDE_2
 10
2.695678261685785
 20
62.69703889244096
 30
0.0
  0
VERTEX
  5
1443
  8
T3_PROFILE_INSIDE_2
 10
2.70182740795966
 20
62.70173318707774
 30
0.0
  0
VERTEX
  5
1444
  8
T3_PROFILE_INSIDE_2
 10
2.707844658343356
 20
62.70677520724314
 30
0.0
  0
VERTEX
  5
1445
  8
T3_PROFILE_INSIDE_2
 10
2.713730012836876
 20
62.71216495293721
 30
0.0
  0
VERTEX
  5
1446
  8
T3_PROFILE_INSIDE_2
 10
2.719453495101542
 20
62.71793040207603
 30
0.0
  0
VERTEX
  5
1447
  8
T3_PROFILE_INSIDE_2
 10
2.724985128798677
 20
62.72409953257569
 30
0.0
  0
VERTEX
  5
1448
  8
T3_PROFILE_INSIDE_2
 10
2.730324913928281
 20
62.73067234443619
 30
0.0
  0
VERTEX
  5
1449
  8
T3_PROFILE_INSIDE_2
 10
2.735472850490355
 20
62.73764883765755
 30
0.0
  0
VERTEX
  5
144A
  8
T3_PROFILE_INSIDE_2
 10
2.740428938484898
 20
62.74502901223974
 30
0.0
  0
VERTEX
  5
144B
  8
T3_PROFILE_INSIDE_2
 10
2.745193177911911
 20
62.75281286818279
 30
0.0
  0
VERTEX
  5
144C
  8
T3_PROFILE_INSIDE_2
 10
2.749765568771392
 20
62.76100040548667
 30
0.0
  0
VERTEX
  5
144D
  8
T3_PROFILE_INSIDE_2
 10
2.754146111063343
 20
62.7695916241514
 30
0.0
  0
VERTEX
  5
144E
  8
T3_PROFILE_INSIDE_2
 10
2.758334804787763
 20
62.77858652417699
 30
0.0
  0
VERTEX
  5
144F
  8
T3_PROFILE_INSIDE_2
 10
2.762331649944652
 20
62.78798510556341
 30
0.0
  0
VERTEX
  5
1450
  8
T3_PROFILE_INSIDE_2
 10
2.766136646534012
 20
62.79778736831069
 30
0.0
  0
VERTEX
  5
1451
  8
T3_PROFILE_INSIDE_2
 10
2.76974979455584
 20
62.8079933124188
 30
0.0
  0
VERTEX
  5
1452
  8
T3_PROFILE_INSIDE_2
 10
2.773171094010137
 20
62.81860293788777
 30
0.0
  0
VERTEX
  5
1453
  8
T3_PROFILE_INSIDE_2
 10
2.776400544896903
 20
62.82961624471758
 30
0.0
  0
VERTEX
  5
1454
  8
T3_PROFILE_INSIDE_2
 10
2.782283900967845
 20
62.85285390245973
 30
0.0
  0
VERTEX
  5
1455
  8
T3_PROFILE_INSIDE_2
 10
2.784947798264912
 20
62.86529608143313
 30
0.0
  0
VERTEX
  5
1456
  8
T3_PROFILE_INSIDE_2
 10
2.787439831220233
 20
62.87857759788947
 30
0.0
  0
VERTEX
  5
1457
  8
T3_PROFILE_INSIDE_2
 10
2.791908304105635
 20
62.90765864325099
 30
0.0
  0
VERTEX
  5
1458
  8
T3_PROFILE_INSIDE_2
 10
2.795689319624053
 20
62.94009703854431
 30
0.0
  0
VERTEX
  5
1459
  8
T3_PROFILE_INSIDE_2
 10
2.798782877775485
 20
62.97589278376941
 30
0.0
  0
VERTEX
  5
145A
  8
T3_PROFILE_INSIDE_2
 10
2.801188978559932
 20
63.0150458789263
 30
0.0
  0
VERTEX
  5
145B
  8
T3_PROFILE_INSIDE_2
 10
2.802907621977395
 20
63.05755632401497
 30
0.0
  0
VERTEX
  5
145C
  8
T3_PROFILE_INSIDE_2
 10
2.803938808027873
 20
63.10342411903545
 30
0.0
  0
VERTEX
  5
145D
  8
T3_PROFILE_INSIDE_2
 10
2.804282536711365
 20
63.15264926398769
 30
0.0
  0
VERTEX
  5
145E
  8
T3_PROFILE_INSIDE_2
 10
2.804084692876099
 20
63.18923038928612
 30
0.0
  0
VERTEX
  5
145F
  8
T3_PROFILE_INSIDE_2
 10
2.803491161370301
 20
63.22428072288946
 30
0.0
  0
VERTEX
  5
1460
  8
T3_PROFILE_INSIDE_2
 10
2.80250194219397
 20
63.25780026479772
 30
0.0
  0
VERTEX
  5
1461
  8
T3_PROFILE_INSIDE_2
 10
2.801117035347108
 20
63.28978901501088
 30
0.0
  0
VERTEX
  5
1462
  8
T3_PROFILE_INSIDE_2
 10
2.799336440829713
 20
63.32024697352896
 30
0.0
  0
VERTEX
  5
1463
  8
T3_PROFILE_INSIDE_2
 10
2.797160158641788
 20
63.34917414035195
 30
0.0
  0
VERTEX
  5
1464
  8
T3_PROFILE_INSIDE_2
 10
2.794588188783329
 20
63.37657051547985
 30
0.0
  0
VERTEX
  5
1465
  8
T3_PROFILE_INSIDE_2
 10
2.791620531254339
 20
63.40243609891266
 30
0.0
  0
VERTEX
  5
1466
  8
T3_PROFILE_INSIDE_2
 10
2.788257186054816
 20
63.42677089065038
 30
0.0
  0
VERTEX
  5
1467
  8
T3_PROFILE_INSIDE_2
 10
2.784498153184762
 20
63.44957489069301
 30
0.0
  0
VERTEX
  5
1468
  8
T3_PROFILE_INSIDE_2
 10
2.780343432644175
 20
63.47084809904056
 30
0.0
  0
VERTEX
  5
1469
  8
T3_PROFILE_INSIDE_2
 10
2.775793024433057
 20
63.49059051569301
 30
0.0
  0
VERTEX
  5
146A
  8
T3_PROFILE_INSIDE_2
 10
2.770846928551406
 20
63.50880214065038
 30
0.0
  0
VERTEX
  5
146B
  8
T3_PROFILE_INSIDE_2
 10
2.765505144999223
 20
63.52548297391266
 30
0.0
  0
VERTEX
  5
146C
  8
T3_PROFILE_INSIDE_2
 10
2.759767673776508
 20
63.54063301547985
 30
0.0
  0
VERTEX
  5
146D
  8
T3_PROFILE_INSIDE_2
 10
2.753634514883261
 20
63.55425226535195
 30
0.0
  0
VERTEX
  5
146E
  8
T3_PROFILE_INSIDE_2
 10
2.747105668319482
 20
63.56670443643824
 30
0.0
  0
VERTEX
  5
146F
  8
T3_PROFILE_INSIDE_2
 10
2.740181134085171
 20
63.57835324164799
 30
0.0
  0
VERTEX
  5
1470
  8
T3_PROFILE_INSIDE_2
 10
2.732860912180328
 20
63.58919868098121
 30
0.0
  0
VERTEX
  5
1471
  8
T3_PROFILE_INSIDE_2
 10
2.725145002604953
 20
63.59924075443789
 30
0.0
  0
VERTEX
  5
1472
  8
T3_PROFILE_INSIDE_2
 10
2.717033405359045
 20
63.60847946201805
 30
0.0
  0
VERTEX
  5
1473
  8
T3_PROFILE_INSIDE_2
 10
2.708526120442607
 20
63.61691480372166
 30
0.0
  0
VERTEX
  5
1474
  8
T3_PROFILE_INSIDE_2
 10
2.699623147855635
 20
63.62454677954874
 30
0.0
  0
VERTEX
  5
1475
  8
T3_PROFILE_INSIDE_2
 10
2.690324487598132
 20
63.63137538949928
 30
0.0
  0
VERTEX
  5
1476
  8
T3_PROFILE_INSIDE_2
 10
2.680630139670096
 20
63.63740063357329
 30
0.0
  0
VERTEX
  5
1477
  8
T3_PROFILE_INSIDE_2
 10
2.670540104071529
 20
63.64262251177077
 30
0.0
  0
VERTEX
  5
1478
  8
T3_PROFILE_INSIDE_2
 10
2.660054380802429
 20
63.64704102409172
 30
0.0
  0
VERTEX
  5
1479
  8
T3_PROFILE_INSIDE_2
 10
2.649172969862797
 20
63.65065617053612
 30
0.0
  0
VERTEX
  5
147A
  8
T3_PROFILE_INSIDE_2
 10
2.637895871252633
 20
63.65346795110399
 30
0.0
  0
VERTEX
  5
147B
  8
T3_PROFILE_INSIDE_2
 10
2.626223084971938
 20
63.65547636579533
 30
0.0
  0
VERTEX
  5
147C
  8
T3_PROFILE_INSIDE_2
 10
2.61415461102071
 20
63.65668141461013
 30
0.0
  0
VERTEX
  5
147D
  8
T3_PROFILE_INSIDE_2
 10
2.60169044939895
 20
63.6570830975484
 30
0.0
  0
VERTEX
  5
147E
  8
T3_PROFILE_INSIDE_2
 10
2.588996469180669
 20
63.65667342091982
 30
0.0
  0
VERTEX
  5
147F
  8
T3_PROFILE_INSIDE_2
 10
2.576750135619959
 20
63.65544439103407
 30
0.0
  0
VERTEX
  5
1480
  8
T3_PROFILE_INSIDE_2
 10
2.564951448716822
 20
63.65339600789117
 30
0.0
  0
VERTEX
  5
1481
  8
T3_PROFILE_INSIDE_2
 10
2.553600408471256
 20
63.6505282714911
 30
0.0
  0
VERTEX
  5
1482
  8
T3_PROFILE_INSIDE_2
 10
2.542697014883261
 20
63.64684118183387
 30
0.0
  0
VERTEX
  5
1483
  8
T3_PROFILE_INSIDE_2
 10
2.532241267952839
 20
63.64233473891948
 30
0.0
  0
VERTEX
  5
1484
  8
T3_PROFILE_INSIDE_2
 10
2.522233167679987
 20
63.63700894274793
 30
0.0
  0
VERTEX
  5
1485
  8
T3_PROFILE_INSIDE_2
 10
2.512672714064707
 20
63.63086379331921
 30
0.0
  0
VERTEX
  5
1486
  8
T3_PROFILE_INSIDE_2
 10
2.503559907106999
 20
63.62389929063333
 30
0.0
  0
VERTEX
  5
1487
  8
T3_PROFILE_INSIDE_2
 10
2.494894746806863
 20
63.61611543469029
 30
0.0
  0
VERTEX
  5
1488
  8
T3_PROFILE_INSIDE_2
 10
2.486677233164298
 20
63.60751222549008
 30
0.0
  0
VERTEX
  5
1489
  8
T3_PROFILE_INSIDE_2
 10
2.478907366179305
 20
63.59808966303271
 30
0.0
  0
VERTEX
  5
148A
  8
T3_PROFILE_INSIDE_2
 10
2.471585145851883
 20
63.58784774731818
 30
0.0
  0
VERTEX
  5
148B
  8
T3_PROFILE_INSIDE_2
 10
2.464710572182033
 20
63.57678647834649
 30
0.0
  0
VERTEX
  5
148C
  8
T3_PROFILE_INSIDE_2
 10
2.458283645169755
 20
63.56490585611763
 30
0.0
  0
VERTEX
  5
148D
  8
T3_PROFILE_INSIDE_2
 10
2.452304364815048
 20
63.55220588063162
 30
0.0
  0
VERTEX
  5
148E
  8
T3_PROFILE_INSIDE_2
 10
2.446728765821187
 20
63.53839877903714
 30
0.0
  0
VERTEX
  5
148F
  8
T3_PROFILE_INSIDE_2
 10
2.441512882891447
 20
63.52319677848291
 30
0.0
  0
VERTEX
  5
1490
  8
T3_PROFILE_INSIDE_2
 10
2.436656716025826
 20
63.50659987896893
 30
0.0
  0
VERTEX
  5
1491
  8
T3_PROFILE_INSIDE_2
 10
2.432160265224325
 20
63.4886080804952
 30
0.0
  0
VERTEX
  5
1492
  8
T3_PROFILE_INSIDE_2
 10
2.428023530486945
 20
63.46922138306169
 30
0.0
  0
VERTEX
  5
1493
  8
T3_PROFILE_INSIDE_2
 10
2.424246511813684
 20
63.44843978666846
 30
0.0
  0
VERTEX
  5
1494
  8
T3_PROFILE_INSIDE_2
 10
2.420829209204544
 20
63.42626329131545
 30
0.0
  0
VERTEX
  5
1495
  8
T3_PROFILE_INSIDE_2
 10
2.417771622659523
 20
63.4026918970027
 30
0.0
  0
VERTEX
  5
1496
  8
T3_PROFILE_INSIDE_2
 10
2.415073752178623
 20
63.37772560373018
 30
0.0
  0
VERTEX
  5
1497
  8
T3_PROFILE_INSIDE_2
 10
2.412735597761842
 20
63.35136441149793
 30
0.0
  0
VERTEX
  5
1498
  8
T3_PROFILE_INSIDE_2
 10
2.410757159409182
 20
63.32360832030591
 30
0.0
  0
VERTEX
  5
1499
  8
T3_PROFILE_INSIDE_2
 10
2.409138437120642
 20
63.29445733015413
 30
0.0
  0
VERTEX
  5
149A
  8
T3_PROFILE_INSIDE_2
 10
2.407879430896222
 20
63.26391144104261
 30
0.0
  0
VERTEX
  5
149B
  8
T3_PROFILE_INSIDE_2
 10
2.406980140735921
 20
63.23197065297133
 30
0.0
  0
VERTEX
  5
149C
  8
T3_PROFILE_INSIDE_2
 10
2.406440566639741
 20
63.19863496594028
 30
0.0
  0
SEQEND
  5
1617
  8
T3_PROFILE_INSIDE_2
  0
POLYLINE
  5
8F
  8
T3_PROFILE_INSIDE_2
 66
     1
 10
0.0
 20
0.0
 30
0.0
 70
     1
  0
VERTEX
  5
149D
  8
T3_PROFILE_INSIDE_2
 10
3.207420326615867
 20
60.15878841814867
 30
0.0
  0
VERTEX
  5
149E
  8
T3_PROFILE_INSIDE_2
 10
1.957079262495812
 20
60.15878841814867
 30
0.0
  0
VERTEX
  5
149F
  8
T3_PROFILE_INSIDE_2
 10
1.960106872702156
 20
60.1818522131265
 30
0.0
  0
VERTEX
  5
14A0
  8
T3_PROFILE_INSIDE_2
 10
1.963817943430328
 20
60.20474414376259
 30
0.0
  0
VERTEX
  5
14A1
  8
T3_PROFILE_INSIDE_2
 10
1.968212474680328
 20
60.22746421005694
 30
0.0
  0
VERTEX
  5
14A2
  8
T3_PROFILE_INSIDE_2
 10
1.973290466452156
 20
60.25001241200953
 30
0.0
  0
VERTEX
  5
14A3
  8
T3_PROFILE_INSIDE_2
 10
1.979051918745812
 20
60.27238874962038
 30
0.0
  0
VERTEX
  5
14A4
  8
T3_PROFILE_INSIDE_2
 10
1.985496831561297
 20
60.29459322288947
 30
0.0
  0
VERTEX
  5
14A5
  8
T3_PROFILE_INSIDE_2
 10
1.992625204898609
 20
60.31662583181683
 30
0.0
  0
VERTEX
  5
14A6
  8
T3_PROFILE_INSIDE_2
 10
2.00043703875775
 20
60.33848657640243
 30
0.0
  0
VERTEX
  5
14A7
  8
T3_PROFILE_INSIDE_2
 10
2.008932333138718
 20
60.3601754566463
 30
0.0
  0
VERTEX
  5
14A8
  8
T3_PROFILE_INSIDE_2
 10
2.018111088041515
 20
60.38169247254841
 30
0.0
  0
VERTEX
  5
14A9
  8
T3_PROFILE_INSIDE_2
 10
2.02797330346614
 20
60.40303762410878
 30
0.0
  0
VERTEX
  5
14AA
  8
T3_PROFILE_INSIDE_2
 10
2.038518979412593
 20
60.4242109113274
 30
0.0
  0
VERTEX
  5
14AB
  8
T3_PROFILE_INSIDE_2
 10
2.049748115880874
 20
60.44521233420428
 30
0.0
  0
VERTEX
  5
14AC
  8
T3_PROFILE_INSIDE_2
 10
2.061660712870983
 20
60.4660418927394
 30
0.0
  0
VERTEX
  5
14AD
  8
T3_PROFILE_INSIDE_2
 10
2.074256770382921
 20
60.48669958693279
 30
0.0
  0
VERTEX
  5
14AE
  8
T3_PROFILE_INSIDE_2
 10
2.087536288416686
 20
60.50718541678442
 30
0.0
  0
VERTEX
  5
14AF
  8
T3_PROFILE_INSIDE_2
 10
2.101902948333125
 20
60.5278151330617
 30
0.0
  0
VERTEX
  5
14B0
  8
T3_PROFILE_INSIDE_2
 10
2.117760431493084
 20
60.54890448653203
 30
0.0
  0
VERTEX
  5
14B1
  8
T3_PROFILE_INSIDE_2
 10
2.135108737896563
 20
60.5704534771954
 30
0.0
  0
VERTEX
  5
14B2
  8
T3_PROFILE_INSIDE_2
 10
2.153947867543562
 20
60.59246210505181
 30
0.0
  0
VERTEX
  5
14B3
  8
T3_PROFILE_INSIDE_2
 10
2.174277820434081
 20
60.61493037010126
 30
0.0
  0
VERTEX
  5
14B4
  8
T3_PROFILE_INSIDE_2
 10
2.196098596568119
 20
60.63785827234376
 30
0.0
  0
VERTEX
  5
14B5
  8
T3_PROFILE_INSIDE_2
 10
2.219410195945676
 20
60.6612458117793
 30
0.0
  0
VERTEX
  5
14B6
  8
T3_PROFILE_INSIDE_2
 10
2.244212618566754
 20
60.68509298840788
 30
0.0
  0
VERTEX
  5
14B7
  8
T3_PROFILE_INSIDE_2
 10
2.270505864431352
 20
60.70939980222951
 30
0.0
  0
VERTEX
  5
14B8
  8
T3_PROFILE_INSIDE_2
 10
2.298289933539469
 20
60.73416625324417
 30
0.0
  0
VERTEX
  5
14B9
  8
T3_PROFILE_INSIDE_2
 10
2.327564825891106
 20
60.75939234145188
 30
0.0
  0
VERTEX
  5
14BA
  8
T3_PROFILE_INSIDE_2
 10
2.358330541486263
 20
60.78507806685263
 30
0.0
  0
VERTEX
  5
14BB
  8
T3_PROFILE_INSIDE_2
 10
2.39058708032494
 20
60.81122342944643
 30
0.0
  0
VERTEX
  5
14BC
  8
T3_PROFILE_INSIDE_2
 10
2.424334442407136
 20
60.83782842923326
 30
0.0
  0
VERTEX
  5
14BD
  8
T3_PROFILE_INSIDE_2
 10
2.459572627732852
 20
60.86489306621313
 30
0.0
  0
VERTEX
  5
14BE
  8
T3_PROFILE_INSIDE_2
 10
2.496301636302088
 20
60.89241734038605
 30
0.0
  0
VERTEX
  5
14BF
  8
T3_PROFILE_INSIDE_2
 10
2.540027122318459
 20
60.92541529400133
 30
0.0
  0
VERTEX
  5
14C0
  8
T3_PROFILE_INSIDE_2
 10
2.57962786413292
 20
60.95636686289629
 30
0.0
  0
VERTEX
  5
14C1
  8
T3_PROFILE_INSIDE_2
 10
2.615103861745471
 20
60.98527204707092
 30
0.0
  0
VERTEX
  5
14C2
  8
T3_PROFILE_INSIDE_2
 10
2.646455115156113
 20
61.01213084652521
 30
0.0
  0
VERTEX
  5
14C3
  8
T3_PROFILE_INSIDE_2
 10
2.660583962785717
 20
61.02479285198224
 30
0.0
  0
VERTEX
  5
14C4
  8
T3_PROFILE_INSIDE_2
 10
2.673681624364844
 20
61.03694326125918
 30
0.0
  0
VERTEX
  5
14C5
  8
T3_PROFILE_INSIDE_2
 10
2.685748099893493
 20
61.04858207435605
 30
0.0
  0
VERTEX
  5
14C6
  8
T3_PROFILE_INSIDE_2
 10
2.696783389371665
 20
61.05970929127282
 30
0.0
  0
VERTEX
  5
14C7
  8
T3_PROFILE_INSIDE_2
 10
2.706787492799359
 20
61.07032491200952
 30
0.0
  0
VERTEX
  5
14C8
  8
T3_PROFILE_INSIDE_2
 10
2.715760410176576
 20
61.08042893656614
 30
0.0
  0
VERTEX
  5
14C9
  8
T3_PROFILE_INSIDE_2
 10
2.723702141503316
 20
61.09002136494267
 30
0.0
  0
VERTEX
  5
14CA
  8
T3_PROFILE_INSIDE_2
 10
2.730612686779578
 20
61.09910219713912
 30
0.0
  0
VERTEX
  5
14CB
  8
T3_PROFILE_INSIDE_2
 10
2.742603222250246
 20
61.11664035368755
 30
0.0
  0
VERTEX
  5
14CC
  8
T3_PROFILE_INSIDE_2
 10
2.747998963212047
 20
61.12532549821347
 30
0.0
  0
VERTEX
  5
14CD
  8
T3_PROFILE_INSIDE_2
 10
2.752995019658159
 20
61.1339546869072
 30
0.0
  0
VERTEX
  5
14CE
  8
T3_PROFILE_INSIDE_2
 10
2.757591391588582
 20
61.14252791976872
 30
0.0
  0
VERTEX
  5
14CF
  8
T3_PROFILE_INSIDE_2
 10
2.761788079003316
 20
61.15104519679805
 30
0.0
  0
VERTEX
  5
14D0
  8
T3_PROFILE_INSIDE_2
 10
2.765585081902361
 20
61.1595065179952
 30
0.0
  0
VERTEX
  5
14D1
  8
T3_PROFILE_INSIDE_2
 10
2.768982400285717
 20
61.16791188336013
 30
0.0
  0
VERTEX
  5
14D2
  8
T3_PROFILE_INSIDE_2
 10
2.771980034153384
 20
61.17626129289287
 30
0.0
  0
VERTEX
  5
14D3
  8
T3_PROFILE_INSIDE_2
 10
2.774577983505362
 20
61.18455474659342
 30
0.0
  0
VERTEX
  5
14D4
  8
T3_PROFILE_INSIDE_2
 10
2.776776248341651
 20
61.19279224446177
 30
0.0
  0
VERTEX
  5
14D5
  8
T3_PROFILE_INSIDE_2
 10
2.778574828662252
 20
61.20097378649793
 30
0.0
  0
VERTEX
  5
14D6
  8
T3_PROFILE_INSIDE_2
 10
2.779973724467163
 20
61.20909937270189
 30
0.0
  0
VERTEX
  5
14D7
  8
T3_PROFILE_INSIDE_2
 10
2.780972935756385
 20
61.21716900307364
 30
0.0
  0
VERTEX
  5
14D8
  8
T3_PROFILE_INSIDE_2
 10
2.781572462529919
 20
61.2251826776132
 30
0.0
  0
VERTEX
  5
14D9
  8
T3_PROFILE_INSIDE_2
 10
2.781772304787764
 20
61.23314039632057
 30
0.0
  0
VERTEX
  5
14DA
  8
T3_PROFILE_INSIDE_2
 10
2.781574460952497
 20
61.24163169385638
 30
0.0
  0
VERTEX
  5
14DB
  8
T3_PROFILE_INSIDE_2
 10
2.7809809294467
 20
61.24996711443107
 30
0.0
  0
VERTEX
  5
14DC
  8
T3_PROFILE_INSIDE_2
 10
2.77999171027037
 20
61.25814665804465
 30
0.0
  0
VERTEX
  5
14DD
  8
T3_PROFILE_INSIDE_2
 10
2.778606803423507
 20
61.26617032469711
 30
0.0
  0
VERTEX
  5
14DE
  8
T3_PROFILE_INSIDE_2
 10
2.776826208906113
 20
61.27403811438845
 30
0.0
  0
VERTEX
  5
14DF
  8
T3_PROFILE_INSIDE_2
 10
2.774649926718187
 20
61.28175002711866
 30
0.0
  0
VERTEX
  5
14E0
  8
T3_PROFILE_INSIDE_2
 10
2.772077956859728
 20
61.28930606288776
 30
0.0
  0
VERTEX
  5
14E1
  8
T3_PROFILE_INSIDE_2
 10
2.769110299330737
 20
61.29670622169574
 30
0.0
  0
VERTEX
  5
14E2
  8
T3_PROFILE_INSIDE_2
 10
2.765746954131215
 20
61.3039505035426
 30
0.0
  0
VERTEX
  5
14E3
  8
T3_PROFILE_INSIDE_2
 10
2.76198792126116
 20
61.31103890842834
 30
0.0
  0
VERTEX
  5
14E4
  8
T3_PROFILE_INSIDE_2
 10
2.757833200720573
 20
61.31797143635297
 30
0.0
  0
VERTEX
  5
14E5
  8
T3_PROFILE_INSIDE_2
 10
2.753282792509455
 20
61.32474808731647
 30
0.0
  0
VERTEX
  5
14E6
  8
T3_PROFILE_INSIDE_2
 10
2.748336696627804
 20
61.33136886131886
 30
0.0
  0
VERTEX
  5
14E7
  8
T3_PROFILE_INSIDE_2
 10
2.742994913075622
 20
61.33783375836013
 30
0.0
  0
VERTEX
  5
14E8
  8
T3_PROFILE_INSIDE_2
 10
2.737257441852907
 20
61.34414277844028
 30
0.0
  0
VERTEX
  5
14E9
  8
T3_PROFILE_INSIDE_2
 10
2.73112428295966
 20
61.35029592155932
 30
0.0
  0
VERTEX
  5
14EA
  8
T3_PROFILE_INSIDE_2
 10
2.724691360679646
 20
61.35618127605284
 30
0.0
  0
VERTEX
  5
14EB
  8
T3_PROFILE_INSIDE_2
 10
2.718054599296631
 20
61.36168693025646
 30
0.0
  0
VERTEX
  5
14EC
  8
T3_PROFILE_INSIDE_2
 10
2.711213998810615
 20
61.36681288417017
 30
0.0
  0
VERTEX
  5
14ED
  8
T3_PROFILE_INSIDE_2
 10
2.704169559221596
 20
61.37155913779397
 30
0.0
  0
VERTEX
  5
14EE
  8
T3_PROFILE_INSIDE_2
 10
2.696921280529578
 20
61.37592569112788
 30
0.0
  0
VERTEX
  5
14EF
  8
T3_PROFILE_INSIDE_2
 10
2.689469162734557
 20
61.37991254417187
 30
0.0
  0
VERTEX
  5
14F0
  8
T3_PROFILE_INSIDE_2
 10
2.681813205836535
 20
61.38351969692596
 30
0.0
  0
VERTEX
  5
14F1
  8
T3_PROFILE_INSIDE_2
 10
2.673953409835512
 20
61.38674714939015
 30
0.0
  0
VERTEX
  5
14F2
  8
T3_PROFILE_INSIDE_2
 10
2.665889774731488
 20
61.38959490156444
 30
0.0
  0
VERTEX
  5
14F3
  8
T3_PROFILE_INSIDE_2
 10
2.657622300524462
 20
61.39206295344881
 30
0.0
  0
VERTEX
  5
14F4
  8
T3_PROFILE_INSIDE_2
 10
2.649150987214435
 20
61.39415130504328
 30
0.0
  0
VERTEX
  5
14F5
  8
T3_PROFILE_INSIDE_2
 10
2.640475834801406
 20
61.39585995634786
 30
0.0
  0
VERTEX
  5
14F6
  8
T3_PROFILE_INSIDE_2
 10
2.631596843285377
 20
61.39718890736253
 30
0.0
  0
VERTEX
  5
14F7
  8
T3_PROFILE_INSIDE_2
 10
2.622514012666345
 20
61.39813815808728
 30
0.0
  0
VERTEX
  5
14F8
  8
T3_PROFILE_INSIDE_2
 10
2.613227342944312
 20
61.39870770852214
 30
0.0
  0
VERTEX
  5
14F9
  8
T3_PROFILE_INSIDE_2
 10
2.603736834119278
 20
61.39889755866709
 30
0.0
  0
VERTEX
  5
14FA
  8
T3_PROFILE_INSIDE_2
 10
2.593874618694653
 20
61.3987017132544
 30
0.0
  0
VERTEX
  5
14FB
  8
T3_PROFILE_INSIDE_2
 10
2.584240223443971
 20
61.39811417701634
 30
0.0
  0
VERTEX
  5
14FC
  8
T3_PROFILE_INSIDE_2
 10
2.574833648367231
 20
61.39713494995291
 30
0.0
  0
VERTEX
  5
14FD
  8
T3_PROFILE_INSIDE_2
 10
2.565654893464434
 20
61.39576403206409
 30
0.0
  0
VERTEX
  5
14FE
  8
T3_PROFILE_INSIDE_2
 10
2.55670395873558
 20
61.39400142334991
 30
0.0
  0
VERTEX
  5
14FF
  8
T3_PROFILE_INSIDE_2
 10
2.547980844180669
 20
61.39184712381034
 30
0.0
  0
VERTEX
  5
1500
  8
T3_PROFILE_INSIDE_2
 10
2.5394855497997
 20
61.38930113344541
 30
0.0
  0
VERTEX
  5
1501
  8
T3_PROFILE_INSIDE_2
 10
2.531218075592674
 20
61.38636345225509
 30
0.0
  0
VERTEX
  5
1502
  8
T3_PROFILE_INSIDE_2
 10
2.523178421559591
 20
61.3830340802394
 30
0.0
  0
VERTEX
  5
1503
  8
T3_PROFILE_INSIDE_2
 10
2.515366587700451
 20
61.37931301739834
 30
0.0
  0
VERTEX
  5
1504
  8
T3_PROFILE_INSIDE_2
 10
2.507782574015253
 20
61.3752002637319
 30
0.0
  0
VERTEX
  5
1505
  8
T3_PROFILE_INSIDE_2
 10
2.500426380503998
 20
61.37069581924008
 30
0.0
  0
VERTEX
  5
1506
  8
T3_PROFILE_INSIDE_2
 10
2.493298007166686
 20
61.3657996839229
 30
0.0
  0
VERTEX
  5
1507
  8
T3_PROFILE_INSIDE_2
 10
2.486397454003316
 20
61.36051185778032
 30
0.0
  0
VERTEX
  5
1508
  8
T3_PROFILE_INSIDE_2
 10
2.47972472101389
 20
61.35483234081239
 30
0.0
  0
VERTEX
  5
1509
  8
T3_PROFILE_INSIDE_2
 10
2.473279808198405
 20
61.34876113301907
 30
0.0
  0
VERTEX
  5
150A
  8
T3_PROFILE_INSIDE_2
 10
2.46707870293749
 20
61.3421943164263
 30
0.0
  0
VERTEX
  5
150B
  8
T3_PROFILE_INSIDE_2
 10
2.461137392611775
 20
61.33502797306001
 30
0.0
  0
VERTEX
  5
150C
  8
T3_PROFILE_INSIDE_2
 10
2.455455877221256
 20
61.32726210292017
 30
0.0
  0
VERTEX
  5
150D
  8
T3_PROFILE_INSIDE_2
 10
2.450034156765936
 20
61.3188967060068
 30
0.0
  0
VERTEX
  5
150E
  8
T3_PROFILE_INSIDE_2
 10
2.444872231245813
 20
61.30993178231989
 30
0.0
  0
VERTEX
  5
150F
  8
T3_PROFILE_INSIDE_2
 10
2.439970100660888
 20
61.30036733185946
 30
0.0
  0
VERTEX
  5
1510
  8
T3_PROFILE_INSIDE_2
 10
2.435327765011161
 20
61.29020335462548
 30
0.0
  0
VERTEX
  5
1511
  8
T3_PROFILE_INSIDE_2
 10
2.430945224296631
 20
61.27943985061798
 30
0.0
  0
VERTEX
  5
1512
  8
T3_PROFILE_INSIDE_2
 10
2.4268224785173
 20
61.26807681983694
 30
0.0
  0
VERTEX
  5
1513
  8
T3_PROFILE_INSIDE_2
 10
2.422959527673166
 20
61.25611426228237
 30
0.0
  0
VERTEX
  5
1514
  8
T3_PROFILE_INSIDE_2
 10
2.41935637176423
 20
61.24355217795427
 30
0.0
  0
VERTEX
  5
1515
  8
T3_PROFILE_INSIDE_2
 10
2.416013010790492
 20
61.23039056685263
 30
0.0
  0
VERTEX
  5
1516
  8
T3_PROFILE_INSIDE_2
 10
2.412929444751952
 20
61.21662942897747
 30
0.0
  0
VERTEX
  5
1517
  8
T3_PROFILE_INSIDE_2
 10
2.41010567364861
 20
61.20226876432876
 30
0.0
  0
VERTEX
  5
1518
  8
T3_PROFILE_INSIDE_2
 10
2.407541697480465
 20
61.18730857290652
 30
0.0
  0
VERTEX
  5
1519
  8
T3_PROFILE_INSIDE_2
 10
2.405237516247518
 20
61.17174885471075
 30
0.0
  0
VERTEX
  5
151A
  8
T3_PROFILE_INSIDE_2
 10
1.987775033300724
 20
61.20551420259615
 30
0.0
  0
VERTEX
  5
151B
  8
T3_PROFILE_INSIDE_2
 10
1.991004484187491
 20
61.22721107653032
 30
0.0
  0
VERTEX
  5
151C
  8
T3_PROFILE_INSIDE_2
 10
1.994553682686809
 20
61.24830442684581
 30
0.0
  0
VERTEX
  5
151D
  8
T3_PROFILE_INSIDE_2
 10
1.998422628798678
 20
61.2687942535426
 30
0.0
  0
VERTEX
  5
151E
  8
T3_PROFILE_INSIDE_2
 10
2.002611322523098
 20
61.2886805566207
 30
0.0
  0
VERTEX
  5
151F
  8
T3_PROFILE_INSIDE_2
 10
2.00711976386007
 20
61.30796333608011
 30
0.0
  0
VERTEX
  5
1520
  8
T3_PROFILE_INSIDE_2
 10
2.011947952809591
 20
61.32664259192084
 30
0.0
  0
VERTEX
  5
1521
  8
T3_PROFILE_INSIDE_2
 10
2.017095889371666
 20
61.34471832414287
 30
0.0
  0
VERTEX
  5
1522
  8
T3_PROFILE_INSIDE_2
 10
2.02256357354629
 20
61.36219053274623
 30
0.0
  0
VERTEX
  5
1523
  8
T3_PROFILE_INSIDE_2
 10
2.028351005333467
 20
61.37905921773087
 30
0.0
  0
VERTEX
  5
1524
  8
T3_PROFILE_INSIDE_2
 10
2.034458184733193
 20
61.39532437909683
 30
0.0
  0
VERTEX
  5
1525
  8
T3_PROFILE_INSIDE_2
 10
2.040885111745472
 20
61.41098601684411
 30
0.0
  0
VERTEX
  5
1526
  8
T3_PROFILE_INSIDE_2
 10
2.047631786370301
 20
61.42604413097268
 30
0.0
  0
VERTEX
  5
1527
  8
T3_PROFILE_INSIDE_2
 10
2.054698208607681
 20
61.44049872148257
 30
0.0
  0
VERTEX
  5
1528
  8
T3_PROFILE_INSIDE_2
 10
2.062084378457613
 20
61.45434978837378
 30
0.0
  0
VERTEX
  5
1529
  8
T3_PROFILE_INSIDE_2
 10
2.069790295920097
 20
61.46759733164628
 30
0.0
  0
VERTEX
  5
152A
  8
T3_PROFILE_INSIDE_2
 10
2.07781596099513
 20
61.48024135130011
 30
0.0
  0
VERTEX
  5
152B
  8
T3_PROFILE_INSIDE_2
 10
2.086211334247177
 20
61.49240375111253
 30
0.0
  0
VERTEX
  5
152C
  8
T3_PROFILE_INSIDE_2
 10
2.095026376240696
 20
61.50420643486082
 30
0.0
  0
VERTEX
  5
152D
  8
T3_PROFILE_INSIDE_2
 10
2.10426108697569
 20
61.51564940254499
 30
0.0
  0
VERTEX
  5
152E
  8
T3_PROFILE_INSIDE_2
 10
2.113915466452156
 20
61.52673265416504
 30
0.0
  0
VERTEX
  5
152F
  8
T3_PROFILE_INSIDE_2
 10
2.123989514670096
 20
61.53745618972098
 30
0.0
  0
VERTEX
  5
1530
  8
T3_PROFILE_INSIDE_2
 10
2.13448323162951
 20
61.5478200092128
 30
0.0
  0
VERTEX
  5
1531
  8
T3_PROFILE_INSIDE_2
 10
2.145396617330396
 20
61.5578241126405
 30
0.0
  0
VERTEX
  5
1532
  8
T3_PROFILE_INSIDE_2
 10
2.156729671772757
 20
61.56746850000407
 30
0.0
  0
VERTEX
  5
1533
  8
T3_PROFILE_INSIDE_2
 10
2.16848239495659
 20
61.57675317130352
 30
0.0
  0
VERTEX
  5
1534
  8
T3_PROFILE_INSIDE_2
 10
2.180654786881897
 20
61.58567812653885
 30
0.0
  0
VERTEX
  5
1535
  8
T3_PROFILE_INSIDE_2
 10
2.193246847548678
 20
61.59424336571007
 30
0.0
  0
VERTEX
  5
1536
  8
T3_PROFILE_INSIDE_2
 10
2.206258576956931
 20
61.60244888881716
 30
0.0
  0
VERTEX
  5
1537
  8
T3_PROFILE_INSIDE_2
 10
2.219689975106658
 20
61.61029469586013
 30
0.0
  0
VERTEX
  5
1538
  8
T3_PROFILE_INSIDE_2
 10
2.233541041997859
 20
61.61778078683898
 30
0.0
  0
VERTEX
  5
1539
  8
T3_PROFILE_INSIDE_2
 10
2.247811777630533
 20
61.62490716175372
 30
0.0
  0
VERTEX
  5
153A
  8
T3_PROFILE_INSIDE_2
 10
2.26250218200468
 20
61.63167382060433
 30
0.0
  0
VERTEX
  5
153B
  8
T3_PROFILE_INSIDE_2
 10
2.277760138391106
 20
61.6380547838973
 30
0.0
  0
VERTEX
  5
153C
  8
T3_PROFILE_INSIDE_2
 10
2.293733530060615
 20
61.64402407213912
 30
0.0
  0
VERTEX
  5
153D
  8
T3_PROFILE_INSIDE_2
 10
2.310422357013207
 20
61.64958168532978
 30
0.0
  0
VERTEX
  5
153E
  8
T3_PROFILE_INSIDE_2
 10
2.327826619248882
 20
61.65472762346928
 30
0.0
  0
VERTEX
  5
153F
  8
T3_PROFILE_INSIDE_2
 10
2.345946316767641
 20
61.65946188655761
 30
0.0
  0
VERTEX
  5
1540
  8
T3_PROFILE_INSIDE_2
 10
2.364781449569482
 20
61.66378447459479
 30
0.0
  0
VERTEX
  5
1541
  8
T3_PROFILE_INSIDE_2
 10
2.384332017654407
 20
61.66769538758081
 30
0.0
  0
VERTEX
  5
1542
  8
T3_PROFILE_INSIDE_2
 10
2.404598021022415
 20
61.67119462551566
 30
0.0
  0
VERTEX
  5
1543
  8
T3_PROFILE_INSIDE_2
 10
2.425579459673507
 20
61.67428218839935
 30
0.0
  0
VERTEX
  5
1544
  8
T3_PROFILE_INSIDE_2
 10
2.447276333607681
 20
61.67695807623189
 30
0.0
  0
VERTEX
  5
1545
  8
T3_PROFILE_INSIDE_2
 10
2.46968864282494
 20
61.67922228901327
 30
0.0
  0
VERTEX
  5
1546
  8
T3_PROFILE_INSIDE_2
 10
2.492816387325281
 20
61.68107482674349
 30
0.0
  0
VERTEX
  5
1547
  8
T3_PROFILE_INSIDE_2
 10
2.516659567108705
 20
61.68251568942254
 30
0.0
  0
VERTEX
  5
1548
  8
T3_PROFILE_INSIDE_2
 10
2.541218182175212
 20
61.68354487705045
 30
0.0
  0
VERTEX
  5
1549
  8
T3_PROFILE_INSIDE_2
 10
2.566492232524803
 20
61.68416238962719
 30
0.0
  0
VERTEX
  5
154A
  8
T3_PROFILE_INSIDE_2
 10
2.592481718157477
 20
61.68436822715277
 30
0.0
  0
VERTEX
  5
154B
  8
T3_PROFILE_INSIDE_2
 10
2.619598314124394
 20
61.68417238174008
 30
0.0
  0
VERTEX
  5
154C
  8
T3_PROFILE_INSIDE_2
 10
2.645951512666344
 20
61.68358484550201
 30
0.0
  0
VERTEX
  5
154D
  8
T3_PROFILE_INSIDE_2
 10
2.671541313783329
 20
61.68260561843858
 30
0.0
  0
VERTEX
  5
154E
  8
T3_PROFILE_INSIDE_2
 10
2.696367717475348
 20
61.68123470054977
 30
0.0
  0
VERTEX
  5
154F
  8
T3_PROFILE_INSIDE_2
 10
2.720430723742401
 20
61.67947209183558
 30
0.0
  0
VERTEX
  5
1550
  8
T3_PROFILE_INSIDE_2
 10
2.743730332584488
 20
61.67731779229601
 30
0.0
  0
VERTEX
  5
1551
  8
T3_PROFILE_INSIDE_2
 10
2.76626654400161
 20
61.67477180193108
 30
0.0
  0
VERTEX
  5
1552
  8
T3_PROFILE_INSIDE_2
 10
2.788039357993766
 20
61.67183412074076
 30
0.0
  0
VERTEX
  5
1553
  8
T3_PROFILE_INSIDE_2
 10
2.809048774560956
 20
61.66850474872508
 30
0.0
  0
VERTEX
  5
1554
  8
T3_PROFILE_INSIDE_2
 10
2.829294793703179
 20
61.66478368588401
 30
0.0
  0
VERTEX
  5
1555
  8
T3_PROFILE_INSIDE_2
 10
2.848777415420437
 20
61.66067093221757
 30
0.0
  0
VERTEX
  5
1556
  8
T3_PROFILE_INSIDE_2
 10
2.867496639712729
 20
61.65616648772576
 30
0.0
  0
VERTEX
  5
1557
  8
T3_PROFILE_INSIDE_2
 10
2.885452466580055
 20
61.65127035240857
 30
0.0
  0
VERTEX
  5
1558
  8
T3_PROFILE_INSIDE_2
 10
2.902644896022415
 20
61.645982526266
 30
0.0
  0
VERTEX
  5
1559
  8
T3_PROFILE_INSIDE_2
 10
2.919073928039809
 20
61.64030300929807
 30
0.0
  0
VERTEX
  5
155A
  8
T3_PROFILE_INSIDE_2
 10
2.934739562632238
 20
61.63423180150475
 30
0.0
  0
VERTEX
  5
155B
  8
T3_PROFILE_INSIDE_2
 10
2.949819659409182
 20
61.62775491392801
 30
0.0
  0
VERTEX
  5
155C
  8
T3_PROFILE_INSIDE_2
 10
2.964492077980124
 20
61.6208583576098
 30
0.0
  0
VERTEX
  5
155D
  8
T3_PROFILE_INSIDE_2
 10
2.978756818345062
 20
61.61354213255012
 30
0.0
  0
VERTEX
  5
155E
  8
T3_PROFILE_INSIDE_2
 10
2.992613880503998
 20
61.60580623874895
 30
0.0
  0
VERTEX
  5
155F
  8
T3_PROFILE_INSIDE_2
 10
3.006063264456931
 20
61.59765067620631
 30
0.0
  0
VERTEX
  5
1560
  8
T3_PROFILE_INSIDE_2
 10
3.019104970203861
 20
61.58907544492221
 30
0.0
  0
VERTEX
  5
1561
  8
T3_PROFILE_INSIDE_2
 10
3.031738997744789
 20
61.58008054489663
 30
0.0
  0
VERTEX
  5
1562
  8
T3_PROFILE_INSIDE_2
 10
3.043965347079714
 20
61.57066597612958
 30
0.0
  0
VERTEX
  5
1563
  8
T3_PROFILE_INSIDE_2
 10
3.055784018208636
 20
61.56083173862105
 30
0.0
  0
VERTEX
  5
1564
  8
T3_PROFILE_INSIDE_2
 10
3.067195011131556
 20
61.55057783237105
 30
0.0
  0
VERTEX
  5
1565
  8
T3_PROFILE_INSIDE_2
 10
3.078198325848472
 20
61.53990425737958
 30
0.0
  0
VERTEX
  5
1566
  8
T3_PROFILE_INSIDE_2
 10
3.088793962359387
 20
61.52881101364663
 30
0.0
  0
VERTEX
  5
1567
  8
T3_PROFILE_INSIDE_2
 10
3.098981920664298
 20
61.51729810117221
 30
0.0
  0
VERTEX
  5
1568
  8
T3_PROFILE_INSIDE_2
 10
3.108762200763207
 20
61.50536551995631
 30
0.0
  0
VERTEX
  5
1569
  8
T3_PROFILE_INSIDE_2
 10
3.118134802656112
 20
61.49301326999895
 30
0.0
  0
VERTEX
  5
156A
  8
T3_PROFILE_INSIDE_2
 10
3.127099726343016
 20
61.48024135130011
 30
0.0
  0
VERTEX
  5
156B
  8
T3_PROFILE_INSIDE_2
 10
3.135587027033671
 20
61.46716167552418
 30
0.0
  0
VERTEX
  5
156C
  8
T3_PROFILE_INSIDE_2
 10
3.143526759937831
 20
61.45388615433558
 30
0.0
  0
VERTEX
  5
156D
  8
T3_PROFILE_INSIDE_2
 10
3.150918925055499
 20
61.44041478773428
 30
0.0
  0
VERTEX
  5
156E
  8
T3_PROFILE_INSIDE_2
 10
3.157763522386672
 20
61.4267475757203
 30
0.0
  0
VERTEX
  5
156F
  8
T3_PROFILE_INSIDE_2
 10
3.164060551931351
 20
61.41288451829362
 30
0.0
  0
VERTEX
  5
1570
  8
T3_PROFILE_INSIDE_2
 10
3.169810013689537
 20
61.39882561545427
 30
0.0
  0
VERTEX
  5
1571
  8
T3_PROFILE_INSIDE_2
 10
3.175011907661228
 20
61.38457086720223
 30
0.0
  0
VERTEX
  5
1572
  8
T3_PROFILE_INSIDE_2
 10
3.179666233846426
 20
61.37012027353749
 30
0.0
  0
VERTEX
  5
1573
  8
T3_PROFILE_INSIDE_2
 10
3.183772992245131
 20
61.35547383446007
 30
0.0
  0
VERTEX
  5
1574
  8
T3_PROFILE_INSIDE_2
 10
3.18733218285734
 20
61.34063154996996
 30
0.0
  0
VERTEX
  5
1575
  8
T3_PROFILE_INSIDE_2
 10
3.190343805683057
 20
61.32559342006716
 30
0.0
  0
VERTEX
  5
1576
  8
T3_PROFILE_INSIDE_2
 10
3.192807860722279
 20
61.31035944475168
 30
0.0
  0
VERTEX
  5
1577
  8
T3_PROFILE_INSIDE_2
 10
3.194724347975008
 20
61.29492962402351
 30
0.0
  0
VERTEX
  5
1578
  8
T3_PROFILE_INSIDE_2
 10
3.196093267441242
 20
61.27930395788265
 30
0.0
  0
VERTEX
  5
1579
  8
T3_PROFILE_INSIDE_2
 10
3.196914619120983
 20
61.2634824463291
 30
0.0
  0
VERTEX
  5
157A
  8
T3_PROFILE_INSIDE_2
 10
3.19718840301423
 20
61.24746508936286
 30
0.0
  0
VERTEX
  5
157B
  8
T3_PROFILE_INSIDE_2
 10
3.196874650669415
 20
61.23037457947201
 30
0.0
  0
VERTEX
  5
157C
  8
T3_PROFILE_INSIDE_2
 10
3.195933393634967
 20
61.21337999386491
 30
0.0
  0
VERTEX
  5
157D
  8
T3_PROFILE_INSIDE_2
 10
3.194364631910888
 20
61.19648133254158
 30
0.0
  0
VERTEX
  5
157E
  8
T3_PROFILE_INSIDE_2
 10
3.192168365497177
 20
61.17967859550201
 30
0.0
  0
VERTEX
  5
157F
  8
T3_PROFILE_INSIDE_2
 10
3.189344594393834
 20
61.16297178274621
 30
0.0
  0
VERTEX
  5
1580
  8
T3_PROFILE_INSIDE_2
 10
3.18589331860086
 20
61.14636089427418
 30
0.0
  0
VERTEX
  5
1581
  8
T3_PROFILE_INSIDE_2
 10
3.181814538118255
 20
61.12984593008591
 30
0.0
  0
VERTEX
  5
1582
  8
T3_PROFILE_INSIDE_2
 10
3.177108252946017
 20
61.11342689018142
 30
0.0
  0
VERTEX
  5
1583
  8
T3_PROFILE_INSIDE_2
 10
3.171774463084148
 20
61.09710377456068
 30
0.0
  0
VERTEX
  5
1584
  8
T3_PROFILE_INSIDE_2
 10
3.165813168532647
 20
61.08087658322371
 30
0.0
  0
VERTEX
  5
1585
  8
T3_PROFILE_INSIDE_2
 10
3.159224369291515
 20
61.0647453161705
 30
0.0
  0
VERTEX
  5
1586
  8
T3_PROFILE_INSIDE_2
 10
3.152008065360751
 20
61.04870997340106
 30
0.0
  0
VERTEX
  5
1587
  8
T3_PROFILE_INSIDE_2
 10
3.144164256740356
 20
61.03277055491539
 30
0.0
  0
VERTEX
  5
1588
  8
T3_PROFILE_INSIDE_2
 10
3.135692943430328
 20
61.01692706071348
 30
0.0
  0
VERTEX
  5
1589
  8
T3_PROFILE_INSIDE_2
 10
3.126594125430669
 20
61.00117949079534
 30
0.0
  0
VERTEX
  5
158A
  8
T3_PROFILE_INSIDE_2
 10
3.116867802741379
 20
60.98552784516095
 30
0.0
  0
VERTEX
  5
158B
  8
T3_PROFILE_INSIDE_2
 10
3.106314133104612
 20
60.96982823738469
 30
0.0
  0
VERTEX
  5
158C
  8
T3_PROFILE_INSIDE_2
 10
3.094733274262525
 20
60.95393678104089
 30
0.0
  0
VERTEX
  5
158D
  8
T3_PROFILE_INSIDE_2
 10
3.082125226215117
 20
60.93785347612958
 30
0.0
  0
VERTEX
  5
158E
  8
T3_PROFILE_INSIDE_2
 10
3.068489988962388
 20
60.92157832265072
 30
0.0
  0
VERTEX
  5
158F
  8
T3_PROFILE_INSIDE_2
 10
3.053827562504339
 20
60.90511132060433
 30
0.0
  0
VERTEX
  5
1590
  8
T3_PROFILE_INSIDE_2
 10
3.038137946840969
 20
60.88845246999041
 30
0.0
  0
VERTEX
  5
1591
  8
T3_PROFILE_INSIDE_2
 10
3.021421141972279
 20
60.87160177080897
 30
0.0
  0
VERTEX
  5
1592
  8
T3_PROFILE_INSIDE_2
 10
3.003677147898268
 20
60.85455922305999
 30
0.0
  0
VERTEX
  5
1593
  8
T3_PROFILE_INSIDE_2
 10
2.984905964618936
 20
60.83732482674348
 30
0.0
  0
VERTEX
  5
1594
  8
T3_PROFILE_INSIDE_2
 10
2.965107592134284
 20
60.81989858185945
 30
0.0
  0
VERTEX
  5
1595
  8
T3_PROFILE_INSIDE_2
 10
2.944282030444312
 20
60.80228048840788
 30
0.0
  0
VERTEX
  5
1596
  8
T3_PROFILE_INSIDE_2
 10
2.922429279549019
 20
60.78447054638878
 30
0.0
  0
VERTEX
  5
1597
  8
T3_PROFILE_INSIDE_2
 10
2.899549339448405
 20
60.76646875580215
 30
0.0
  0
VERTEX
  5
1598
  8
T3_PROFILE_INSIDE_2
 10
2.875642210142471
 20
60.74827511664799
 30
0.0
  0
VERTEX
  5
1599
  8
T3_PROFILE_INSIDE_2
 10
2.850707891631215
 20
60.7298896289263
 30
0.0
  0
VERTEX
  5
159A
  8
T3_PROFILE_INSIDE_2
 10
2.824746383914639
 20
60.71131229263707
 30
0.0
  0
VERTEX
  5
159B
  8
T3_PROFILE_INSIDE_2
 10
2.767031939849155
 20
60.67108804297814
 30
0.0
  0
VERTEX
  5
159C
  8
T3_PROFILE_INSIDE_2
 10
2.719741267952839
 20
60.63738664461525
 30
0.0
  0
VERTEX
  5
159D
  8
T3_PROFILE_INSIDE_2
 10
2.68287436822569
 20
60.6102080975484
 30
0.0
  0
VERTEX
  5
159E
  8
T3_PROFILE_INSIDE_2
 10
2.668349832925553
 20
60.599064893251
 30
0.0
  0
VERTEX
  5
159F
  8
T3_PROFILE_INSIDE_2
 10
2.656431240667709
 20
60.5895524017776
 30
0.0
  0
VERTEX
  5
15A0
  8
T3_PROFILE_INSIDE_2
 10
2.634272731117913
 20
60.57081519168209
 30
0.0
  0
VERTEX
  5
15A1
  8
T3_PROFILE_INSIDE_2
 10
2.610259685415321
 20
60.54939210164117
 30
0.0
  0
VERTEX
  5
15A2
  8
T3_PROFILE_INSIDE_2
 10
2.584392103559933
 20
60.52528313165481
 30
0.0
  0
VERTEX
  5
15A3
  8
T3_PROFILE_INSIDE_2
 10
2.556669985551747
 20
60.49848828172303
 30
0.0
  0
VERTEX
  5
15A4
  8
T3_PROFILE_INSIDE_2
 10
3.207420326615867
 20
60.49848828172303
 30
0.0
  0
SEQEND
  5
1618
  8
T3_PROFILE_INSIDE_2
  0
POLYLINE
  5
90
  8
T3_PROFILE_INSIDE_2
 66
     1
 10
0.0
 20
0.0
 30
0.0
 70
     1
  0
VERTEX
  5
15A5
  8
T3_PROFILE_INSIDE_2
 10
0.5972566158382406
 20
61.65878841814867
 30
0.0
  0
VERTEX
  5
15A6
  8
T3_PROFILE_INSIDE_2
 10
1.813832332072893
 20
61.65878841814867
 30
0.0
  0
VERTEX
  5
15A7
  8
T3_PROFILE_INSIDE_2
 10
1.813832332072893
 20
61.37741051910366
 30
0.0
  0
VERTEX
  5
15A8
  8
T3_PROFILE_INSIDE_2
 10
1.794211819197722
 20
61.35941272536218
 30
0.0
  0
VERTEX
  5
15A9
  8
T3_PROFILE_INSIDE_2
 10
1.774998984528555
 20
61.34123107674348
 30
0.0
  0
VERTEX
  5
15AA
  8
T3_PROFILE_INSIDE_2
 10
1.756193828065389
 20
61.32286557324758
 30
0.0
  0
VERTEX
  5
15AB
  8
T3_PROFILE_INSIDE_2
 10
1.737796349808227
 20
61.30431621487446
 30
0.0
  0
VERTEX
  5
15AC
  8
T3_PROFILE_INSIDE_2
 10
1.719806549757067
 20
61.28558300162412
 30
0.0
  0
VERTEX
  5
15AD
  8
T3_PROFILE_INSIDE_2
 10
1.702224427911911
 20
61.26666593349655
 30
0.0
  0
VERTEX
  5
15AE
  8
T3_PROFILE_INSIDE_2
 10
1.685049984272756
 20
61.24756501049178
 30
0.0
  0
VERTEX
  5
15AF
  8
T3_PROFILE_INSIDE_2
 10
1.668283218839605
 20
61.2282802326098
 30
0.0
  0
VERTEX
  5
15B0
  8
T3_PROFILE_INSIDE_2
 10
1.651924131612456
 20
61.20881159985059
 30
0.0
  0
VERTEX
  5
15B1
  8
T3_PROFILE_INSIDE_2
 10
1.63597272259131
 20
61.18915911221416
 30
0.0
  0
VERTEX
  5
15B2
  8
T3_PROFILE_INSIDE_2
 10
1.620428991776167
 20
61.16932276970052
 30
0.0
  0
VERTEX
  5
15B3
  8
T3_PROFILE_INSIDE_2
 10
1.605292939167027
 20
61.14930257230967
 30
0.0
  0
VERTEX
  5
15B4
  8
T3_PROFILE_INSIDE_2
 10
1.590564564763889
 20
61.12909852004159
 30
0.0
  0
VERTEX
  5
15B5
  8
T3_PROFILE_INSIDE_2
 10
1.576243868566754
 20
61.10871061289629
 30
0.0
  0
VERTEX
  5
15B6
  8
T3_PROFILE_INSIDE_2
 10
1.562330850575621
 20
61.08813885087378
 30
0.0
  0
VERTEX
  5
15B7
  8
T3_PROFILE_INSIDE_2
 10
1.548825510790492
 20
61.06738323397405
 30
0.0
  0
VERTEX
  5
15B8
  8
T3_PROFILE_INSIDE_2
 10
1.532922063911228
 20
61.04187936502794
 30
0.0
  0
VERTEX
  5
15B9
  8
T3_PROFILE_INSIDE_2
 10
1.517442282618595
 20
61.0160157800177
 30
0.0
  0
VERTEX
  5
15BA
  8
T3_PROFILE_INSIDE_2
 10
1.502386166912593
 20
60.98979247894335
 30
0.0
  0
VERTEX
  5
15BB
  8
T3_PROFILE_INSIDE_2
 10
1.48775371679322
 20
60.96320946180488
 30
0.0
  0
VERTEX
  5
15BC
  8
T3_PROFILE_INSIDE_2
 10
1.473544932260478
 20
60.93626672860228
 30
0.0
  0
VERTEX
  5
15BD
  8
T3_PROFILE_INSIDE_2
 10
1.459759813314366
 20
60.90896427933557
 30
0.0
  0
VERTEX
  5
15BE
  8
T3_PROFILE_INSIDE_2
 10
1.446398359954884
 20
60.88130211400474
 30
0.0
  0
VERTEX
  5
15BF
  8
T3_PROFILE_INSIDE_2
 10
1.433460572182033
 20
60.85328023260979
 30
0.0
  0
VERTEX
  5
15C0
  8
T3_PROFILE_INSIDE_2
 10
1.420946449995812
 20
60.82489863515072
 30
0.0
  0
VERTEX
  5
15C1
  8
T3_PROFILE_INSIDE_2
 10
1.408855993396222
 20
60.79615732162753
 30
0.0
  0
VERTEX
  5
15C2
  8
T3_PROFILE_INSIDE_2
 10
1.397189202383261
 20
60.76705629204022
 30
0.0
  0
VERTEX
  5
15C3
  8
T3_PROFILE_INSIDE_2
 10
1.385946076956931
 20
60.73759554638879
 30
0.0
  0
VERTEX
  5
15C4
  8
T3_PROFILE_INSIDE_2
 10
1.375126617117231
 20
60.70777508467324
 30
0.0
  0
VERTEX
  5
15C5
  8
T3_PROFILE_INSIDE_2
 10
1.364730822864161
 20
60.67759490689356
 30
0.0
  0
VERTEX
  5
15C6
  8
T3_PROFILE_INSIDE_2
 10
1.354758694197722
 20
60.64705501304977
 30
0.0
  0
VERTEX
  5
15C7
  8
T3_PROFILE_INSIDE_2
 10
1.345210231117913
 20
60.61615540314185
 30
0.0
  0
VERTEX
  5
15C8
  8
T3_PROFILE_INSIDE_2
 10
1.337943966622688
 20
60.59170670131716
 30
0.0
  0
VERTEX
  5
15C9
  8
T3_PROFILE_INSIDE_2
 10
1.330981462359387
 20
60.56670643486082
 30
0.0
  0
VERTEX
  5
15CA
  8
T3_PROFILE_INSIDE_2
 10
1.324322718328009
 20
60.54115460377282
 30
0.0
  0
VERTEX
  5
15CB
  8
T3_PROFILE_INSIDE_2
 10
1.317967734528555
 20
60.51505120805318
 30
0.0
  0
VERTEX
  5
15CC
  8
T3_PROFILE_INSIDE_2
 10
1.311916510961024
 20
60.48839624770189
 30
0.0
  0
VERTEX
  5
15CD
  8
T3_PROFILE_INSIDE_2
 10
1.306169047625417
 20
60.46118972271893
 30
0.0
  0
VERTEX
  5
15CE
  8
T3_PROFILE_INSIDE_2
 10
1.300725344521733
 20
60.43343163310434
 30
0.0
  0
VERTEX
  5
15CF
  8
T3_PROFILE_INSIDE_2
 10
1.295585401649973
 20
60.40512197885809
 30
0.0
  0
VERTEX
  5
15D0
  8
T3_PROFILE_INSIDE_2
 10
1.290749219010137
 20
60.3762607599802
 30
0.0
  0
VERTEX
  5
15D1
  8
T3_PROFILE_INSIDE_2
 10
1.286216796602225
 20
60.34684797647064
 30
0.0
  0
VERTEX
  5
15D2
  8
T3_PROFILE_INSIDE_2
 10
1.281988134426235
 20
60.31688362832944
 30
0.0
  0
VERTEX
  5
15D3
  8
T3_PROFILE_INSIDE_2
 10
1.27806323248217
 20
60.28636771555659
 30
0.0
  0
VERTEX
  5
15D4
  8
T3_PROFILE_INSIDE_2
 10
1.274442090770028
 20
60.25530023815209
 30
0.0
  0
VERTEX
  5
15D5
  8
T3_PROFILE_INSIDE_2
 10
1.27112470928981
 20
60.22368119611593
 30
0.0
  0
VERTEX
  5
15D6
  8
T3_PROFILE_INSIDE_2
 10
1.268111088041515
 20
60.19151058944813
 30
0.0
  0
VERTEX
  5
15D7
  8
T3_PROFILE_INSIDE_2
 10
1.265401227025144
 20
60.15878841814867
 30
0.0
  0
VERTEX
  5
15D8
  8
T3_PROFILE_INSIDE_2
 10
0.8499851287986773
 20
60.15878841814867
 30
0.0
  0
VERTEX
  5
15D9
  8
T3_PROFILE_INSIDE_2
 10
0.8563441094432884
 20
60.20424054127282
 30
0.0
  0
VERTEX
  5
15DA
  8
T3_PROFILE_INSIDE_2
 10
0.8631427430551575
 20
60.24876539632057
 30
0.0
  0
VERTEX
  5
15DB
  8
T3_PROFILE_INSIDE_2
 10
0.8703810296342844
 20
60.29236298329192
 30
0.0
  0
VERTEX
  5
15DC
  8
T3_PROFILE_INSIDE_2
 10
0.8780589691806691
 20
60.33503330218688
 30
0.0
  0
VERTEX
  5
15DD
  8
T3_PROFILE_INSIDE_2
 10
0.8861765616943116
 20
60.37677635300543
 30
0.0
  0
VERTEX
  5
15DE
  8
T3_PROFILE_INSIDE_2
 10
0.894733807175212
 20
60.41759213574758
 30
0.0
  0
VERTEX
  5
15DF
  8
T3_PROFILE_INSIDE_2
 10
0.9037307056233703
 20
60.45748065041333
 30
0.0
  0
VERTEX
  5
15E0
  8
T3_PROFILE_INSIDE_2
 10
0.9131672570387863
 20
60.4964418970027
 30
0.0
  0
VERTEX
  5
15E1
  8
T3_PROFILE_INSIDE_2
 10
0.9230434614214602
 20
60.53447587551565
 30
0.0
  0
VERTEX
  5
15E2
  8
T3_PROFILE_INSIDE_2
 10
0.9333593187713921
 20
60.57158258595221
 30
0.0
  0
VERTEX
  5
15E3
  8
T3_PROFILE_INSIDE_2
 10
0.9441148290885817
 20
60.60776202831238
 30
0.0
  0
VERTEX
  5
15E4
  8
T3_PROFILE_INSIDE_2
 10
0.9553099923730293
 20
60.64301420259615
 30
0.0
  0
VERTEX
  5
15E5
  8
T3_PROFILE_INSIDE_2
 10
0.9669448086247345
 20
60.67733910880351
 30
0.0
  0
VERTEX
  5
15E6
  8
T3_PROFILE_INSIDE_2
 10
0.9790192778436978
 20
60.71073674693449
 30
0.0
  0
VERTEX
  5
15E7
  8
T3_PROFILE_INSIDE_2
 10
0.9915334000299187
 20
60.74320711698905
 30
0.0
  0
VERTEX
  5
15E8
  8
T3_PROFILE_INSIDE_2
 10
1.004487175183398
 20
60.77475021896723
 30
0.0
  0
VERTEX
  5
15E9
  8
T3_PROFILE_INSIDE_2
 10
1.018140398239332
 20
60.80596557964253
 30
0.0
  0
VERTEX
  5
15EA
  8
T3_PROFILE_INSIDE_2
 10
1.03275286413292
 20
60.83745272578851
 30
0.0
  0
VERTEX
  5
15EB
  8
T3_PROFILE_INSIDE_2
 10
1.048324572864162
 20
60.86921165740515
 30
0.0
  0
VERTEX
  5
15EC
  8
T3_PROFILE_INSIDE_2
 10
1.064855524433057
 20
60.90124237449247
 30
0.0
  0
VERTEX
  5
15ED
  8
T3_PROFILE_INSIDE_2
 10
1.082345718839605
 20
60.93354487705045
 30
0.0
  0
VERTEX
  5
15EE
  8
T3_PROFILE_INSIDE_2
 10
1.100795156083807
 20
60.96611916507911
 30
0.0
  0
VERTEX
  5
15EF
  8
T3_PROFILE_INSIDE_2
 10
1.120203836165662
 20
60.99896523857842
 30
0.0
  0
VERTEX
  5
15F0
  8
T3_PROFILE_INSIDE_2
 10
1.140571759085171
 20
61.0320830975484
 30
0.0
  0
VERTEX
  5
15F1
  8
T3_PROFILE_INSIDE_2
 10
1.161898924842333
 20
61.06547274198905
 30
0.0
  0
VERTEX
  5
15F2
  8
T3_PROFILE_INSIDE_2
 10
1.184185333437149
 20
61.09913417190039
 30
0.0
  0
VERTEX
  5
15F3
  8
T3_PROFILE_INSIDE_2
 10
1.207430984869619
 20
61.13306738728237
 30
0.0
  0
VERTEX
  5
15F4
  8
T3_PROFILE_INSIDE_2
 10
1.231635879139741
 20
61.16727238813503
 30
0.0
  0
VERTEX
  5
15F5
  8
T3_PROFILE_INSIDE_2
 10
1.256800016247518
 20
61.20174917445836
 30
0.0
  0
VERTEX
  5
15F6
  8
T3_PROFILE_INSIDE_2
 10
1.282923396192947
 20
61.23649774625237
 30
0.0
  0
VERTEX
  5
15F7
  8
T3_PROFILE_INSIDE_2
 10
1.310006018976031
 20
61.27151810351703
 30
0.0
  0
VERTEX
  5
15F8
  8
T3_PROFILE_INSIDE_2
 10
1.338047884596767
 20
61.30681024625236
 30
0.0
  0
VERTEX
  5
15F9
  8
T3_PROFILE_INSIDE_2
 10
0.5972566158382406
 20
61.30681024625236
 30
0.0
  0
SEQEND
  5
1619
  8
T3_PROFILE_INSIDE_2
  0
ENDSEC
  0
EOF
