  0
SECTION
  2
HEADER
  9
$ACADVER
  1
AC1009
  9
$DWGCODEPAGE
  3
ansi_1252
  9
$INSBASE
 10
0.0
 20
0.0
 30
0.0
  9
$EXTMIN
 10
0.0
 20
1.2517
 30
0.0
  9
$EXTMAX
 10
3.674675245739351
 20
93.74834799201835
 30
0.0
  9
$LIMMIN
 10
0.0
 20
0.0
  9
$LIMMAX
 10
12.0
 20
9.0
  9
$ORTHOMODE
 70
     0
  9
$REGENMODE
 70
     1
  9
$FILLMODE
 70
     1
  9
$QTEXTMODE
 70
     0
  9
$MIRRTEXT
 70
     1
  9
$DRAGMODE
 70
     2
  9
$LTSCALE
 40
1.0
  9
$OSMODE
 70
    37
  9
$ATTMODE
 70
     1
  9
$TEXTSIZE
 40
0.2
  9
$TRACEWID
 40
0.05
  9
$TEXTSTYLE
  7
STANDARD
  9
$CLAYER
  8
0
  9
$CELTYPE
  6
BYLAYER
  9
$CECOLOR
 62
   256
  9
$DIMSCALE
 40
1.0
  9
$DIMASZ
 40
0.18
  9
$DIMEXO
 40
0.0625
  9
$DIMDLI
 40
0.38
  9
$DIMRND
 40
0.0
  9
$DIMDLE
 40
0.0
  9
$DIMEXE
 40
0.18
  9
$DIMTP
 40
0.0
  9
$DIMTM
 40
0.0
  9
$DIMTXT
 40
0.18
  9
$DIMCEN
 40
0.09
  9
$DIMTSZ
 40
0.0
  9
$DIMTOL
 70
     0
  9
$DIMLIM
 70
     0
  9
$DIMTIH
 70
     1
  9
$DIMTOH
 70
     1
  9
$DIMSE1
 70
     0
  9
$DIMSE2
 70
     0
  9
$DIMTAD
 70
     0
  9
$DIMZIN
 70
     0
  9
$DIMBLK
  1

  9
$DIMASO
 70
     1
  9
$DIMSHO
 70
     1
  9
$DIMPOST
  1

  9
$DIMAPOST
  1

  9
$DIMALT
 70
     0
  9
$DIMALTD
 70
     2
  9
$DIMALTF
 40
25.4
  9
$DIMLFAC
 40
1.0
  9
$DIMTOFL
 70
     0
  9
$DIMTVP
 40
0.0
  9
$DIMTIX
 70
     0
  9
$DIMSOXD
 70
     0
  9
$DIMSAH
 70
     0
  9
$DIMBLK1
  1

  9
$DIMBLK2
  1

  9
$DIMSTYLE
  2
STANDARD
  9
$DIMCLRD
 70
     0
  9
$DIMCLRE
 70
     0
  9
$DIMCLRT
 70
     0
  9
$DIMTFAC
 40
1.0
  9
$DIMGAP
 40
0.09
  9
$LUNITS
 70
     2
  9
$LUPREC
 70
     4
  9
$SKETCHINC
 40
0.1
  9
$FILLETRAD
 40
0.5
  9
$AUNITS
 70
     0
  9
$AUPREC
 70
     0
  9
$MENU
  1
.
  9
$ELEVATION
 40
0.0
  9
$PELEVATION
 40
0.0
  9
$THICKNESS
 40
0.0
  9
$LIMCHECK
 70
     0
  9
$CHAMFERA
 40
0.0
  9
$CHAMFERB
 40
0.0
  9
$SKPOLY
 70
     0
  9
$TDCREATE
 40
2454910.5
  9
$TDUPDATE
 40
2461252.027107315
  9
$TDINDWG
 40
0.0000000116
  9
$TDUSRTIMER
 40
0.0000000116
  9
$USRTIMER
 70
     1
  9
$ANGBASE
 50
0.0
  9
$ANGDIR
 70
     0
  9
$PDMODE
 70
     0
  9
$PDSIZE
 40
0.0
  9
$PLINEWID
 40
0.0
  9
$COORDS
 70
     1
  9
$SPLFRAME
 70
     0
  9
$SPLINETYPE
 70
     6
  9
$SPLINESEGS
 70
     8
  9
$ATTDIA
 70
     0
  9
$ATTREQ
 70
     1
  9
$HANDLING
 70
     1
  9
$HANDSEED
  5
15BD
  9
$SURFTAB1
 70
     6
  9
$SURFTAB2
 70
     6
  9
$SURFTYPE
 70
     6
  9
$SURFU
 70
     6
  9
$SURFV
 70
     6
  9
$UCSNAME
  2

  9
$UCSORG
 10
0.0
 20
0.0
 30
0.0
  9
$UCSXDIR
 10
1.0
 20
0.0
 30
0.0
  9
$UCSYDIR
 10
0.0
 20
1.0
 30
0.0
  9
$PUCSNAME
  2

  9
$PUCSORG
 10
0.0
 20
0.0
 30
0.0
  9
$PUCSXDIR
 10
1.0
 20
0.0
 30
0.0
  9
$PUCSYDIR
 10
0.0
 20
1.0
 30
0.0
  9
$USERI1
 70
     0
  9
$USERI2
 70
     0
  9
$USERI3
 70
     0
  9
$USERI4
 70
     0
  9
$USERI5
 70
     0
  9
$USERR1
 40
0.0
  9
$USERR2
 40
0.0
  9
$USERR3
 40
0.0
  9
$USERR4
 40
0.0
  9
$USERR5
 40
0.0
  9
$WORLDVIEW
 70
     1
  9
$SHADEDGE
 70
     3
  9
$SHADEDIF
 70
    70
  9
$TILEMODE
 70
     1
  9
$MAXACTVP
 70
    64
  9
$PLIMCHECK
 70
     0
  9
$PEXTMIN
 10
1.000000000000000E+20
 20
1.000000000000000E+20
 30
1.000000000000000E+20
  9
$PEXTMAX
 10
-1.000000000000000E+20
 20
-1.000000000000000E+20
 30
-1.000000000000000E+20
  9
$PLIMMIN
 10
0.0
 20
0.0
  9
$PLIMMAX
 10
12.0
 20
9.0
  9
$UNITMODE
 70
     0
  9
$VISRETAIN
 70
     1
  9
$PLINEGEN
 70
     0
  9
$PSLTSCALE
 70
     1
  0
ENDSEC
  0
SECTION
  2
TABLES
  0
TABLE
  2
VPORT
 70
     1
  0
VPORT
  2
*ACTIVE
 70
     0
 10
0.0
 20
0.0
 11
1.0
 21
1.0
 12
10.42990654205607
 22
4.5
 13
0.0
 23
0.0
 14
0.5
 24
0.5
 15
0.5
 25
0.5
 16
0.0
 26
0.0
 36
1.0
 17
0.0
 27
0.0
 37
0.0
 40
9.0
 41
1.972972972850329
 42
50.0
 43
0.0
 44
0.0
 50
0.0
 51
0.0
 71
     0
 72
   100
 73
     1
 74
     3
 75
     0
 76
     0
 77
     0
 78
     0
  0
ENDTAB
  0
TABLE
  2
LTYPE
 70
     2
  0
LTYPE
  2
CONTINUOUS
 70
     0
  3
Solid line
 72
    65
 73
     0
 40
0.0
  0
LTYPE
  2
CONTINUOUS2
 70
     0
  3
Solid Line
 72
    65
 73
     0
 40
0.0
  0
ENDTAB
  0
TABLE
  2
LAYER
 70
     8
  0
LAYER
  2
0
 70
     0
 62
     7
  6
CONTINUOUS
  0
LAYER
  2
T10_COUNTERSINK
 70
     0
 62
    18
  6
CONTINUOUS
  0
LAYER
  2
T8_DRILL
 70
     0
 62
    18
  6
CONTINUOUS
  0
LAYER
  2
T3_PROFILE_INSIDE
 70
     0
 62
    18
  6
CONTINUOUS
  0
LAYER
  2
T3_PROFILE_OUTSIDE
 70
     0
 62
    18
  6
CONTINUOUS
  0
LAYER
  2
T5_BEVEL_INSIDE
 70
     0
 62
    18
  6
CONTINUOUS
  0
LAYER
  2
T5_BEVEL_OUTSIDE
 70
     0
 62
    18
  6
CONTINUOUS
  0
LAYER
  2
REAR_LEG
 70
     0
 62
    18
  6
CONTINUOUS
  0
ENDTAB
  0
TABLE
  2
STYLE
 70
     1
  0
STYLE
  2
STANDARD
 70
     0
 40
0.0
 41
1.0
 50
0.0
 71
     0
 42
0.2
  3
txt
  4

  0
ENDTAB
  0
TABLE
  2
VIEW
 70
     0
  0
ENDTAB
  0
TABLE
  2
UCS
 70
     0
  0
ENDTAB
  0
TABLE
  2
APPID
 70
     1
  0
APPID
  2
ACAD
 70
     0
  0
ENDTAB
  0
TABLE
  2
DIMSTYLE
 70
     1
  0
DIMSTYLE
  2
STANDARD
 70
     0
  3

  4

  5

  6

  7

 40
1.0
 41
0.18
 42
0.0625
 43
0.38
 44
0.18
 45
0.0
 46
0.0
 47
0.0
 48
0.0
140
0.18
141
0.09
142
0.0
143
25.4
144
1.0
145
0.0
146
1.0
147
0.09
 71
     0
 72
     0
 73
     1
 74
     1
 75
     0
 76
     0
 77
     0
 78
     0
170
     0
171
     2
172
     0
173
     0
174
     0
175
     0
176
     0
177
     0
178
     0
  0
ENDTAB
  0
ENDSEC
  0
SECTION
  2
BLOCKS
  0
BLOCK
  8
0
  2
$MODEL_SPACE
 70
     0
 10
0.0
 20
0.0
 30
0.0
  3
$MODEL_SPACE
  1

  0
ENDBLK
  5
21
  8
0
  0
BLOCK
 67
     1
  8
0
  2
$PAPER_SPACE
 70
     0
 10
0.0
 20
0.0
 30
0.0
  3
$PAPER_SPACE
  1

  0
ENDBLK
  5
1D
 67
     1
  8
0
  0
ENDSEC
  0
SECTION
  2
ENTITIES
  0
POLYLINE
  5
70
  8
T10_COUNTERSINK
 66
     1
 10
0.0
 20
0.0
 30
0.0
 70
     1
  0
VERTEX
  5
9F
  8
T10_COUNTERSINK
 10
0.8998376228696756
 20
91.97282399600917
 30
0.0
  0
VERTEX
  5
A0
  8
T10_COUNTERSINK
 10
0.8995148994810039
 20
91.97980560534616
 30
0.0
  0
VERTEX
  5
A1
  8
T10_COUNTERSINK
 10
0.8985676847186348
 20
91.98658569973423
 30
0.0
  0
VERTEX
  5
A2
  8
T10_COUNTERSINK
 10
0.8970274116880368
 20
91.9931299338236
 30
0.0
  0
VERTEX
  5
A3
  8
T10_COUNTERSINK
 10
0.8949255134946785
 20
91.99940396226444
 30
0.0
  0
VERTEX
  5
A4
  8
T10_COUNTERSINK
 10
0.8922934232440287
 20
92.00537343970694
 30
0.0
  0
VERTEX
  5
A5
  8
T10_COUNTERSINK
 10
0.8891625740415561
 20
92.01100402080127
 30
0.0
  0
VERTEX
  5
A6
  8
T10_COUNTERSINK
 10
0.8855643989927292
 20
92.01626136019763
 30
0.0
  0
VERTEX
  5
A7
  8
T10_COUNTERSINK
 10
0.8815303312030167
 20
92.02111111254622
 30
0.0
  0
VERTEX
  5
A8
  8
T10_COUNTERSINK
 10
0.8770918037778873
 20
92.02551893249722
 30
0.0
  0
VERTEX
  5
A9
  8
T10_COUNTERSINK
 10
0.8722802498228097
 20
92.02945047470081
 30
0.0
  0
VERTEX
  5
AA
  8
T10_COUNTERSINK
 10
0.8671271024432525
 20
92.03287139380716
 30
0.0
  0
VERTEX
  5
AB
  8
T10_COUNTERSINK
 10
0.8616637947446844
 20
92.0357473444665
 30
0.0
  0
VERTEX
  5
AC
  8
T10_COUNTERSINK
 10
0.8559217598325739
 20
92.038043981329
 30
0.0
  0
VERTEX
  5
AD
  8
T10_COUNTERSINK
 10
0.8499324308123899
 20
92.03972695904483
 30
0.0
  0
VERTEX
  5
AE
  8
T10_COUNTERSINK
 10
0.8437272407896009
 20
92.0407619322642
 30
0.0
  0
VERTEX
  5
AF
  8
T10_COUNTERSINK
 10
0.8373376228696756
 20
92.04111455563728
 30
0.0
  0
VERTEX
  5
B0
  8
T10_COUNTERSINK
 10
0.8309480049497597
 20
92.0407619322642
 30
0.0
  0
VERTEX
  5
B1
  8
T10_COUNTERSINK
 10
0.8247428149269777
 20
92.03972695904483
 30
0.0
  0
VERTEX
  5
B2
  8
T10_COUNTERSINK
 10
0.8187534859067984
 20
92.038043981329
 30
0.0
  0
VERTEX
  5
B3
  8
T10_COUNTERSINK
 10
0.8130114509946909
 20
92.0357473444665
 30
0.0
  0
VERTEX
  5
B4
  8
T10_COUNTERSINK
 10
0.8075481432961239
 20
92.03287139380716
 30
0.0
  0
VERTEX
  5
B5
  8
T10_COUNTERSINK
 10
0.8023949959165665
 20
92.02945047470081
 30
0.0
  0
VERTEX
  5
B6
  8
T10_COUNTERSINK
 10
0.7975834419614876
 20
92.02551893249722
 30
0.0
  0
VERTEX
  5
B7
  8
T10_COUNTERSINK
 10
0.7931449145363558
 20
92.02111111254622
 30
0.0
  0
VERTEX
  5
B8
  8
T10_COUNTERSINK
 10
0.7891108467466403
 20
92.01626136019763
 30
0.0
  0
VERTEX
  5
B9
  8
T10_COUNTERSINK
 10
0.7855126716978101
 20
92.01100402080127
 30
0.0
  0
VERTEX
  5
BA
  8
T10_COUNTERSINK
 10
0.782381822495334
 20
92.00537343970694
 30
0.0
  0
VERTEX
  5
BB
  8
T10_COUNTERSINK
 10
0.7797497322446807
 20
91.99940396226444
 30
0.0
  0
VERTEX
  5
BC
  8
T10_COUNTERSINK
 10
0.7776478340513193
 20
91.9931299338236
 30
0.0
  0
VERTEX
  5
BD
  8
T10_COUNTERSINK
 10
0.7761075610207188
 20
91.98658569973423
 30
0.0
  0
VERTEX
  5
BE
  8
T10_COUNTERSINK
 10
0.7751603462583478
 20
91.97980560534616
 30
0.0
  0
VERTEX
  5
BF
  8
T10_COUNTERSINK
 10
0.7748376228696756
 20
91.97282399600917
 30
0.0
  0
VERTEX
  5
C0
  8
T10_COUNTERSINK
 10
0.7751603462583478
 20
91.9658423866722
 30
0.0
  0
VERTEX
  5
C1
  8
T10_COUNTERSINK
 10
0.7761075610207188
 20
91.95906229228413
 30
0.0
  0
VERTEX
  5
C2
  8
T10_COUNTERSINK
 10
0.7776478340513193
 20
91.95251805819477
 30
0.0
  0
VERTEX
  5
C3
  8
T10_COUNTERSINK
 10
0.7797497322446807
 20
91.94624402975393
 30
0.0
  0
VERTEX
  5
C4
  8
T10_COUNTERSINK
 10
0.782381822495334
 20
91.94027455231142
 30
0.0
  0
VERTEX
  5
C5
  8
T10_COUNTERSINK
 10
0.7855126716978101
 20
91.9346439712171
 30
0.0
  0
VERTEX
  5
C6
  8
T10_COUNTERSINK
 10
0.7891108467466403
 20
91.92938663182073
 30
0.0
  0
VERTEX
  5
C7
  8
T10_COUNTERSINK
 10
0.7931449145363558
 20
91.92453687947214
 30
0.0
  0
VERTEX
  5
C8
  8
T10_COUNTERSINK
 10
0.7975834419614876
 20
91.92012905952114
 30
0.0
  0
VERTEX
  5
C9
  8
T10_COUNTERSINK
 10
0.8023949959165665
 20
91.91619751731756
 30
0.0
  0
VERTEX
  5
CA
  8
T10_COUNTERSINK
 10
0.8075481432961239
 20
91.91277659821121
 30
0.0
  0
VERTEX
  5
CB
  8
T10_COUNTERSINK
 10
0.8130114509946909
 20
91.90990064755186
 30
0.0
  0
VERTEX
  5
CC
  8
T10_COUNTERSINK
 10
0.8187534859067984
 20
91.90760401068937
 30
0.0
  0
VERTEX
  5
CD
  8
T10_COUNTERSINK
 10
0.8247428149269777
 20
91.90592103297354
 30
0.0
  0
VERTEX
  5
CE
  8
T10_COUNTERSINK
 10
0.8309480049497597
 20
91.90488605975416
 30
0.0
  0
VERTEX
  5
CF
  8
T10_COUNTERSINK
 10
0.8373376228696756
 20
91.90453343638109
 30
0.0
  0
VERTEX
  5
D0
  8
T10_COUNTERSINK
 10
0.8437272407896009
 20
91.90488605975416
 30
0.0
  0
VERTEX
  5
D1
  8
T10_COUNTERSINK
 10
0.8499324308123899
 20
91.90592103297354
 30
0.0
  0
VERTEX
  5
D2
  8
T10_COUNTERSINK
 10
0.8559217598325739
 20
91.90760401068937
 30
0.0
  0
VERTEX
  5
D3
  8
T10_COUNTERSINK
 10
0.8616637947446844
 20
91.90990064755186
 30
0.0
  0
VERTEX
  5
D4
  8
T10_COUNTERSINK
 10
0.8671271024432525
 20
91.91277659821121
 30
0.0
  0
VERTEX
  5
D5
  8
T10_COUNTERSINK
 10
0.8722802498228097
 20
91.91619751731756
 30
0.0
  0
VERTEX
  5
D6
  8
T10_COUNTERSINK
 10
0.8770918037778873
 20
91.92012905952114
 30
0.0
  0
VERTEX
  5
D7
  8
T10_COUNTERSINK
 10
0.8815303312030167
 20
91.92453687947214
 30
0.0
  0
VERTEX
  5
D8
  8
T10_COUNTERSINK
 10
0.8855643989927292
 20
91.92938663182073
 30
0.0
  0
VERTEX
  5
D9
  8
T10_COUNTERSINK
 10
0.8891625740415561
 20
91.9346439712171
 30
0.0
  0
VERTEX
  5
DA
  8
T10_COUNTERSINK
 10
0.8922934232440287
 20
91.94027455231142
 30
0.0
  0
VERTEX
  5
DB
  8
T10_COUNTERSINK
 10
0.8949255134946785
 20
91.94624402975393
 30
0.0
  0
VERTEX
  5
DC
  8
T10_COUNTERSINK
 10
0.8970274116880368
 20
91.95251805819477
 30
0.0
  0
VERTEX
  5
DD
  8
T10_COUNTERSINK
 10
0.8985676847186348
 20
91.95906229228413
 30
0.0
  0
VERTEX
  5
DE
  8
T10_COUNTERSINK
 10
0.8995148994810039
 20
91.9658423866722
 30
0.0
  0
SEQEND
  5
159B
  8
T10_COUNTERSINK
  0
POLYLINE
  5
71
  8
T10_COUNTERSINK
 66
     1
 10
0.0
 20
0.0
 30
0.0
 70
     1
  0
VERTEX
  5
DF
  8
T10_COUNTERSINK
 10
2.899837622869676
 20
91.97282399600917
 30
0.0
  0
VERTEX
  5
E0
  8
T10_COUNTERSINK
 10
2.899514899481004
 20
91.97980560534616
 30
0.0
  0
VERTEX
  5
E1
  8
T10_COUNTERSINK
 10
2.898567684718635
 20
91.98658569973423
 30
0.0
  0
VERTEX
  5
E2
  8
T10_COUNTERSINK
 10
2.897027411688037
 20
91.9931299338236
 30
0.0
  0
VERTEX
  5
E3
  8
T10_COUNTERSINK
 10
2.894925513494679
 20
91.99940396226444
 30
0.0
  0
VERTEX
  5
E4
  8
T10_COUNTERSINK
 10
2.892293423244029
 20
92.00537343970694
 30
0.0
  0
VERTEX
  5
E5
  8
T10_COUNTERSINK
 10
2.889162574041556
 20
92.01100402080127
 30
0.0
  0
VERTEX
  5
E6
  8
T10_COUNTERSINK
 10
2.885564398992729
 20
92.01626136019763
 30
0.0
  0
VERTEX
  5
E7
  8
T10_COUNTERSINK
 10
2.881530331203017
 20
92.02111111254622
 30
0.0
  0
VERTEX
  5
E8
  8
T10_COUNTERSINK
 10
2.877091803777887
 20
92.02551893249722
 30
0.0
  0
VERTEX
  5
E9
  8
T10_COUNTERSINK
 10
2.872280249822809
 20
92.02945047470081
 30
0.0
  0
VERTEX
  5
EA
  8
T10_COUNTERSINK
 10
2.867127102443252
 20
92.03287139380716
 30
0.0
  0
VERTEX
  5
EB
  8
T10_COUNTERSINK
 10
2.861663794744684
 20
92.0357473444665
 30
0.0
  0
VERTEX
  5
EC
  8
T10_COUNTERSINK
 10
2.855921759832574
 20
92.038043981329
 30
0.0
  0
VERTEX
  5
ED
  8
T10_COUNTERSINK
 10
2.84993243081239
 20
92.03972695904483
 30
0.0
  0
VERTEX
  5
EE
  8
T10_COUNTERSINK
 10
2.843727240789601
 20
92.0407619322642
 30
0.0
  0
VERTEX
  5
EF
  8
T10_COUNTERSINK
 10
2.837337622869676
 20
92.04111455563728
 30
0.0
  0
VERTEX
  5
F0
  8
T10_COUNTERSINK
 10
2.83094800494976
 20
92.0407619322642
 30
0.0
  0
VERTEX
  5
F1
  8
T10_COUNTERSINK
 10
2.824742814926978
 20
92.03972695904483
 30
0.0
  0
VERTEX
  5
F2
  8
T10_COUNTERSINK
 10
2.818753485906798
 20
92.038043981329
 30
0.0
  0
VERTEX
  5
F3
  8
T10_COUNTERSINK
 10
2.813011450994691
 20
92.0357473444665
 30
0.0
  0
VERTEX
  5
F4
  8
T10_COUNTERSINK
 10
2.807548143296124
 20
92.03287139380716
 30
0.0
  0
VERTEX
  5
F5
  8
T10_COUNTERSINK
 10
2.802394995916567
 20
92.02945047470081
 30
0.0
  0
VERTEX
  5
F6
  8
T10_COUNTERSINK
 10
2.797583441961487
 20
92.02551893249722
 30
0.0
  0
VERTEX
  5
F7
  8
T10_COUNTERSINK
 10
2.793144914536356
 20
92.02111111254622
 30
0.0
  0
VERTEX
  5
F8
  8
T10_COUNTERSINK
 10
2.78911084674664
 20
92.01626136019763
 30
0.0
  0
VERTEX
  5
F9
  8
T10_COUNTERSINK
 10
2.78551267169781
 20
92.01100402080127
 30
0.0
  0
VERTEX
  5
FA
  8
T10_COUNTERSINK
 10
2.782381822495334
 20
92.00537343970694
 30
0.0
  0
VERTEX
  5
FB
  8
T10_COUNTERSINK
 10
2.779749732244681
 20
91.99940396226444
 30
0.0
  0
VERTEX
  5
FC
  8
T10_COUNTERSINK
 10
2.77764783405132
 20
91.9931299338236
 30
0.0
  0
VERTEX
  5
FD
  8
T10_COUNTERSINK
 10
2.776107561020719
 20
91.98658569973423
 30
0.0
  0
VERTEX
  5
FE
  8
T10_COUNTERSINK
 10
2.775160346258348
 20
91.97980560534616
 30
0.0
  0
VERTEX
  5
FF
  8
T10_COUNTERSINK
 10
2.774837622869676
 20
91.97282399600917
 30
0.0
  0
VERTEX
  5
100
  8
T10_COUNTERSINK
 10
2.775160346258348
 20
91.9658423866722
 30
0.0
  0
VERTEX
  5
101
  8
T10_COUNTERSINK
 10
2.776107561020719
 20
91.95906229228413
 30
0.0
  0
VERTEX
  5
102
  8
T10_COUNTERSINK
 10
2.77764783405132
 20
91.95251805819477
 30
0.0
  0
VERTEX
  5
103
  8
T10_COUNTERSINK
 10
2.779749732244681
 20
91.94624402975393
 30
0.0
  0
VERTEX
  5
104
  8
T10_COUNTERSINK
 10
2.782381822495334
 20
91.94027455231142
 30
0.0
  0
VERTEX
  5
105
  8
T10_COUNTERSINK
 10
2.78551267169781
 20
91.9346439712171
 30
0.0
  0
VERTEX
  5
106
  8
T10_COUNTERSINK
 10
2.78911084674664
 20
91.92938663182073
 30
0.0
  0
VERTEX
  5
107
  8
T10_COUNTERSINK
 10
2.793144914536356
 20
91.92453687947214
 30
0.0
  0
VERTEX
  5
108
  8
T10_COUNTERSINK
 10
2.797583441961487
 20
91.92012905952114
 30
0.0
  0
VERTEX
  5
109
  8
T10_COUNTERSINK
 10
2.802394995916567
 20
91.91619751731756
 30
0.0
  0
VERTEX
  5
10A
  8
T10_COUNTERSINK
 10
2.807548143296124
 20
91.91277659821121
 30
0.0
  0
VERTEX
  5
10B
  8
T10_COUNTERSINK
 10
2.813011450994691
 20
91.90990064755186
 30
0.0
  0
VERTEX
  5
10C
  8
T10_COUNTERSINK
 10
2.818753485906798
 20
91.90760401068937
 30
0.0
  0
VERTEX
  5
10D
  8
T10_COUNTERSINK
 10
2.824742814926978
 20
91.90592103297354
 30
0.0
  0
VERTEX
  5
10E
  8
T10_COUNTERSINK
 10
2.83094800494976
 20
91.90488605975416
 30
0.0
  0
VERTEX
  5
10F
  8
T10_COUNTERSINK
 10
2.837337622869676
 20
91.90453343638109
 30
0.0
  0
VERTEX
  5
110
  8
T10_COUNTERSINK
 10
2.843727240789601
 20
91.90488605975416
 30
0.0
  0
VERTEX
  5
111
  8
T10_COUNTERSINK
 10
2.84993243081239
 20
91.90592103297354
 30
0.0
  0
VERTEX
  5
112
  8
T10_COUNTERSINK
 10
2.855921759832574
 20
91.90760401068937
 30
0.0
  0
VERTEX
  5
113
  8
T10_COUNTERSINK
 10
2.861663794744684
 20
91.90990064755186
 30
0.0
  0
VERTEX
  5
114
  8
T10_COUNTERSINK
 10
2.867127102443252
 20
91.91277659821121
 30
0.0
  0
VERTEX
  5
115
  8
T10_COUNTERSINK
 10
2.872280249822809
 20
91.91619751731756
 30
0.0
  0
VERTEX
  5
116
  8
T10_COUNTERSINK
 10
2.877091803777887
 20
91.92012905952114
 30
0.0
  0
VERTEX
  5
117
  8
T10_COUNTERSINK
 10
2.881530331203017
 20
91.92453687947214
 30
0.0
  0
VERTEX
  5
118
  8
T10_COUNTERSINK
 10
2.885564398992729
 20
91.92938663182073
 30
0.0
  0
VERTEX
  5
119
  8
T10_COUNTERSINK
 10
2.889162574041556
 20
91.9346439712171
 30
0.0
  0
VERTEX
  5
11A
  8
T10_COUNTERSINK
 10
2.892293423244029
 20
91.94027455231142
 30
0.0
  0
VERTEX
  5
11B
  8
T10_COUNTERSINK
 10
2.894925513494679
 20
91.94624402975393
 30
0.0
  0
VERTEX
  5
11C
  8
T10_COUNTERSINK
 10
2.897027411688037
 20
91.95251805819477
 30
0.0
  0
VERTEX
  5
11D
  8
T10_COUNTERSINK
 10
2.898567684718635
 20
91.95906229228413
 30
0.0
  0
VERTEX
  5
11E
  8
T10_COUNTERSINK
 10
2.899514899481004
 20
91.9658423866722
 30
0.0
  0
SEQEND
  5
159C
  8
T10_COUNTERSINK
  0
POLYLINE
  5
73
  8
T8_DRILL
 66
     1
 10
0.0
 20
0.0
 30
0.0
 70
     1
  0
VERTEX
  5
11F
  8
T8_DRILL
 10
1.837337622869676
 20
71.32762399600918
 30
0.0
 42
0.4142135623730951
  0
VERTEX
  5
120
  8
T8_DRILL
 10
2.024837622869676
 20
71.51512399600918
 30
0.0
 42
0.4142135623730951
  0
VERTEX
  5
121
  8
T8_DRILL
 10
1.837337622869676
 20
71.70262399600918
 30
0.0
 42
0.4142135623730951
  0
VERTEX
  5
122
  8
T8_DRILL
 10
1.649837622869676
 20
71.51512399600918
 30
0.0
 42
0.4142135623730951
  0
SEQEND
  5
159D
  8
T8_DRILL
  0
POLYLINE
  5
74
  8
T8_DRILL
 66
     1
 10
0.0
 20
0.0
 30
0.0
 70
     1
  0
VERTEX
  5
123
  8
T8_DRILL
 10
1.837337622869676
 20
43.18142399600917
 30
0.0
 42
0.4142135623730951
  0
VERTEX
  5
124
  8
T8_DRILL
 10
2.024837622869676
 20
43.36892399600917
 30
0.0
 42
0.4142135623730951
  0
VERTEX
  5
125
  8
T8_DRILL
 10
1.837337622869676
 20
43.55642399600917
 30
0.0
 42
0.4142135623730951
  0
VERTEX
  5
126
  8
T8_DRILL
 10
1.649837622869676
 20
43.36892399600917
 30
0.0
 42
0.4142135623730951
  0
SEQEND
  5
159E
  8
T8_DRILL
  0
POLYLINE
  5
75
  8
T8_DRILL
 66
     1
 10
0.0
 20
0.0
 30
0.0
 70
     1
  0
VERTEX
  5
127
  8
T8_DRILL
 10
1.837337622869676
 20
30.95552399600918
 30
0.0
 42
0.4142135623730951
  0
VERTEX
  5
128
  8
T8_DRILL
 10
2.024837622869676
 20
31.14302399600918
 30
0.0
 42
0.4142135623730951
  0
VERTEX
  5
129
  8
T8_DRILL
 10
1.837337622869676
 20
31.33052399600917
 30
0.0
 42
0.4142135623730951
  0
VERTEX
  5
12A
  8
T8_DRILL
 10
1.649837622869676
 20
31.14302399600918
 30
0.0
 42
0.4142135623730951
  0
SEQEND
  5
159F
  8
T8_DRILL
  0
POLYLINE
  5
76
  8
T8_DRILL
 66
     1
 10
0.0
 20
0.0
 30
0.0
 70
     1
  0
VERTEX
  5
12B
  8
T8_DRILL
 10
1.837337622869676
 20
2.809323996009175
 30
0.0
 42
0.4142135623730951
  0
VERTEX
  5
12C
  8
T8_DRILL
 10
2.024837622869676
 20
2.996823996009175
 30
0.0
 42
0.4142135623730951
  0
VERTEX
  5
12D
  8
T8_DRILL
 10
1.837337622869676
 20
3.184323996009175
 30
0.0
 42
0.4142135623730951
  0
VERTEX
  5
12E
  8
T8_DRILL
 10
1.649837622869676
 20
2.996823996009175
 30
0.0
 42
0.4142135623730951
  0
SEQEND
  5
15A0
  8
T8_DRILL
  0
POLYLINE
  5
78
  8
T3_PROFILE_INSIDE
 66
     1
 10
0.0
 20
0.0
 30
0.0
  0
VERTEX
  5
12F
  8
T3_PROFILE_INSIDE
 10
3.658897755882457
 20
41.62463606308685
 30
0.0
  0
VERTEX
  5
130
  8
T3_PROFILE_INSIDE
 10
0.0
 20
41.89748785172845
 30
0.0
  0
SEQEND
  5
15A1
  8
T3_PROFILE_INSIDE
  0
POLYLINE
  5
79
  8
T3_PROFILE_INSIDE
 66
     1
 10
0.0
 20
0.0
 30
0.0
  0
VERTEX
  5
131
  8
T3_PROFILE_INSIDE
 10
3.674675245739351
 20
1.2517
 30
0.0
  0
VERTEX
  5
132
  8
T3_PROFILE_INSIDE
 10
0.0474504546937453
 20
1.522564626062248
 30
0.0
  0
SEQEND
  5
15A2
  8
T3_PROFILE_INSIDE
  0
POLYLINE
  5
7B
  8
T3_PROFILE_OUTSIDE
 66
     1
 10
0.0
 20
0.0
 30
0.0
  0
VERTEX
  5
133
  8
T3_PROFILE_OUTSIDE
 10
3.58117164554087
 20
93.09339588625775
 30
0.0
  0
VERTEX
  5
134
  8
T3_PROFILE_OUTSIDE
 10
3.572436907683906
 20
93.11138357296693
 30
0.0
  0
VERTEX
  5
135
  8
T3_PROFILE_OUTSIDE
 10
3.56337843142884
 20
93.12919757034356
 30
0.0
  0
VERTEX
  5
136
  8
T3_PROFILE_OUTSIDE
 10
3.554001297150271
 20
93.14683437171165
 30
0.0
  0
VERTEX
  5
137
  8
T3_PROFILE_OUTSIDE
 10
3.544310585222797
 20
93.16429047039516
 30
0.0
  0
VERTEX
  5
138
  8
T3_PROFILE_OUTSIDE
 10
3.534311376021017
 20
93.18156235971809
 30
0.0
  0
VERTEX
  5
139
  8
T3_PROFILE_OUTSIDE
 10
3.52400874991953
 20
93.19864653300445
 30
0.0
  0
VERTEX
  5
13A
  8
T3_PROFILE_OUTSIDE
 10
3.513407787292936
 20
93.2155394835782
 30
0.0
  0
VERTEX
  5
13B
  8
T3_PROFILE_OUTSIDE
 10
3.502513568515833
 20
93.23223770476335
 30
0.0
  0
VERTEX
  5
13C
  8
T3_PROFILE_OUTSIDE
 10
3.491331173962819
 20
93.24873768988388
 30
0.0
  0
VERTEX
  5
13D
  8
T3_PROFILE_OUTSIDE
 10
3.479865684008496
 20
93.26503593226381
 30
0.0
  0
VERTEX
  5
13E
  8
T3_PROFILE_OUTSIDE
 10
3.468122179027461
 20
93.28112892522711
 30
0.0
  0
VERTEX
  5
13F
  8
T3_PROFILE_OUTSIDE
 10
3.456105739394313
 20
93.29701316209778
 30
0.0
  0
VERTEX
  5
140
  8
T3_PROFILE_OUTSIDE
 10
3.443821445483651
 20
93.31268513619982
 30
0.0
  0
VERTEX
  5
141
  8
T3_PROFILE_OUTSIDE
 10
3.431274377670074
 20
93.3281413408572
 30
0.0
  0
VERTEX
  5
142
  8
T3_PROFILE_OUTSIDE
 10
3.418469616328182
 20
93.34337826939392
 30
0.0
  0
VERTEX
  5
143
  8
T3_PROFILE_OUTSIDE
 10
3.405412241832573
 20
93.35839241513398
 30
0.0
  0
VERTEX
  5
144
  8
T3_PROFILE_OUTSIDE
 10
3.392107334557845
 20
93.37318027140135
 30
0.0
  0
VERTEX
  5
145
  8
T3_PROFILE_OUTSIDE
 10
3.378559974878599
 20
93.38773833152004
 30
0.0
  0
VERTEX
  5
146
  8
T3_PROFILE_OUTSIDE
 10
3.364775243169433
 20
93.40206308881406
 30
0.0
  0
VERTEX
  5
147
  8
T3_PROFILE_OUTSIDE
 10
3.350758219804947
 20
93.41615103660737
 30
0.0
  0
VERTEX
  5
148
  8
T3_PROFILE_OUTSIDE
 10
3.336513985159738
 20
93.42999866822399
 30
0.0
  0
VERTEX
  5
149
  8
T3_PROFILE_OUTSIDE
 10
3.322047619608406
 20
93.44360247698788
 30
0.0
  0
VERTEX
  5
14A
  8
T3_PROFILE_OUTSIDE
 10
3.307364203525551
 20
93.45695895622305
 30
0.0
  0
VERTEX
  5
14B
  8
T3_PROFILE_OUTSIDE
 10
3.29246881728577
 20
93.47006459925349
 30
0.0
  0
VERTEX
  5
14C
  8
T3_PROFILE_OUTSIDE
 10
3.277366541263663
 20
93.4829158994032
 30
0.0
  0
VERTEX
  5
14D
  8
T3_PROFILE_OUTSIDE
 10
3.26206245583383
 20
93.49550934999614
 30
0.0
  0
VERTEX
  5
14E
  8
T3_PROFILE_OUTSIDE
 10
3.246561641370868
 20
93.50784144435633
 30
0.0
  0
VERTEX
  5
14F
  8
T3_PROFILE_OUTSIDE
 10
3.230869178249378
 20
93.51990867580777
 30
0.0
  0
VERTEX
  5
150
  8
T3_PROFILE_OUTSIDE
 10
3.214990146843957
 20
93.53170753767444
 30
0.0
  0
VERTEX
  5
151
  8
T3_PROFILE_OUTSIDE
 10
3.198929627529205
 20
93.54323452328032
 30
0.0
  0
VERTEX
  5
152
  8
T3_PROFILE_OUTSIDE
 10
3.182692700679722
 20
93.55448612594942
 30
0.0
  0
VERTEX
  5
153
  8
T3_PROFILE_OUTSIDE
 10
3.166284446670105
 20
93.56545883900571
 30
0.0
  0
VERTEX
  5
154
  8
T3_PROFILE_OUTSIDE
 10
3.149709945874954
 20
93.57614915577321
 30
0.0
  0
VERTEX
  5
155
  8
T3_PROFILE_OUTSIDE
 10
3.132974278668867
 20
93.5865535695759
 30
0.0
  0
VERTEX
  5
156
  8
T3_PROFILE_OUTSIDE
 10
3.116082525426445
 20
93.59666857373776
 30
0.0
  0
VERTEX
  5
157
  8
T3_PROFILE_OUTSIDE
 10
3.099039766522286
 20
93.60649066158278
 30
0.0
  0
VERTEX
  5
158
  8
T3_PROFILE_OUTSIDE
 10
3.081851082330989
 20
93.61601632643499
 30
0.0
  0
VERTEX
  5
159
  8
T3_PROFILE_OUTSIDE
 10
3.064521553227152
 20
93.62524206161834
 30
0.0
  0
VERTEX
  5
15A
  8
T3_PROFILE_OUTSIDE
 10
3.047056259585375
 20
93.63416436045684
 30
0.0
  0
VERTEX
  5
15B
  8
T3_PROFILE_OUTSIDE
 10
3.029460281780256
 20
93.64277971627448
 30
0.0
  0
VERTEX
  5
15C
  8
T3_PROFILE_OUTSIDE
 10
3.011738700186396
 20
93.65108462239525
 30
0.0
  0
VERTEX
  5
15D
  8
T3_PROFILE_OUTSIDE
 10
2.993896595178393
 20
93.65907557214314
 30
0.0
  0
VERTEX
  5
15E
  8
T3_PROFILE_OUTSIDE
 10
2.975939047130845
 20
93.66674905884214
 30
0.0
  0
VERTEX
  5
15F
  8
T3_PROFILE_OUTSIDE
 10
2.957871136418352
 20
93.67410157581625
 30
0.0
  0
VERTEX
  5
160
  8
T3_PROFILE_OUTSIDE
 10
2.939697943415512
 20
93.68112961638946
 30
0.0
  0
VERTEX
  5
161
  8
T3_PROFILE_OUTSIDE
 10
2.921424548496925
 20
93.68782967388577
 30
0.0
  0
VERTEX
  5
162
  8
T3_PROFILE_OUTSIDE
 10
2.90305603203719
 20
93.69419824162918
 30
0.0
  0
VERTEX
  5
163
  8
T3_PROFILE_OUTSIDE
 10
2.884597474410906
 20
93.70023181294363
 30
0.0
  0
VERTEX
  5
164
  8
T3_PROFILE_OUTSIDE
 10
2.866053955992671
 20
93.70592688115315
 30
0.0
  0
VERTEX
  5
165
  8
T3_PROFILE_OUTSIDE
 10
2.847430557157085
 20
93.71127993958171
 30
0.0
  0
VERTEX
  5
166
  8
T3_PROFILE_OUTSIDE
 10
2.828732358278746
 20
93.71628748155337
 30
0.0
  0
VERTEX
  5
167
  8
T3_PROFILE_OUTSIDE
 10
2.809964439732254
 20
93.72094600039203
 30
0.0
  0
VERTEX
  5
168
  8
T3_PROFILE_OUTSIDE
 10
2.791131881892208
 20
93.72525198942175
 30
0.0
  0
VERTEX
  5
169
  8
T3_PROFILE_OUTSIDE
 10
2.772239765133206
 20
93.72920194196648
 30
0.0
  0
VERTEX
  5
16A
  8
T3_PROFILE_OUTSIDE
 10
2.753293169829848
 20
93.73279235135023
 30
0.0
  0
VERTEX
  5
16B
  8
T3_PROFILE_OUTSIDE
 10
2.734297176356732
 20
93.73601971089698
 30
0.0
  0
VERTEX
  5
16C
  8
T3_PROFILE_OUTSIDE
 10
2.715256865088458
 20
93.73888051393074
 30
0.0
  0
VERTEX
  5
16D
  8
T3_PROFILE_OUTSIDE
 10
2.696177316399624
 20
93.7413712537755
 30
0.0
  0
VERTEX
  5
16E
  8
T3_PROFILE_OUTSIDE
 10
2.677063610664829
 20
93.74348842375522
 30
0.0
  0
VERTEX
  5
16F
  8
T3_PROFILE_OUTSIDE
 10
2.657920828258674
 20
93.74522851719392
 30
0.0
  0
VERTEX
  5
170
  8
T3_PROFILE_OUTSIDE
 10
2.638754049555756
 20
93.74658802741561
 30
0.0
  0
VERTEX
  5
171
  8
T3_PROFILE_OUTSIDE
 10
2.619568354930674
 20
93.74756344774424
 30
0.0
  0
VERTEX
  5
172
  8
T3_PROFILE_OUTSIDE
 10
2.600368824758028
 20
93.74815127150381
 30
0.0
  0
VERTEX
  5
173
  8
T3_PROFILE_OUTSIDE
 10
2.581160539412416
 20
93.74834799201835
 30
0.0
  0
VERTEX
  5
174
  8
T3_PROFILE_OUTSIDE
 10
1.081160539412416
 20
93.74834799201835
 30
0.0
  0
VERTEX
  5
175
  8
T3_PROFILE_OUTSIDE
 10
1.06195246193449
 20
93.74815128541047
 30
0.0
  0
VERTEX
  5
176
  8
T3_PROFILE_OUTSIDE
 10
1.042753160845899
 20
93.74756350312258
 30
0.0
  0
VERTEX
  5
177
  8
T3_PROFILE_OUTSIDE
 10
1.023567715592054
 20
93.7465881514583
 30
0.0
  0
VERTEX
  5
178
  8
T3_PROFILE_OUTSIDE
 10
1.004401205618371
 20
93.74522873672126
 30
0.0
  0
VERTEX
  5
179
  8
T3_PROFILE_OUTSIDE
 10
0.9852587103702628
 20
93.74348876521506
 30
0.0
  0
VERTEX
  5
17A
  8
T3_PROFILE_OUTSIDE
 10
0.9661453092931425
 20
93.74137174324332
 30
0.0
  0
VERTEX
  5
17B
  8
T3_PROFILE_OUTSIDE
 10
0.947066081832424
 20
93.73888117710966
 30
0.0
  0
VERTEX
  5
17C
  8
T3_PROFILE_OUTSIDE
 10
0.9280261074335209
 20
93.7360205731177
 30
0.0
  0
VERTEX
  5
17D
  8
T3_PROFILE_OUTSIDE
 10
0.9090304655418467
 20
93.73279343757106
 30
0.0
  0
VERTEX
  5
17E
  8
T3_PROFILE_OUTSIDE
 10
0.8900842356028149
 20
93.72920327677336
 30
0.0
  0
VERTEX
  5
17F
  8
T3_PROFILE_OUTSIDE
 10
0.8711924970618392
 20
93.72525359702821
 30
0.0
  0
VERTEX
  5
180
  8
T3_PROFILE_OUTSIDE
 10
0.852360329364333
 20
93.72094790463925
 30
0.0
  0
VERTEX
  5
181
  8
T3_PROFILE_OUTSIDE
 10
0.8335928119557102
 20
93.71628970591007
 30
0.0
  0
VERTEX
  5
182
  8
T3_PROFILE_OUTSIDE
 10
0.8148950242813842
 20
93.7112825071443
 30
0.0
  0
VERTEX
  5
183
  8
T3_PROFILE_OUTSIDE
 10
0.7962720457867685
 20
93.70592981464557
 30
0.0
  0
VERTEX
  5
184
  8
T3_PROFILE_OUTSIDE
 10
0.7777289559172766
 20
93.70023513471746
 30
0.0
  0
VERTEX
  5
185
  8
T3_PROFILE_OUTSIDE
 10
0.7592708341183223
 20
93.69420197366362
 30
0.0
  0
VERTEX
  5
186
  8
T3_PROFILE_OUTSIDE
 10
0.7409027598353192
 20
93.68783383778768
 30
0.0
  0
VERTEX
  5
187
  8
T3_PROFILE_OUTSIDE
 10
0.7226298125136806
 20
93.68113423339324
 30
0.0
  0
VERTEX
  5
188
  8
T3_PROFILE_OUTSIDE
 10
0.7044570715988202
 20
93.67410666678393
 30
0.0
  0
VERTEX
  5
189
  8
T3_PROFILE_OUTSIDE
 10
0.6863896165361516
 20
93.66675464426334
 30
0.0
  0
VERTEX
  5
18A
  8
T3_PROFILE_OUTSIDE
 10
0.6684325267710884
 20
93.65908167213512
 30
0.0
  0
VERTEX
  5
18B
  8
T3_PROFILE_OUTSIDE
 10
0.6505908817490442
 20
93.65109125670287
 30
0.0
  0
VERTEX
  5
18C
  8
T3_PROFILE_OUTSIDE
 10
0.6328697609154327
 20
93.64278690427022
 30
0.0
  0
VERTEX
  5
18D
  8
T3_PROFILE_OUTSIDE
 10
0.6152742437156671
 20
93.6341721211408
 30
0.0
  0
VERTEX
  5
18E
  8
T3_PROFILE_OUTSIDE
 10
0.5978094095951612
 20
93.62525041361819
 30
0.0
  0
VERTEX
  5
18F
  8
T3_PROFILE_OUTSIDE
 10
0.5804803379993284
 20
93.61602528800603
 30
0.0
  0
VERTEX
  5
190
  8
T3_PROFILE_OUTSIDE
 10
0.5632921083735826
 20
93.60650025060794
 30
0.0
  0
VERTEX
  5
191
  8
T3_PROFILE_OUTSIDE
 10
0.546249800163337
 20
93.59667880772753
 30
0.0
  0
VERTEX
  5
192
  8
T3_PROFILE_OUTSIDE
 10
0.5293584928140055
 20
93.58656446566843
 30
0.0
  0
VERTEX
  5
193
  8
T3_PROFILE_OUTSIDE
 10
0.5126232657710015
 20
93.57616073073426
 30
0.0
  0
VERTEX
  5
194
  8
T3_PROFILE_OUTSIDE
 10
0.4960491984797386
 20
93.56547110922862
 30
0.0
  0
VERTEX
  5
195
  8
T3_PROFILE_OUTSIDE
 10
0.4796413703856304
 20
93.55449910745514
 30
0.0
  0
VERTEX
  5
196
  8
T3_PROFILE_OUTSIDE
 10
0.4634048609340904
 20
93.54324823171746
 30
0.0
  0
VERTEX
  5
197
  8
T3_PROFILE_OUTSIDE
 10
0.4473447495705323
 20
93.53172198831916
 30
0.0
  0
VERTEX
  5
198
  8
T3_PROFILE_OUTSIDE
 10
0.4314661157403695
 20
93.51992388356386
 30
0.0
  0
VERTEX
  5
199
  8
T3_PROFILE_OUTSIDE
 10
0.4157740388890158
 20
93.5078574237552
 30
0.0
  0
VERTEX
  5
19A
  8
T3_PROFILE_OUTSIDE
 10
0.4002735984618846
 20
93.4955261151968
 30
0.0
  0
VERTEX
  5
19B
  8
T3_PROFILE_OUTSIDE
 10
0.3849698739043895
 20
93.48293346419227
 30
0.0
  0
VERTEX
  5
19C
  8
T3_PROFILE_OUTSIDE
 10
0.3698679446619441
 20
93.47008297704522
 30
0.0
  0
VERTEX
  5
19D
  8
T3_PROFILE_OUTSIDE
 10
0.3549728901799619
 20
93.45697816005928
 30
0.0
  0
VERTEX
  5
19E
  8
T3_PROFILE_OUTSIDE
 10
0.3402897899038566
 20
93.44362251953807
 30
0.0
  0
VERTEX
  5
19F
  8
T3_PROFILE_OUTSIDE
 10
0.3258237232790417
 20
93.43001956178519
 30
0.0
  0
VERTEX
  5
1A0
  8
T3_PROFILE_OUTSIDE
 10
0.3115797697509308
 20
93.41617279310427
 30
0.0
  0
VERTEX
  5
1A1
  8
T3_PROFILE_OUTSIDE
 10
0.2975630087649375
 20
93.40208571979893
 30
0.0
  0
VERTEX
  5
1A2
  8
T3_PROFILE_OUTSIDE
 10
0.2837785197664754
 20
93.3877618481728
 30
0.0
  0
VERTEX
  5
1A3
  8
T3_PROFILE_OUTSIDE
 10
0.2702313822009579
 20
93.37320468452948
 30
0.0
  0
VERTEX
  5
1A4
  8
T3_PROFILE_OUTSIDE
 10
0.2569266755137987
 20
93.3584177351726
 30
0.0
  0
VERTEX
  5
1A5
  8
T3_PROFILE_OUTSIDE
 10
0.2438694791504113
 20
93.34340450640576
 30
0.0
  0
VERTEX
  5
1A6
  8
T3_PROFILE_OUTSIDE
 10
0.2310648725562094
 20
93.3281685045326
 30
0.0
  0
VERTEX
  5
1A7
  8
T3_PROFILE_OUTSIDE
 10
0.2185179351766065
 20
93.31271323585673
 30
0.0
  0
VERTEX
  5
1A8
  8
T3_PROFILE_OUTSIDE
 10
0.2062337464570161
 20
93.29704220668177
 30
0.0
  0
VERTEX
  5
1A9
  8
T3_PROFILE_OUTSIDE
 10
0.194217385842852
 20
93.28115892331134
 30
0.0
  0
VERTEX
  5
1AA
  8
T3_PROFILE_OUTSIDE
 10
0.1824739327795275
 20
93.26506689204903
 30
0.0
  0
VERTEX
  5
1AB
  8
T3_PROFILE_OUTSIDE
 10
0.1710084667124563
 20
93.2487696191985
 30
0.0
  0
VERTEX
  5
1AC
  8
T3_PROFILE_OUTSIDE
 10
0.159826067087052
 20
93.23227061106336
 30
0.0
  0
VERTEX
  5
1AD
  8
T3_PROFILE_OUTSIDE
 10
0.1489318133487282
 20
93.2155733739472
 30
0.0
  0
VERTEX
  5
1AE
  8
T3_PROFILE_OUTSIDE
 10
0.1383307849428984
 20
93.19868141415367
 30
0.0
  0
VERTEX
  5
1AF
  8
T3_PROFILE_OUTSIDE
 10
0.1280280613149761
 20
93.18159823798638
 30
0.0
  0
VERTEX
  5
1B0
  8
T3_PROFILE_OUTSIDE
 10
0.118028721910375
 20
93.16432735174895
 30
0.0
  0
VERTEX
  5
1B1
  8
T3_PROFILE_OUTSIDE
 10
0.1083378461745087
 20
93.14687226174499
 30
0.0
  0
VERTEX
  5
1B2
  8
T3_PROFILE_OUTSIDE
 10
0.0989605135527907
 20
93.12923647427812
 30
0.0
  0
VERTEX
  5
1B3
  8
T3_PROFILE_OUTSIDE
 10
0.0899018034906345
 20
93.11142349565195
 30
0.0
  0
VERTEX
  5
1B4
  8
T3_PROFILE_OUTSIDE
 10
0.0811667954334538
 20
93.09343683217011
 30
0.0
  0
SEQEND
  5
15A3
  8
T3_PROFILE_OUTSIDE
  0
POLYLINE
  5
7D
  8
T5_BEVEL_INSIDE
 66
     1
 10
0.0
 20
0.0
 30
0.0
  0
VERTEX
  5
1B5
  8
T5_BEVEL_INSIDE
 10
0.0811605394124157
 20
81.48237173598567
 30
0.0
  0
VERTEX
  5
1B6
  8
T5_BEVEL_INSIDE
 10
3.581160539412444
 20
81.48237173598567
 30
0.0
  0
SEQEND
  5
15A4
  8
T5_BEVEL_INSIDE
  0
POLYLINE
  5
7E
  8
T5_BEVEL_INSIDE
 66
     1
 10
0.0
 20
0.0
 30
0.0
  0
VERTEX
  5
1B7
  8
T5_BEVEL_INSIDE
 10
0.0811605394124157
 20
41.11025795347754
 30
0.0
  0
VERTEX
  5
1B8
  8
T5_BEVEL_INSIDE
 10
3.581160539412444
 20
41.11025795347754
 30
0.0
  0
SEQEND
  5
15A5
  8
T5_BEVEL_INSIDE
  0
POLYLINE
  5
80
  8
T5_BEVEL_OUTSIDE
 66
     1
 10
0.0
 20
0.0
 30
0.0
  0
VERTEX
  5
1B9
  8
T5_BEVEL_OUTSIDE
 10
0.0811605394124157
 20
82.00237173598566
 30
0.0
  0
VERTEX
  5
1BA
  8
T5_BEVEL_OUTSIDE
 10
3.581160539412416
 20
82.00237173598566
 30
0.0
  0
SEQEND
  5
15A6
  8
T5_BEVEL_OUTSIDE
  0
POLYLINE
  5
82
  8
REAR_LEG
 66
     1
 10
0.0
 20
0.0
 30
0.0
 70
     1
  0
VERTEX
  5
1BB
  8
REAR_LEG
 10
0.4778376228696747
 20
58.81687229068857
 30
0.0
  0
VERTEX
  5
1BC
  8
REAR_LEG
 10
0.9188335301002339
 20
58.84449848441299
 30
0.0
  0
VERTEX
  5
1BD
  8
REAR_LEG
 10
0.9228783373990062
 20
58.81843905399008
 30
0.0
  0
VERTEX
  5
1BE
  8
REAR_LEG
 10
0.9252484665770415
 20
58.80600886555216
 30
0.0
  0
VERTEX
  5
1BF
  8
REAR_LEG
 10
0.9278504127741767
 20
58.79397836162991
 30
0.0
  0
VERTEX
  5
1C0
  8
REAR_LEG
 10
0.9306841759904113
 20
58.78234754222338
 30
0.0
  0
VERTEX
  5
1C1
  8
REAR_LEG
 10
0.9337497562257456
 20
58.77111640733251
 30
0.0
  0
VERTEX
  5
1C2
  8
REAR_LEG
 10
0.9370471534801794
 20
58.76028495695734
 30
0.0
  0
VERTEX
  5
1C3
  8
REAR_LEG
 10
0.9405763677537128
 20
58.74985319109786
 30
0.0
  0
VERTEX
  5
1C4
  8
REAR_LEG
 10
0.9443373990463457
 20
58.73982110975407
 30
0.0
  0
VERTEX
  5
1C5
  8
REAR_LEG
 10
0.9483302473580785
 20
58.73018871292597
 30
0.0
  0
VERTEX
  5
1C6
  8
REAR_LEG
 10
0.9525549126889107
 20
58.72095600061355
 30
0.0
  0
VERTEX
  5
1C7
  8
REAR_LEG
 10
0.9570113950388425
 20
58.71212297281681
 30
0.0
  0
VERTEX
  5
1C8
  8
REAR_LEG
 10
0.9616996944078737
 20
58.70368962953579
 30
0.0
  0
VERTEX
  5
1C9
  8
REAR_LEG
 10
0.9666198107960048
 20
58.69565597077043
 30
0.0
  0
VERTEX
  5
1CA
  8
REAR_LEG
 10
0.9717717442032352
 20
58.68802199652077
 30
0.0
  0
VERTEX
  5
1CB
  8
REAR_LEG
 10
0.9771554946295654
 20
58.6807877067868
 30
0.0
  0
VERTEX
  5
1CC
  8
REAR_LEG
 10
0.9863482384904113
 20
58.66976041099894
 30
0.0
  0
VERTEX
  5
1CD
  8
REAR_LEG
 10
0.9960206037700838
 20
58.65944455364901
 30
0.0
  0
VERTEX
  5
1CE
  8
REAR_LEG
 10
1.006172590468583
 20
58.649840134737
 30
0.0
  0
VERTEX
  5
1CF
  8
REAR_LEG
 10
1.016804198585909
 20
58.64094715426292
 30
0.0
  0
VERTEX
  5
1D0
  8
REAR_LEG
 10
1.027915428122062
 20
58.63276561222678
 30
0.0
  0
VERTEX
  5
1D1
  8
REAR_LEG
 10
1.039506279077042
 20
58.62529550862855
 30
0.0
  0
VERTEX
  5
1D2
  8
REAR_LEG
 10
1.051576751450848
 20
58.61853684346825
 30
0.0
  0
VERTEX
  5
1D3
  8
REAR_LEG
 10
1.064126845243481
 20
58.61248961674588
 30
0.0
  0
VERTEX
  5
1D4
  8
REAR_LEG
 10
1.07715656045494
 20
58.60715382846143
 30
0.0
  0
VERTEX
  5
1D5
  8
REAR_LEG
 10
1.090665897085227
 20
58.60252947861491
 30
0.0
  0
VERTEX
  5
1D6
  8
REAR_LEG
 10
1.10465485513434
 20
58.59861656720631
 30
0.0
  0
VERTEX
  5
1D7
  8
REAR_LEG
 10
1.11912343460228
 20
58.59541509423565
 30
0.0
  0
VERTEX
  5
1D8
  8
REAR_LEG
 10
1.134071635489047
 20
58.59292505970291
 30
0.0
  0
VERTEX
  5
1D9
  8
REAR_LEG
 10
1.14949945779464
 20
58.59114646360809
 30
0.0
  0
VERTEX
  5
1DA
  8
REAR_LEG
 10
1.16540690151906
 20
58.5900793059512
 30
0.0
  0
VERTEX
  5
1DB
  8
REAR_LEG
 10
1.181793966662308
 20
58.58972358673223
 30
0.0
  0
VERTEX
  5
1DC
  8
REAR_LEG
 10
1.194022314419811
 20
58.58990544318687
 30
0.0
  0
VERTEX
  5
1DD
  8
REAR_LEG
 10
1.205894942958351
 20
58.59045101255079
 30
0.0
  0
VERTEX
  5
1DE
  8
REAR_LEG
 10
1.217411852277928
 20
58.59136029482399
 30
0.0
  0
VERTEX
  5
1DF
  8
REAR_LEG
 10
1.228573042378542
 20
58.59263329000645
 30
0.0
  0
VERTEX
  5
1E0
  8
REAR_LEG
 10
1.239378513260193
 20
58.5942699980982
 30
0.0
  0
VERTEX
  5
1E1
  8
REAR_LEG
 10
1.24982826492288
 20
58.59627041909923
 30
0.0
  0
VERTEX
  5
1E2
  8
REAR_LEG
 10
1.259922297366605
 20
58.59863455300952
 30
0.0
  0
VERTEX
  5
1E3
  8
REAR_LEG
 10
1.269660610591366
 20
58.6013623998291
 30
0.0
  0
VERTEX
  5
1E4
  8
REAR_LEG
 10
1.279043204597164
 20
58.60445395955796
 30
0.0
  0
VERTEX
  5
1E5
  8
REAR_LEG
 10
1.288070079383999
 20
58.60790923219609
 30
0.0
  0
VERTEX
  5
1E6
  8
REAR_LEG
 10
1.296741234951871
 20
58.61172821774349
 30
0.0
  0
VERTEX
  5
1E7
  8
REAR_LEG
 10
1.30505667130078
 20
58.61591091620018
 30
0.0
  0
VERTEX
  5
1E8
  8
REAR_LEG
 10
1.313016388430725
 20
58.62045732756614
 30
0.0
  0
VERTEX
  5
1E9
  8
REAR_LEG
 10
1.320620386341707
 20
58.62536745184138
 30
0.0
  0
VERTEX
  5
1EA
  8
REAR_LEG
 10
1.327868665033726
 20
58.63064128902589
 30
0.0
  0
VERTEX
  5
1EB
  8
REAR_LEG
 10
1.334761224506782
 20
58.63627883911968
 30
0.0
  0
VERTEX
  5
1EC
  8
REAR_LEG
 10
1.34126608999962
 20
58.64215619992289
 30
0.0
  0
VERTEX
  5
1ED
  8
REAR_LEG
 10
1.347351286750984
 20
58.64814946923564
 30
0.0
  0
VERTEX
  5
1EE
  8
REAR_LEG
 10
1.353016814760875
 20
58.65425864705794
 30
0.0
  0
VERTEX
  5
1EF
  8
REAR_LEG
 10
1.358262674029292
 20
58.6604837333898
 30
0.0
  0
VERTEX
  5
1F0
  8
REAR_LEG
 10
1.363088864556237
 20
58.66682472823121
 30
0.0
  0
VERTEX
  5
1F1
  8
REAR_LEG
 10
1.367495386341707
 20
58.67328163158216
 30
0.0
  0
VERTEX
  5
1F2
  8
REAR_LEG
 10
1.371482239385704
 20
58.67985444344266
 30
0.0
  0
VERTEX
  5
1F3
  8
REAR_LEG
 10
1.375049423688228
 20
58.68654316381273
 30
0.0
  0
VERTEX
  5
1F4
  8
REAR_LEG
 10
1.378196939249279
 20
58.69334779269234
 30
0.0
  0
VERTEX
  5
1F5
  8
REAR_LEG
 10
1.380924786068856
 20
58.70026833008149
 30
0.0
  0
VERTEX
  5
1F6
  8
REAR_LEG
 10
1.38323296414696
 20
58.70730477598018
 30
0.0
  0
VERTEX
  5
1F7
  8
REAR_LEG
 10
1.38512147348359
 20
58.71445713038844
 30
0.0
  0
VERTEX
  5
1F8
  8
REAR_LEG
 10
1.386590314078747
 20
58.72172539330624
 30
0.0
  0
VERTEX
  5
1F9
  8
REAR_LEG
 10
1.38763948593243
 20
58.72910956473359
 30
0.0
  0
VERTEX
  5
1FA
  8
REAR_LEG
 10
1.38826898904464
 20
58.73660964467049
 30
0.0
  0
VERTEX
  5
1FB
  8
REAR_LEG
 10
1.388478823415377
 20
58.74422563311695
 30
0.0
  0
VERTEX
  5
1FC
  8
REAR_LEG
 10
1.388278981157533
 20
58.75146791654124
 30
0.0
  0
VERTEX
  5
1FD
  8
REAR_LEG
 10
1.387679454383999
 20
58.75861427568175
 30
0.0
  0
VERTEX
  5
1FE
  8
REAR_LEG
 10
1.386680243094777
 20
58.76566471053851
 30
0.0
  0
VERTEX
  5
1FF
  8
REAR_LEG
 10
1.385281347289865
 20
58.7726192211115
 30
0.0
  0
VERTEX
  5
200
  8
REAR_LEG
 10
1.383482766969265
 20
58.77947780740072
 30
0.0
  0
VERTEX
  5
201
  8
REAR_LEG
 10
1.381284502132976
 20
58.78624046940617
 30
0.0
  0
VERTEX
  5
202
  8
REAR_LEG
 10
1.378686552780997
 20
58.79290720712786
 30
0.0
  0
VERTEX
  5
203
  8
REAR_LEG
 10
1.375688918913331
 20
58.79947802056579
 30
0.0
  0
VERTEX
  5
204
  8
REAR_LEG
 10
1.372291600529974
 20
58.80595290971995
 30
0.0
  0
VERTEX
  5
205
  8
REAR_LEG
 10
1.36849459763093
 20
58.81233187459034
 30
0.0
  0
VERTEX
  5
206
  8
REAR_LEG
 10
1.364297910216195
 20
58.81861491517698
 30
0.0
  0
VERTEX
  5
207
  8
REAR_LEG
 10
1.359701538285773
 20
58.82480203147985
 30
0.0
  0
VERTEX
  5
208
  8
REAR_LEG
 10
1.354705481839661
 20
58.83089322349895
 30
0.0
  0
VERTEX
  5
209
  8
REAR_LEG
 10
1.34930974087786
 20
58.83688849123428
 30
0.0
  0
VERTEX
  5
20A
  8
REAR_LEG
 10
1.34351431540037
 20
58.84278783468584
 30
0.0
  0
VERTEX
  5
20B
  8
REAR_LEG
 10
1.337319205407192
 20
58.84859125385365
 30
0.0
  0
VERTEX
  5
20C
  8
REAR_LEG
 10
1.330396669595459
 20
58.85432672665379
 30
0.0
  0
VERTEX
  5
20D
  8
REAR_LEG
 10
1.322418966662308
 20
58.86002223100235
 30
0.0
  0
VERTEX
  5
20E
  8
REAR_LEG
 10
1.313386096607738
 20
58.86567776689935
 30
0.0
  0
VERTEX
  5
20F
  8
REAR_LEG
 10
1.303298059431748
 20
58.87129333434478
 30
0.0
  0
VERTEX
  5
210
  8
REAR_LEG
 10
1.29215485513434
 20
58.87686893333865
 30
0.0
  0
VERTEX
  5
211
  8
REAR_LEG
 10
1.279956483715514
 20
58.88240456388094
 30
0.0
  0
VERTEX
  5
212
  8
REAR_LEG
 10
1.266702945175268
 20
58.88790022597166
 30
0.0
  0
VERTEX
  5
213
  8
REAR_LEG
 10
1.252394239513604
 20
58.89335591961081
 30
0.0
  0
VERTEX
  5
214
  8
REAR_LEG
 10
1.23703036673052
 20
58.8987716447984
 30
0.0
  0
VERTEX
  5
215
  8
REAR_LEG
 10
1.220611326826019
 20
58.90414740153441
 30
0.0
  0
VERTEX
  5
216
  8
REAR_LEG
 10
1.203137119800098
 20
58.90948318981886
 30
0.0
  0
VERTEX
  5
217
  8
REAR_LEG
 10
1.184607745652758
 20
58.91477900965174
 30
0.0
  0
VERTEX
  5
218
  8
REAR_LEG
 10
1.165023204383999
 20
58.92003486103305
 30
0.0
  0
VERTEX
  5
219
  8
REAR_LEG
 10
1.144383495993822
 20
58.92525074396279
 30
0.0
  0
VERTEX
  5
21A
  8
REAR_LEG
 10
1.099938577849211
 20
58.93556260446756
 30
0.0
  0
VERTEX
  5
21B
  8
REAR_LEG
 10
1.062508122954941
 20
58.94430770167084
 30
0.0
  0
VERTEX
  5
21C
  8
REAR_LEG
 10
1.026444589104327
 20
58.95340452124792
 30
0.0
  0
VERTEX
  5
21D
  8
REAR_LEG
 10
0.991747976297369
 20
58.96285306319881
 30
0.0
  0
VERTEX
  5
21E
  8
REAR_LEG
 10
0.9584182845340675
 20
58.9726533275235
 30
0.0
  0
VERTEX
  5
21F
  8
REAR_LEG
 10
0.9264555138144224
 20
58.98280531422201
 30
0.0
  0
VERTEX
  5
220
  8
REAR_LEG
 10
0.8958596641384331
 20
58.9933090232943
 30
0.0
  0
VERTEX
  5
221
  8
REAR_LEG
 10
0.8666307355061003
 20
59.00416445474042
 30
0.0
  0
VERTEX
  5
222
  8
REAR_LEG
 10
0.8387687279174236
 20
59.01537160856033
 30
0.0
  0
VERTEX
  5
223
  8
REAR_LEG
 10
0.8122736413724032
 20
59.02693048475406
 30
0.0
  0
VERTEX
  5
224
  8
REAR_LEG
 10
0.7871454758710388
 20
59.03884108332159
 30
0.0
  0
VERTEX
  5
225
  8
REAR_LEG
 10
0.7633842314133308
 20
59.05110340426293
 30
0.0
  0
VERTEX
  5
226
  8
REAR_LEG
 10
0.740989907999279
 20
59.06371744757807
 30
0.0
  0
VERTEX
  5
227
  8
REAR_LEG
 10
0.7199625056288834
 20
59.07668321326702
 30
0.0
  0
VERTEX
  5
228
  8
REAR_LEG
 10
0.7003020243021439
 20
59.09000070132978
 30
0.0
  0
VERTEX
  5
229
  8
REAR_LEG
 10
0.6820084640190608
 20
59.10366991176634
 30
0.0
  0
VERTEX
  5
22A
  8
REAR_LEG
 10
0.6650818247796337
 20
59.11769084457671
 30
0.0
  0
VERTEX
  5
22B
  8
REAR_LEG
 10
0.6492223431970963
 20
59.13213144612855
 30
0.0
  0
VERTEX
  5
22C
  8
REAR_LEG
 10
0.6343860539747224
 20
59.14705966278953
 30
0.0
  0
VERTEX
  5
22D
  8
REAR_LEG
 10
0.6205729571125124
 20
59.16247549455966
 30
0.0
  0
VERTEX
  5
22E
  8
REAR_LEG
 10
0.607783052610466
 20
59.17837894143891
 30
0.0
  0
VERTEX
  5
22F
  8
REAR_LEG
 10
0.5960163404685832
 20
59.19477000342732
 30
0.0
  0
VERTEX
  5
230
  8
REAR_LEG
 10
0.5852728206868643
 20
59.21164868052487
 30
0.0
  0
VERTEX
  5
231
  8
REAR_LEG
 10
0.575552493265309
 20
59.22901497273156
 30
0.0
  0
VERTEX
  5
232
  8
REAR_LEG
 10
0.5668553582039174
 20
59.24686888004737
 30
0.0
  0
VERTEX
  5
233
  8
REAR_LEG
 10
0.5591814155026896
 20
59.26521040247234
 30
0.0
  0
VERTEX
  5
234
  8
REAR_LEG
 10
0.5525306651616254
 20
59.28403954000645
 30
0.0
  0
VERTEX
  5
235
  8
REAR_LEG
 10
0.546903107180725
 20
59.3033562926497
 30
0.0
  0
VERTEX
  5
236
  8
REAR_LEG
 10
0.5422987415599884
 20
59.32316066040208
 30
0.0
  0
VERTEX
  5
237
  8
REAR_LEG
 10
0.5387175682994154
 20
59.34345264326362
 30
0.0
  0
VERTEX
  5
238
  8
REAR_LEG
 10
0.5361595873990062
 20
59.36423224123428
 30
0.0
  0
VERTEX
  5
239
  8
REAR_LEG
 10
0.5346247988587606
 20
59.38549945431409
 30
0.0
  0
VERTEX
  5
23A
  8
REAR_LEG
 10
0.5341132026786787
 20
59.40725428250303
 30
0.0
  0
VERTEX
  5
23B
  8
REAR_LEG
 10
0.534374996036455
 20
59.42165691402589
 30
0.0
  0
VERTEX
  5
23C
  8
REAR_LEG
 10
0.5351603761097837
 20
59.43595962441981
 30
0.0
  0
VERTEX
  5
23D
  8
REAR_LEG
 10
0.536469342898665
 20
59.45016241368482
 30
0.0
  0
VERTEX
  5
23E
  8
REAR_LEG
 10
0.5383018964030989
 20
59.4642652818209
 30
0.0
  0
VERTEX
  5
23F
  8
REAR_LEG
 10
0.5406580366230853
 20
59.47826822882807
 30
0.0
  0
VERTEX
  5
240
  8
REAR_LEG
 10
0.5435377635586242
 20
59.49217125470631
 30
0.0
  0
VERTEX
  5
241
  8
REAR_LEG
 10
0.5469410772097155
 20
59.50597435945564
 30
0.0
  0
VERTEX
  5
242
  8
REAR_LEG
 10
0.5508679775763594
 20
59.51967754307602
 30
0.0
  0
VERTEX
  5
243
  8
REAR_LEG
 10
0.5553184646585559
 20
59.53328080556749
 30
0.0
  0
VERTEX
  5
244
  8
REAR_LEG
 10
0.5602925384563049
 20
59.54678414693004
 30
0.0
  0
VERTEX
  5
245
  8
REAR_LEG
 10
0.5657901989696064
 20
59.56018756716367
 30
0.0
  0
VERTEX
  5
246
  8
REAR_LEG
 10
0.5718114461984605
 20
59.57349106626837
 30
0.0
  0
VERTEX
  5
247
  8
REAR_LEG
 10
0.578356280142867
 20
59.58669464424416
 30
0.0
  0
VERTEX
  5
248
  8
REAR_LEG
 10
0.5854247008028262
 20
59.59979830109102
 30
0.0
  0
VERTEX
  5
249
  8
REAR_LEG
 10
0.5930167081783376
 20
59.61280203680897
 30
0.0
  0
VERTEX
  5
24A
  8
REAR_LEG
 10
0.6011323022694017
 20
59.62570585139799
 30
0.0
  0
VERTEX
  5
24B
  8
REAR_LEG
 10
0.6097734814985969
 20
59.63838784108081
 30
0.0
  0
VERTEX
  5
24C
  8
REAR_LEG
 10
0.6189422442885013
 20
59.65072610208013
 30
0.0
  0
VERTEX
  5
24D
  8
REAR_LEG
 10
0.6286385906391152
 20
59.66272063439595
 30
0.0
  0
VERTEX
  5
24E
  8
REAR_LEG
 10
0.6388625205504385
 20
59.67437143802828
 30
0.0
  0
VERTEX
  5
24F
  8
REAR_LEG
 10
0.6496140340224712
 20
59.68567851297712
 30
0.0
  0
VERTEX
  5
250
  8
REAR_LEG
 10
0.6608931310552134
 20
59.69664185924248
 30
0.0
  0
VERTEX
  5
251
  8
REAR_LEG
 10
0.672699811648665
 20
59.70726147682433
 30
0.0
  0
VERTEX
  5
252
  8
REAR_LEG
 10
0.6850340758028259
 20
59.71753736572268
 30
0.0
  0
VERTEX
  5
253
  8
REAR_LEG
 10
0.6978959235176964
 20
59.72746952593755
 30
0.0
  0
VERTEX
  5
254
  8
REAR_LEG
 10
0.7112853547932763
 20
59.73705795746893
 30
0.0
  0
VERTEX
  5
255
  8
REAR_LEG
 10
0.7252023696295655
 20
59.74630266031681
 30
0.0
  0
VERTEX
  5
256
  8
REAR_LEG
 10
0.739646968026564
 20
59.75520363448121
 30
0.0
  0
VERTEX
  5
257
  8
REAR_LEG
 10
0.7546191499842723
 20
59.76376087996211
 30
0.0
  0
VERTEX
  5
258
  8
REAR_LEG
 10
0.7701189155026897
 20
59.77197439675952
 30
0.0
  0
VERTEX
  5
259
  8
REAR_LEG
 10
0.7861462645818165
 20
59.77984418487343
 30
0.0
  0
VERTEX
  5
25A
  8
REAR_LEG
 10
0.8027011972216528
 20
59.78737024430385
 30
0.0
  0
VERTEX
  5
25B
  8
REAR_LEG
 10
0.8199096140446406
 20
59.794494620796
 30
0.0
  0
VERTEX
  5
25C
  8
REAR_LEG
 10
0.8378974156732217
 20
59.80115936009512
 30
0.0
  0
VERTEX
  5
25D
  8
REAR_LEG
 10
0.8566646021073965
 20
59.80736446220119
 30
0.0
  0
VERTEX
  5
25E
  8
REAR_LEG
 10
0.8762111733471645
 20
59.81310992711423
 30
0.0
  0
VERTEX
  5
25F
  8
REAR_LEG
 10
0.8965371293925259
 20
59.81839575483421
 30
0.0
  0
VERTEX
  5
260
  8
REAR_LEG
 10
0.9176424702434809
 20
59.82322194536115
 30
0.0
  0
VERTEX
  5
261
  8
REAR_LEG
 10
0.9395271959000295
 20
59.82758849869505
 30
0.0
  0
VERTEX
  5
262
  8
REAR_LEG
 10
0.9621913063621713
 20
59.83149541483591
 30
0.0
  0
VERTEX
  5
263
  8
REAR_LEG
 10
0.9856348016299067
 20
59.83494269378373
 30
0.0
  0
VERTEX
  5
264
  8
REAR_LEG
 10
1.009857681703235
 20
59.83793033553851
 30
0.0
  0
VERTEX
  5
265
  8
REAR_LEG
 10
1.034859946582158
 20
59.84045834010024
 30
0.0
  0
VERTEX
  5
266
  8
REAR_LEG
 10
1.060641596266673
 20
59.84252670746893
 30
0.0
  0
VERTEX
  5
267
  8
REAR_LEG
 10
1.087202630756782
 20
59.84413543764458
 30
0.0
  0
VERTEX
  5
268
  8
REAR_LEG
 10
1.114543050052485
 20
59.84528453062718
 30
0.0
  0
VERTEX
  5
269
  8
REAR_LEG
 10
1.142662854153781
 20
59.84597398641674
 30
0.0
  0
VERTEX
  5
26A
  8
REAR_LEG
 10
1.17156204306067
 20
59.84620380501327
 30
0.0
  0
VERTEX
  5
26B
  8
REAR_LEG
 10
1.206968095882976
 20
59.84578613469438
 30
0.0
  0
VERTEX
  5
26C
  8
REAR_LEG
 10
1.241306991048392
 20
59.84453312373769
 30
0.0
  0
VERTEX
  5
26D
  8
REAR_LEG
 10
1.274578728556919
 20
59.84244477214321
 30
0.0
  0
VERTEX
  5
26E
  8
REAR_LEG
 10
1.306783308408556
 20
59.83952107991095
 30
0.0
  0
VERTEX
  5
26F
  8
REAR_LEG
 10
1.337920730603303
 20
59.83576204704089
 30
0.0
  0
VERTEX
  5
270
  8
REAR_LEG
 10
1.367990995141162
 20
59.83116767353305
 30
0.0
  0
VERTEX
  5
271
  8
REAR_LEG
 10
1.39699410202213
 20
59.82573795938742
 30
0.0
  0
VERTEX
  5
272
  8
REAR_LEG
 10
1.424930051246209
 20
59.81947290460399
 30
0.0
  0
VERTEX
  5
273
  8
REAR_LEG
 10
1.451798842813399
 20
59.81237250918277
 30
0.0
  0
VERTEX
  5
274
  8
REAR_LEG
 10
1.477600476723699
 20
59.80443677312377
 30
0.0
  0
VERTEX
  5
275
  8
REAR_LEG
 10
1.50233495297711
 20
59.79566569642697
 30
0.0
  0
VERTEX
  5
276
  8
REAR_LEG
 10
1.526002271573631
 20
59.78605927909239
 30
0.0
  0
VERTEX
  5
277
  8
REAR_LEG
 10
1.537435746750558
 20
59.78094281768593
 30
0.0
  0
VERTEX
  5
278
  8
REAR_LEG
 10
1.548602432513263
 20
59.77561752112002
 30
0.0
  0
VERTEX
  5
279
  8
REAR_LEG
 10
1.559502328861745
 20
59.77008338939466
 30
0.0
  0
VERTEX
  5
27A
  8
REAR_LEG
 10
1.570135435796005
 20
59.76434042250985
 30
0.0
  0
VERTEX
  5
27B
  8
REAR_LEG
 10
1.580501753316042
 20
59.7583886204656
 30
0.0
  0
VERTEX
  5
27C
  8
REAR_LEG
 10
1.590601281421857
 20
59.7522279832619
 30
0.0
  0
VERTEX
  5
27D
  8
REAR_LEG
 10
1.60043402011345
 20
59.74585851089876
 30
0.0
  0
VERTEX
  5
27E
  8
REAR_LEG
 10
1.609999969390821
 20
59.73928020337616
 30
0.0
  0
VERTEX
  5
27F
  8
REAR_LEG
 10
1.619313118212018
 20
59.73247407567962
 30
0.0
  0
VERTEX
  5
280
  8
REAR_LEG
 10
1.628387455535091
 20
59.72542114279464
 30
0.0
  0
VERTEX
  5
281
  8
REAR_LEG
 10
1.63722298136004
 20
59.71812140472124
 30
0.0
  0
VERTEX
  5
282
  8
REAR_LEG
 10
1.645819695686864
 20
59.71057486145938
 30
0.0
  0
VERTEX
  5
283
  8
REAR_LEG
 10
1.654177598515565
 20
59.70278151300909
 30
0.0
  0
VERTEX
  5
284
  8
REAR_LEG
 10
1.662296689846141
 20
59.69474135937035
 30
0.0
  0
VERTEX
  5
285
  8
REAR_LEG
 10
1.670176969678594
 20
59.6864544005432
 30
0.0
  0
VERTEX
  5
286
  8
REAR_LEG
 10
1.677818438012921
 20
59.67792063652759
 30
0.0
  0
VERTEX
  5
287
  8
REAR_LEG
 10
1.685221094849125
 20
59.66914006732355
 30
0.0
  0
VERTEX
  5
288
  8
REAR_LEG
 10
1.692384940187205
 20
59.66011269293107
 30
0.0
  0
VERTEX
  5
289
  8
REAR_LEG
 10
1.699309974027161
 20
59.65083851335015
 30
0.0
  0
VERTEX
  5
28A
  8
REAR_LEG
 10
1.705996196368992
 20
59.6413175285808
 30
0.0
  0
VERTEX
  5
28B
  8
REAR_LEG
 10
1.7124436072127
 20
59.63154973862301
 30
0.0
  0
VERTEX
  5
28C
  8
REAR_LEG
 10
1.718652206558283
 20
59.62153514347678
 30
0.0
  0
VERTEX
  5
28D
  8
REAR_LEG
 10
1.724621994405742
 20
59.61127374314211
 30
0.0
  0
VERTEX
  5
28E
  8
REAR_LEG
 10
1.730352970755077
 20
59.600765537619
 30
0.0
  0
VERTEX
  5
28F
  8
REAR_LEG
 10
1.735845135606288
 20
59.59001052690745
 30
0.0
  0
VERTEX
  5
290
  8
REAR_LEG
 10
1.741098488959375
 20
59.57900871100747
 30
0.0
  0
VERTEX
  5
291
  8
REAR_LEG
 10
1.746113030814337
 20
59.56776008991905
 30
0.0
  0
VERTEX
  5
292
  8
REAR_LEG
 10
1.750888761171175
 20
59.55626466364219
 30
0.0
  0
VERTEX
  5
293
  8
REAR_LEG
 10
1.75542568002989
 20
59.54452243217689
 30
0.0
  0
VERTEX
  5
294
  8
REAR_LEG
 10
1.75972378739048
 20
59.53253339552315
 30
0.0
  0
VERTEX
  5
295
  8
REAR_LEG
 10
1.763783083252946
 20
59.52029755368098
 30
0.0
  0
VERTEX
  5
296
  8
REAR_LEG
 10
1.767603567617287
 20
59.50781490665037
 30
0.0
  0
VERTEX
  5
297
  8
REAR_LEG
 10
1.774528101851598
 20
59.48210919702383
 30
0.0
  0
VERTEX
  5
298
  8
REAR_LEG
 10
1.780497390093413
 20
59.45541626664355
 30
0.0
  0
VERTEX
  5
299
  8
REAR_LEG
 10
1.785511432342731
 20
59.42773611550951
 30
0.0
  0
VERTEX
  5
29A
  8
REAR_LEG
 10
1.789570228599552
 20
59.39906874362173
 30
0.0
  0
VERTEX
  5
29B
  8
REAR_LEG
 10
1.352667090809647
 20
59.37348893461763
 30
0.0
  0
VERTEX
  5
29C
  8
REAR_LEG
 10
1.350342925350916
 20
59.38593511043619
 30
0.0
  0
VERTEX
  5
29D
  8
REAR_LEG
 10
1.347718996505418
 20
59.39794962697779
 30
0.0
  0
VERTEX
  5
29E
  8
REAR_LEG
 10
1.344795304273153
 20
59.40953248424246
 30
0.0
  0
VERTEX
  5
29F
  8
REAR_LEG
 10
1.341571848654122
 20
59.42068368223018
 30
0.0
  0
VERTEX
  5
2A0
  8
REAR_LEG
 10
1.338048629648324
 20
59.43140322094096
 30
0.0
  0
VERTEX
  5
2A1
  8
REAR_LEG
 10
1.334225647255759
 20
59.4416911003748
 30
0.0
  0
VERTEX
  5
2A2
  8
REAR_LEG
 10
1.330102901476428
 20
59.45154732053169
 30
0.0
  0
VERTEX
  5
2A3
  8
REAR_LEG
 10
1.325680392310329
 20
59.46097188141163
 30
0.0
  0
VERTEX
  5
2A4
  8
REAR_LEG
 10
1.320958119757464
 20
59.46996478301463
 30
0.0
  0
VERTEX
  5
2A5
  8
REAR_LEG
 10
1.315936083817833
 20
59.47852602534068
 30
0.0
  0
VERTEX
  5
2A6
  8
REAR_LEG
 10
1.310614284491435
 20
59.4866556083898
 30
0.0
  0
VERTEX
  5
2A7
  8
REAR_LEG
 10
1.304992721778269
 20
59.49435353216197
 30
0.0
  0
VERTEX
  5
2A8
  8
REAR_LEG
 10
1.299071395678338
 20
59.5016197966572
 30
0.0
  0
VERTEX
  5
2A9
  8
REAR_LEG
 10
1.292850306191639
 20
59.50845440187548
 30
0.0
  0
VERTEX
  5
2AA
  8
REAR_LEG
 10
1.286329453318174
 20
59.51485734781681
 30
0.0
  0
VERTEX
  5
2AB
  8
REAR_LEG
 10
1.279508837057942
 20
59.52082863448121
 30
0.0
  0
VERTEX
  5
2AC
  8
REAR_LEG
 10
1.272372470030316
 20
59.52640423347507
 30
0.0
  0
VERTEX
  5
2AD
  8
REAR_LEG
 10
1.264904364854668
 20
59.53162011640481
 30
0.0
  0
VERTEX
  5
2AE
  8
REAR_LEG
 10
1.257104521530998
 20
59.53647628327043
 30
0.0
  0
VERTEX
  5
2AF
  8
REAR_LEG
 10
1.248972940059306
 20
59.54097273407193
 30
0.0
  0
VERTEX
  5
2B0
  8
REAR_LEG
 10
1.240509620439593
 20
59.54510946880931
 30
0.0
  0
VERTEX
  5
2B1
  8
REAR_LEG
 10
1.231714562671858
 20
59.54888648748256
 30
0.0
  0
VERTEX
  5
2B2
  8
REAR_LEG
 10
1.222587766756101
 20
59.55230379009171
 30
0.0
  0
VERTEX
  5
2B3
  8
REAR_LEG
 10
1.213129232692321
 20
59.55536137663673
 30
0.0
  0
VERTEX
  5
2B4
  8
REAR_LEG
 10
1.203338960480521
 20
59.55805924711763
 30
0.0
  0
VERTEX
  5
2B5
  8
REAR_LEG
 10
1.193216950120698
 20
59.56039740153441
 30
0.0
  0
VERTEX
  5
2B6
  8
REAR_LEG
 10
1.182763201612854
 20
59.56237583988707
 30
0.0
  0
VERTEX
  5
2B7
  8
REAR_LEG
 10
1.171977714956987
 20
59.56399456217561
 30
0.0
  0
VERTEX
  5
2B8
  8
REAR_LEG
 10
1.160860490153099
 20
59.56525356840003
 30
0.0
  0
VERTEX
  5
2B9
  8
REAR_LEG
 10
1.149411527201189
 20
59.56615285856033
 30
0.0
  0
VERTEX
  5
2BA
  8
REAR_LEG
 10
1.137630826101257
 20
59.56669243265651
 30
0.0
  0
VERTEX
  5
2BB
  8
REAR_LEG
 10
1.125518386853304
 20
59.56687229068857
 30
0.0
  0
VERTEX
  5
2BC
  8
REAR_LEG
 10
1.105933845584545
 20
59.56633671343755
 30
0.0
  0
VERTEX
  5
2BD
  8
REAR_LEG
 10
1.087596320004736
 20
59.56472998168448
 30
0.0
  0
VERTEX
  5
2BE
  8
REAR_LEG
 10
1.078895188098187
 20
59.56352493286967
 30
0.0
  0
VERTEX
  5
2BF
  8
REAR_LEG
 10
1.070505810113876
 20
59.56205209542937
 30
0.0
  0
VERTEX
  5
2C0
  8
REAR_LEG
 10
1.062428186051803
 20
59.56031146936354
 30
0.0
  0
VERTEX
  5
2C1
  8
REAR_LEG
 10
1.054662315911967
 20
59.5583030546722
 30
0.0
  0
VERTEX
  5
2C2
  8
REAR_LEG
 10
1.047208199694368
 20
59.55602685135536
 30
0.0
  0
VERTEX
  5
2C3
  8
REAR_LEG
 10
1.040065837399006
 20
59.55348285941299
 30
0.0
  0
VERTEX
  5
2C4
  8
REAR_LEG
 10
1.033235229025882
 20
59.55067107884511
 30
0.0
  0
VERTEX
  5
2C5
  8
REAR_LEG
 10
1.026716374574995
 20
59.54759150965174
 30
0.0
  0
VERTEX
  5
2C6
  8
REAR_LEG
 10
1.020509274046346
 20
59.54424415183284
 30
0.0
  0
VERTEX
  5
2C7
  8
REAR_LEG
 10
1.014613927439934
 20
59.54062900538844
 30
0.0
  0
VERTEX
  5
2C8
  8
REAR_LEG
 10
1.009030334755759
 20
59.53674607031852
 30
0.0
  0
VERTEX
  5
2C9
  8
REAR_LEG
 10
1.003758495993822
 20
59.53259534662309
 30
0.0
  0
VERTEX
  5
2CA
  8
REAR_LEG
 10
0.998802407999279
 20
59.52825277436013
 30
0.0
  0
VERTEX
  5
2CB
  8
REAR_LEG
 10
0.9941660676172872
 20
59.52379429358762
 30
0.0
  0
VERTEX
  5
2CC
  8
REAR_LEG
 10
0.9898494748478466
 20
59.51921990430556
 30
0.0
  0
VERTEX
  5
2CD
  8
REAR_LEG
 10
0.9858526296909571
 20
59.51452960651395
 30
0.0
  0
VERTEX
  5
2CE
  8
REAR_LEG
 10
0.9821755321466188
 20
59.50972340021279
 30
0.0
  0
VERTEX
  5
2CF
  8
REAR_LEG
 10
0.9788181822148316
 20
59.50480128540208
 30
0.0
  0
VERTEX
  5
2D0
  8
REAR_LEG
 10
0.9757805798955956
 20
59.49976326208181
 30
0.0
  0
VERTEX
  5
2D1
  8
REAR_LEG
 10
0.9730627251889107
 20
59.49460933025201
 30
0.0
  0
VERTEX
  5
2D2
  8
REAR_LEG
 10
0.9706646180947769
 20
59.48933948991266
 30
0.0
  0
VERTEX
  5
2D3
  8
REAR_LEG
 10
0.9685862586131944
 20
59.48395374106375
 30
0.0
  0
VERTEX
  5
2D4
  8
REAR_LEG
 10
0.966827646744163
 20
59.47845208370529
 30
0.0
  0
VERTEX
  5
2D5
  8
REAR_LEG
 10
0.9653887824876828
 20
59.47283451783728
 30
0.0
  0
VERTEX
  5
2D6
  8
REAR_LEG
 10
0.9642696658437537
 20
59.46710104345972
 30
0.0
  0
VERTEX
  5
2D7
  8
REAR_LEG
 10
0.9634702968123758
 20
59.46125166057261
 30
0.0
  0
VERTEX
  5
2D8
  8
REAR_LEG
 10
0.9629906753935491
 20
59.45528636917595
 30
0.0
  0
VERTEX
  5
2D9
  8
REAR_LEG
 10
0.9628308015872735
 20
59.44920516926975
 30
0.0
  0
VERTEX
  5
2DA
  8
REAR_LEG
 10
0.963358385147983
 20
59.44036414778272
 30
0.0
  0
VERTEX
  5
2DB
  8
REAR_LEG
 10
0.9649411358301112
 20
59.43174694962445
 30
0.0
  0
VERTEX
  5
2DC
  8
REAR_LEG
 10
0.9675790536336583
 20
59.42335357479499
 30
0.0
  0
VERTEX
  5
2DD
  8
REAR_LEG
 10
0.9712721385586242
 20
59.4151840232943
 30
0.0
  0
VERTEX
  5
2DE
  8
REAR_LEG
 10
0.9760203906050089
 20
59.40723829512241
 30
0.0
  0
VERTEX
  5
2DF
  8
REAR_LEG
 10
0.9818238097728125
 20
59.3995163902793
 30
0.0
  0
VERTEX
  5
2E0
  8
REAR_LEG
 10
0.9886823960620348
 20
59.39201830876498
 30
0.0
  0
VERTEX
  5
2E1
  8
REAR_LEG
 10
0.9965961494726759
 20
59.38474405057944
 30
0.0
  0
VERTEX
  5
2E2
  8
REAR_LEG
 10
1.001040641287137
 20
59.38105096565447
 30
0.0
  0
VERTEX
  5
2E3
  8
REAR_LEG
 10
1.006188577849211
 20
59.37738985549075
 30
0.0
  0
VERTEX
  5
2E4
  8
REAR_LEG
 10
1.012039959158897
 20
59.37376072008831
 30
0.0
  0
VERTEX
  5
2E5
  8
REAR_LEG
 10
1.018594785216196
 20
59.37016355944711
 30
0.0
  0
VERTEX
  5
2E6
  8
REAR_LEG
 10
1.025853056021107
 20
59.36659837356716
 30
0.0
  0
VERTEX
  5
2E7
  8
REAR_LEG
 10
1.033814771573631
 20
59.36306516244846
 30
0.0
  0
VERTEX
  5
2E8
  8
REAR_LEG
 10
1.051848536921516
 20
59.35609466449485
 30
0.0
  0
VERTEX
  5
2E9
  8
REAR_LEG
 10
1.072696081259852
 20
59.34925206558625
 30
0.0
  0
VERTEX
  5
2EA
  8
REAR_LEG
 10
1.096357404588638
 20
59.34253736572268
 30
0.0
  0
VERTEX
  5
2EB
  8
REAR_LEG
 10
1.122832506907874
 20
59.33595056490412
 30
0.0
  0
VERTEX
  5
2EC
  8
REAR_LEG
 10
1.15212138821756
 20
59.3294916631306
 30
0.0
  0
VERTEX
  5
2ED
  8
REAR_LEG
 10
1.189433936179702
 20
59.32130012898155
 30
0.0
  0
VERTEX
  5
2EE
  8
REAR_LEG
 10
1.225399547323972
 20
59.31309660429703
 30
0.0
  0
VERTEX
  5
2EF
  8
REAR_LEG
 10
1.26001822165037
 20
59.30488108907705
 30
0.0
  0
VERTEX
  5
2F0
  8
REAR_LEG
 10
1.293289959158897
 20
59.29665358332159
 30
0.0
  0
VERTEX
  5
2F1
  8
REAR_LEG
 10
1.325214759849552
 20
59.28841408703067
 30
0.0
  0
VERTEX
  5
2F2
  8
REAR_LEG
 10
1.355792623722335
 20
59.28016260020426
 30
0.0
  0
VERTEX
  5
2F3
  8
REAR_LEG
 10
1.385023550777246
 20
59.2718991228424
 30
0.0
  0
VERTEX
  5
2F4
  8
REAR_LEG
 10
1.412907541014286
 20
59.26362365494506
 30
0.0
  0
VERTEX
  5
2F5
  8
REAR_LEG
 10
1.439444594433454
 20
59.25533619651225
 30
0.0
  0
VERTEX
  5
2F6
  8
REAR_LEG
 10
1.46463471103475
 20
59.24703674754396
 30
0.0
  0
VERTEX
  5
2F7
  8
REAR_LEG
 10
1.488477890818174
 20
59.23872530804022
 30
0.0
  0
VERTEX
  5
2F8
  8
REAR_LEG
 10
1.510974133783727
 20
59.23040187800099
 30
0.0
  0
VERTEX
  5
2F9
  8
REAR_LEG
 10
1.532123439931407
 20
59.22206645742629
 30
0.0
  0
VERTEX
  5
2FA
  8
REAR_LEG
 10
1.551925809261216
 20
59.21371904631613
 30
0.0
  0
VERTEX
  5
2FB
  8
REAR_LEG
 10
1.570381241773154
 20
59.20535964467049
 30
0.0
  0
VERTEX
  5
2FC
  8
REAR_LEG
 10
1.587489737467219
 20
59.19698825248939
 30
0.0
  0
VERTEX
  5
2FD
  8
REAR_LEG
 10
1.603644985591366
 20
59.18848496441811
 30
0.0
  0
VERTEX
  5
2FE
  8
REAR_LEG
 10
1.619240675393549
 20
59.17972987510194
 30
0.0
  0
VERTEX
  5
2FF
  8
REAR_LEG
 10
1.634276806873767
 20
59.17072298454089
 30
0.0
  0
VERTEX
  5
300
  8
REAR_LEG
 10
1.648753380032021
 20
59.16146429273496
 30
0.0
  0
VERTEX
  5
301
  8
REAR_LEG
 10
1.66267039486831
 20
59.15195379968414
 30
0.0
  0
VERTEX
  5
302
  8
REAR_LEG
 10
1.676027851382635
 20
59.14219150538844
 30
0.0
  0
VERTEX
  5
303
  8
REAR_LEG
 10
1.688825749574995
 20
59.13217740984785
 30
0.0
  0
VERTEX
  5
304
  8
REAR_LEG
 10
1.701064089445391
 20
59.12191151306238
 30
0.0
  0
VERTEX
  5
305
  8
REAR_LEG
 10
1.712742870993822
 20
59.11139381503202
 30
0.0
  0
VERTEX
  5
306
  8
REAR_LEG
 10
1.723862094220288
 20
59.10062431575679
 30
0.0
  0
VERTEX
  5
307
  8
REAR_LEG
 10
1.734421759124791
 20
59.08960301523666
 30
0.0
  0
VERTEX
  5
308
  8
REAR_LEG
 10
1.744421865707328
 20
59.07832991347166
 30
0.0
  0
VERTEX
  5
309
  8
REAR_LEG
 10
1.753862413967901
 20
59.06680501046176
 30
0.0
  0
VERTEX
  5
30A
  8
REAR_LEG
 10
1.76274340390651
 20
59.05502830620699
 30
0.0
  0
VERTEX
  5
30B
  8
REAR_LEG
 10
1.771064835523154
 20
59.04299980070733
 30
0.0
  0
VERTEX
  5
30C
  8
REAR_LEG
 10
1.778826708817833
 20
59.03071949396279
 30
0.0
  0
VERTEX
  5
30D
  8
REAR_LEG
 10
1.786074987509852
 20
59.0182213591572
 30
0.0
  0
VERTEX
  5
30E
  8
REAR_LEG
 10
1.792855635318515
 20
59.00553936947439
 30
0.0
  0
VERTEX
  5
30F
  8
REAR_LEG
 10
1.799168652243822
 20
58.99267352491437
 30
0.0
  0
VERTEX
  5
310
  8
REAR_LEG
 10
1.805014038285773
 20
58.97962382547712
 30
0.0
  0
VERTEX
  5
311
  8
REAR_LEG
 10
1.810391793444368
 20
58.96639027116266
 30
0.0
  0
VERTEX
  5
312
  8
REAR_LEG
 10
1.815301917719606
 20
58.95297286197098
 30
0.0
  0
VERTEX
  5
313
  8
REAR_LEG
 10
1.819744411111489
 20
58.93937159790208
 30
0.0
  0
VERTEX
  5
314
  8
REAR_LEG
 10
1.823719273620016
 20
58.92558647895597
 30
0.0
  0
VERTEX
  5
315
  8
REAR_LEG
 10
1.827226505245186
 20
58.91161750513264
 30
0.0
  0
VERTEX
  5
316
  8
REAR_LEG
 10
1.830266105987
 20
58.89746467643209
 30
0.0
  0
VERTEX
  5
317
  8
REAR_LEG
 10
1.832838075845459
 20
58.88312799285433
 30
0.0
  0
VERTEX
  5
318
  8
REAR_LEG
 10
1.834942414820561
 20
58.86860745439935
 30
0.0
  0
VERTEX
  5
319
  8
REAR_LEG
 10
1.836579122912308
 20
58.85390306106716
 30
0.0
  0
VERTEX
  5
31A
  8
REAR_LEG
 10
1.837748200120698
 20
58.83901481285774
 30
0.0
  0
VERTEX
  5
31B
  8
REAR_LEG
 10
1.838449646445732
 20
58.82394270977111
 30
0.0
  0
VERTEX
  5
31C
  8
REAR_LEG
 10
1.83868346188741
 20
58.80868675180727
 30
0.0
  0
VERTEX
  5
31D
  8
REAR_LEG
 10
1.838371707965173
 20
58.79074091705283
 30
0.0
  0
VERTEX
  5
31E
  8
REAR_LEG
 10
1.83743644619846
 20
58.7729709434853
 30
0.0
  0
VERTEX
  5
31F
  8
REAR_LEG
 10
1.835877676587274
 20
58.75537683110467
 30
0.0
  0
VERTEX
  5
320
  8
REAR_LEG
 10
1.833695399131612
 20
58.73795857991095
 30
0.0
  0
VERTEX
  5
321
  8
REAR_LEG
 10
1.830889613831475
 20
58.72071618990412
 30
0.0
  0
VERTEX
  5
322
  8
REAR_LEG
 10
1.827460320686864
 20
58.70364966108421
 30
0.0
  0
VERTEX
  5
323
  8
REAR_LEG
 10
1.823407519697778
 20
58.68675899345119
 30
0.0
  0
VERTEX
  5
324
  8
REAR_LEG
 10
1.818731210864218
 20
58.67004418700508
 30
0.0
  0
VERTEX
  5
325
  8
REAR_LEG
 10
1.813431394186182
 20
58.65350524174588
 30
0.0
  0
VERTEX
  5
326
  8
REAR_LEG
 10
1.807508069663672
 20
58.63714215767357
 30
0.0
  0
VERTEX
  5
327
  8
REAR_LEG
 10
1.800961237296687
 20
58.62095493478817
 30
0.0
  0
VERTEX
  5
328
  8
REAR_LEG
 10
1.793790897085227
 20
58.60494357308967
 30
0.0
  0
VERTEX
  5
329
  8
REAR_LEG
 10
1.785997049029292
 20
58.58910807257807
 30
0.0
  0
VERTEX
  5
32A
  8
REAR_LEG
 10
1.777579693128883
 20
58.57344843325338
 30
0.0
  0
VERTEX
  5
32B
  8
REAR_LEG
 10
1.768538829383999
 20
58.55796465511558
 30
0.0
  0
VERTEX
  5
32C
  8
REAR_LEG
 10
1.75887445779464
 20
58.5426567381647
 30
0.0
  0
VERTEX
  5
32D
  8
REAR_LEG
 10
1.748650527883318
 20
58.5276665704038
 30
0.0
  0
VERTEX
  5
32E
  8
REAR_LEG
 10
1.73793098917254
 20
58.51313603983592
 30
0.0
  0
VERTEX
  5
32F
  8
REAR_LEG
 10
1.726715841662308
 20
58.49906514646109
 30
0.0
  0
VERTEX
  5
330
  8
REAR_LEG
 10
1.715005085352622
 20
58.4854538902793
 30
0.0
  0
VERTEX
  5
331
  8
REAR_LEG
 10
1.702798720243481
 20
58.47230227129056
 30
0.0
  0
VERTEX
  5
332
  8
REAR_LEG
 10
1.690096746334886
 20
58.45961028949485
 30
0.0
  0
VERTEX
  5
333
  8
REAR_LEG
 10
1.676899163626837
 20
58.4473779448922
 30
0.0
  0
VERTEX
  5
334
  8
REAR_LEG
 10
1.663205972119334
 20
58.43560523748258
 30
0.0
  0
VERTEX
  5
335
  8
REAR_LEG
 10
1.649017171812376
 20
58.424292167266
 30
0.0
  0
VERTEX
  5
336
  8
REAR_LEG
 10
1.634332762705964
 20
58.41343873424247
 30
0.0
  0
VERTEX
  5
337
  8
REAR_LEG
 10
1.619152744800098
 20
58.40304493841198
 30
0.0
  0
VERTEX
  5
338
  8
REAR_LEG
 10
1.603477118094777
 20
58.39311077977453
 30
0.0
  0
VERTEX
  5
339
  8
REAR_LEG
 10
1.587305882590002
 20
58.38363625833013
 30
0.0
  0
VERTEX
  5
33A
  8
REAR_LEG
 10
1.570639038285773
 20
58.37462137407876
 30
0.0
  0
VERTEX
  5
33B
  8
REAR_LEG
 10
1.55347658518209
 20
58.36606612702043
 30
0.0
  0
VERTEX
  5
33C
  8
REAR_LEG
 10
1.535818523278952
 20
58.35797051715515
 30
0.0
  0
VERTEX
  5
33D
  8
REAR_LEG
 10
1.517620887279634
 20
58.35035053186354
 30
0.0
  0
VERTEX
  5
33E
  8
REAR_LEG
 10
1.49883971188741
 20
58.34322215852623
 30
0.0
  0
VERTEX
  5
33F
  8
REAR_LEG
 10
1.47947499710228
 20
58.33658539714321
 30
0.0
  0
VERTEX
  5
340
  8
REAR_LEG
 10
1.459526742924245
 20
58.33044024771449
 30
0.0
  0
VERTEX
  5
341
  8
REAR_LEG
 10
1.438994949353303
 20
58.32478671024008
 30
0.0
  0
VERTEX
  5
342
  8
REAR_LEG
 10
1.417879616389456
 20
58.31962478471996
 30
0.0
  0
VERTEX
  5
343
  8
REAR_LEG
 10
1.396180744032703
 20
58.31495447115413
 30
0.0
  0
VERTEX
  5
344
  8
REAR_LEG
 10
1.373898332283044
 20
58.3107757695426
 30
0.0
  0
VERTEX
  5
345
  8
REAR_LEG
 10
1.35103238114048
 20
58.30708867988537
 30
0.0
  0
VERTEX
  5
346
  8
REAR_LEG
 10
1.327582890605009
 20
58.30389320218244
 30
0.0
  0
VERTEX
  5
347
  8
REAR_LEG
 10
1.303549860676632
 20
58.30118933643381
 30
0.0
  0
VERTEX
  5
348
  8
REAR_LEG
 10
1.27893329135535
 20
58.29897708263947
 30
0.0
  0
VERTEX
  5
349
  8
REAR_LEG
 10
1.253733182641162
 20
58.29725644079942
 30
0.0
  0
VERTEX
  5
34A
  8
REAR_LEG
 10
1.227949534534068
 20
58.29602741091368
 30
0.0
  0
VERTEX
  5
34B
  8
REAR_LEG
 10
1.201582347034068
 20
58.29528999298223
 30
0.0
  0
VERTEX
  5
34C
  8
REAR_LEG
 10
1.174631620141162
 20
58.29504418700508
 30
0.0
  0
VERTEX
  5
34D
  8
REAR_LEG
 10
1.127716651689593
 20
58.29561973270768
 30
0.0
  0
VERTEX
  5
34E
  8
REAR_LEG
 10
1.104948623253372
 20
58.29633916483591
 30
0.0
  0
VERTEX
  5
34F
  8
REAR_LEG
 10
1.082640232010193
 20
58.29734636981545
 30
0.0
  0
VERTEX
  5
350
  8
REAR_LEG
 10
1.060791477960057
 20
58.29864134764627
 30
0.0
  0
VERTEX
  5
351
  8
REAR_LEG
 10
1.039402361102963
 20
58.30022409832841
 30
0.0
  0
VERTEX
  5
352
  8
REAR_LEG
 10
1.018472881438911
 20
58.30209462186183
 30
0.0
  0
VERTEX
  5
353
  8
REAR_LEG
 10
0.9980030389679011
 20
58.30425291824655
 30
0.0
  0
VERTEX
  5
354
  8
REAR_LEG
 10
0.9779928336899338
 20
58.30669898748257
 30
0.0
  0
VERTEX
  5
355
  8
REAR_LEG
 10
0.9584422656050088
 20
58.30943282956989
 30
0.0
  0
VERTEX
  5
356
  8
REAR_LEG
 10
0.9393513347131262
 20
58.31245444450849
 30
0.0
  0
VERTEX
  5
357
  8
REAR_LEG
 10
0.9207200410142857
 20
58.3157638322984
 30
0.0
  0
VERTEX
  5
358
  8
REAR_LEG
 10
0.9025483845084876
 20
58.31936099293959
 30
0.0
  0
VERTEX
  5
359
  8
REAR_LEG
 10
0.8848363651957318
 20
58.32324592643209
 30
0.0
  0
VERTEX
  5
35A
  8
REAR_LEG
 10
0.8675839830760185
 20
58.32741863277589
 30
0.0
  0
VERTEX
  5
35B
  8
REAR_LEG
 10
0.8507912381493472
 20
58.33187911197098
 30
0.0
  0
VERTEX
  5
35C
  8
REAR_LEG
 10
0.8344581304157184
 20
58.33662736401736
 30
0.0
  0
VERTEX
  5
35D
  8
REAR_LEG
 10
0.8185846598751316
 20
58.34166338891504
 30
0.0
  0
VERTEX
  5
35E
  8
REAR_LEG
 10
0.8031708265275874
 20
58.34698718666402
 30
0.0
  0
VERTEX
  5
35F
  8
REAR_LEG
 10
0.7882166303730853
 20
58.3525987572643
 30
0.0
  0
VERTEX
  5
360
  8
REAR_LEG
 10
0.7737220714116255
 20
58.35849810071586
 30
0.0
  0
VERTEX
  5
361
  8
REAR_LEG
 10
0.759687149643208
 20
58.36468521701873
 30
0.0
  0
VERTEX
  5
362
  8
REAR_LEG
 10
0.746111865067833
 20
58.37116010617289
 30
0.0
  0
VERTEX
  5
363
  8
REAR_LEG
 10
0.7329962176855
 20
58.37792276817835
 30
0.0
  0
VERTEX
  5
364
  8
REAR_LEG
 10
0.7203402074962095
 20
58.3849732030351
 30
0.0
  0
VERTEX
  5
365
  8
REAR_LEG
 10
0.7081438344999611
 20
58.39231141074315
 30
0.0
  0
VERTEX
  5
366
  8
REAR_LEG
 10
0.6964070986967552
 20
58.39993739130249
 30
0.0
  0
VERTEX
  5
367
  8
REAR_LEG
 10
0.6851300000865914
 20
58.40785114471313
 30
0.0
  0
VERTEX
  5
368
  8
REAR_LEG
 10
0.6743125386694699
 20
58.41605267097507
 30
0.0
  0
VERTEX
  5
369
  8
REAR_LEG
 10
0.6639547144453908
 20
58.4245419700883
 30
0.0
  0
VERTEX
  5
36A
  8
REAR_LEG
 10
0.654056527414354
 20
58.43331904205283
 30
0.0
  0
VERTEX
  5
36B
  8
REAR_LEG
 10
0.6446179775763595
 20
58.44238388686865
 30
0.0
  0
VERTEX
  5
36C
  8
REAR_LEG
 10
0.6267001207380238
 20
58.46111310327384
 30
0.0
  0
VERTEX
  5
36D
  8
REAR_LEG
 10
0.6097814751889106
 20
58.4804658275235
 30
0.0
  0
VERTEX
  5
36E
  8
REAR_LEG
 10
0.5938620409290197
 20
58.50044205961763
 30
0.0
  0
VERTEX
  5
36F
  8
REAR_LEG
 10
0.5789418179583512
 20
58.52104179955624
 30
0.0
  0
VERTEX
  5
370
  8
REAR_LEG
 10
0.5650208062769051
 20
58.54226504733931
 30
0.0
  0
VERTEX
  5
371
  8
REAR_LEG
 10
0.5520990058846814
 20
58.56411180296688
 30
0.0
  0
VERTEX
  5
372
  8
REAR_LEG
 10
0.54017641678168
 20
58.58658206643891
 30
0.0
  0
VERTEX
  5
373
  8
REAR_LEG
 10
0.5292530389679011
 20
58.60967583775542
 30
0.0
  0
VERTEX
  5
374
  8
REAR_LEG
 10
0.5193288724433445
 20
58.6333931169164
 30
0.0
  0
VERTEX
  5
375
  8
REAR_LEG
 10
0.5104039172080103
 20
58.65773390392187
 30
0.0
  0
VERTEX
  5
376
  8
REAR_LEG
 10
0.5024781732618984
 20
58.6826981987718
 30
0.0
  0
VERTEX
  5
377
  8
REAR_LEG
 10
0.4955516406050089
 20
58.7082860014662
 30
0.0
  0
VERTEX
  5
378
  8
REAR_LEG
 10
0.4896243192373418
 20
58.73449731200508
 30
0.0
  0
VERTEX
  5
379
  8
REAR_LEG
 10
0.4846962091588971
 20
58.76133213038844
 30
0.0
  0
VERTEX
  5
37A
  8
REAR_LEG
 10
0.4807673103696747
 20
58.78879045661627
 30
0.0
  0
SEQEND
  5
15A7
  8
REAR_LEG
  0
POLYLINE
  5
83
  8
REAR_LEG
 66
     1
 10
0.0
 20
0.0
 30
0.0
 70
     1
  0
VERTEX
  5
37B
  8
REAR_LEG
 10
3.224085917549074
 20
58.32062399600918
 30
0.0
  0
VERTEX
  5
37C
  8
REAR_LEG
 10
1.973744853429019
 20
58.32062399600918
 30
0.0
  0
VERTEX
  5
37D
  8
REAR_LEG
 10
1.976772463635363
 20
58.343687790987
 30
0.0
  0
VERTEX
  5
37E
  8
REAR_LEG
 10
1.980483534363535
 20
58.36657972162309
 30
0.0
  0
VERTEX
  5
37F
  8
REAR_LEG
 10
1.984878065613535
 20
58.38929978791744
 30
0.0
  0
VERTEX
  5
380
  8
REAR_LEG
 10
1.989956057385363
 20
58.41184798987003
 30
0.0
  0
VERTEX
  5
381
  8
REAR_LEG
 10
1.995717509679019
 20
58.43422432748088
 30
0.0
  0
VERTEX
  5
382
  8
REAR_LEG
 10
2.002162422494504
 20
58.45642880074998
 30
0.0
  0
VERTEX
  5
383
  8
REAR_LEG
 10
2.009290795831816
 20
58.47846140967733
 30
0.0
  0
VERTEX
  5
384
  8
REAR_LEG
 10
2.017102629690957
 20
58.50032215426293
 30
0.0
  0
VERTEX
  5
385
  8
REAR_LEG
 10
2.025597924071925
 20
58.5220110345068
 30
0.0
  0
VERTEX
  5
386
  8
REAR_LEG
 10
2.034776678974722
 20
58.54352805040891
 30
0.0
  0
VERTEX
  5
387
  8
REAR_LEG
 10
2.044638894399347
 20
58.56487320196928
 30
0.0
  0
VERTEX
  5
388
  8
REAR_LEG
 10
2.0551845703458
 20
58.5860464891879
 30
0.0
  0
VERTEX
  5
389
  8
REAR_LEG
 10
2.066413706814081
 20
58.60704791206478
 30
0.0
  0
VERTEX
  5
38A
  8
REAR_LEG
 10
2.07832630380419
 20
58.62787747059991
 30
0.0
  0
VERTEX
  5
38B
  8
REAR_LEG
 10
2.090922361316128
 20
58.64853516479329
 30
0.0
  0
VERTEX
  5
38C
  8
REAR_LEG
 10
2.104201879349893
 20
58.66902099464492
 30
0.0
  0
VERTEX
  5
38D
  8
REAR_LEG
 10
2.118568539266332
 20
58.6896507109222
 30
0.0
  0
VERTEX
  5
38E
  8
REAR_LEG
 10
2.134426022426291
 20
58.71074006439253
 30
0.0
  0
VERTEX
  5
38F
  8
REAR_LEG
 10
2.15177432882977
 20
58.7322890550559
 30
0.0
  0
VERTEX
  5
390
  8
REAR_LEG
 10
2.170613458476769
 20
58.75429768291231
 30
0.0
  0
VERTEX
  5
391
  8
REAR_LEG
 10
2.190943411367288
 20
58.77676594796176
 30
0.0
  0
VERTEX
  5
392
  8
REAR_LEG
 10
2.212764187501326
 20
58.79969385020426
 30
0.0
  0
VERTEX
  5
393
  8
REAR_LEG
 10
2.236075786878883
 20
58.8230813896398
 30
0.0
  0
VERTEX
  5
394
  8
REAR_LEG
 10
2.260878209499961
 20
58.84692856626838
 30
0.0
  0
VERTEX
  5
395
  8
REAR_LEG
 10
2.287171455364559
 20
58.87123538009001
 30
0.0
  0
VERTEX
  5
396
  8
REAR_LEG
 10
2.314955524472676
 20
58.89600183110467
 30
0.0
  0
VERTEX
  5
397
  8
REAR_LEG
 10
2.344230416824313
 20
58.92122791931238
 30
0.0
  0
VERTEX
  5
398
  8
REAR_LEG
 10
2.37499613241947
 20
58.94691364471313
 30
0.0
  0
VERTEX
  5
399
  8
REAR_LEG
 10
2.407252671258147
 20
58.97305900730693
 30
0.0
  0
VERTEX
  5
39A
  8
REAR_LEG
 10
2.441000033340343
 20
58.99966400709376
 30
0.0
  0
VERTEX
  5
39B
  8
REAR_LEG
 10
2.476238218666059
 20
59.02672864407364
 30
0.0
  0
VERTEX
  5
39C
  8
REAR_LEG
 10
2.512967227235295
 20
59.05425291824655
 30
0.0
  0
VERTEX
  5
39D
  8
REAR_LEG
 10
2.556692713251666
 20
59.08725087186183
 30
0.0
  0
VERTEX
  5
39E
  8
REAR_LEG
 10
2.596293455066127
 20
59.11820244075679
 30
0.0
  0
VERTEX
  5
39F
  8
REAR_LEG
 10
2.631769452678678
 20
59.14710762493142
 30
0.0
  0
VERTEX
  5
3A0
  8
REAR_LEG
 10
2.66312070608932
 20
59.17396642438571
 30
0.0
  0
VERTEX
  5
3A1
  8
REAR_LEG
 10
2.677249553718924
 20
59.18662842984274
 30
0.0
  0
VERTEX
  5
3A2
  8
REAR_LEG
 10
2.690347215298051
 20
59.19877883911968
 30
0.0
  0
VERTEX
  5
3A3
  8
REAR_LEG
 10
2.7024136908267
 20
59.21041765221655
 30
0.0
  0
VERTEX
  5
3A4
  8
REAR_LEG
 10
2.713448980304872
 20
59.22154486913333
 30
0.0
  0
VERTEX
  5
3A5
  8
REAR_LEG
 10
2.723453083732566
 20
59.23216048987002
 30
0.0
  0
VERTEX
  5
3A6
  8
REAR_LEG
 10
2.732426001109783
 20
59.24226451442664
 30
0.0
  0
VERTEX
  5
3A7
  8
REAR_LEG
 10
2.740367732436523
 20
59.25185694280317
 30
0.0
  0
VERTEX
  5
3A8
  8
REAR_LEG
 10
2.747278277712785
 20
59.26093777499963
 30
0.0
  0
VERTEX
  5
3A9
  8
REAR_LEG
 10
2.759268813183453
 20
59.27847593154805
 30
0.0
  0
VERTEX
  5
3AA
  8
REAR_LEG
 10
2.764664554145254
 20
59.28716107607397
 30
0.0
  0
VERTEX
  5
3AB
  8
REAR_LEG
 10
2.769660610591366
 20
59.2957902647677
 30
0.0
  0
VERTEX
  5
3AC
  8
REAR_LEG
 10
2.774256982521789
 20
59.30436349762923
 30
0.0
  0
VERTEX
  5
3AD
  8
REAR_LEG
 10
2.778453669936523
 20
59.31288077465855
 30
0.0
  0
VERTEX
  5
3AE
  8
REAR_LEG
 10
2.782250672835568
 20
59.3213420958557
 30
0.0
  0
VERTEX
  5
3AF
  8
REAR_LEG
 10
2.785647991218924
 20
59.32974746122063
 30
0.0
  0
VERTEX
  5
3B0
  8
REAR_LEG
 10
2.788645625086591
 20
59.33809687075338
 30
0.0
  0
VERTEX
  5
3B1
  8
REAR_LEG
 10
2.791243574438569
 20
59.34639032445392
 30
0.0
  0
VERTEX
  5
3B2
  8
REAR_LEG
 10
2.793441839274858
 20
59.35462782232227
 30
0.0
  0
VERTEX
  5
3B3
  8
REAR_LEG
 10
2.795240419595459
 20
59.36280936435843
 30
0.0
  0
VERTEX
  5
3B4
  8
REAR_LEG
 10
2.79663931540037
 20
59.37093495056239
 30
0.0
  0
VERTEX
  5
3B5
  8
REAR_LEG
 10
2.797638526689592
 20
59.37900458093414
 30
0.0
  0
VERTEX
  5
3B6
  8
REAR_LEG
 10
2.798238053463126
 20
59.38701825547371
 30
0.0
  0
VERTEX
  5
3B7
  8
REAR_LEG
 10
2.798437895720971
 20
59.39497597418107
 30
0.0
  0
VERTEX
  5
3B8
  8
REAR_LEG
 10
2.798240051885704
 20
59.40346727171688
 30
0.0
  0
VERTEX
  5
3B9
  8
REAR_LEG
 10
2.797646520379907
 20
59.41180269229157
 30
0.0
  0
VERTEX
  5
3BA
  8
REAR_LEG
 10
2.796657301203576
 20
59.41998223590515
 30
0.0
  0
VERTEX
  5
3BB
  8
REAR_LEG
 10
2.795272394356714
 20
59.42800590255761
 30
0.0
  0
VERTEX
  5
3BC
  8
REAR_LEG
 10
2.79349179983932
 20
59.43587369224895
 30
0.0
  0
VERTEX
  5
3BD
  8
REAR_LEG
 10
2.791315517651394
 20
59.44358560497916
 30
0.0
  0
VERTEX
  5
3BE
  8
REAR_LEG
 10
2.788743547792935
 20
59.45114164074826
 30
0.0
  0
VERTEX
  5
3BF
  8
REAR_LEG
 10
2.785775890263944
 20
59.45854179955624
 30
0.0
  0
VERTEX
  5
3C0
  8
REAR_LEG
 10
2.782412545064421
 20
59.4657860814031
 30
0.0
  0
VERTEX
  5
3C1
  8
REAR_LEG
 10
2.778653512194367
 20
59.47287448628884
 30
0.0
  0
VERTEX
  5
3C2
  8
REAR_LEG
 10
2.77449879165378
 20
59.47980701421347
 30
0.0
  0
VERTEX
  5
3C3
  8
REAR_LEG
 10
2.769948383442662
 20
59.48658366517697
 30
0.0
  0
VERTEX
  5
3C4
  8
REAR_LEG
 10
2.765002287561011
 20
59.49320443917936
 30
0.0
  0
VERTEX
  5
3C5
  8
REAR_LEG
 10
2.759660504008829
 20
59.49966933622063
 30
0.0
  0
VERTEX
  5
3C6
  8
REAR_LEG
 10
2.753923032786114
 20
59.50597835630078
 30
0.0
  0
VERTEX
  5
3C7
  8
REAR_LEG
 10
2.747789873892867
 20
59.51213149941982
 30
0.0
  0
VERTEX
  5
3C8
  8
REAR_LEG
 10
2.741356951612853
 20
59.51801685391334
 30
0.0
  0
VERTEX
  5
3C9
  8
REAR_LEG
 10
2.734720190229838
 20
59.52352250811696
 30
0.0
  0
VERTEX
  5
3CA
  8
REAR_LEG
 10
2.727879589743821
 20
59.52864846203067
 30
0.0
  0
VERTEX
  5
3CB
  8
REAR_LEG
 10
2.720835150154803
 20
59.53339471565447
 30
0.0
  0
VERTEX
  5
3CC
  8
REAR_LEG
 10
2.713586871462785
 20
59.53776126898838
 30
0.0
  0
VERTEX
  5
3CD
  8
REAR_LEG
 10
2.706134753667764
 20
59.54174812203237
 30
0.0
  0
VERTEX
  5
3CE
  8
REAR_LEG
 10
2.698478796769742
 20
59.54535527478646
 30
0.0
  0
VERTEX
  5
3CF
  8
REAR_LEG
 10
2.690619000768719
 20
59.54858272725065
 30
0.0
  0
VERTEX
  5
3D0
  8
REAR_LEG
 10
2.682555365664695
 20
59.55143047942494
 30
0.0
  0
VERTEX
  5
3D1
  8
REAR_LEG
 10
2.674287891457669
 20
59.55389853130931
 30
0.0
  0
VERTEX
  5
3D2
  8
REAR_LEG
 10
2.665816578147642
 20
59.55598688290378
 30
0.0
  0
VERTEX
  5
3D3
  8
REAR_LEG
 10
2.657141425734613
 20
59.55769553420836
 30
0.0
  0
VERTEX
  5
3D4
  8
REAR_LEG
 10
2.648262434218584
 20
59.55902448522303
 30
0.0
  0
VERTEX
  5
3D5
  8
REAR_LEG
 10
2.639179603599552
 20
59.55997373594779
 30
0.0
  0
VERTEX
  5
3D6
  8
REAR_LEG
 10
2.629892933877519
 20
59.56054328638264
 30
0.0
  0
VERTEX
  5
3D7
  8
REAR_LEG
 10
2.620402425052485
 20
59.5607331365276
 30
0.0
  0
VERTEX
  5
3D8
  8
REAR_LEG
 10
2.61054020962786
 20
59.5605372911149
 30
0.0
  0
VERTEX
  5
3D9
  8
REAR_LEG
 10
2.600905814377178
 20
59.55994975487684
 30
0.0
  0
VERTEX
  5
3DA
  8
REAR_LEG
 10
2.591499239300438
 20
59.55897052781341
 30
0.0
  0
VERTEX
  5
3DB
  8
REAR_LEG
 10
2.582320484397641
 20
59.55759960992459
 30
0.0
  0
VERTEX
  5
3DC
  8
REAR_LEG
 10
2.573369549668787
 20
59.55583700121041
 30
0.0
  0
VERTEX
  5
3DD
  8
REAR_LEG
 10
2.564646435113876
 20
59.55368270167084
 30
0.0
  0
VERTEX
  5
3DE
  8
REAR_LEG
 10
2.556151140732907
 20
59.55113671130591
 30
0.0
  0
VERTEX
  5
3DF
  8
REAR_LEG
 10
2.547883666525881
 20
59.54819903011559
 30
0.0
  0
VERTEX
  5
3E0
  8
REAR_LEG
 10
2.539844012492798
 20
59.54486965809991
 30
0.0
  0
VERTEX
  5
3E1
  8
REAR_LEG
 10
2.532032178633658
 20
59.54114859525884
 30
0.0
  0
VERTEX
  5
3E2
  8
REAR_LEG
 10
2.52444816494846
 20
59.5370358415924
 30
0.0
  0
VERTEX
  5
3E3
  8
REAR_LEG
 10
2.517091971437205
 20
59.53253139710058
 30
0.0
  0
VERTEX
  5
3E4
  8
REAR_LEG
 10
2.509963598099893
 20
59.5276352617834
 30
0.0
  0
VERTEX
  5
3E5
  8
REAR_LEG
 10
2.503063044936523
 20
59.52234743564082
 30
0.0
  0
VERTEX
  5
3E6
  8
REAR_LEG
 10
2.496390311947096
 20
59.51666791867289
 30
0.0
  0
VERTEX
  5
3E7
  8
REAR_LEG
 10
2.489945399131612
 20
59.51059671087957
 30
0.0
  0
VERTEX
  5
3E8
  8
REAR_LEG
 10
2.483744293870697
 20
59.5040298942868
 30
0.0
  0
VERTEX
  5
3E9
  8
REAR_LEG
 10
2.477802983544982
 20
59.49686355092051
 30
0.0
  0
VERTEX
  5
3EA
  8
REAR_LEG
 10
2.472121468154463
 20
59.48909768078067
 30
0.0
  0
VERTEX
  5
3EB
  8
REAR_LEG
 10
2.466699747699143
 20
59.4807322838673
 30
0.0
  0
VERTEX
  5
3EC
  8
REAR_LEG
 10
2.46153782217902
 20
59.47176736018039
 30
0.0
  0
VERTEX
  5
3ED
  8
REAR_LEG
 10
2.456635691594095
 20
59.46220290971996
 30
0.0
  0
VERTEX
  5
3EE
  8
REAR_LEG
 10
2.451993355944368
 20
59.45203893248598
 30
0.0
  0
VERTEX
  5
3EF
  8
REAR_LEG
 10
2.447610815229838
 20
59.44127542847848
 30
0.0
  0
VERTEX
  5
3F0
  8
REAR_LEG
 10
2.443488069450507
 20
59.42991239769744
 30
0.0
  0
VERTEX
  5
3F1
  8
REAR_LEG
 10
2.439625118606373
 20
59.41794984014287
 30
0.0
  0
VERTEX
  5
3F2
  8
REAR_LEG
 10
2.436021962697437
 20
59.40538775581477
 30
0.0
  0
VERTEX
  5
3F3
  8
REAR_LEG
 10
2.432678601723699
 20
59.39222614471313
 30
0.0
  0
VERTEX
  5
3F4
  8
REAR_LEG
 10
2.429595035685159
 20
59.37846500683797
 30
0.0
  0
VERTEX
  5
3F5
  8
REAR_LEG
 10
2.426771264581816
 20
59.36410434218926
 30
0.0
  0
VERTEX
  5
3F6
  8
REAR_LEG
 10
2.424207288413672
 20
59.34914415076702
 30
0.0
  0
VERTEX
  5
3F7
  8
REAR_LEG
 10
2.421903107180725
 20
59.33358443257125
 30
0.0
  0
VERTEX
  5
3F8
  8
REAR_LEG
 10
2.004440624233931
 20
59.36734978045665
 30
0.0
  0
VERTEX
  5
3F9
  8
REAR_LEG
 10
2.007670075120698
 20
59.38904665439082
 30
0.0
  0
VERTEX
  5
3FA
  8
REAR_LEG
 10
2.011219273620015
 20
59.41014000470631
 30
0.0
  0
VERTEX
  5
3FB
  8
REAR_LEG
 10
2.015088219731885
 20
59.4306298314031
 30
0.0
  0
VERTEX
  5
3FC
  8
REAR_LEG
 10
2.019276913456305
 20
59.45051613448121
 30
0.0
  0
VERTEX
  5
3FD
  8
REAR_LEG
 10
2.023785354793277
 20
59.46979891394061
 30
0.0
  0
VERTEX
  5
3FE
  8
REAR_LEG
 10
2.028613543742798
 20
59.48847816978135
 30
0.0
  0
VERTEX
  5
3FF
  8
REAR_LEG
 10
2.033761480304872
 20
59.50655390200338
 30
0.0
  0
VERTEX
  5
400
  8
REAR_LEG
 10
2.039229164479497
 20
59.52402611060673
 30
0.0
  0
VERTEX
  5
401
  8
REAR_LEG
 10
2.045016596266674
 20
59.54089479559137
 30
0.0
  0
VERTEX
  5
402
  8
REAR_LEG
 10
2.0511237756664
 20
59.55715995695734
 30
0.0
  0
VERTEX
  5
403
  8
REAR_LEG
 10
2.057550702678679
 20
59.57282159470461
 30
0.0
  0
VERTEX
  5
404
  8
REAR_LEG
 10
2.064297377303508
 20
59.58787970883319
 30
0.0
  0
VERTEX
  5
405
  8
REAR_LEG
 10
2.071363799540888
 20
59.60233429934307
 30
0.0
  0
VERTEX
  5
406
  8
REAR_LEG
 10
2.07874996939082
 20
59.61618536623428
 30
0.0
  0
VERTEX
  5
407
  8
REAR_LEG
 10
2.086455886853304
 20
59.62943290950678
 30
0.0
  0
VERTEX
  5
408
  8
REAR_LEG
 10
2.094481551928337
 20
59.64207692916061
 30
0.0
  0
VERTEX
  5
409
  8
REAR_LEG
 10
2.102876925180384
 20
59.65423932897303
 30
0.0
  0
VERTEX
  5
40A
  8
REAR_LEG
 10
2.111691967173903
 20
59.66604201272132
 30
0.0
  0
VERTEX
  5
40B
  8
REAR_LEG
 10
2.120926677908897
 20
59.6774849804055
 30
0.0
  0
VERTEX
  5
40C
  8
REAR_LEG
 10
2.130581057385363
 20
59.68856823202555
 30
0.0
  0
VERTEX
  5
40D
  8
REAR_LEG
 10
2.140655105603303
 20
59.69929176758149
 30
0.0
  0
VERTEX
  5
40E
  8
REAR_LEG
 10
2.151148822562717
 20
59.7096555870733
 30
0.0
  0
VERTEX
  5
40F
  8
REAR_LEG
 10
2.162062208263603
 20
59.719659690501
 30
0.0
  0
VERTEX
  5
410
  8
REAR_LEG
 10
2.173395262705964
 20
59.72930407786457
 30
0.0
  0
VERTEX
  5
411
  8
REAR_LEG
 10
2.185147985889797
 20
59.73858874916402
 30
0.0
  0
VERTEX
  5
412
  8
REAR_LEG
 10
2.197320377815104
 20
59.74751370439935
 30
0.0
  0
VERTEX
  5
413
  8
REAR_LEG
 10
2.209912438481885
 20
59.75607894357057
 30
0.0
  0
VERTEX
  5
414
  8
REAR_LEG
 10
2.222924167890138
 20
59.76428446667767
 30
0.0
  0
VERTEX
  5
415
  8
REAR_LEG
 10
2.236355566039865
 20
59.77213027372063
 30
0.0
  0
VERTEX
  5
416
  8
REAR_LEG
 10
2.250206632931066
 20
59.77961636469948
 30
0.0
  0
VERTEX
  5
417
  8
REAR_LEG
 10
2.26447736856374
 20
59.78674273961422
 30
0.0
  0
VERTEX
  5
418
  8
REAR_LEG
 10
2.279167772937887
 20
59.79350939846483
 30
0.0
  0
VERTEX
  5
419
  8
REAR_LEG
 10
2.294425729324313
 20
59.7998903617578
 30
0.0
  0
VERTEX
  5
41A
  8
REAR_LEG
 10
2.310399120993821
 20
59.80585964999963
 30
0.0
  0
VERTEX
  5
41B
  8
REAR_LEG
 10
2.327087947946414
 20
59.81141726319028
 30
0.0
  0
VERTEX
  5
41C
  8
REAR_LEG
 10
2.344492210182089
 20
59.81656320132978
 30
0.0
  0
VERTEX
  5
41D
  8
REAR_LEG
 10
2.362611907700848
 20
59.82129746441811
 30
0.0
  0
VERTEX
  5
41E
  8
REAR_LEG
 10
2.381447040502689
 20
59.82562005245529
 30
0.0
  0
VERTEX
  5
41F
  8
REAR_LEG
 10
2.400997608587614
 20
59.82953096544131
 30
0.0
  0
VERTEX
  5
420
  8
REAR_LEG
 10
2.421263611955622
 20
59.83303020337616
 30
0.0
  0
VERTEX
  5
421
  8
REAR_LEG
 10
2.442245050606714
 20
59.83611776625985
 30
0.0
  0
VERTEX
  5
422
  8
REAR_LEG
 10
2.463941924540888
 20
59.83879365409239
 30
0.0
  0
VERTEX
  5
423
  8
REAR_LEG
 10
2.486354233758147
 20
59.84105786687377
 30
0.0
  0
VERTEX
  5
424
  8
REAR_LEG
 10
2.509481978258488
 20
59.84291040460399
 30
0.0
  0
VERTEX
  5
425
  8
REAR_LEG
 10
2.533325158041912
 20
59.84435126728305
 30
0.0
  0
VERTEX
  5
426
  8
REAR_LEG
 10
2.557883773108419
 20
59.84538045491095
 30
0.0
  0
VERTEX
  5
427
  8
REAR_LEG
 10
2.58315782345801
 20
59.84599796748769
 30
0.0
  0
VERTEX
  5
428
  8
REAR_LEG
 10
2.609147309090684
 20
59.84620380501327
 30
0.0
  0
VERTEX
  5
429
  8
REAR_LEG
 10
2.636263905057601
 20
59.84600795960058
 30
0.0
  0
VERTEX
  5
42A
  8
REAR_LEG
 10
2.662617103599551
 20
59.84542042336251
 30
0.0
  0
VERTEX
  5
42B
  8
REAR_LEG
 10
2.688206904716536
 20
59.84444119629908
 30
0.0
  0
VERTEX
  5
42C
  8
REAR_LEG
 10
2.713033308408555
 20
59.84307027841027
 30
0.0
  0
VERTEX
  5
42D
  8
REAR_LEG
 10
2.737096314675608
 20
59.84130766969608
 30
0.0
  0
VERTEX
  5
42E
  8
REAR_LEG
 10
2.760395923517695
 20
59.83915337015651
 30
0.0
  0
VERTEX
  5
42F
  8
REAR_LEG
 10
2.782932134934817
 20
59.83660737979158
 30
0.0
  0
VERTEX
  5
430
  8
REAR_LEG
 10
2.804704948926973
 20
59.83366969860126
 30
0.0
  0
VERTEX
  5
431
  8
REAR_LEG
 10
2.825714365494163
 20
59.83034032658558
 30
0.0
  0
VERTEX
  5
432
  8
REAR_LEG
 10
2.845960384636386
 20
59.82661926374451
 30
0.0
  0
VERTEX
  5
433
  8
REAR_LEG
 10
2.865443006353644
 20
59.82250651007807
 30
0.0
  0
VERTEX
  5
434
  8
REAR_LEG
 10
2.884162230645936
 20
59.81800206558626
 30
0.0
  0
VERTEX
  5
435
  8
REAR_LEG
 10
2.902118057513262
 20
59.81310593026907
 30
0.0
  0
VERTEX
  5
436
  8
REAR_LEG
 10
2.919310486955622
 20
59.8078181041265
 30
0.0
  0
VERTEX
  5
437
  8
REAR_LEG
 10
2.935739518973016
 20
59.80213858715857
 30
0.0
  0
VERTEX
  5
438
  8
REAR_LEG
 10
2.951405153565445
 20
59.79606737936525
 30
0.0
  0
VERTEX
  5
439
  8
REAR_LEG
 10
2.966485250342389
 20
59.78959049178851
 30
0.0
  0
VERTEX
  5
43A
  8
REAR_LEG
 10
2.981157668913331
 20
59.7826939354703
 30
0.0
  0
VERTEX
  5
43B
  8
REAR_LEG
 10
2.995422409278269
 20
59.77537771041062
 30
0.0
  0
VERTEX
  5
43C
  8
REAR_LEG
 10
3.009279471437205
 20
59.76764181660945
 30
0.0
  0
VERTEX
  5
43D
  8
REAR_LEG
 10
3.022728855390138
 20
59.75948625406681
 30
0.0
  0
VERTEX
  5
43E
  8
REAR_LEG
 10
3.035770561137068
 20
59.75091102278271
 30
0.0
  0
VERTEX
  5
43F
  8
REAR_LEG
 10
3.048404588677996
 20
59.74191612275713
 30
0.0
  0
VERTEX
  5
440
  8
REAR_LEG
 10
3.060630938012921
 20
59.73250155399008
 30
0.0
  0
VERTEX
  5
441
  8
REAR_LEG
 10
3.072449609141843
 20
59.72266731648155
 30
0.0
  0
VERTEX
  5
442
  8
REAR_LEG
 10
3.083860602064763
 20
59.71241341023155
 30
0.0
  0
VERTEX
  5
443
  8
REAR_LEG
 10
3.094863916781679
 20
59.70173983524008
 30
0.0
  0
VERTEX
  5
444
  8
REAR_LEG
 10
3.105459553292594
 20
59.69064659150713
 30
0.0
  0
VERTEX
  5
445
  8
REAR_LEG
 10
3.115647511597505
 20
59.67913367903271
 30
0.0
  0
VERTEX
  5
446
  8
REAR_LEG
 10
3.125427791696413
 20
59.66720109781681
 30
0.0
  0
VERTEX
  5
447
  8
REAR_LEG
 10
3.134800393589319
 20
59.65484884785945
 30
0.0
  0
VERTEX
  5
448
  8
REAR_LEG
 10
3.143765317276223
 20
59.64207692916061
 30
0.0
  0
VERTEX
  5
449
  8
REAR_LEG
 10
3.152252617966878
 20
59.62899725338468
 30
0.0
  0
VERTEX
  5
44A
  8
REAR_LEG
 10
3.160192350871038
 20
59.61572173219608
 30
0.0
  0
VERTEX
  5
44B
  8
REAR_LEG
 10
3.167584515988706
 20
59.60225036559478
 30
0.0
  0
VERTEX
  5
44C
  8
REAR_LEG
 10
3.174429113319879
 20
59.5885831535808
 30
0.0
  0
VERTEX
  5
44D
  8
REAR_LEG
 10
3.180726142864558
 20
59.57472009615412
 30
0.0
  0
VERTEX
  5
44E
  8
REAR_LEG
 10
3.186475604622744
 20
59.56066119331477
 30
0.0
  0
VERTEX
  5
44F
  8
REAR_LEG
 10
3.191677498594435
 20
59.54640644506273
 30
0.0
  0
VERTEX
  5
450
  8
REAR_LEG
 10
3.196331824779633
 20
59.531955851398
 30
0.0
  0
VERTEX
  5
451
  8
REAR_LEG
 10
3.200438583178338
 20
59.51730941232057
 30
0.0
  0
VERTEX
  5
452
  8
REAR_LEG
 10
3.203997773790547
 20
59.50246712783046
 30
0.0
  0
VERTEX
  5
453
  8
REAR_LEG
 10
3.207009396616264
 20
59.48742899792767
 30
0.0
  0
VERTEX
  5
454
  8
REAR_LEG
 10
3.209473451655486
 20
59.47219502261218
 30
0.0
  0
VERTEX
  5
455
  8
REAR_LEG
 10
3.211389938908215
 20
59.45676520188401
 30
0.0
  0
VERTEX
  5
456
  8
REAR_LEG
 10
3.212758858374449
 20
59.44113953574315
 30
0.0
  0
VERTEX
  5
457
  8
REAR_LEG
 10
3.21358021005419
 20
59.4253180241896
 30
0.0
  0
VERTEX
  5
458
  8
REAR_LEG
 10
3.213853993947437
 20
59.40930066722336
 30
0.0
  0
VERTEX
  5
459
  8
REAR_LEG
 10
3.213540241602622
 20
59.39221015733251
 30
0.0
  0
VERTEX
  5
45A
  8
REAR_LEG
 10
3.212598984568174
 20
59.37521557172541
 30
0.0
  0
VERTEX
  5
45B
  8
REAR_LEG
 10
3.211030222844095
 20
59.35831691040208
 30
0.0
  0
VERTEX
  5
45C
  8
REAR_LEG
 10
3.208833956430384
 20
59.34151417336251
 30
0.0
  0
VERTEX
  5
45D
  8
REAR_LEG
 10
3.206010185327041
 20
59.32480736060671
 30
0.0
  0
VERTEX
  5
45E
  8
REAR_LEG
 10
3.202558909534067
 20
59.30819647213468
 30
0.0
  0
VERTEX
  5
45F
  8
REAR_LEG
 10
3.198480129051462
 20
59.29168150794641
 30
0.0
  0
VERTEX
  5
460
  8
REAR_LEG
 10
3.193773843879224
 20
59.27526246804192
 30
0.0
  0
VERTEX
  5
461
  8
REAR_LEG
 10
3.188440054017355
 20
59.25893935242118
 30
0.0
  0
VERTEX
  5
462
  8
REAR_LEG
 10
3.182478759465854
 20
59.24271216108421
 30
0.0
  0
VERTEX
  5
463
  8
REAR_LEG
 10
3.175889960224722
 20
59.226580894031
 30
0.0
  0
VERTEX
  5
464
  8
REAR_LEG
 10
3.168673656293958
 20
59.21054555126156
 30
0.0
  0
VERTEX
  5
465
  8
REAR_LEG
 10
3.160829847673563
 20
59.19460613277589
 30
0.0
  0
VERTEX
  5
466
  8
REAR_LEG
 10
3.152358534363535
 20
59.17876263857399
 30
0.0
  0
VERTEX
  5
467
  8
REAR_LEG
 10
3.143259716363876
 20
59.16301506865584
 30
0.0
  0
VERTEX
  5
468
  8
REAR_LEG
 10
3.133533393674586
 20
59.14736342302145
 30
0.0
  0
VERTEX
  5
469
  8
REAR_LEG
 10
3.122979724037819
 20
59.13166381524519
 30
0.0
  0
VERTEX
  5
46A
  8
REAR_LEG
 10
3.111398865195732
 20
59.1157723589014
 30
0.0
  0
VERTEX
  5
46B
  8
REAR_LEG
 10
3.098790817148324
 20
59.09968905399008
 30
0.0
  0
VERTEX
  5
46C
  8
REAR_LEG
 10
3.085155579895595
 20
59.08341390051122
 30
0.0
  0
VERTEX
  5
46D
  8
REAR_LEG
 10
3.070493153437546
 20
59.06694689846483
 30
0.0
  0
VERTEX
  5
46E
  8
REAR_LEG
 10
3.054803537774176
 20
59.05028804785091
 30
0.0
  0
VERTEX
  5
46F
  8
REAR_LEG
 10
3.038086732905486
 20
59.03343734866947
 30
0.0
  0
VERTEX
  5
470
  8
REAR_LEG
 10
3.020342738831475
 20
59.01639480092049
 30
0.0
  0
VERTEX
  5
471
  8
REAR_LEG
 10
3.001571555552143
 20
58.99916040460398
 30
0.0
  0
VERTEX
  5
472
  8
REAR_LEG
 10
2.981773183067491
 20
58.98173415971995
 30
0.0
  0
VERTEX
  5
473
  8
REAR_LEG
 10
2.960947621377519
 20
58.96411606626838
 30
0.0
  0
VERTEX
  5
474
  8
REAR_LEG
 10
2.939094870482226
 20
58.94630612424928
 30
0.0
  0
VERTEX
  5
475
  8
REAR_LEG
 10
2.916214930381612
 20
58.92830433366265
 30
0.0
  0
VERTEX
  5
476
  8
REAR_LEG
 10
2.892307801075678
 20
58.91011069450849
 30
0.0
  0
VERTEX
  5
477
  8
REAR_LEG
 10
2.867373482564422
 20
58.8917252067868
 30
0.0
  0
VERTEX
  5
478
  8
REAR_LEG
 10
2.841411974847846
 20
58.87314787049758
 30
0.0
  0
VERTEX
  5
479
  8
REAR_LEG
 10
2.783697530782362
 20
58.83292362083864
 30
0.0
  0
VERTEX
  5
47A
  8
REAR_LEG
 10
2.736406858886046
 20
58.79922222247575
 30
0.0
  0
VERTEX
  5
47B
  8
REAR_LEG
 10
2.699539959158897
 20
58.7720436754089
 30
0.0
  0
VERTEX
  5
47C
  8
REAR_LEG
 10
2.68501542385876
 20
58.7609004711115
 30
0.0
  0
VERTEX
  5
47D
  8
REAR_LEG
 10
2.673096831600916
 20
58.7513879796381
 30
0.0
  0
VERTEX
  5
47E
  8
REAR_LEG
 10
2.65093832205112
 20
58.73265076954259
 30
0.0
  0
VERTEX
  5
47F
  8
REAR_LEG
 10
2.626925276348528
 20
58.71122767950167
 30
0.0
  0
VERTEX
  5
480
  8
REAR_LEG
 10
2.60105769449314
 20
58.68711870951531
 30
0.0
  0
VERTEX
  5
481
  8
REAR_LEG
 10
2.573335576484954
 20
58.66032385958353
 30
0.0
  0
VERTEX
  5
482
  8
REAR_LEG
 10
3.224085917549074
 20
58.66032385958353
 30
0.0
  0
SEQEND
  5
15A8
  8
REAR_LEG
  0
POLYLINE
  5
84
  8
REAR_LEG
 66
     1
 10
0.0
 20
0.0
 30
0.0
 70
     1
  0
VERTEX
  5
483
  8
REAR_LEG
 10
2.306282370482228
 20
56.82573995780999
 30
0.0
  0
VERTEX
  5
484
  8
REAR_LEG
 10
2.306480214317495
 20
56.79063766521961
 30
0.0
  0
VERTEX
  5
485
  8
REAR_LEG
 10
2.307073745823292
 20
56.75695425265992
 30
0.0
  0
VERTEX
  5
486
  8
REAR_LEG
 10
2.308062964999623
 20
56.72468972013094
 30
0.0
  0
VERTEX
  5
487
  8
REAR_LEG
 10
2.309447871846485
 20
56.69384406763264
 30
0.0
  0
VERTEX
  5
488
  8
REAR_LEG
 10
2.31122846636388
 20
56.66441729516504
 30
0.0
  0
VERTEX
  5
489
  8
REAR_LEG
 10
2.313404748551806
 20
56.63640940272814
 30
0.0
  0
VERTEX
  5
48A
  8
REAR_LEG
 10
2.315976718410264
 20
56.60982039032193
 30
0.0
  0
VERTEX
  5
48B
  8
REAR_LEG
 10
2.318944375939254
 20
56.58465025794642
 30
0.0
  0
VERTEX
  5
48C
  8
REAR_LEG
 10
2.322307721138777
 20
56.56089900560161
 30
0.0
  0
VERTEX
  5
48D
  8
REAR_LEG
 10
2.326066754008831
 20
56.53856663328749
 30
0.0
  0
VERTEX
  5
48E
  8
REAR_LEG
 10
2.330221474549418
 20
56.51765314100406
 30
0.0
  0
VERTEX
  5
48F
  8
REAR_LEG
 10
2.334771882760537
 20
56.49815852875133
 30
0.0
  0
VERTEX
  5
490
  8
REAR_LEG
 10
2.339717978642187
 20
56.4800827965293
 30
0.0
  0
VERTEX
  5
491
  8
REAR_LEG
 10
2.34505976219437
 20
56.46342594433796
 30
0.0
  0
VERTEX
  5
492
  8
REAR_LEG
 10
2.350797233417085
 20
56.44818797217732
 30
0.0
  0
VERTEX
  5
493
  8
REAR_LEG
 10
2.356930392310332
 20
56.43436888004737
 30
0.0
  0
VERTEX
  5
494
  8
REAR_LEG
 10
2.363439254648326
 20
56.42166890456136
 30
0.0
  0
VERTEX
  5
495
  8
REAR_LEG
 10
2.370303836205284
 20
56.4097882823325
 30
0.0
  0
VERTEX
  5
496
  8
REAR_LEG
 10
2.377524136981205
 20
56.39872701336081
 30
0.0
  0
VERTEX
  5
497
  8
REAR_LEG
 10
2.385100156976089
 20
56.38848509764628
 30
0.0
  0
VERTEX
  5
498
  8
REAR_LEG
 10
2.393031896189936
 20
56.37906253518891
 30
0.0
  0
VERTEX
  5
499
  8
REAR_LEG
 10
2.401319354622747
 20
56.3704593259887
 30
0.0
  0
VERTEX
  5
49A
  8
REAR_LEG
 10
2.40996253227452
 20
56.36267547004566
 30
0.0
  0
VERTEX
  5
49B
  8
REAR_LEG
 10
2.418961429145257
 20
56.35571096735978
 30
0.0
  0
VERTEX
  5
49C
  8
REAR_LEG
 10
2.428316045234957
 20
56.34956581793107
 30
0.0
  0
VERTEX
  5
49D
  8
REAR_LEG
 10
2.43802638054362
 20
56.34424002175951
 30
0.0
  0
VERTEX
  5
49E
  8
REAR_LEG
 10
2.448092435071246
 20
56.33973357884512
 30
0.0
  0
VERTEX
  5
49F
  8
REAR_LEG
 10
2.458514208817835
 20
56.33604648918789
 30
0.0
  0
VERTEX
  5
4A0
  8
REAR_LEG
 10
2.469291701783388
 20
56.33317875278782
 30
0.0
  0
VERTEX
  5
4A1
  8
REAR_LEG
 10
2.480424913967903
 20
56.33113036964492
 30
0.0
  0
VERTEX
  5
4A2
  8
REAR_LEG
 10
2.491913845371382
 20
56.32990133975918
 30
0.0
  0
VERTEX
  5
4A3
  8
REAR_LEG
 10
2.503758495993824
 20
56.3294916631306
 30
0.0
  0
VERTEX
  5
4A4
  8
REAR_LEG
 10
2.511622288840004
 20
56.32966552589492
 30
0.0
  0
VERTEX
  5
4A5
  8
REAR_LEG
 10
2.519354185796007
 20
56.33018711418789
 30
0.0
  0
VERTEX
  5
4A6
  8
REAR_LEG
 10
2.526954186861833
 20
56.33105642800951
 30
0.0
  0
VERTEX
  5
4A7
  8
REAR_LEG
 10
2.534422292037481
 20
56.33227346735979
 30
0.0
  0
VERTEX
  5
4A8
  8
REAR_LEG
 10
2.541758501322951
 20
56.33383823223871
 30
0.0
  0
VERTEX
  5
4A9
  8
REAR_LEG
 10
2.548962814718244
 20
56.33575072264629
 30
0.0
  0
VERTEX
  5
4AA
  8
REAR_LEG
 10
2.55603523222336
 20
56.33801093858251
 30
0.0
  0
VERTEX
  5
4AB
  8
REAR_LEG
 10
2.562975753838299
 20
56.34061888004738
 30
0.0
  0
VERTEX
  5
4AC
  8
REAR_LEG
 10
2.56978437956306
 20
56.34357454704089
 30
0.0
  0
VERTEX
  5
4AD
  8
REAR_LEG
 10
2.576461109397644
 20
56.34687793956306
 30
0.0
  0
VERTEX
  5
4AE
  8
REAR_LEG
 10
2.583005943342051
 20
56.35052905761388
 30
0.0
  0
VERTEX
  5
4AF
  8
REAR_LEG
 10
2.58941888139628
 20
56.35452790119335
 30
0.0
  0
VERTEX
  5
4B0
  8
REAR_LEG
 10
2.595699923560332
 20
56.35887447030146
 30
0.0
  0
VERTEX
  5
4B1
  8
REAR_LEG
 10
2.601849069834206
 20
56.36356876493824
 30
0.0
  0
VERTEX
  5
4B2
  8
REAR_LEG
 10
2.607866320217903
 20
56.36861078510364
 30
0.0
  0
VERTEX
  5
4B3
  8
REAR_LEG
 10
2.613751674711423
 20
56.37400053079772
 30
0.0
  0
VERTEX
  5
4B4
  8
REAR_LEG
 10
2.619475156976089
 20
56.37976597993653
 30
0.0
  0
VERTEX
  5
4B5
  8
REAR_LEG
 10
2.625006790673224
 20
56.38593511043619
 30
0.0
  0
VERTEX
  5
4B6
  8
REAR_LEG
 10
2.630346575802828
 20
56.39250792229669
 30
0.0
  0
VERTEX
  5
4B7
  8
REAR_LEG
 10
2.635494512364902
 20
56.39948441551805
 30
0.0
  0
VERTEX
  5
4B8
  8
REAR_LEG
 10
2.640450600359445
 20
56.40686459010024
 30
0.0
  0
VERTEX
  5
4B9
  8
REAR_LEG
 10
2.645214839786457
 20
56.41464844604329
 30
0.0
  0
VERTEX
  5
4BA
  8
REAR_LEG
 10
2.649787230645939
 20
56.42283598334717
 30
0.0
  0
VERTEX
  5
4BB
  8
REAR_LEG
 10
2.65416777293789
 20
56.4314272020119
 30
0.0
  0
VERTEX
  5
4BC
  8
REAR_LEG
 10
2.65835646666231
 20
56.44042210203749
 30
0.0
  0
VERTEX
  5
4BD
  8
REAR_LEG
 10
2.662353311819199
 20
56.44982068342392
 30
0.0
  0
VERTEX
  5
4BE
  8
REAR_LEG
 10
2.666158308408558
 20
56.45962294617119
 30
0.0
  0
VERTEX
  5
4BF
  8
REAR_LEG
 10
2.669771456430387
 20
56.4698288902793
 30
0.0
  0
VERTEX
  5
4C0
  8
REAR_LEG
 10
2.673192755884684
 20
56.48043851574827
 30
0.0
  0
VERTEX
  5
4C1
  8
REAR_LEG
 10
2.67642220677145
 20
56.49145182257808
 30
0.0
  0
VERTEX
  5
4C2
  8
REAR_LEG
 10
2.682305562842392
 20
56.51468948032023
 30
0.0
  0
VERTEX
  5
4C3
  8
REAR_LEG
 10
2.684969460139459
 20
56.52713165929363
 30
0.0
  0
VERTEX
  5
4C4
  8
REAR_LEG
 10
2.68746149309478
 20
56.54041317574997
 30
0.0
  0
VERTEX
  5
4C5
  8
REAR_LEG
 10
2.691929965980182
 20
56.56949422111149
 30
0.0
  0
VERTEX
  5
4C6
  8
REAR_LEG
 10
2.6957109814986
 20
56.60193261640481
 30
0.0
  0
VERTEX
  5
4C7
  8
REAR_LEG
 10
2.698804539650032
 20
56.63772836162991
 30
0.0
  0
VERTEX
  5
4C8
  8
REAR_LEG
 10
2.701210640434479
 20
56.6768814567868
 30
0.0
  0
VERTEX
  5
4C9
  8
REAR_LEG
 10
2.702929283851942
 20
56.71939190187548
 30
0.0
  0
VERTEX
  5
4CA
  8
REAR_LEG
 10
2.70396046990242
 20
56.76525969689595
 30
0.0
  0
VERTEX
  5
4CB
  8
REAR_LEG
 10
2.704304198585912
 20
56.81448484184819
 30
0.0
  0
VERTEX
  5
4CC
  8
REAR_LEG
 10
2.704106354750646
 20
56.85106596714662
 30
0.0
  0
VERTEX
  5
4CD
  8
REAR_LEG
 10
2.703512823244848
 20
56.88611630074996
 30
0.0
  0
VERTEX
  5
4CE
  8
REAR_LEG
 10
2.702523604068517
 20
56.91963584265822
 30
0.0
  0
VERTEX
  5
4CF
  8
REAR_LEG
 10
2.701138697221655
 20
56.95162459287138
 30
0.0
  0
VERTEX
  5
4D0
  8
REAR_LEG
 10
2.69935810270426
 20
56.98208255138946
 30
0.0
  0
VERTEX
  5
4D1
  8
REAR_LEG
 10
2.697181820516334
 20
57.01100971821245
 30
0.0
  0
VERTEX
  5
4D2
  8
REAR_LEG
 10
2.694609850657876
 20
57.03840609334035
 30
0.0
  0
VERTEX
  5
4D3
  8
REAR_LEG
 10
2.691642193128886
 20
57.06427167677316
 30
0.0
  0
VERTEX
  5
4D4
  8
REAR_LEG
 10
2.688278847929363
 20
57.08860646851088
 30
0.0
  0
VERTEX
  5
4D5
  8
REAR_LEG
 10
2.684519815059309
 20
57.11141046855352
 30
0.0
  0
VERTEX
  5
4D6
  8
REAR_LEG
 10
2.680365094518722
 20
57.13268367690106
 30
0.0
  0
VERTEX
  5
4D7
  8
REAR_LEG
 10
2.675814686307604
 20
57.15242609355352
 30
0.0
  0
VERTEX
  5
4D8
  8
REAR_LEG
 10
2.670868590425953
 20
57.17063771851088
 30
0.0
  0
VERTEX
  5
4D9
  8
REAR_LEG
 10
2.66552680687377
 20
57.18731855177316
 30
0.0
  0
VERTEX
  5
4DA
  8
REAR_LEG
 10
2.659789335651055
 20
57.20246859334035
 30
0.0
  0
VERTEX
  5
4DB
  8
REAR_LEG
 10
2.653656176757808
 20
57.21608784321245
 30
0.0
  0
VERTEX
  5
4DC
  8
REAR_LEG
 10
2.647127330194029
 20
57.22854001429874
 30
0.0
  0
VERTEX
  5
4DD
  8
REAR_LEG
 10
2.640202795959718
 20
57.24018881950849
 30
0.0
  0
VERTEX
  5
4DE
  8
REAR_LEG
 10
2.632882574054875
 20
57.25103425884171
 30
0.0
  0
VERTEX
  5
4DF
  8
REAR_LEG
 10
2.6251666644795
 20
57.26107633229839
 30
0.0
  0
VERTEX
  5
4E0
  8
REAR_LEG
 10
2.617055067233592
 20
57.27031503987855
 30
0.0
  0
VERTEX
  5
4E1
  8
REAR_LEG
 10
2.608547782317153
 20
57.27875038158216
 30
0.0
  0
VERTEX
  5
4E2
  8
REAR_LEG
 10
2.599644809730182
 20
57.28638235740924
 30
0.0
  0
VERTEX
  5
4E3
  8
REAR_LEG
 10
2.590346149472678
 20
57.29321096735978
 30
0.0
  0
VERTEX
  5
4E4
  8
REAR_LEG
 10
2.580651801544643
 20
57.29923621143379
 30
0.0
  0
VERTEX
  5
4E5
  8
REAR_LEG
 10
2.570561765946076
 20
57.30445808963127
 30
0.0
  0
VERTEX
  5
4E6
  8
REAR_LEG
 10
2.560076042676976
 20
57.30887660195222
 30
0.0
  0
VERTEX
  5
4E7
  8
REAR_LEG
 10
2.549194631737344
 20
57.31249174839662
 30
0.0
  0
VERTEX
  5
4E8
  8
REAR_LEG
 10
2.53791753312718
 20
57.31530352896449
 30
0.0
  0
VERTEX
  5
4E9
  8
REAR_LEG
 10
2.526244746846485
 20
57.31731194365583
 30
0.0
  0
VERTEX
  5
4EA
  8
REAR_LEG
 10
2.514176272895257
 20
57.31851699247063
 30
0.0
  0
VERTEX
  5
4EB
  8
REAR_LEG
 10
2.501712111273497
 20
57.3189186754089
 30
0.0
  0
VERTEX
  5
4EC
  8
REAR_LEG
 10
2.489018131055216
 20
57.31850899878032
 30
0.0
  0
VERTEX
  5
4ED
  8
REAR_LEG
 10
2.476771797494506
 20
57.31727996889457
 30
0.0
  0
VERTEX
  5
4EE
  8
REAR_LEG
 10
2.464973110591369
 20
57.31523158575167
 30
0.0
  0
VERTEX
  5
4EF
  8
REAR_LEG
 10
2.453622070345803
 20
57.3123638493516
 30
0.0
  0
VERTEX
  5
4F0
  8
REAR_LEG
 10
2.442718676757808
 20
57.30867675969437
 30
0.0
  0
VERTEX
  5
4F1
  8
REAR_LEG
 10
2.432262929827385
 20
57.30417031677998
 30
0.0
  0
VERTEX
  5
4F2
  8
REAR_LEG
 10
2.422254829554534
 20
57.29884452060843
 30
0.0
  0
VERTEX
  5
4F3
  8
REAR_LEG
 10
2.412694375939254
 20
57.29269937117971
 30
0.0
  0
VERTEX
  5
4F4
  8
REAR_LEG
 10
2.403581568981546
 20
57.28573486849383
 30
0.0
  0
VERTEX
  5
4F5
  8
REAR_LEG
 10
2.39491640868141
 20
57.27795101255079
 30
0.0
  0
VERTEX
  5
4F6
  8
REAR_LEG
 10
2.386698895038845
 20
57.26934780335058
 30
0.0
  0
VERTEX
  5
4F7
  8
REAR_LEG
 10
2.378929028053852
 20
57.25992524089321
 30
0.0
  0
VERTEX
  5
4F8
  8
REAR_LEG
 10
2.37160680772643
 20
57.24968332517868
 30
0.0
  0
VERTEX
  5
4F9
  8
REAR_LEG
 10
2.36473223405658
 20
57.23862205620699
 30
0.0
  0
VERTEX
  5
4FA
  8
REAR_LEG
 10
2.358305307044302
 20
57.22674143397813
 30
0.0
  0
VERTEX
  5
4FB
  8
REAR_LEG
 10
2.352326026689595
 20
57.21404145849212
 30
0.0
  0
VERTEX
  5
4FC
  8
REAR_LEG
 10
2.346750427695734
 20
57.20023435689764
 30
0.0
  0
VERTEX
  5
4FD
  8
REAR_LEG
 10
2.341534544765993
 20
57.18503235634341
 30
0.0
  0
VERTEX
  5
4FE
  8
REAR_LEG
 10
2.336678377900373
 20
57.16843545682943
 30
0.0
  0
VERTEX
  5
4FF
  8
REAR_LEG
 10
2.332181927098872
 20
57.1504436583557
 30
0.0
  0
VERTEX
  5
500
  8
REAR_LEG
 10
2.328045192361492
 20
57.13105696092219
 30
0.0
  0
VERTEX
  5
501
  8
REAR_LEG
 10
2.324268173688231
 20
57.11027536452896
 30
0.0
  0
VERTEX
  5
502
  8
REAR_LEG
 10
2.320850871079091
 20
57.08809886917595
 30
0.0
  0
VERTEX
  5
503
  8
REAR_LEG
 10
2.31779328453407
 20
57.0645274748632
 30
0.0
  0
VERTEX
  5
504
  8
REAR_LEG
 10
2.31509541405317
 20
57.03956118159068
 30
0.0
  0
VERTEX
  5
505
  8
REAR_LEG
 10
2.312757259636389
 20
57.01319998935843
 30
0.0
  0
VERTEX
  5
506
  8
REAR_LEG
 10
2.310778821283729
 20
56.98544389816641
 30
0.0
  0
VERTEX
  5
507
  8
REAR_LEG
 10
2.309160098995189
 20
56.95629290801463
 30
0.0
  0
VERTEX
  5
508
  8
REAR_LEG
 10
2.307901092770769
 20
56.92574701890311
 30
0.0
  0
VERTEX
  5
509
  8
REAR_LEG
 10
2.307001802610468
 20
56.89380623083183
 30
0.0
  0
VERTEX
  5
50A
  8
REAR_LEG
 10
2.306462228514288
 20
56.86047054380078
 30
0.0
  0
SEQEND
  5
15A9
  8
REAR_LEG
  0
POLYLINE
  5
85
  8
REAR_LEG
 66
     1
 10
0.0
 20
0.0
 30
0.0
 70
     1
  0
VERTEX
  5
50B
  8
REAR_LEG
 10
1.892912656976089
 20
56.82676315017016
 30
0.0
  0
VERTEX
  5
50C
  8
REAR_LEG
 10
1.893063038275117
 20
56.85324324854584
 30
0.0
  0
VERTEX
  5
50D
  8
REAR_LEG
 10
1.893514182172201
 20
56.87922174285433
 30
0.0
  0
VERTEX
  5
50E
  8
REAR_LEG
 10
1.894266088667341
 20
56.90469863309563
 30
0.0
  0
VERTEX
  5
50F
  8
REAR_LEG
 10
1.895318757760537
 20
56.92967391926975
 30
0.0
  0
VERTEX
  5
510
  8
REAR_LEG
 10
1.896672189451788
 20
56.95414760137666
 30
0.0
  0
VERTEX
  5
511
  8
REAR_LEG
 10
1.898326383741096
 20
56.9781196794164
 30
0.0
  0
VERTEX
  5
512
  8
REAR_LEG
 10
1.90028134062846
 20
57.00159015338895
 30
0.0
  0
VERTEX
  5
513
  8
REAR_LEG
 10
1.902537060113879
 20
57.0245590232943
 30
0.0
  0
VERTEX
  5
514
  8
REAR_LEG
 10
1.905093542197354
 20
57.04702628913246
 30
0.0
  0
VERTEX
  5
515
  8
REAR_LEG
 10
1.907950786878886
 20
57.06899195090345
 30
0.0
  0
VERTEX
  5
516
  8
REAR_LEG
 10
1.911108794158473
 20
57.09045600860723
 30
0.0
  0
VERTEX
  5
517
  8
REAR_LEG
 10
1.914567564036116
 20
57.11141846224383
 30
0.0
  0
VERTEX
  5
518
  8
REAR_LEG
 10
1.918327096511816
 20
57.13187931181323
 30
0.0
  0
VERTEX
  5
519
  8
REAR_LEG
 10
1.922387391585571
 20
57.15183855731544
 30
0.0
  0
VERTEX
  5
51A
  8
REAR_LEG
 10
1.926748449257382
 20
57.17129619875047
 30
0.0
  0
VERTEX
  5
51B
  8
REAR_LEG
 10
1.931410269527249
 20
57.19025223611831
 30
0.0
  0
VERTEX
  5
51C
  8
REAR_LEG
 10
1.936372852395172
 20
57.20870666941896
 30
0.0
  0
VERTEX
  5
51D
  8
REAR_LEG
 10
1.94163619786115
 20
57.22665949865242
 30
0.0
  0
VERTEX
  5
51E
  8
REAR_LEG
 10
1.947200305925185
 20
57.24411072381869
 30
0.0
  0
VERTEX
  5
51F
  8
REAR_LEG
 10
1.953065176587276
 20
57.26106034491777
 30
0.0
  0
VERTEX
  5
520
  8
REAR_LEG
 10
1.959230809847423
 20
57.27750836194965
 30
0.0
  0
VERTEX
  5
521
  8
REAR_LEG
 10
1.965697205705625
 20
57.29345477491435
 30
0.0
  0
VERTEX
  5
522
  8
REAR_LEG
 10
1.972464364161884
 20
57.30889958381186
 30
0.0
  0
VERTEX
  5
523
  8
REAR_LEG
 10
1.979532285216198
 20
57.32384278864219
 30
0.0
  0
VERTEX
  5
524
  8
REAR_LEG
 10
1.986900968868568
 20
57.33828438940532
 30
0.0
  0
VERTEX
  5
525
  8
REAR_LEG
 10
1.994570415118995
 20
57.35222438610126
 30
0.0
  0
VERTEX
  5
526
  8
REAR_LEG
 10
2.002540623967477
 20
57.36566277873001
 30
0.0
  0
VERTEX
  5
527
  8
REAR_LEG
 10
2.010811595414015
 20
57.37859956729157
 30
0.0
  0
VERTEX
  5
528
  8
REAR_LEG
 10
2.019383329458609
 20
57.39103475178594
 30
0.0
  0
VERTEX
  5
529
  8
REAR_LEG
 10
2.02825582610126
 20
57.40296833221313
 30
0.0
  0
VERTEX
  5
52A
  8
REAR_LEG
 10
2.037429085341966
 20
57.41440030857312
 30
0.0
  0
VERTEX
  5
52B
  8
REAR_LEG
 10
2.046903107180728
 20
57.42533068086593
 30
0.0
  0
VERTEX
  5
52C
  8
REAR_LEG
 10
2.05668488609657
 20
57.43584338283984
 30
0.0
  0
VERTEX
  5
52D
  8
REAR_LEG
 10
2.066781416568517
 20
57.44602234824315
 30
0.0
  0
VERTEX
  5
52E
  8
REAR_LEG
 10
2.077192698596569
 20
57.45586757707586
 30
0.0
  0
VERTEX
  5
52F
  8
REAR_LEG
 10
2.087918732180727
 20
57.46537906933796
 30
0.0
  0
VERTEX
  5
530
  8
REAR_LEG
 10
2.098959517320989
 20
57.47455682502947
 30
0.0
  0
VERTEX
  5
531
  8
REAR_LEG
 10
2.110315054017358
 20
57.48340084415037
 30
0.0
  0
VERTEX
  5
532
  8
REAR_LEG
 10
2.12198534226983
 20
57.49191112670069
 30
0.0
  0
VERTEX
  5
533
  8
REAR_LEG
 10
2.133970382078408
 20
57.50008767268039
 30
0.0
  0
VERTEX
  5
534
  8
REAR_LEG
 10
2.14627017344309
 20
57.50793048208949
 30
0.0
  0
VERTEX
  5
535
  8
REAR_LEG
 10
2.158884716363879
 20
57.51543955492799
 30
0.0
  0
VERTEX
  5
536
  8
REAR_LEG
 10
2.171814010840771
 20
57.52261489119591
 30
0.0
  0
VERTEX
  5
537
  8
REAR_LEG
 10
2.185058056873769
 20
57.52945649089321
 30
0.0
  0
VERTEX
  5
538
  8
REAR_LEG
 10
2.198616854462872
 20
57.53596435401992
 30
0.0
  0
VERTEX
  5
539
  8
REAR_LEG
 10
2.212490403608081
 20
57.54213848057602
 30
0.0
  0
VERTEX
  5
53A
  8
REAR_LEG
 10
2.226678704309394
 20
57.54797887056153
 30
0.0
  0
VERTEX
  5
53B
  8
REAR_LEG
 10
2.241181756566812
 20
57.55348552397643
 30
0.0
  0
VERTEX
  5
53C
  8
REAR_LEG
 10
2.255999560380335
 20
57.55865844082074
 30
0.0
  0
VERTEX
  5
53D
  8
REAR_LEG
 10
2.271132115749963
 20
57.56349762109444
 30
0.0
  0
VERTEX
  5
53E
  8
REAR_LEG
 10
2.286579422675696
 20
57.56800306479755
 30
0.0
  0
VERTEX
  5
53F
  8
REAR_LEG
 10
2.302341481157534
 20
57.57217477193005
 30
0.0
  0
VERTEX
  5
540
  8
REAR_LEG
 10
2.318418291195478
 20
57.57601274249195
 30
0.0
  0
VERTEX
  5
541
  8
REAR_LEG
 10
2.334809852789527
 20
57.57951697648325
 30
0.0
  0
VERTEX
  5
542
  8
REAR_LEG
 10
2.35151616593968
 20
57.58268747390396
 30
0.0
  0
VERTEX
  5
543
  8
REAR_LEG
 10
2.368537230645939
 20
57.58552423475406
 30
0.0
  0
VERTEX
  5
544
  8
REAR_LEG
 10
2.385873046908302
 20
57.58802725903357
 30
0.0
  0
VERTEX
  5
545
  8
REAR_LEG
 10
2.403523614726771
 20
57.59019654674246
 30
0.0
  0
VERTEX
  5
546
  8
REAR_LEG
 10
2.421488934101344
 20
57.59203209788078
 30
0.0
  0
VERTEX
  5
547
  8
REAR_LEG
 10
2.439769005032023
 20
57.59353391244846
 30
0.0
  0
VERTEX
  5
548
  8
REAR_LEG
 10
2.458363827518807
 20
57.59470199044557
 30
0.0
  0
VERTEX
  5
549
  8
REAR_LEG
 10
2.477273401561696
 20
57.59553633187207
 30
0.0
  0
VERTEX
  5
54A
  8
REAR_LEG
 10
2.49649772716069
 20
57.59603693672797
 30
0.0
  0
VERTEX
  5
54B
  8
REAR_LEG
 10
2.516036804315789
 20
57.59620380501327
 30
0.0
  0
VERTEX
  5
54C
  8
REAR_LEG
 10
2.553047590468585
 20
57.59562026562036
 30
0.0
  0
VERTEX
  5
54D
  8
REAR_LEG
 10
2.570917485165039
 20
57.59489084137923
 30
0.0
  0
VERTEX
  5
54E
  8
REAR_LEG
 10
2.588363714274861
 20
57.59386964744164
 30
0.0
  0
VERTEX
  5
54F
  8
REAR_LEG
 10
2.605386277798054
 20
57.5925566838076
 30
0.0
  0
VERTEX
  5
550
  8
REAR_LEG
 10
2.621985175734616
 20
57.59095195047711
 30
0.0
  0
VERTEX
  5
551
  8
REAR_LEG
 10
2.638160408084548
 20
57.58905544745016
 30
0.0
  0
VERTEX
  5
552
  8
REAR_LEG
 10
2.653911974847849
 20
57.58686717472677
 30
0.0
  0
VERTEX
  5
553
  8
REAR_LEG
 10
2.66923987602452
 20
57.58438713230692
 30
0.0
  0
VERTEX
  5
554
  8
REAR_LEG
 10
2.684144111614561
 20
57.58161532019062
 30
0.0
  0
VERTEX
  5
555
  8
REAR_LEG
 10
2.698624681617972
 20
57.57855173837787
 30
0.0
  0
VERTEX
  5
556
  8
REAR_LEG
 10
2.712681586034752
 20
57.57519638686865
 30
0.0
  0
VERTEX
  5
557
  8
REAR_LEG
 10
2.726314824864903
 20
57.57154926566299
 30
0.0
  0
VERTEX
  5
558
  8
REAR_LEG
 10
2.739524398108422
 20
57.56761037476088
 30
0.0
  0
VERTEX
  5
559
  8
REAR_LEG
 10
2.752310305765312
 20
57.56337971416232
 30
0.0
  0
VERTEX
  5
55A
  8
REAR_LEG
 10
2.764672547835571
 20
57.55885728386729
 30
0.0
  0
VERTEX
  5
55B
  8
REAR_LEG
 10
2.788413808067494
 20
57.54916893120699
 30
0.0
  0
VERTEX
  5
55C
  8
REAR_LEG
 10
2.811035951655489
 20
57.53877713379907
 30
0.0
  0
VERTEX
  5
55D
  8
REAR_LEG
 10
2.832538978599555
 20
57.52768189164355
 30
0.0
  0
VERTEX
  5
55E
  8
REAR_LEG
 10
2.852922888899691
 20
57.51588320474041
 30
0.0
  0
VERTEX
  5
55F
  8
REAR_LEG
 10
2.872187682555898
 20
57.50338107308966
 30
0.0
  0
VERTEX
  5
560
  8
REAR_LEG
 10
2.881400410642529
 20
57.49686621548393
 30
0.0
  0
VERTEX
  5
561
  8
REAR_LEG
 10
2.890333359568177
 20
57.49017549669129
 30
0.0
  0
VERTEX
  5
562
  8
REAR_LEG
 10
2.898986529332842
 20
57.48330891671176
 30
0.0
  0
VERTEX
  5
563
  8
REAR_LEG
 10
2.907359919936526
 20
57.47626647554533
 30
0.0
  0
VERTEX
  5
564
  8
REAR_LEG
 10
2.915453531379227
 20
57.46904817319199
 30
0.0
  0
VERTEX
  5
565
  8
REAR_LEG
 10
2.923267363660946
 20
57.46165400965174
 30
0.0
  0
VERTEX
  5
566
  8
REAR_LEG
 10
2.938207570857399
 20
57.44659389710058
 30
0.0
  0
VERTEX
  5
567
  8
REAR_LEG
 10
2.952332421641846
 20
57.43134193598189
 30
0.0
  0
VERTEX
  5
568
  8
REAR_LEG
 10
2.965641916014288
 20
57.41589812629567
 30
0.0
  0
VERTEX
  5
569
  8
REAR_LEG
 10
2.978136053974725
 20
57.40026246804192
 30
0.0
  0
VERTEX
  5
56A
  8
REAR_LEG
 10
2.989814835523156
 20
57.38443496122063
 30
0.0
  0
VERTEX
  5
56B
  8
REAR_LEG
 10
3.000678260659582
 20
57.36841560583182
 30
0.0
  0
VERTEX
  5
56C
  8
REAR_LEG
 10
3.010726329384002
 20
57.35220440187548
 30
0.0
  0
VERTEX
  5
56D
  8
REAR_LEG
 10
3.019959041696417
 20
57.33580134935161
 30
0.0
  0
VERTEX
  5
56E
  8
REAR_LEG
 10
3.028568246164356
 20
57.31895864386048
 30
0.0
  0
VERTEX
  5
56F
  8
REAR_LEG
 10
3.036745791355353
 20
57.30142848100236
 30
0.0
  0
VERTEX
  5
570
  8
REAR_LEG
 10
3.044491677269404
 20
57.28321086077726
 30
0.0
  0
VERTEX
  5
571
  8
REAR_LEG
 10
3.051805903906512
 20
57.26430578318516
 30
0.0
  0
VERTEX
  5
572
  8
REAR_LEG
 10
3.058688471266676
 20
57.24471324822609
 30
0.0
  0
VERTEX
  5
573
  8
REAR_LEG
 10
3.065139379349895
 20
57.22443325590004
 30
0.0
  0
VERTEX
  5
574
  8
REAR_LEG
 10
3.071158628156171
 20
57.20346580620699
 30
0.0
  0
VERTEX
  5
575
  8
REAR_LEG
 10
3.076746217685502
 20
57.18181089914697
 30
0.0
  0
VERTEX
  5
576
  8
REAR_LEG
 10
3.081826207879909
 20
57.16077949993142
 30
0.0
  0
VERTEX
  5
577
  8
REAR_LEG
 10
3.086578456771451
 20
57.13963618905147
 30
0.0
  0
VERTEX
  5
578
  8
REAR_LEG
 10
3.091002964360128
 20
57.11838096650713
 30
0.0
  0
VERTEX
  5
579
  8
REAR_LEG
 10
3.09509973064594
 20
57.0970138322984
 30
0.0
  0
VERTEX
  5
57A
  8
REAR_LEG
 10
3.098868755628886
 20
57.07553478642528
 30
0.0
  0
VERTEX
  5
57B
  8
REAR_LEG
 10
3.102310039308968
 20
57.05394382888776
 30
0.0
  0
VERTEX
  5
57C
  8
REAR_LEG
 10
3.105423581686185
 20
57.03224095968585
 30
0.0
  0
VERTEX
  5
57D
  8
REAR_LEG
 10
3.108209382760537
 20
57.01042617881954
 30
0.0
  0
VERTEX
  5
57E
  8
REAR_LEG
 10
3.110667442532024
 20
56.98849948628885
 30
0.0
  0
VERTEX
  5
57F
  8
REAR_LEG
 10
3.112797761000646
 20
56.96646088209376
 30
0.0
  0
VERTEX
  5
580
  8
REAR_LEG
 10
3.114600338166403
 20
56.94431036623428
 30
0.0
  0
VERTEX
  5
581
  8
REAR_LEG
 10
3.116075174029295
 20
56.92204793871041
 30
0.0
  0
VERTEX
  5
582
  8
REAR_LEG
 10
3.117222268589322
 20
56.89967359952214
 30
0.0
  0
VERTEX
  5
583
  8
REAR_LEG
 10
3.118041621846484
 20
56.87718734866948
 30
0.0
  0
VERTEX
  5
584
  8
REAR_LEG
 10
3.118533233800782
 20
56.85458918615242
 30
0.0
  0
VERTEX
  5
585
  8
REAR_LEG
 10
3.118697104452214
 20
56.83187911197098
 30
0.0
  0
VERTEX
  5
586
  8
REAR_LEG
 10
3.118157530356034
 20
56.78170271787138
 30
0.0
  0
VERTEX
  5
587
  8
REAR_LEG
 10
3.116538808067494
 20
56.73323697349895
 30
0.0
  0
VERTEX
  5
588
  8
REAR_LEG
 10
3.113840937586594
 20
56.68648187885364
 30
0.0
  0
VERTEX
  5
589
  8
REAR_LEG
 10
3.112087321774009
 20
56.66374582517868
 30
0.0
  0
VERTEX
  5
58A
  8
REAR_LEG
 10
3.110063918913333
 20
56.64143743393551
 30
0.0
  0
VERTEX
  5
58B
  8
REAR_LEG
 10
3.107770729004568
 20
56.61955670512411
 30
0.0
  0
VERTEX
  5
58C
  8
REAR_LEG
 10
3.105207752047712
 20
56.5981036387445
 30
0.0
  0
VERTEX
  5
58D
  8
REAR_LEG
 10
3.102374988042767
 20
56.57707823479669
 30
0.0
  0
VERTEX
  5
58E
  8
REAR_LEG
 10
3.099272436989732
 20
56.55648049328067
 30
0.0
  0
VERTEX
  5
58F
  8
REAR_LEG
 10
3.095900098888606
 20
56.53631041419643
 30
0.0
  0
VERTEX
  5
590
  8
REAR_LEG
 10
3.09225797373939
 20
56.51656799754397
 30
0.0
  0
VERTEX
  5
591
  8
REAR_LEG
 10
3.088346061542085
 20
56.4972532433233
 30
0.0
  0
VERTEX
  5
592
  8
REAR_LEG
 10
3.084164362296689
 20
56.47836615153442
 30
0.0
  0
VERTEX
  5
593
  8
REAR_LEG
 10
3.079712876003204
 20
56.45990672217732
 30
0.0
  0
VERTEX
  5
594
  8
REAR_LEG
 10
3.074991602661628
 20
56.44187495525201
 30
0.0
  0
VERTEX
  5
595
  8
REAR_LEG
 10
3.070000542271963
 20
56.4242708507585
 30
0.0
  0
VERTEX
  5
596
  8
REAR_LEG
 10
3.064739694834206
 20
56.40709440869676
 30
0.0
  0
VERTEX
  5
597
  8
REAR_LEG
 10
3.059209060348361
 20
56.39034562906682
 30
0.0
  0
VERTEX
  5
598
  8
REAR_LEG
 10
3.053408638814425
 20
56.37402451186865
 30
0.0
  0
VERTEX
  5
599
  8
REAR_LEG
 10
3.047338430232399
 20
56.35813105710228
 30
0.0
  0
VERTEX
  5
59A
  8
REAR_LEG
 10
3.040998434602283
 20
56.3426652647677
 30
0.0
  0
VERTEX
  5
59B
  8
REAR_LEG
 10
3.034388651924077
 20
56.32762713486491
 30
0.0
  0
VERTEX
  5
59C
  8
REAR_LEG
 10
3.027509082197781
 20
56.3130166673939
 30
0.0
  0
VERTEX
  5
59D
  8
REAR_LEG
 10
3.020359725423395
 20
56.29883386235468
 30
0.0
  0
VERTEX
  5
59E
  8
REAR_LEG
 10
3.012940581600919
 20
56.28507871974724
 30
0.0
  0
VERTEX
  5
59F
  8
REAR_LEG
 10
3.005251650730353
 20
56.27175123957159
 30
0.0
  0
VERTEX
  5
5A0
  8
REAR_LEG
 10
2.997292932811697
 20
56.25885142182773
 30
0.0
  0
VERTEX
  5
5A1
  8
REAR_LEG
 10
2.989064427844951
 20
56.24637926651566
 30
0.0
  0
VERTEX
  5
5A2
  8
REAR_LEG
 10
2.980566135830114
 20
56.23433477363537
 30
0.0
  0
VERTEX
  5
5A3
  8
REAR_LEG
 10
2.971738104089835
 20
56.22268896605948
 30
0.0
  0
VERTEX
  5
5A4
  8
REAR_LEG
 10
2.962520379946758
 20
56.2114128666606
 30
0.0
  0
VERTEX
  5
5A5
  8
REAR_LEG
 10
2.952912963400885
 20
56.20050647543874
 30
0.0
  0
VERTEX
  5
5A6
  8
REAR_LEG
 10
2.942915854452215
 20
56.18996979239389
 30
0.0
  0
VERTEX
  5
5A7
  8
REAR_LEG
 10
2.932529053100748
 20
56.17980281752605
 30
0.0
  0
VERTEX
  5
5A8
  8
REAR_LEG
 10
2.921752559346485
 20
56.17000555083523
 30
0.0
  0
VERTEX
  5
5A9
  8
REAR_LEG
 10
2.910586373189425
 20
56.16057799232142
 30
0.0
  0
VERTEX
  5
5AA
  8
REAR_LEG
 10
2.899030494629568
 20
56.15152014198462
 30
0.0
  0
VERTEX
  5
5AB
  8
REAR_LEG
 10
2.887084923666915
 20
56.14283199982484
 30
0.0
  0
VERTEX
  5
5AC
  8
REAR_LEG
 10
2.874749660301465
 20
56.13451356584206
 30
0.0
  0
VERTEX
  5
5AD
  8
REAR_LEG
 10
2.862024704533217
 20
56.12656484003629
 30
0.0
  0
VERTEX
  5
5AE
  8
REAR_LEG
 10
2.848910056362174
 20
56.11898582240754
 30
0.0
  0
VERTEX
  5
5AF
  8
REAR_LEG
 10
2.835405715788333
 20
56.1117765129558
 30
0.0
  0
VERTEX
  5
5B0
  8
REAR_LEG
 10
2.821511682811696
 20
56.10493691168107
 30
0.0
  0
VERTEX
  5
5B1
  8
REAR_LEG
 10
2.807227957432262
 20
56.09846701858336
 30
0.0
  0
VERTEX
  5
5B2
  8
REAR_LEG
 10
2.792554539650032
 20
56.09236683366265
 30
0.0
  0
VERTEX
  5
5B3
  8
REAR_LEG
 10
2.777491429465005
 20
56.08663635691896
 30
0.0
  0
VERTEX
  5
5B4
  8
REAR_LEG
 10
2.76203862687718
 20
56.08127558835228
 30
0.0
  0
VERTEX
  5
5B5
  8
REAR_LEG
 10
2.74619613188656
 20
56.07628452796261
 30
0.0
  0
VERTEX
  5
5B6
  8
REAR_LEG
 10
2.729963944493142
 20
56.07166317574996
 30
0.0
  0
VERTEX
  5
5B7
  8
REAR_LEG
 10
2.713342064696928
 20
56.06741153171433
 30
0.0
  0
VERTEX
  5
5B8
  8
REAR_LEG
 10
2.696330492497917
 20
56.06352959585569
 30
0.0
  0
VERTEX
  5
5B9
  8
REAR_LEG
 10
2.678929227896109
 20
56.06001736817408
 30
0.0
  0
VERTEX
  5
5BA
  8
REAR_LEG
 10
2.661138270891505
 20
56.05687484866947
 30
0.0
  0
VERTEX
  5
5BB
  8
REAR_LEG
 10
2.642957621484104
 20
56.05410203734188
 30
0.0
  0
VERTEX
  5
5BC
  8
REAR_LEG
 10
2.624387279673906
 20
56.05169893419131
 30
0.0
  0
VERTEX
  5
5BD
  8
REAR_LEG
 10
2.605427245460912
 20
56.04966553921774
 30
0.0
  0
VERTEX
  5
5BE
  8
REAR_LEG
 10
2.58607751884512
 20
56.04800185242118
 30
0.0
  0
VERTEX
  5
5BF
  8
REAR_LEG
 10
2.566338099826533
 20
56.04670787380164
 30
0.0
  0
VERTEX
  5
5C0
  8
REAR_LEG
 10
2.546208988405148
 20
56.04578360335911
 30
0.0
  0
VERTEX
  5
5C1
  8
REAR_LEG
 10
2.525690184580967
 20
56.04522904109359
 30
0.0
  0
VERTEX
  5
5C2
  8
REAR_LEG
 10
2.504781688353988
 20
56.04504418700508
 30
0.0
  0
VERTEX
  5
5C3
  8
REAR_LEG
 10
2.481404141031341
 20
56.04528000086934
 30
0.0
  0
VERTEX
  5
5C4
  8
REAR_LEG
 10
2.458594145720972
 20
56.04598744246211
 30
0.0
  0
VERTEX
  5
5C5
  8
REAR_LEG
 10
2.436351702422882
 20
56.04716651178339
 30
0.0
  0
VERTEX
  5
5C6
  8
REAR_LEG
 10
2.414676811137071
 20
56.04881720883319
 30
0.0
  0
VERTEX
  5
5C7
  8
REAR_LEG
 10
2.393569471863538
 20
56.0509395336115
 30
0.0
  0
VERTEX
  5
5C8
  8
REAR_LEG
 10
2.373029684602282
 20
56.05353348611831
 30
0.0
  0
VERTEX
  5
5C9
  8
REAR_LEG
 10
2.353057449353305
 20
56.05659906635366
 30
0.0
  0
VERTEX
  5
5CA
  8
REAR_LEG
 10
2.333652766116607
 20
56.0601362743175
 30
0.0
  0
VERTEX
  5
5CB
  8
REAR_LEG
 10
2.314815634892187
 20
56.06414511000986
 30
0.0
  0
VERTEX
  5
5CC
  8
REAR_LEG
 10
2.296546055680045
 20
56.06862557343072
 30
0.0
  0
VERTEX
  5
5CD
  8
REAR_LEG
 10
2.278844028480181
 20
56.07357766458011
 30
0.0
  0
VERTEX
  5
5CE
  8
REAR_LEG
 10
2.261709553292596
 20
56.07900138345802
 30
0.0
  0
VERTEX
  5
5CF
  8
REAR_LEG
 10
2.245142630117289
 20
56.08489673006443
 30
0.0
  0
VERTEX
  5
5D0
  8
REAR_LEG
 10
2.229143258954261
 20
56.09126370439935
 30
0.0
  0
VERTEX
  5
5D1
  8
REAR_LEG
 10
2.21371143980351
 20
56.09810230646279
 30
0.0
  0
VERTEX
  5
5D2
  8
REAR_LEG
 10
2.198847172665038
 20
56.10541253625474
 30
0.0
  0
VERTEX
  5
5D3
  8
REAR_LEG
 10
2.184430552184138
 20
56.11317840639457
 30
0.0
  0
VERTEX
  5
5D4
  8
REAR_LEG
 10
2.170341673006102
 20
56.12138392950167
 30
0.0
  0
VERTEX
  5
5D5
  8
REAR_LEG
 10
2.156580535130932
 20
56.13002910557602
 30
0.0
  0
VERTEX
  5
5D6
  8
REAR_LEG
 10
2.143147138558626
 20
56.13911393461763
 30
0.0
  0
VERTEX
  5
5D7
  8
REAR_LEG
 10
2.130041483289185
 20
56.1486384166265
 30
0.0
  0
VERTEX
  5
5D8
  8
REAR_LEG
 10
2.11726356932261
 20
56.15860255160263
 30
0.0
  0
VERTEX
  5
5D9
  8
REAR_LEG
 10
2.104813396658899
 20
56.16900633954601
 30
0.0
  0
VERTEX
  5
5DA
  8
REAR_LEG
 10
2.092690965298053
 20
56.17984978045665
 30
0.0
  0
VERTEX
  5
5DB
  8
REAR_LEG
 10
2.080896275240073
 20
56.19113287433455
 30
0.0
  0
VERTEX
  5
5DC
  8
REAR_LEG
 10
2.069429326484956
 20
56.20285562117971
 30
0.0
  0
VERTEX
  5
5DD
  8
REAR_LEG
 10
2.058290119032705
 20
56.21501802099213
 30
0.0
  0
VERTEX
  5
5DE
  8
REAR_LEG
 10
2.047478652883319
 20
56.2276200737718
 30
0.0
  0
VERTEX
  5
5DF
  8
REAR_LEG
 10
2.036994928036798
 20
56.24066177951872
 30
0.0
  0
VERTEX
  5
5E0
  8
REAR_LEG
 10
2.026838944493142
 20
56.25414313823291
 30
0.0
  0
VERTEX
  5
5E1
  8
REAR_LEG
 10
2.01701070225235
 20
56.26806414991436
 30
0.0
  0
VERTEX
  5
5E2
  8
REAR_LEG
 10
2.007510201314425
 20
56.28242481456306
 30
0.0
  0
VERTEX
  5
5E3
  8
REAR_LEG
 10
2.000825477789527
 20
56.29302244949656
 30
0.0
  0
VERTEX
  5
5E4
  8
REAR_LEG
 10
1.994328605987003
 20
56.30409570900372
 30
0.0
  0
VERTEX
  5
5E5
  8
REAR_LEG
 10
1.988019585906853
 20
56.31564459308456
 30
0.0
  0
VERTEX
  5
5E6
  8
REAR_LEG
 10
1.981898417549077
 20
56.32766910173905
 30
0.0
  0
VERTEX
  5
5E7
  8
REAR_LEG
 10
1.975965100913674
 20
56.34016923496722
 30
0.0
  0
VERTEX
  5
5E8
  8
REAR_LEG
 10
1.970219636000646
 20
56.35314499276906
 30
0.0
  0
VERTEX
  5
5E9
  8
REAR_LEG
 10
1.964662022809991
 20
56.36659637514457
 30
0.0
  0
VERTEX
  5
5EA
  8
REAR_LEG
 10
1.95929226134171
 20
56.38052338209376
 30
0.0
  0
VERTEX
  5
5EB
  8
REAR_LEG
 10
1.954110351595802
 20
56.3949260136166
 30
0.0
  0
VERTEX
  5
5EC
  8
REAR_LEG
 10
1.949116293572269
 20
56.40980426971313
 30
0.0
  0
VERTEX
  5
5ED
  8
REAR_LEG
 10
1.944310087271109
 20
56.42515815038333
 30
0.0
  0
VERTEX
  5
5EE
  8
REAR_LEG
 10
1.939691732692324
 20
56.44098765562718
 30
0.0
  0
VERTEX
  5
5EF
  8
REAR_LEG
 10
1.935261229835912
 20
56.45729278544471
 30
0.0
  0
VERTEX
  5
5F0
  8
REAR_LEG
 10
1.931018578701873
 20
56.47407353983591
 30
0.0
  0
VERTEX
  5
5F1
  8
REAR_LEG
 10
1.923096831600918
 20
56.50906192233933
 30
0.0
  0
VERTEX
  5
5F2
  8
REAR_LEG
 10
1.916022415673224
 20
56.54547318171859
 30
0.0
  0
VERTEX
  5
5F3
  8
REAR_LEG
 10
1.909891255202556
 20
56.58282769655488
 30
0.0
  0
VERTEX
  5
5F4
  8
REAR_LEG
 10
1.904703350188913
 20
56.6211254668482
 30
0.0
  0
VERTEX
  5
5F5
  8
REAR_LEG
 10
1.900458700632296
 20
56.66036649259853
 30
0.0
  0
VERTEX
  5
5F6
  8
REAR_LEG
 10
1.897157306532706
 20
56.7005507738059
 30
0.0
  0
VERTEX
  5
5F7
  8
REAR_LEG
 10
1.894799167890141
 20
56.74167831047029
 30
0.0
  0
VERTEX
  5
5F8
  8
REAR_LEG
 10
1.893384284704602
 20
56.78374910259171
 30
0.0
  0
SEQEND
  5
15AA
  8
REAR_LEG
  0
POLYLINE
  5
86
  8
REAR_LEG
 66
     1
 10
0.0
 20
0.0
 30
0.0
 70
     1
  0
VERTEX
  5
5F9
  8
REAR_LEG
 10
0.6640586324194697
 20
57.57062399600918
 30
0.0
  0
VERTEX
  5
5FA
  8
REAR_LEG
 10
1.653485644697778
 20
57.57062399600918
 30
0.0
  0
VERTEX
  5
5FB
  8
REAR_LEG
 10
1.653485644697778
 20
57.23808647895597
 30
0.0
  0
VERTEX
  5
5FC
  8
REAR_LEG
 10
0.9832946487905474
 20
57.23808647895597
 30
0.0
  0
VERTEX
  5
5FD
  8
REAR_LEG
 10
0.9474829161848175
 20
57.01298415971996
 30
0.0
  0
VERTEX
  5
5FE
  8
REAR_LEG
 10
0.9648532052366592
 20
57.02091390051122
 30
0.0
  0
VERTEX
  5
5FF
  8
REAR_LEG
 10
0.9821755321466182
 20
57.02833204512241
 30
0.0
  0
VERTEX
  5
600
  8
REAR_LEG
 10
0.9994498969146948
 20
57.03523859355352
 30
0.0
  0
VERTEX
  5
601
  8
REAR_LEG
 10
1.016676299540888
 20
57.04163354580454
 30
0.0
  0
VERTEX
  5
602
  8
REAR_LEG
 10
1.0338547400252
 20
57.04751690187548
 30
0.0
  0
VERTEX
  5
603
  8
REAR_LEG
 10
1.050985218367628
 20
57.05288866176635
 30
0.0
  0
VERTEX
  5
604
  8
REAR_LEG
 10
1.068067734568173
 20
57.05774882547712
 30
0.0
  0
VERTEX
  5
605
  8
REAR_LEG
 10
1.085102288626837
 20
57.06209739300781
 30
0.0
  0
VERTEX
  5
606
  8
REAR_LEG
 10
1.102088880543617
 20
57.06593436435843
 30
0.0
  0
VERTEX
  5
607
  8
REAR_LEG
 10
1.119027510318515
 20
57.06925973952896
 30
0.0
  0
VERTEX
  5
608
  8
REAR_LEG
 10
1.13591817795153
 20
57.0720735185194
 30
0.0
  0
VERTEX
  5
609
  8
REAR_LEG
 10
1.152760883442662
 20
57.07437570132978
 30
0.0
  0
VERTEX
  5
60A
  8
REAR_LEG
 10
1.169555626791912
 20
57.07616628796007
 30
0.0
  0
VERTEX
  5
60B
  8
REAR_LEG
 10
1.186302407999279
 20
57.07744527841027
 30
0.0
  0
VERTEX
  5
60C
  8
REAR_LEG
 10
1.203001227064763
 20
57.07821267268039
 30
0.0
  0
VERTEX
  5
60D
  8
REAR_LEG
 10
1.219652083988365
 20
57.07846847077043
 30
0.0
  0
VERTEX
  5
60E
  8
REAR_LEG
 10
1.247458135744845
 20
57.07793689036456
 30
0.0
  0
VERTEX
  5
60F
  8
REAR_LEG
 10
1.274600711205282
 20
57.07634214914696
 30
0.0
  0
VERTEX
  5
610
  8
REAR_LEG
 10
1.301079810369674
 20
57.07368424711763
 30
0.0
  0
VERTEX
  5
611
  8
REAR_LEG
 10
1.326895433238024
 20
57.06996318427657
 30
0.0
  0
VERTEX
  5
612
  8
REAR_LEG
 10
1.352047579810329
 20
57.06517896062377
 30
0.0
  0
VERTEX
  5
613
  8
REAR_LEG
 10
1.376536250086591
 20
57.05933157615924
 30
0.0
  0
VERTEX
  5
614
  8
REAR_LEG
 10
1.388531781613706
 20
57.05600919862258
 30
0.0
  0
VERTEX
  5
615
  8
REAR_LEG
 10
1.40036144406681
 20
57.05242103088298
 30
0.0
  0
VERTEX
  5
616
  8
REAR_LEG
 10
1.412025237445902
 20
57.04856707294045
 30
0.0
  0
VERTEX
  5
617
  8
REAR_LEG
 10
1.423523161750984
 20
57.04444732479499
 30
0.0
  0
VERTEX
  5
618
  8
REAR_LEG
 10
1.434855216982055
 20
57.04006178644659
 30
0.0
  0
VERTEX
  5
619
  8
REAR_LEG
 10
1.446021403139115
 20
57.03541045789526
 30
0.0
  0
VERTEX
  5
61A
  8
REAR_LEG
 10
1.457021720222164
 20
57.03049333914099
 30
0.0
  0
VERTEX
  5
61B
  8
REAR_LEG
 10
1.467856168231202
 20
57.02531043018379
 30
0.0
  0
VERTEX
  5
61C
  8
REAR_LEG
 10
1.478524747166229
 20
57.01986173102367
 30
0.0
  0
VERTEX
  5
61D
  8
REAR_LEG
 10
1.489027457027246
 20
57.01414724166061
 30
0.0
  0
VERTEX
  5
61E
  8
REAR_LEG
 10
1.499364297814251
 20
57.00816696209461
 30
0.0
  0
VERTEX
  5
61F
  8
REAR_LEG
 10
1.509535269527246
 20
57.00192089232568
 30
0.0
  0
VERTEX
  5
620
  8
REAR_LEG
 10
1.519540372166229
 20
56.99540903235381
 30
0.0
  0
VERTEX
  5
621
  8
REAR_LEG
 10
1.529379605731202
 20
56.98863138217902
 30
0.0
  0
VERTEX
  5
622
  8
REAR_LEG
 10
1.539052970222164
 20
56.98158794180128
 30
0.0
  0
VERTEX
  5
623
  8
REAR_LEG
 10
1.548560465639115
 20
56.97427871122063
 30
0.0
  0
VERTEX
  5
624
  8
REAR_LEG
 10
1.557902091982055
 20
56.96670369043704
 30
0.0
  0
VERTEX
  5
625
  8
REAR_LEG
 10
1.567077849250984
 20
56.95886287945051
 30
0.0
  0
VERTEX
  5
626
  8
REAR_LEG
 10
1.576087737445902
 20
56.95075627826105
 30
0.0
  0
VERTEX
  5
627
  8
REAR_LEG
 10
1.584931756566809
 20
56.94238388686865
 30
0.0
  0
VERTEX
  5
628
  8
REAR_LEG
 10
1.601906357948119
 20
56.92509753156511
 30
0.0
  0
VERTEX
  5
629
  8
REAR_LEG
 10
1.617785823756441
 20
56.90725961162991
 30
0.0
  0
VERTEX
  5
62A
  8
REAR_LEG
 10
1.632570153991775
 20
56.88887012706306
 30
0.0
  0
VERTEX
  5
62B
  8
REAR_LEG
 10
1.639551643269572
 20
56.87946854804277
 30
0.0
  0
VERTEX
  5
62C
  8
REAR_LEG
 10
1.646259348654122
 20
56.86992907786456
 30
0.0
  0
VERTEX
  5
62D
  8
REAR_LEG
 10
1.652693270145425
 20
56.86025171652844
 30
0.0
  0
VERTEX
  5
62E
  8
REAR_LEG
 10
1.658853407743481
 20
56.85043646403442
 30
0.0
  0
VERTEX
  5
62F
  8
REAR_LEG
 10
1.66473976144829
 20
56.84048332038247
 30
0.0
  0
VERTEX
  5
630
  8
REAR_LEG
 10
1.670352331259852
 20
56.83039228557261
 30
0.0
  0
VERTEX
  5
631
  8
REAR_LEG
 10
1.675691117178167
 20
56.82016335960484
 30
0.0
  0
VERTEX
  5
632
  8
REAR_LEG
 10
1.680756119203235
 20
56.80979654247916
 30
0.0
  0
VERTEX
  5
633
  8
REAR_LEG
 10
1.685547337335056
 20
56.79929183419556
 30
0.0
  0
VERTEX
  5
634
  8
REAR_LEG
 10
1.690064771573631
 20
56.78864923475406
 30
0.0
  0
VERTEX
  5
635
  8
REAR_LEG
 10
1.694308421918958
 20
56.77786874415464
 30
0.0
  0
VERTEX
  5
636
  8
REAR_LEG
 10
1.698278288371039
 20
56.76695036239731
 30
0.0
  0
VERTEX
  5
637
  8
REAR_LEG
 10
1.701974370929872
 20
56.75589408948206
 30
0.0
  0
VERTEX
  5
638
  8
REAR_LEG
 10
1.705396669595459
 20
56.74469992540891
 30
0.0
  0
VERTEX
  5
639
  8
REAR_LEG
 10
1.711419915246891
 20
56.72189792378886
 30
0.0
  0
VERTEX
  5
63A
  8
REAR_LEG
 10
1.716348025325336
 20
56.69854435753714
 30
0.0
  0
VERTEX
  5
63B
  8
REAR_LEG
 10
1.720180999830793
 20
56.67463922665379
 30
0.0
  0
VERTEX
  5
63C
  8
REAR_LEG
 10
1.722918838763262
 20
56.65018253113878
 30
0.0
  0
VERTEX
  5
63D
  8
REAR_LEG
 10
1.724561542122744
 20
56.62517427099213
 30
0.0
  0
VERTEX
  5
63E
  8
REAR_LEG
 10
1.725109109909238
 20
56.59961444621381
 30
0.0
  0
VERTEX
  5
63F
  8
REAR_LEG
 10
1.724827332325677
 20
56.58149674711763
 30
0.0
  0
VERTEX
  5
640
  8
REAR_LEG
 10
1.723981999574995
 20
56.5634669786149
 30
0.0
  0
VERTEX
  5
641
  8
REAR_LEG
 10
1.722573111657191
 20
56.54552514070563
 30
0.0
  0
VERTEX
  5
642
  8
REAR_LEG
 10
1.720600668572266
 20
56.5276712333898
 30
0.0
  0
VERTEX
  5
643
  8
REAR_LEG
 10
1.71806467032022
 20
56.50990525666743
 30
0.0
  0
VERTEX
  5
644
  8
REAR_LEG
 10
1.714965116901052
 20
56.4922272105385
 30
0.0
  0
VERTEX
  5
645
  8
REAR_LEG
 10
1.711302008314763
 20
56.47463709500303
 30
0.0
  0
VERTEX
  5
646
  8
REAR_LEG
 10
1.707075344561352
 20
56.45713491006101
 30
0.0
  0
VERTEX
  5
647
  8
REAR_LEG
 10
1.70228512564082
 20
56.43972065571245
 30
0.0
  0
VERTEX
  5
648
  8
REAR_LEG
 10
1.696931351553167
 20
56.42239433195734
 30
0.0
  0
VERTEX
  5
649
  8
REAR_LEG
 10
1.691014022298392
 20
56.40515593879567
 30
0.0
  0
VERTEX
  5
64A
  8
REAR_LEG
 10
1.684533137876496
 20
56.38800547622746
 30
0.0
  0
VERTEX
  5
64B
  8
REAR_LEG
 10
1.677488698287478
 20
56.3709429442527
 30
0.0
  0
VERTEX
  5
64C
  8
REAR_LEG
 10
1.669880703531339
 20
56.35396834287138
 30
0.0
  0
VERTEX
  5
64D
  8
REAR_LEG
 10
1.661709153608078
 20
56.33708167208352
 30
0.0
  0
VERTEX
  5
64E
  8
REAR_LEG
 10
1.652974048517696
 20
56.32028293188912
 30
0.0
  0
VERTEX
  5
64F
  8
REAR_LEG
 10
1.643721351979497
 20
56.30377596139117
 30
0.0
  0
VERTEX
  5
650
  8
REAR_LEG
 10
1.633997027712785
 20
56.28776459969267
 30
0.0
  0
VERTEX
  5
651
  8
REAR_LEG
 10
1.62380107571756
 20
56.27224884679362
 30
0.0
  0
VERTEX
  5
652
  8
REAR_LEG
 10
1.613133495993821
 20
56.25722870269403
 30
0.0
  0
VERTEX
  5
653
  8
REAR_LEG
 10
1.601994288541571
 20
56.24270416739388
 30
0.0
  0
VERTEX
  5
654
  8
REAR_LEG
 10
1.590383453360807
 20
56.22867524089321
 30
0.0
  0
VERTEX
  5
655
  8
REAR_LEG
 10
1.578300990451529
 20
56.21514192319198
 30
0.0
  0
VERTEX
  5
656
  8
REAR_LEG
 10
1.56574689981374
 20
56.20210421429021
 30
0.0
  0
VERTEX
  5
657
  8
REAR_LEG
 10
1.552721181447436
 20
56.18956211418789
 30
0.0
  0
VERTEX
  5
658
  8
REAR_LEG
 10
1.539223835352621
 20
56.17751562288502
 30
0.0
  0
VERTEX
  5
659
  8
REAR_LEG
 10
1.525254861529292
 20
56.16596474038161
 30
0.0
  0
VERTEX
  5
65A
  8
REAR_LEG
 10
1.51081425997745
 20
56.15490946667766
 30
0.0
  0
VERTEX
  5
65B
  8
REAR_LEG
 10
1.495902030697096
 20
56.14434980177316
 30
0.0
  0
VERTEX
  5
65C
  8
REAR_LEG
 10
1.480518173688228
 20
56.13428574566812
 30
0.0
  0
VERTEX
  5
65D
  8
REAR_LEG
 10
1.464662688950847
 20
56.12471729836252
 30
0.0
  0
VERTEX
  5
65E
  8
REAR_LEG
 10
1.448335576484954
 20
56.11564445985638
 30
0.0
  0
VERTEX
  5
65F
  8
REAR_LEG
 10
1.43148287888093
 20
56.10709520806579
 30
0.0
  0
VERTEX
  5
660
  8
REAR_LEG
 10
1.414050638729156
 20
56.09909752090685
 30
0.0
  0
VERTEX
  5
661
  8
REAR_LEG
 10
1.396038856029633
 20
56.09165139837957
 30
0.0
  0
VERTEX
  5
662
  8
REAR_LEG
 10
1.377447530782362
 20
56.08475684048393
 30
0.0
  0
VERTEX
  5
663
  8
REAR_LEG
 10
1.358276662987342
 20
56.07841384721995
 30
0.0
  0
VERTEX
  5
664
  8
REAR_LEG
 10
1.338526252644572
 20
56.07262241858761
 30
0.0
  0
VERTEX
  5
665
  8
REAR_LEG
 10
1.318196299754054
 20
56.06738255458693
 30
0.0
  0
VERTEX
  5
666
  8
REAR_LEG
 10
1.297286804315786
 20
56.06269425521791
 30
0.0
  0
VERTEX
  5
667
  8
REAR_LEG
 10
1.27579776632977
 20
56.05855752048052
 30
0.0
  0
VERTEX
  5
668
  8
REAR_LEG
 10
1.253729185796004
 20
56.0549723503748
 30
0.0
  0
VERTEX
  5
669
  8
REAR_LEG
 10
1.23108106271449
 20
56.05193874490072
 30
0.0
  0
VERTEX
  5
66A
  8
REAR_LEG
 10
1.207853397085227
 20
56.04945670405829
 30
0.0
  0
VERTEX
  5
66B
  8
REAR_LEG
 10
1.184046188908214
 20
56.04752622784751
 30
0.0
  0
VERTEX
  5
66C
  8
REAR_LEG
 10
1.159659438183453
 20
56.04614731626838
 30
0.0
  0
VERTEX
  5
66D
  8
REAR_LEG
 10
1.134693144910943
 20
56.04531996932091
 30
0.0
  0
VERTEX
  5
66E
  8
REAR_LEG
 10
1.109147309090684
 20
56.04504418700508
 30
0.0
  0
VERTEX
  5
66F
  8
REAR_LEG
 10
1.072720062330793
 20
56.04548383997233
 30
0.0
  0
VERTEX
  5
670
  8
REAR_LEG
 10
1.03761976816299
 20
56.04680279887411
 30
0.0
  0
VERTEX
  5
671
  8
REAR_LEG
 10
1.003846426587273
 20
56.04900106371041
 30
0.0
  0
VERTEX
  5
672
  8
REAR_LEG
 10
0.9714000376036442
 20
56.05207863448121
 30
0.0
  0
VERTEX
  5
673
  8
REAR_LEG
 10
0.9402806012121027
 20
56.05603551118652
 30
0.0
  0
VERTEX
  5
674
  8
REAR_LEG
 10
0.9104881174126485
 20
56.06087169382636
 30
0.0
  0
VERTEX
  5
675
  8
REAR_LEG
 10
0.8820225862052814
 20
56.06658718240072
 30
0.0
  0
VERTEX
  5
676
  8
REAR_LEG
 10
0.8548840075900017
 20
56.07318197690959
 30
0.0
  0
VERTEX
  5
677
  8
REAR_LEG
 10
0.8289045140702199
 20
56.08064808366266
 30
0.0
  0
VERTEX
  5
678
  8
REAR_LEG
 10
0.8039162381493469
 20
56.08897750896961
 30
0.0
  0
VERTEX
  5
679
  8
REAR_LEG
 10
0.7799191798273823
 20
56.09817025283046
 30
0.0
  0
VERTEX
  5
67A
  8
REAR_LEG
 10
0.7569133391043265
 20
56.10822631524519
 30
0.0
  0
VERTEX
  5
67B
  8
REAR_LEG
 10
0.7457821253423891
 20
56.11357809091026
 30
0.0
  0
VERTEX
  5
67C
  8
REAR_LEG
 10
0.734898715980179
 20
56.11914569621381
 30
0.0
  0
VERTEX
  5
67D
  8
REAR_LEG
 10
0.724263111017696
 20
56.12492913115582
 30
0.0
  0
VERTEX
  5
67E
  8
REAR_LEG
 10
0.7138753104549402
 20
56.13092839573632
 30
0.0
  0
VERTEX
  5
67F
  8
REAR_LEG
 10
0.7037353142919116
 20
56.13714348995528
 30
0.0
  0
VERTEX
  5
680
  8
REAR_LEG
 10
0.6938431225286101
 20
56.14357441381272
 30
0.0
  0
VERTEX
  5
681
  8
REAR_LEG
 10
0.6841987351650358
 20
56.15022116730863
 30
0.0
  0
VERTEX
  5
682
  8
REAR_LEG
 10
0.6748021522011887
 20
56.15708375044301
 30
0.0
  0
VERTEX
  5
683
  8
REAR_LEG
 10
0.6566964436404792
 20
56.17125656336934
 30
0.0
  0
VERTEX
  5
684
  8
REAR_LEG
 10
0.6394700410142855
 20
56.18589301033387
 30
0.0
  0
VERTEX
  5
685
  8
REAR_LEG
 10
0.6231229443226074
 20
56.2009930913366
 30
0.0
  0
VERTEX
  5
686
  8
REAR_LEG
 10
0.6076551535654451
 20
56.21655680637753
 30
0.0
  0
VERTEX
  5
687
  8
REAR_LEG
 10
0.5930666687427983
 20
56.23258415545665
 30
0.0
  0
VERTEX
  5
688
  8
REAR_LEG
 10
0.5793574898546674
 20
56.24907513857398
 30
0.0
  0
VERTEX
  5
689
  8
REAR_LEG
 10
0.5665276169010521
 20
56.2660297557295
 30
0.0
  0
VERTEX
  5
68A
  8
REAR_LEG
 10
0.5545770498819526
 20
56.28344800692323
 30
0.0
  0
VERTEX
  5
68B
  8
REAR_LEG
 10
0.5433059465395241
 20
56.30164164607739
 30
0.0
  0
VERTEX
  5
68C
  8
REAR_LEG
 10
0.5325144646159226
 20
56.32092242711422
 30
0.0
  0
VERTEX
  5
68D
  8
REAR_LEG
 10
0.5222026041111477
 20
56.34129035003373
 30
0.0
  0
VERTEX
  5
68E
  8
REAR_LEG
 10
0.5123703650251995
 20
56.36274541483591
 30
0.0
  0
VERTEX
  5
68F
  8
REAR_LEG
 10
0.5030177473580781
 20
56.38528762152077
 30
0.0
  0
VERTEX
  5
690
  8
REAR_LEG
 10
0.4941447511097834
 20
56.4089169700883
 30
0.0
  0
VERTEX
  5
691
  8
REAR_LEG
 10
0.4857513762803155
 20
56.4336334605385
 30
0.0
  0
VERTEX
  5
692
  8
REAR_LEG
 10
0.4778376228696743
 20
56.45943709287138
 30
0.0
  0
VERTEX
  5
693
  8
REAR_LEG
 10
0.8993928752571232
 20
56.50548074907875
 30
0.0
  0
VERTEX
  5
694
  8
REAR_LEG
 10
0.9014712347387057
 20
56.49300859376667
 30
0.0
  0
VERTEX
  5
695
  8
REAR_LEG
 10
0.9038693418328394
 20
56.4809161387445
 30
0.0
  0
VERTEX
  5
696
  8
REAR_LEG
 10
0.9065871965395242
 20
56.46920338401225
 30
0.0
  0
VERTEX
  5
697
  8
REAR_LEG
 10
0.9096247988587602
 20
56.45787032956988
 30
0.0
  0
VERTEX
  5
698
  8
REAR_LEG
 10
0.9129821487905474
 20
56.44691697541742
 30
0.0
  0
VERTEX
  5
699
  8
REAR_LEG
 10
0.9166592463348857
 20
56.43634332155487
 30
0.0
  0
VERTEX
  5
69A
  8
REAR_LEG
 10
0.9206560914917752
 20
56.42614936798222
 30
0.0
  0
VERTEX
  5
69B
  8
REAR_LEG
 10
0.9249726842612159
 20
56.41633511469949
 30
0.0
  0
VERTEX
  5
69C
  8
REAR_LEG
 10
0.9296090246432078
 20
56.40690056170665
 30
0.0
  0
VERTEX
  5
69D
  8
REAR_LEG
 10
0.9345651126377508
 20
56.39784570900372
 30
0.0
  0
VERTEX
  5
69E
  8
REAR_LEG
 10
0.9398409482448449
 20
56.38917055659069
 30
0.0
  0
VERTEX
  5
69F
  8
REAR_LEG
 10
0.9454365314644901
 20
56.38087510446756
 30
0.0
  0
VERTEX
  5
6A0
  8
REAR_LEG
 10
0.9513518622966866
 20
56.37295935263434
 30
0.0
  0
VERTEX
  5
6A1
  8
REAR_LEG
 10
0.9575869407414341
 20
56.36542330109103
 30
0.0
  0
VERTEX
  5
6A2
  8
REAR_LEG
 10
0.9641417667987329
 20
56.35826694983761
 30
0.0
  0
VERTEX
  5
6A3
  8
REAR_LEG
 10
0.9710163404685829
 20
56.35149029887411
 30
0.0
  0
VERTEX
  5
6A4
  8
REAR_LEG
 10
0.9781347216930032
 20
56.34510933558114
 30
0.0
  0
VERTEX
  5
6A5
  8
REAR_LEG
 10
0.9854209704140127
 20
56.33914004733933
 30
0.0
  0
VERTEX
  5
6A6
  8
REAR_LEG
 10
0.9928750866316116
 20
56.33358243414867
 30
0.0
  0
VERTEX
  5
6A7
  8
REAR_LEG
 10
1.0004970703458
 20
56.32843649600918
 30
0.0
  0
VERTEX
  5
6A8
  8
REAR_LEG
 10
1.008286921556577
 20
56.32370223292084
 30
0.0
  0
VERTEX
  5
6A9
  8
REAR_LEG
 10
1.016244640263944
 20
56.31937964488367
 30
0.0
  0
VERTEX
  5
6AA
  8
REAR_LEG
 10
1.024370226467901
 20
56.31546873189765
 30
0.0
  0
VERTEX
  5
6AB
  8
REAR_LEG
 10
1.032663680168446
 20
56.31196949396279
 30
0.0
  0
VERTEX
  5
6AC
  8
REAR_LEG
 10
1.041125001365582
 20
56.30888193107909
 30
0.0
  0
VERTEX
  5
6AD
  8
REAR_LEG
 10
1.049754190059306
 20
56.30620604324655
 30
0.0
  0
VERTEX
  5
6AE
  8
REAR_LEG
 10
1.05855124624962
 20
56.30394183046518
 30
0.0
  0
VERTEX
  5
6AF
  8
REAR_LEG
 10
1.067516169936523
 20
56.30208929273496
 30
0.0
  0
VERTEX
  5
6B0
  8
REAR_LEG
 10
1.076648961120015
 20
56.3006484300559
 30
0.0
  0
VERTEX
  5
6B1
  8
REAR_LEG
 10
1.085949619800097
 20
56.29961924242801
 30
0.0
  0
VERTEX
  5
6B2
  8
REAR_LEG
 10
1.095418145976768
 20
56.29900172985127
 30
0.0
  0
VERTEX
  5
6B3
  8
REAR_LEG
 10
1.105054539650029
 20
56.29879589232569
 30
0.0
  0
VERTEX
  5
6B4
  8
REAR_LEG
 10
1.11580805154464
 20
56.29905368883831
 30
0.0
  0
VERTEX
  5
6B5
  8
REAR_LEG
 10
1.126325749574995
 20
56.29982707837616
 30
0.0
  0
VERTEX
  5
6B6
  8
REAR_LEG
 10
1.136607633741093
 20
56.30111606093926
 30
0.0
  0
VERTEX
  5
6B7
  8
REAR_LEG
 10
1.146653704042935
 20
56.3029206365276
 30
0.0
  0
VERTEX
  5
6B8
  8
REAR_LEG
 10
1.15646396048052
 20
56.30524080514117
 30
0.0
  0
VERTEX
  5
6B9
  8
REAR_LEG
 10
1.166038403053849
 20
56.30807656677997
 30
0.0
  0
VERTEX
  5
6BA
  8
REAR_LEG
 10
1.175377031762921
 20
56.31142792144404
 30
0.0
  0
VERTEX
  5
6BB
  8
REAR_LEG
 10
1.184479846607737
 20
56.31529486913333
 30
0.0
  0
VERTEX
  5
6BC
  8
REAR_LEG
 10
1.193346847588296
 20
56.31967740984786
 30
0.0
  0
VERTEX
  5
6BD
  8
REAR_LEG
 10
1.201978034704599
 20
56.32457554358761
 30
0.0
  0
VERTEX
  5
6BE
  8
REAR_LEG
 10
1.210373407956645
 20
56.32998927035263
 30
0.0
  0
VERTEX
  5
6BF
  8
REAR_LEG
 10
1.218532967344435
 20
56.33591859014287
 30
0.0
  0
VERTEX
  5
6C0
  8
REAR_LEG
 10
1.226456712867969
 20
56.34236350295835
 30
0.0
  0
VERTEX
  5
6C1
  8
REAR_LEG
 10
1.234144644527246
 20
56.34932400879907
 30
0.0
  0
VERTEX
  5
6C2
  8
REAR_LEG
 10
1.241596762322266
 20
56.35680010766504
 30
0.0
  0
VERTEX
  5
6C3
  8
REAR_LEG
 10
1.24881306625303
 20
56.36479179955624
 30
0.0
  0
VERTEX
  5
6C4
  8
REAR_LEG
 10
1.255689638345459
 20
56.37329508762753
 30
0.0
  0
VERTEX
  5
6C5
  8
REAR_LEG
 10
1.262122560625472
 20
56.38230597503373
 30
0.0
  0
VERTEX
  5
6C6
  8
REAR_LEG
 10
1.268111833093071
 20
56.39182446177486
 30
0.0
  0
VERTEX
  5
6C7
  8
REAR_LEG
 10
1.273657455748256
 20
56.40185054785093
 30
0.0
  0
VERTEX
  5
6C8
  8
REAR_LEG
 10
1.278759428591025
 20
56.4123842332619
 30
0.0
  0
VERTEX
  5
6C9
  8
REAR_LEG
 10
1.28341775162138
 20
56.42342551800781
 30
0.0
  0
VERTEX
  5
6CA
  8
REAR_LEG
 10
1.28763242483932
 20
56.43497440208864
 30
0.0
  0
VERTEX
  5
6CB
  8
REAR_LEG
 10
1.291403448244845
 20
56.4470308855044
 30
0.0
  0
VERTEX
  5
6CC
  8
REAR_LEG
 10
1.294730821837955
 20
56.45959496825508
 30
0.0
  0
VERTEX
  5
6CD
  8
REAR_LEG
 10
1.297614545618651
 20
56.47266665034069
 30
0.0
  0
VERTEX
  5
6CE
  8
REAR_LEG
 10
1.300054619586932
 20
56.48624593176122
 30
0.0
  0
VERTEX
  5
6CF
  8
REAR_LEG
 10
1.302051043742799
 20
56.50033281251668
 30
0.0
  0
VERTEX
  5
6D0
  8
REAR_LEG
 10
1.30360381808625
 20
56.51492729260706
 30
0.0
  0
VERTEX
  5
6D1
  8
REAR_LEG
 10
1.304712942617287
 20
56.53002937203237
 30
0.0
  0
VERTEX
  5
6D2
  8
REAR_LEG
 10
1.305378417335909
 20
56.54563905079259
 30
0.0
  0
VERTEX
  5
6D3
  8
REAR_LEG
 10
1.305600242242116
 20
56.56175632888775
 30
0.0
  0
VERTEX
  5
6D4
  8
REAR_LEG
 10
1.305376418913331
 20
56.57823132462445
 30
0.0
  0
VERTEX
  5
6D5
  8
REAR_LEG
 10
1.304704948926973
 20
56.59414676203919
 30
0.0
  0
VERTEX
  5
6D6
  8
REAR_LEG
 10
1.303585832283044
 20
56.60950264113196
 30
0.0
  0
VERTEX
  5
6D7
  8
REAR_LEG
 10
1.302019068981543
 20
56.62429896190277
 30
0.0
  0
VERTEX
  5
6D8
  8
REAR_LEG
 10
1.300004659022471
 20
56.63853572435161
 30
0.0
  0
VERTEX
  5
6D9
  8
REAR_LEG
 10
1.297542602405827
 20
56.65221292847849
 30
0.0
  0
VERTEX
  5
6DA
  8
REAR_LEG
 10
1.294632899131612
 20
56.6653305742834
 30
0.0
  0
VERTEX
  5
6DB
  8
REAR_LEG
 10
1.291275549199824
 20
56.67788866176635
 30
0.0
  0
VERTEX
  5
6DC
  8
REAR_LEG
 10
1.287470552610466
 20
56.68988719092732
 30
0.0
  0
VERTEX
  5
6DD
  8
REAR_LEG
 10
1.283217909363535
 20
56.70132616176635
 30
0.0
  0
VERTEX
  5
6DE
  8
REAR_LEG
 10
1.278517619459033
 20
56.71220557428339
 30
0.0
  0
VERTEX
  5
6DF
  8
REAR_LEG
 10
1.273369682896959
 20
56.72252542847848
 30
0.0
  0
VERTEX
  5
6E0
  8
REAR_LEG
 10
1.267774099677314
 20
56.7322857243516
 30
0.0
  0
VERTEX
  5
6E1
  8
REAR_LEG
 10
1.261730869800097
 20
56.74148646190277
 30
0.0
  0
VERTEX
  5
6E2
  8
REAR_LEG
 10
1.255239993265309
 20
56.75012764113195
 30
0.0
  0
VERTEX
  5
6E3
  8
REAR_LEG
 10
1.248301470072949
 20
56.75820926203919
 30
0.0
  0
VERTEX
  5
6E4
  8
REAR_LEG
 10
1.240991240280998
 20
56.76576729623086
 30
0.0
  0
VERTEX
  5
6E5
  8
REAR_LEG
 10
1.233385243947437
 20
56.7728377153134
 30
0.0
  0
VERTEX
  5
6E6
  8
REAR_LEG
 10
1.225483481072266
 20
56.77942051928679
 30
0.0
  0
VERTEX
  5
6E7
  8
REAR_LEG
 10
1.217285951655486
 20
56.78551570815105
 30
0.0
  0
VERTEX
  5
6E8
  8
REAR_LEG
 10
1.208792655697096
 20
56.79112328190617
 30
0.0
  0
VERTEX
  5
6E9
  8
REAR_LEG
 10
1.200003593197096
 20
56.79624324055214
 30
0.0
  0
VERTEX
  5
6EA
  8
REAR_LEG
 10
1.190918764155486
 20
56.80087558408897
 30
0.0
  0
VERTEX
  5
6EB
  8
REAR_LEG
 10
1.181538168572266
 20
56.80502031251667
 30
0.0
  0
VERTEX
  5
6EC
  8
REAR_LEG
 10
1.171861806447437
 20
56.80867742583523
 30
0.0
  0
VERTEX
  5
6ED
  8
REAR_LEG
 10
1.161889677780998
 20
56.81184692404464
 30
0.0
  0
VERTEX
  5
6EE
  8
REAR_LEG
 10
1.151621782572949
 20
56.81452880714491
 30
0.0
  0
VERTEX
  5
6EF
  8
REAR_LEG
 10
1.14105812082329
 20
56.81672307513605
 30
0.0
  0
VERTEX
  5
6F0
  8
REAR_LEG
 10
1.130198692532021
 20
56.81842972801803
 30
0.0
  0
VERTEX
  5
6F1
  8
REAR_LEG
 10
1.119043497699142
 20
56.81964876579089
 30
0.0
  0
VERTEX
  5
6F2
  8
REAR_LEG
 10
1.107592536324654
 20
56.8203801884546
 30
0.0
  0
VERTEX
  5
6F3
  8
REAR_LEG
 10
1.095845808408556
 20
56.82062399600918
 30
0.0
  0
VERTEX
  5
6F4
  8
REAR_LEG
 10
1.080817670618651
 20
56.82016036197097
 30
0.0
  0
VERTEX
  5
6F5
  8
REAR_LEG
 10
1.065917431873767
 20
56.81876945985638
 30
0.0
  0
VERTEX
  5
6F6
  8
REAR_LEG
 10
1.051145092173903
 20
56.81645128966538
 30
0.0
  0
VERTEX
  5
6F7
  8
REAR_LEG
 10
1.03650065151906
 20
56.813205851398
 30
0.0
  0
VERTEX
  5
6F8
  8
REAR_LEG
 10
1.021984109909238
 20
56.8090331450542
 30
0.0
  0
VERTEX
  5
6F9
  8
REAR_LEG
 10
1.007595467344436
 20
56.80393317063401
 30
0.0
  0
VERTEX
  5
6FA
  8
REAR_LEG
 10
0.9933347238246538
 20
56.79790592813741
 30
0.0
  0
VERTEX
  5
6FB
  8
REAR_LEG
 10
0.9792018793498926
 20
56.79095141756443
 30
0.0
  0
VERTEX
  5
6FC
  8
REAR_LEG
 10
0.9685862586131941
 20
56.78503608673223
 30
0.0
  0
VERTEX
  5
6FD
  8
REAR_LEG
 10
0.9577148397864547
 20
56.77803361401737
 30
0.0
  0
VERTEX
  5
6FE
  8
REAR_LEG
 10
0.9465876228696743
 20
56.76994399941982
 30
0.0
  0
VERTEX
  5
6FF
  8
REAR_LEG
 10
0.935204607862853
 20
56.7607672429396
 30
0.0
  0
VERTEX
  5
700
  8
REAR_LEG
 10
0.9235657947659908
 20
56.75050334457671
 30
0.0
  0
VERTEX
  5
701
  8
REAR_LEG
 10
0.9116711835790876
 20
56.73915230433114
 30
0.0
  0
VERTEX
  5
702
  8
REAR_LEG
 10
0.8995207743021436
 20
56.7267141222029
 30
0.0
  0
VERTEX
  5
703
  8
REAR_LEG
 10
0.8871145669351586
 20
56.71318879819199
 30
0.0
  0
VERTEX
  5
704
  8
REAR_LEG
 10
0.532066817958351
 20
56.76434841620017
 30
0.0
  0
SEQEND
  5
15AB
  8
REAR_LEG
  0
POLYLINE
  5
87
  8
REAR_LEG
 66
     1
 10
0.0
 20
0.0
 30
0.0
 70
     1
  0
VERTEX
  5
705
  8
REAR_LEG
 10
1.682135030782361
 20
54.98297051715515
 30
0.0
  0
VERTEX
  5
706
  8
REAR_LEG
 10
1.267742124916058
 20
54.93181089914697
 30
0.0
  0
VERTEX
  5
707
  8
REAR_LEG
 10
1.263305626791911
 20
54.95275436776907
 30
0.0
  0
VERTEX
  5
708
  8
REAR_LEG
 10
1.258181671300779
 20
54.97209909832841
 30
0.0
  0
VERTEX
  5
709
  8
REAR_LEG
 10
1.252370258442661
 20
54.989845090825
 30
0.0
  0
VERTEX
  5
70A
  8
REAR_LEG
 10
1.249206755500983
 20
54.99811856029976
 30
0.0
  0
VERTEX
  5
70B
  8
REAR_LEG
 10
1.245871388217559
 20
55.00599234525883
 30
0.0
  0
VERTEX
  5
70C
  8
REAR_LEG
 10
1.242364156592389
 20
55.01346644570221
 30
0.0
  0
VERTEX
  5
70D
  8
REAR_LEG
 10
1.238685060625472
 20
55.02054086162991
 30
0.0
  0
VERTEX
  5
70E
  8
REAR_LEG
 10
1.234834100316809
 20
55.02721559304192
 30
0.0
  0
VERTEX
  5
70F
  8
REAR_LEG
 10
1.230811275666399
 20
55.03349063993824
 30
0.0
  0
VERTEX
  5
710
  8
REAR_LEG
 10
1.226616586674244
 20
55.03936600231886
 30
0.0
  0
VERTEX
  5
711
  8
REAR_LEG
 10
1.222250033340342
 20
55.0448416801838
 30
0.0
  0
VERTEX
  5
712
  8
REAR_LEG
 10
1.217711615664694
 20
55.04991767353305
 30
0.0
  0
VERTEX
  5
713
  8
REAR_LEG
 10
1.2130013336473
 20
55.05459398236661
 30
0.0
  0
VERTEX
  5
714
  8
REAR_LEG
 10
1.208135174668787
 20
55.05893055936184
 30
0.0
  0
VERTEX
  5
715
  8
REAR_LEG
 10
1.203129126109783
 20
55.06298735719608
 30
0.0
  0
VERTEX
  5
716
  8
REAR_LEG
 10
1.197983187970288
 20
55.06676437586933
 30
0.0
  0
VERTEX
  5
717
  8
REAR_LEG
 10
1.192697360250301
 20
55.07026161538162
 30
0.0
  0
VERTEX
  5
718
  8
REAR_LEG
 10
1.187271642949824
 20
55.07347907573292
 30
0.0
  0
VERTEX
  5
719
  8
REAR_LEG
 10
1.181706036068855
 20
55.07641675692323
 30
0.0
  0
VERTEX
  5
71A
  8
REAR_LEG
 10
1.176000539607396
 20
55.07907465895256
 30
0.0
  0
VERTEX
  5
71B
  8
REAR_LEG
 10
1.170155153565445
 20
55.08145278182091
 30
0.0
  0
VERTEX
  5
71C
  8
REAR_LEG
 10
1.164169877943003
 20
55.08355112552827
 30
0.0
  0
VERTEX
  5
71D
  8
REAR_LEG
 10
1.158044712740069
 20
55.08536969007466
 30
0.0
  0
VERTEX
  5
71E
  8
REAR_LEG
 10
1.151779657956645
 20
55.08690847546006
 30
0.0
  0
VERTEX
  5
71F
  8
REAR_LEG
 10
1.14537471359273
 20
55.08816748168448
 30
0.0
  0
VERTEX
  5
720
  8
REAR_LEG
 10
1.132145156123425
 20
55.08984615665037
 30
0.0
  0
VERTEX
  5
721
  8
REAR_LEG
 10
1.118356040332157
 20
55.09040571497234
 30
0.0
  0
VERTEX
  5
722
  8
REAR_LEG
 10
1.105869896062034
 20
55.09000603045665
 30
0.0
  0
VERTEX
  5
723
  8
REAR_LEG
 10
1.093735474165717
 20
55.08880697690959
 30
0.0
  0
VERTEX
  5
724
  8
REAR_LEG
 10
1.081952774643207
 20
55.08680855433114
 30
0.0
  0
VERTEX
  5
725
  8
REAR_LEG
 10
1.070521797494503
 20
55.08401076272132
 30
0.0
  0
VERTEX
  5
726
  8
REAR_LEG
 10
1.059442542719605
 20
55.08041360208012
 30
0.0
  0
VERTEX
  5
727
  8
REAR_LEG
 10
1.048715010318514
 20
55.07601707240754
 30
0.0
  0
VERTEX
  5
728
  8
REAR_LEG
 10
1.038339200291229
 20
55.07082117370359
 30
0.0
  0
VERTEX
  5
729
  8
REAR_LEG
 10
1.02831511263775
 20
55.06482590596825
 30
0.0
  0
VERTEX
  5
72A
  8
REAR_LEG
 10
1.018642747358078
 20
55.05803126920154
 30
0.0
  0
VERTEX
  5
72B
  8
REAR_LEG
 10
1.009322104452211
 20
55.05043726340344
 30
0.0
  0
VERTEX
  5
72C
  8
REAR_LEG
 10
1.000353183920151
 20
55.04204388857398
 30
0.0
  0
VERTEX
  5
72D
  8
REAR_LEG
 10
0.9917359857618975
 20
55.03285114471313
 30
0.0
  0
VERTEX
  5
72E
  8
REAR_LEG
 10
0.9834705099774499
 20
55.02285903182091
 30
0.0
  0
VERTEX
  5
72F
  8
REAR_LEG
 10
0.9755567565668087
 20
55.01206754989731
 30
0.0
  0
VERTEX
  5
730
  8
REAR_LEG
 10
0.9679947255299738
 20
55.00047669894233
 30
0.0
  0
VERTEX
  5
731
  8
REAR_LEG
 10
0.9607844168669452
 20
54.98808647895597
 30
0.0
  0
VERTEX
  5
732
  8
REAR_LEG
 10
0.9557523888144211
 20
54.97822226510877
 30
0.0
  0
VERTEX
  5
733
  8
REAR_LEG
 10
0.9508882282584866
 20
54.96704708605011
 30
0.0
  0
VERTEX
  5
734
  8
REAR_LEG
 10
0.9461919351991415
 20
54.95456094177999
 30
0.0
  0
VERTEX
  5
735
  8
REAR_LEG
 10
0.9416635096363857
 20
54.9407638322984
 30
0.0
  0
VERTEX
  5
736
  8
REAR_LEG
 10
0.9373029515702193
 20
54.92565575760536
 30
0.0
  0
VERTEX
  5
737
  8
REAR_LEG
 10
0.9331102610006421
 20
54.90923671770086
 30
0.0
  0
VERTEX
  5
738
  8
REAR_LEG
 10
0.9290854379276545
 20
54.8915067125849
 30
0.0
  0
VERTEX
  5
739
  8
REAR_LEG
 10
0.9252284823512562
 20
54.87246574225748
 30
0.0
  0
VERTEX
  5
73A
  8
REAR_LEG
 10
0.9215393942714472
 20
54.85211380671859
 30
0.0
  0
VERTEX
  5
73B
  8
REAR_LEG
 10
0.9180181736882274
 20
54.83045090596825
 30
0.0
  0
VERTEX
  5
73C
  8
REAR_LEG
 10
0.9146648206015972
 20
54.80747704000645
 30
0.0
  0
VERTEX
  5
73D
  8
REAR_LEG
 10
0.9114793350115562
 20
54.78319220883319
 30
0.0
  0
VERTEX
  5
73E
  8
REAR_LEG
 10
0.9084617169181047
 20
54.75759641244846
 30
0.0
  0
VERTEX
  5
73F
  8
REAR_LEG
 10
0.9056119663212425
 20
54.73068965085228
 30
0.0
  0
VERTEX
  5
740
  8
REAR_LEG
 10
0.9004160676172862
 20
54.67294323202555
 30
0.0
  0
VERTEX
  5
741
  8
REAR_LEG
 10
0.919153277712784
 20
54.69125677653441
 30
0.0
  0
VERTEX
  5
742
  8
REAR_LEG
 10
0.9380183868533025
 20
54.70833929273495
 30
0.0
  0
VERTEX
  5
743
  8
REAR_LEG
 10
0.9570113950388413
 20
54.72419078062718
 30
0.0
  0
VERTEX
  5
744
  8
REAR_LEG
 10
0.9761323022694007
 20
54.73881124021108
 30
0.0
  0
VERTEX
  5
745
  8
REAR_LEG
 10
0.9953811085449805
 20
54.75220067148666
 30
0.0
  0
VERTEX
  5
746
  8
REAR_LEG
 10
1.014757813865581
 20
54.76435907445392
 30
0.0
  0
VERTEX
  5
747
  8
REAR_LEG
 10
1.034262418231202
 20
54.77528644911285
 30
0.0
  0
VERTEX
  5
748
  8
REAR_LEG
 10
1.053894921641843
 20
54.78498279546347
 30
0.0
  0
VERTEX
  5
749
  8
REAR_LEG
 10
1.063839072392184
 20
54.78938132355863
 30
0.0
  0
VERTEX
  5
74A
  8
REAR_LEG
 10
1.073975071710056
 20
54.79349607564765
 30
0.0
  0
VERTEX
  5
74B
  8
REAR_LEG
 10
1.084302919595458
 20
54.79732705173052
 30
0.0
  0
VERTEX
  5
74C
  8
REAR_LEG
 10
1.094822616048391
 20
54.80087425180726
 30
0.0
  0
VERTEX
  5
74D
  8
REAR_LEG
 10
1.105534161068855
 20
54.80413767587785
 30
0.0
  0
VERTEX
  5
74E
  8
REAR_LEG
 10
1.11643755465685
 20
54.80711732394232
 30
0.0
  0
VERTEX
  5
74F
  8
REAR_LEG
 10
1.127532796812375
 20
54.80981319600065
 30
0.0
  0
VERTEX
  5
750
  8
REAR_LEG
 10
1.138819887535431
 20
54.81222529205283
 30
0.0
  0
VERTEX
  5
751
  8
REAR_LEG
 10
1.150298826826018
 20
54.81435361209887
 30
0.0
  0
VERTEX
  5
752
  8
REAR_LEG
 10
1.161969614684135
 20
54.81619815613877
 30
0.0
  0
VERTEX
  5
753
  8
REAR_LEG
 10
1.173832251109783
 20
54.81775892417254
 30
0.0
  0
VERTEX
  5
754
  8
REAR_LEG
 10
1.185886736102962
 20
54.81903591620016
 30
0.0
  0
VERTEX
  5
755
  8
REAR_LEG
 10
1.210571251791911
 20
54.820738572237
 30
0.0
  0
VERTEX
  5
756
  8
REAR_LEG
 10
1.236023161750983
 20
54.82130612424928
 30
0.0
  0
VERTEX
  5
757
  8
REAR_LEG
 10
1.260849565443003
 20
54.82074656592732
 30
0.0
  0
VERTEX
  5
758
  8
REAR_LEG
 10
1.285192350871038
 20
54.81906789096142
 30
0.0
  0
VERTEX
  5
759
  8
REAR_LEG
 10
1.30905151803509
 20
54.8162700993516
 30
0.0
  0
VERTEX
  5
75A
  8
REAR_LEG
 10
1.332427066935158
 20
54.81235319109785
 30
0.0
  0
VERTEX
  5
75B
  8
REAR_LEG
 10
1.355318997571243
 20
54.80731716620017
 30
0.0
  0
VERTEX
  5
75C
  8
REAR_LEG
 10
1.366583606040291
 20
54.80437948500986
 30
0.0
  0
VERTEX
  5
75D
  8
REAR_LEG
 10
1.377727309943344
 20
54.80116202465856
 30
0.0
  0
VERTEX
  5
75E
  8
REAR_LEG
 10
1.3887501092804
 20
54.79766478514627
 30
0.0
  0
VERTEX
  5
75F
  8
REAR_LEG
 10
1.399652004051461
 20
54.79388776647302
 30
0.0
  0
VERTEX
  5
760
  8
REAR_LEG
 10
1.410432994256526
 20
54.78983096863878
 30
0.0
  0
VERTEX
  5
761
  8
REAR_LEG
 10
1.421093079895595
 20
54.78549439164355
 30
0.0
  0
VERTEX
  5
762
  8
REAR_LEG
 10
1.431632260968668
 20
54.78087803548735
 30
0.0
  0
VERTEX
  5
763
  8
REAR_LEG
 10
1.442050537475745
 20
54.77598190017015
 30
0.0
  0
VERTEX
  5
764
  8
REAR_LEG
 10
1.452347909416826
 20
54.77080598569198
 30
0.0
  0
VERTEX
  5
765
  8
REAR_LEG
 10
1.462524376791911
 20
54.76535029205283
 30
0.0
  0
VERTEX
  5
766
  8
REAR_LEG
 10
1.472579939601001
 20
54.75961481925269
 30
0.0
  0
VERTEX
  5
767
  8
REAR_LEG
 10
1.482514597844094
 20
54.75359956729157
 30
0.0
  0
VERTEX
  5
768
  8
REAR_LEG
 10
1.492328351521191
 20
54.74730453616947
 30
0.0
  0
VERTEX
  5
769
  8
REAR_LEG
 10
1.502021200632293
 20
54.74072972588639
 30
0.0
  0
VERTEX
  5
76A
  8
REAR_LEG
 10
1.521044185156509
 20
54.72674076783728
 30
0.0
  0
VERTEX
  5
76B
  8
REAR_LEG
 10
1.539583551416741
 20
54.71163269314424
 30
0.0
  0
VERTEX
  5
76C
  8
REAR_LEG
 10
1.557639299412989
 20
54.69540550180727
 30
0.0
  0
VERTEX
  5
76D
  8
REAR_LEG
 10
1.575211429145253
 20
54.67805919382636
 30
0.0
  0
VERTEX
  5
76E
  8
REAR_LEG
 10
1.5837411963157
 20
54.66903131982824
 30
0.0
  0
VERTEX
  5
76F
  8
REAR_LEG
 10
1.592000177226768
 20
54.65985356413673
 30
0.0
  0
VERTEX
  5
770
  8
REAR_LEG
 10
1.599988371878456
 20
54.65052592675184
 30
0.0
  0
VERTEX
  5
771
  8
REAR_LEG
 10
1.607705780270765
 20
54.64104840767357
 30
0.0
  0
VERTEX
  5
772
  8
REAR_LEG
 10
1.615152402403695
 20
54.6314210069019
 30
0.0
  0
VERTEX
  5
773
  8
REAR_LEG
 10
1.622328238277245
 20
54.62164372443686
 30
0.0
  0
VERTEX
  5
774
  8
REAR_LEG
 10
1.629233287891416
 20
54.61171656027844
 30
0.0
  0
VERTEX
  5
775
  8
REAR_LEG
 10
1.635867551246208
 20
54.60163951442664
 30
0.0
  0
VERTEX
  5
776
  8
REAR_LEG
 10
1.642231028341621
 20
54.59141258688144
 30
0.0
  0
VERTEX
  5
777
  8
REAR_LEG
 10
1.648323719177655
 20
54.58103577764287
 30
0.0
  0
VERTEX
  5
778
  8
REAR_LEG
 10
1.654145623754309
 20
54.57050908671091
 30
0.0
  0
VERTEX
  5
779
  8
REAR_LEG
 10
1.659696742071584
 20
54.55983251408557
 30
0.0
  0
VERTEX
  5
77A
  8
REAR_LEG
 10
1.664977074129479
 20
54.54900605976684
 30
0.0
  0
VERTEX
  5
77B
  8
REAR_LEG
 10
1.669986619927996
 20
54.53802972375473
 30
0.0
  0
VERTEX
  5
77C
  8
REAR_LEG
 10
1.674725379467133
 20
54.52690350604924
 30
0.0
  0
VERTEX
  5
77D
  8
REAR_LEG
 10
1.679193352746891
 20
54.51562740665037
 30
0.0
  0
VERTEX
  5
77E
  8
REAR_LEG
 10
1.683390539767269
 20
54.50420142555812
 30
0.0
  0
VERTEX
  5
77F
  8
REAR_LEG
 10
1.687316940528268
 20
54.49262556277248
 30
0.0
  0
VERTEX
  5
780
  8
REAR_LEG
 10
1.690972555029888
 20
54.48089981829345
 30
0.0
  0
VERTEX
  5
781
  8
REAR_LEG
 10
1.694357383272129
 20
54.46902419212105
 30
0.0
  0
VERTEX
  5
782
  8
REAR_LEG
 10
1.700314680978473
 20
54.44482329469608
 30
0.0
  0
VERTEX
  5
783
  8
REAR_LEG
 10
1.7051888336473
 20
54.42002287049758
 30
0.0
  0
VERTEX
  5
784
  8
REAR_LEG
 10
1.70897984127861
 20
54.39462291952555
 30
0.0
  0
VERTEX
  5
785
  8
REAR_LEG
 10
1.711687703872402
 20
54.36862344177998
 30
0.0
  0
VERTEX
  5
786
  8
REAR_LEG
 10
1.713312421428678
 20
54.34202443726088
 30
0.0
  0
VERTEX
  5
787
  8
REAR_LEG
 10
1.713853993947436
 20
54.31482590596825
 30
0.0
  0
VERTEX
  5
788
  8
REAR_LEG
 10
1.713580210054189
 20
54.2963804655692
 30
0.0
  0
VERTEX
  5
789
  8
REAR_LEG
 10
1.712758858374449
 20
54.278134867428
 30
0.0
  0
VERTEX
  5
78A
  8
REAR_LEG
 10
1.711389938908214
 20
54.26008911154464
 30
0.0
  0
VERTEX
  5
78B
  8
REAR_LEG
 10
1.709473451655485
 20
54.24224319791914
 30
0.0
  0
VERTEX
  5
78C
  8
REAR_LEG
 10
1.707009396616263
 20
54.22459712655147
 30
0.0
  0
VERTEX
  5
78D
  8
REAR_LEG
 10
1.703997773790547
 20
54.20715089744164
 30
0.0
  0
VERTEX
  5
78E
  8
REAR_LEG
 10
1.700438583178337
 20
54.18990451058966
 30
0.0
  0
VERTEX
  5
78F
  8
REAR_LEG
 10
1.696331824779633
 20
54.17285796599553
 30
0.0
  0
VERTEX
  5
790
  8
REAR_LEG
 10
1.691677498594435
 20
54.15601126365925
 30
0.0
  0
VERTEX
  5
791
  8
REAR_LEG
 10
1.686475604622744
 20
54.1393644035808
 30
0.0
  0
VERTEX
  5
792
  8
REAR_LEG
 10
1.680726142864558
 20
54.1229173857602
 30
0.0
  0
VERTEX
  5
793
  8
REAR_LEG
 10
1.674429113319878
 20
54.10667021019744
 30
0.0
  0
VERTEX
  5
794
  8
REAR_LEG
 10
1.667584515988705
 20
54.09062287689253
 30
0.0
  0
VERTEX
  5
795
  8
REAR_LEG
 10
1.660192350871038
 20
54.07477538584547
 30
0.0
  0
VERTEX
  5
796
  8
REAR_LEG
 10
1.652252617966877
 20
54.05912773705624
 30
0.0
  0
VERTEX
  5
797
  8
REAR_LEG
 10
1.643765317276222
 20
54.04367993052487
 30
0.0
  0
VERTEX
  5
798
  8
REAR_LEG
 10
1.634792399899005
 20
54.02856586056409
 30
0.0
  0
VERTEX
  5
799
  8
REAR_LEG
 10
1.625395816935158
 20
54.01391942148667
 30
0.0
  0
VERTEX
  5
79A
  8
REAR_LEG
 10
1.61557556838468
 20
53.9997406132926
 30
0.0
  0
VERTEX
  5
79B
  8
REAR_LEG
 10
1.605331654247573
 20
53.98602943598189
 30
0.0
  0
VERTEX
  5
79C
  8
REAR_LEG
 10
1.594664074523835
 20
53.97278588955453
 30
0.0
  0
VERTEX
  5
79D
  8
REAR_LEG
 10
1.583572829213466
 20
53.96000997401053
 30
0.0
  0
VERTEX
  5
79E
  8
REAR_LEG
 10
1.572057918316468
 20
53.9477016893499
 30
0.0
  0
VERTEX
  5
79F
  8
REAR_LEG
 10
1.560119341832839
 20
53.93586103557261
 30
0.0
  0
VERTEX
  5
7A0
  8
REAR_LEG
 10
1.54775709976258
 20
53.92448801267868
 30
0.0
  0
VERTEX
  5
7A1
  8
REAR_LEG
 10
1.53497119210569
 20
53.91358262066811
 30
0.0
  0
VERTEX
  5
7A2
  8
REAR_LEG
 10
1.52176161886217
 20
53.90314485954089
 30
0.0
  0
VERTEX
  5
7A3
  8
REAR_LEG
 10
1.50812838003202
 20
53.89317472929703
 30
0.0
  0
VERTEX
  5
7A4
  8
REAR_LEG
 10
1.49407147561524
 20
53.88367222993653
 30
0.0
  0
VERTEX
  5
7A5
  8
REAR_LEG
 10
1.479590905611829
 20
53.87463736145938
 30
0.0
  0
VERTEX
  5
7A6
  8
REAR_LEG
 10
1.464686670021788
 20
53.86607012386558
 30
0.0
  0
VERTEX
  5
7A7
  8
REAR_LEG
 10
1.449358768845117
 20
53.85797051715515
 30
0.0
  0
VERTEX
  5
7A8
  8
REAR_LEG
 10
1.433573228897982
 20
53.85035053186354
 30
0.0
  0
VERTEX
  5
7A9
  8
REAR_LEG
 10
1.417296076996549
 20
53.84322215852623
 30
0.0
  0
VERTEX
  5
7AA
  8
REAR_LEG
 10
1.40052731314082
 20
53.83658539714321
 30
0.0
  0
VERTEX
  5
7AB
  8
REAR_LEG
 10
1.383266937330792
 20
53.83044024771449
 30
0.0
  0
VERTEX
  5
7AC
  8
REAR_LEG
 10
1.365514949566468
 20
53.82478671024008
 30
0.0
  0
VERTEX
  5
7AD
  8
REAR_LEG
 10
1.347271349847845
 20
53.81962478471996
 30
0.0
  0
VERTEX
  5
7AE
  8
REAR_LEG
 10
1.328536138174926
 20
53.81495447115413
 30
0.0
  0
VERTEX
  5
7AF
  8
REAR_LEG
 10
1.309309314547709
 20
53.8107757695426
 30
0.0
  0
VERTEX
  5
7B0
  8
REAR_LEG
 10
1.289590878966195
 20
53.80708867988537
 30
0.0
  0
VERTEX
  5
7B1
  8
REAR_LEG
 10
1.269380831430383
 20
53.80389320218244
 30
0.0
  0
VERTEX
  5
7B2
  8
REAR_LEG
 10
1.248679171940274
 20
53.80118933643381
 30
0.0
  0
VERTEX
  5
7B3
  8
REAR_LEG
 10
1.227485900495867
 20
53.79897708263947
 30
0.0
  0
VERTEX
  5
7B4
  8
REAR_LEG
 10
1.205801017097163
 20
53.79725644079942
 30
0.0
  0
VERTEX
  5
7B5
  8
REAR_LEG
 10
1.183624521744162
 20
53.79602741091368
 30
0.0
  0
VERTEX
  5
7B6
  8
REAR_LEG
 10
1.160956414436863
 20
53.79528999298223
 30
0.0
  0
VERTEX
  5
7B7
  8
REAR_LEG
 10
1.137796695175267
 20
53.79504418700508
 30
0.0
  0
VERTEX
  5
7B8
  8
REAR_LEG
 10
1.110006630799415
 20
53.79534395039185
 30
0.0
  0
VERTEX
  5
7B9
  8
REAR_LEG
 10
1.082912017480861
 20
53.79624324055215
 30
0.0
  0
VERTEX
  5
7BA
  8
REAR_LEG
 10
1.056512855219606
 20
53.79774205748598
 30
0.0
  0
VERTEX
  5
7BB
  8
REAR_LEG
 10
1.030809144015649
 20
53.79984040119335
 30
0.0
  0
VERTEX
  5
7BC
  8
REAR_LEG
 10
1.005800883868992
 20
53.80253827167425
 30
0.0
  0
VERTEX
  5
7BD
  8
REAR_LEG
 10
0.9814880747796328
 20
53.80583566892868
 30
0.0
  0
VERTEX
  5
7BE
  8
REAR_LEG
 10
0.9578707167475727
 20
53.80973259295665
 30
0.0
  0
VERTEX
  5
7BF
  8
REAR_LEG
 10
0.9349488097728115
 20
53.81422904375815
 30
0.0
  0
VERTEX
  5
7C0
  8
REAR_LEG
 10
0.9127223538553491
 20
53.81932502133319
 30
0.0
  0
VERTEX
  5
7C1
  8
REAR_LEG
 10
0.8911913489951853
 20
53.82502052568175
 30
0.0
  0
VERTEX
  5
7C2
  8
REAR_LEG
 10
0.8703557951923203
 20
53.83131555680386
 30
0.0
  0
VERTEX
  5
7C3
  8
REAR_LEG
 10
0.8502156924467541
 20
53.83821011469949
 30
0.0
  0
VERTEX
  5
7C4
  8
REAR_LEG
 10
0.8307710407584867
 20
53.84570419936865
 30
0.0
  0
VERTEX
  5
7C5
  8
REAR_LEG
 10
0.8120218401275181
 20
53.85379781081136
 30
0.0
  0
VERTEX
  5
7C6
  8
REAR_LEG
 10
0.7939680905538482
 20
53.86249094902759
 30
0.0
  0
VERTEX
  5
7C7
  8
REAR_LEG
 10
0.7766097920374772
 20
53.87178361401736
 30
0.0
  0
VERTEX
  5
7C8
  8
REAR_LEG
 10
0.759813050265649
 20
53.88173376003543
 30
0.0
  0
VERTEX
  5
7C9
  8
REAR_LEG
 10
0.7434439709256081
 20
53.8923993413366
 30
0.0
  0
VERTEX
  5
7CA
  8
REAR_LEG
 10
0.7275025540173543
 20
53.90378035792084
 30
0.0
  0
VERTEX
  5
7CB
  8
REAR_LEG
 10
0.7119887995408878
 20
53.91587680978817
 30
0.0
  0
VERTEX
  5
7CC
  8
REAR_LEG
 10
0.6969027074962084
 20
53.92868869693858
 30
0.0
  0
VERTEX
  5
7CD
  8
REAR_LEG
 10
0.6822442778833162
 20
53.94221601937207
 30
0.0
  0
VERTEX
  5
7CE
  8
REAR_LEG
 10
0.6680135107022112
 20
53.95645877708863
 30
0.0
  0
VERTEX
  5
7CF
  8
REAR_LEG
 10
0.6542104059528933
 20
53.9714169700883
 30
0.0
  0
VERTEX
  5
7D0
  8
REAR_LEG
 10
0.6408349636353625
 20
53.98709059837104
 30
0.0
  0
VERTEX
  5
7D1
  8
REAR_LEG
 10
0.6278871837496189
 20
54.00347966193686
 30
0.0
  0
VERTEX
  5
7D2
  8
REAR_LEG
 10
0.6153670662956626
 20
54.02058416078577
 30
0.0
  0
VERTEX
  5
7D3
  8
REAR_LEG
 10
0.6032746112734935
 20
54.03840409491777
 30
0.0
  0
VERTEX
  5
7D4
  8
REAR_LEG
 10
0.5916098186831115
 20
54.05693946433284
 30
0.0
  0
VERTEX
  5
7D5
  8
REAR_LEG
 10
0.5803726885245166
 20
54.076190269031
 30
0.0
  0
VERTEX
  5
7D6
  8
REAR_LEG
 10
0.569563220797709
 20
54.09615650901225
 30
0.0
  0
VERTEX
  5
7D7
  8
REAR_LEG
 10
0.5591814155026886
 20
54.11683818427657
 30
0.0
  0
VERTEX
  5
7D8
  8
REAR_LEG
 10
0.5493311906135344
 20
54.13830324119164
 30
0.0
  0
VERTEX
  5
7D9
  8
REAR_LEG
 10
0.5401164641043257
 20
54.16061962612513
 30
0.0
  0
VERTEX
  5
7DA
  8
REAR_LEG
 10
0.5315372359750624
 20
54.18378733907704
 30
0.0
  0
VERTEX
  5
7DB
  8
REAR_LEG
 10
0.5235935062257446
 20
54.20780638004737
 30
0.0
  0
VERTEX
  5
7DC
  8
REAR_LEG
 10
0.5162852748563722
 20
54.23267674903612
 30
0.0
  0
VERTEX
  5
7DD
  8
REAR_LEG
 10
0.5096125418669452
 20
54.25839844604328
 30
0.0
  0
VERTEX
  5
7DE
  8
REAR_LEG
 10
0.5035753072574636
 20
54.28497147106886
 30
0.0
  0
VERTEX
  5
7DF
  8
REAR_LEG
 10
0.4981735710279275
 20
54.31239582411286
 30
0.0
  0
VERTEX
  5
7E0
  8
REAR_LEG
 10
0.4934073331783367
 20
54.34067150517528
 30
0.0
  0
VERTEX
  5
7E1
  8
REAR_LEG
 10
0.4892765937086915
 20
54.36979851425611
 30
0.0
  0
VERTEX
  5
7E2
  8
REAR_LEG
 10
0.4857813526189916
 20
54.39977685135536
 30
0.0
  0
VERTEX
  5
7E3
  8
REAR_LEG
 10
0.4829216099092372
 20
54.43060651647302
 30
0.0
  0
VERTEX
  5
7E4
  8
REAR_LEG
 10
0.4806973655794282
 20
54.46228750960911
 30
0.0
  0
VERTEX
  5
7E5
  8
REAR_LEG
 10
0.4791086196295646
 20
54.49481983076361
 30
0.0
  0
VERTEX
  5
7E6
  8
REAR_LEG
 10
0.4781553720596464
 20
54.52820347993654
 30
0.0
  0
VERTEX
  5
7E7
  8
REAR_LEG
 10
0.4778376228696737
 20
54.56243845712787
 30
0.0
  0
VERTEX
  5
7E8
  8
REAR_LEG
 10
0.4780044911549738
 20
54.58761408516547
 30
0.0
  0
VERTEX
  5
7E9
  8
REAR_LEG
 10
0.4785050960108742
 20
54.61236504840515
 30
0.0
  0
VERTEX
  5
7EA
  8
REAR_LEG
 10
0.4793394374373749
 20
54.63669134684692
 30
0.0
  0
VERTEX
  5
7EB
  8
REAR_LEG
 10
0.4805075154344758
 20
54.66059298049076
 30
0.0
  0
VERTEX
  5
7EC
  8
REAR_LEG
 10
0.4820093300021771
 20
54.68406994933668
 30
0.0
  0
VERTEX
  5
7ED
  8
REAR_LEG
 10
0.4838448811404786
 20
54.70712225338468
 30
0.0
  0
VERTEX
  5
7EE
  8
REAR_LEG
 10
0.4860141688493804
 20
54.72974989263476
 30
0.0
  0
VERTEX
  5
7EF
  8
REAR_LEG
 10
0.4885171931288824
 20
54.75195286708693
 30
0.0
  0
VERTEX
  5
7F0
  8
REAR_LEG
 10
0.4913539539789847
 20
54.77373117674119
 30
0.0
  0
VERTEX
  5
7F1
  8
REAR_LEG
 10
0.4945244513996873
 20
54.79508482159751
 30
0.0
  0
VERTEX
  5
7F2
  8
REAR_LEG
 10
0.4980286853909902
 20
54.81601380165592
 30
0.0
  0
VERTEX
  5
7F3
  8
REAR_LEG
 10
0.5018666559528933
 20
54.83651811691641
 30
0.0
  0
VERTEX
  5
7F4
  8
REAR_LEG
 10
0.5060383630853966
 20
54.85659776737898
 30
0.0
  0
VERTEX
  5
7F5
  8
REAR_LEG
 10
0.5105438067885004
 20
54.87625275304363
 30
0.0
  0
VERTEX
  5
7F6
  8
REAR_LEG
 10
0.5153829870622044
 20
54.89548307391036
 30
0.0
  0
VERTEX
  5
7F7
  8
REAR_LEG
 10
0.5205559039065086
 20
54.91428872997916
 30
0.0
  0
VERTEX
  5
7F8
  8
REAR_LEG
 10
0.526062557321413
 20
54.93266972125005
 30
0.0
  0
VERTEX
  5
7F9
  8
REAR_LEG
 10
0.5319029473069179
 20
54.95062604772302
 30
0.0
  0
VERTEX
  5
7FA
  8
REAR_LEG
 10
0.538077073863023
 20
54.96815770939807
 30
0.0
  0
VERTEX
  5
7FB
  8
REAR_LEG
 10
0.5445849369897282
 20
54.9852647062752
 30
0.0
  0
VERTEX
  5
7FC
  8
REAR_LEG
 10
0.5514265366870339
 20
55.00194703835442
 30
0.0
  0
VERTEX
  5
7FD
  8
REAR_LEG
 10
0.5586018729549397
 20
55.01820470563571
 30
0.0
  0
VERTEX
  5
7FE
  8
REAR_LEG
 10
0.5661109457934459
 20
55.03403770811909
 30
0.0
  0
VERTEX
  5
7FF
  8
REAR_LEG
 10
0.5739537552025522
 20
55.04944604580454
 30
0.0
  0
VERTEX
  5
800
  8
REAR_LEG
 10
0.582130301182259
 20
55.06442971869207
 30
0.0
  0
VERTEX
  5
801
  8
REAR_LEG
 10
0.5906405837325659
 20
55.07898872678169
 30
0.0
  0
VERTEX
  5
802
  8
REAR_LEG
 10
0.599484602853473
 20
55.09312307007337
 30
0.0
  0
VERTEX
  5
803
  8
REAR_LEG
 10
0.6086623585449805
 20
55.10683274856716
 30
0.0
  0
VERTEX
  5
804
  8
REAR_LEG
 10
0.6181738508070882
 20
55.12011776226301
 30
0.0
  0
VERTEX
  5
805
  8
REAR_LEG
 10
0.6280190796397963
 20
55.13297811116095
 30
0.0
  0
VERTEX
  5
806
  8
REAR_LEG
 10
0.6381980450431046
 20
55.14541379526096
 30
0.0
  0
VERTEX
  5
807
  8
REAR_LEG
 10
0.6487107470170133
 20
55.15742481456306
 30
0.0
  0
VERTEX
  5
808
  8
REAR_LEG
 10
0.6595192155325318
 20
55.16903914698334
 30
0.0
  0
VERTEX
  5
809
  8
REAR_LEG
 10
0.6705854805606696
 20
55.1802847704379
 30
0.0
  0
VERTEX
  5
80A
  8
REAR_LEG
 10
0.6819095421014268
 20
55.19116168492673
 30
0.0
  0
VERTEX
  5
80B
  8
REAR_LEG
 10
0.6934914001548033
 20
55.20166989044984
 30
0.0
  0
VERTEX
  5
80C
  8
REAR_LEG
 10
0.7053310547207992
 20
55.21180938700722
 30
0.0
  0
VERTEX
  5
80D
  8
REAR_LEG
 10
0.7174285057994145
 20
55.22158017459888
 30
0.0
  0
VERTEX
  5
80E
  8
REAR_LEG
 10
0.7297837533906493
 20
55.23098225322482
 30
0.0
  0
VERTEX
  5
80F
  8
REAR_LEG
 10
0.7423967974945032
 20
55.24001562288503
 30
0.0
  0
VERTEX
  5
810
  8
REAR_LEG
 10
0.7552676381109766
 20
55.24868028357952
 30
0.0
  0
VERTEX
  5
811
  8
REAR_LEG
 10
0.7683962752400695
 20
55.25697623530829
 30
0.0
  0
VERTEX
  5
812
  8
REAR_LEG
 10
0.7817827088817817
 20
55.26490347807133
 30
0.0
  0
VERTEX
  5
813
  8
REAR_LEG
 10
0.7954269390361131
 20
55.27246201186866
 30
0.0
  0
VERTEX
  5
814
  8
REAR_LEG
 10
0.809328965703064
 20
55.27965183670026
 30
0.0
  0
VERTEX
  5
815
  8
REAR_LEG
 10
0.8234887888826341
 20
55.28647295256614
 30
0.0
  0
VERTEX
  5
816
  8
REAR_LEG
 10
0.8379064085748237
 20
55.29292535946628
 30
0.0
  0
VERTEX
  5
817
  8
REAR_LEG
 10
0.8525818247796326
 20
55.29900905740072
 30
0.0
  0
VERTEX
  5
818
  8
REAR_LEG
 10
0.867515037497061
 20
55.30472404636943
 30
0.0
  0
VERTEX
  5
819
  8
REAR_LEG
 10
0.8827060467271088
 20
55.31007032637242
 30
0.0
  0
VERTEX
  5
81A
  8
REAR_LEG
 10
0.898154852469776
 20
55.31504789740968
 30
0.0
  0
VERTEX
  5
81B
  8
REAR_LEG
 10
0.9138614547250625
 20
55.31965675948121
 30
0.0
  0
VERTEX
  5
81C
  8
REAR_LEG
 10
0.9298258534929684
 20
55.32389691258702
 30
0.0
  0
VERTEX
  5
81D
  8
REAR_LEG
 10
0.9460480487734937
 20
55.32776835672712
 30
0.0
  0
VERTEX
  5
81E
  8
REAR_LEG
 10
0.9625280405666383
 20
55.33127109190148
 30
0.0
  0
VERTEX
  5
81F
  8
REAR_LEG
 10
0.9792658288724021
 20
55.33440511811013
 30
0.0
  0
VERTEX
  5
820
  8
REAR_LEG
 10
0.9962614136907854
 20
55.33717043535304
 30
0.0
  0
VERTEX
  5
821
  8
REAR_LEG
 10
1.013514795021788
 20
55.33956704363025
 30
0.0
  0
VERTEX
  5
822
  8
REAR_LEG
 10
1.03102597286541
 20
55.34159494294173
 30
0.0
  0
VERTEX
  5
823
  8
REAR_LEG
 10
1.048794947221652
 20
55.34325413328748
 30
0.0
  0
VERTEX
  5
824
  8
REAR_LEG
 10
1.066821718090513
 20
55.34454461466751
 30
0.0
  0
VERTEX
  5
825
  8
REAR_LEG
 10
1.085106285471993
 20
55.34546638708182
 30
0.0
  0
VERTEX
  5
826
  8
REAR_LEG
 10
1.103648649366092
 20
55.34601945053041
 30
0.0
  0
VERTEX
  5
827
  8
REAR_LEG
 10
1.122448809772811
 20
55.34620380501327
 30
0.0
  0
VERTEX
  5
828
  8
REAR_LEG
 10
1.144537374532361
 20
55.34604193278442
 30
0.0
  0
VERTEX
  5
829
  8
REAR_LEG
 10
1.166038403053848
 20
55.34555631609786
 30
0.0
  0
VERTEX
  5
82A
  8
REAR_LEG
 10
1.186951895337273
 20
55.34474695495358
 30
0.0
  0
VERTEX
  5
82B
  8
REAR_LEG
 10
1.207277851382634
 20
55.34361384935161
 30
0.0
  0
VERTEX
  5
82C
  8
REAR_LEG
 10
1.227016271189933
 20
55.34215699929192
 30
0.0
  0
VERTEX
  5
82D
  8
REAR_LEG
 10
1.246167154759169
 20
55.34037640477452
 30
0.0
  0
VERTEX
  5
82E
  8
REAR_LEG
 10
1.264730502090342
 20
55.33827206579942
 30
0.0
  0
VERTEX
  5
82F
  8
REAR_LEG
 10
1.282706313183453
 20
55.33584398236661
 30
0.0
  0
VERTEX
  5
830
  8
REAR_LEG
 10
1.3000945880385
 20
55.33309215447609
 30
0.0
  0
VERTEX
  5
831
  8
REAR_LEG
 10
1.316895326655485
 20
55.33001658212787
 30
0.0
  0
VERTEX
  5
832
  8
REAR_LEG
 10
1.333108529034408
 20
55.32661726532193
 30
0.0
  0
VERTEX
  5
833
  8
REAR_LEG
 10
1.348734195175267
 20
55.32289420405829
 30
0.0
  0
VERTEX
  5
834
  8
REAR_LEG
 10
1.363772325078064
 20
55.31884739833693
 30
0.0
  0
VERTEX
  5
835
  8
REAR_LEG
 10
1.378222918742798
 20
55.31447684815788
 30
0.0
  0
VERTEX
  5
836
  8
REAR_LEG
 10
1.392085976169469
 20
55.30978255352112
 30
0.0
  0
VERTEX
  5
837
  8
REAR_LEG
 10
1.405361497358077
 20
55.30476451442664
 30
0.0
  0
VERTEX
  5
838
  8
REAR_LEG
 10
1.418205359269742
 20
55.29943472140992
 30
0.0
  0
VERTEX
  5
839
  8
REAR_LEG
 10
1.430773438865581
 20
55.29380516500645
 30
0.0
  0
VERTEX
  5
83A
  8
REAR_LEG
 10
1.443065736145595
 20
55.2878758452162
 30
0.0
  0
VERTEX
  5
83B
  8
REAR_LEG
 10
1.455082251109783
 20
55.28164676203919
 30
0.0
  0
VERTEX
  5
83C
  8
REAR_LEG
 10
1.466822983758146
 20
55.27511791547541
 30
0.0
  0
VERTEX
  5
83D
  8
REAR_LEG
 10
1.478287934090683
 20
55.26828930552487
 30
0.0
  0
VERTEX
  5
83E
  8
REAR_LEG
 10
1.489477102107395
 20
55.26116093218755
 30
0.0
  0
VERTEX
  5
83F
  8
REAR_LEG
 10
1.500390487808282
 20
55.25373279546348
 30
0.0
  0
VERTEX
  5
840
  8
REAR_LEG
 10
1.511028091193343
 20
55.24600489535263
 30
0.0
  0
VERTEX
  5
841
  8
REAR_LEG
 10
1.521389912262579
 20
55.23797723185501
 30
0.0
  0
VERTEX
  5
842
  8
REAR_LEG
 10
1.53147595101599
 20
55.22964980497063
 30
0.0
  0
VERTEX
  5
843
  8
REAR_LEG
 10
1.541286207453575
 20
55.22102261469949
 30
0.0
  0
VERTEX
  5
844
  8
REAR_LEG
 10
1.550820681575335
 20
55.21209566104157
 30
0.0
  0
VERTEX
  5
845
  8
REAR_LEG
 10
1.56007937338127
 20
55.2028689439969
 30
0.0
  0
VERTEX
  5
846
  8
REAR_LEG
 10
1.569062282871379
 20
55.19334246356545
 30
0.0
  0
VERTEX
  5
847
  8
REAR_LEG
 10
1.577769410045663
 20
55.18351621974724
 30
0.0
  0
VERTEX
  5
848
  8
REAR_LEG
 10
1.586210747017013
 20
55.17338022042938
 30
0.0
  0
VERTEX
  5
849
  8
REAR_LEG
 10
1.594396285898323
 20
55.16292447349895
 30
0.0
  0
VERTEX
  5
84A
  8
REAR_LEG
 10
1.602326026689592
 20
55.15214897895598
 30
0.0
  0
VERTEX
  5
84B
  8
REAR_LEG
 10
1.60999996939082
 20
55.14105373680044
 30
0.0
  0
VERTEX
  5
84C
  8
REAR_LEG
 10
1.617418114002007
 20
55.12963874703237
 30
0.0
  0
VERTEX
  5
84D
  8
REAR_LEG
 10
1.624580460523152
 20
55.11790400965174
 30
0.0
  0
VERTEX
  5
84E
  8
REAR_LEG
 10
1.631487008954258
 20
55.10584952465857
 30
0.0
  0
VERTEX
  5
84F
  8
REAR_LEG
 10
1.638137759295322
 20
55.09347529205283
 30
0.0
  0
VERTEX
  5
850
  8
REAR_LEG
 10
1.644532711546345
 20
55.08078131183454
 30
0.0
  0
VERTEX
  5
851
  8
REAR_LEG
 10
1.650671865707327
 20
55.0677675840037
 30
0.0
  0
VERTEX
  5
852
  8
REAR_LEG
 10
1.656555221778269
 20
55.05443410856033
 30
0.0
  0
VERTEX
  5
853
  8
REAR_LEG
 10
1.662182779759169
 20
55.04078088550439
 30
0.0
  0
VERTEX
  5
854
  8
REAR_LEG
 10
1.667554539650029
 20
55.02680791483591
 30
0.0
  0
VERTEX
  5
855
  8
REAR_LEG
 10
1.672670501450847
 20
55.01251519655487
 30
0.0
  0
VERTEX
  5
856
  8
REAR_LEG
 10
1.677530665161625
 20
54.99790273066129
 30
0.0
  0
SEQEND
  5
15AC
  8
REAR_LEG
  0
POLYLINE
  5
88
  8
REAR_LEG
 66
     1
 10
0.0
 20
0.0
 30
0.0
 70
     1
  0
VERTEX
  5
857
  8
REAR_LEG
 10
0.9147407606595782
 20
54.31482590596825
 30
0.0
  0
VERTEX
  5
858
  8
REAR_LEG
 10
0.9149805713689916
 20
54.2998117571364
 30
0.0
  0
VERTEX
  5
859
  8
REAR_LEG
 10
0.9157000034972318
 20
54.2852092833557
 30
0.0
  0
VERTEX
  5
85A
  8
REAR_LEG
 10
0.9168990570442986
 20
54.27101848462616
 30
0.0
  0
VERTEX
  5
85B
  8
REAR_LEG
 10
0.9185777320101922
 20
54.25723936094778
 30
0.0
  0
VERTEX
  5
85C
  8
REAR_LEG
 10
0.9207360283949125
 20
54.24387191232057
 30
0.0
  0
VERTEX
  5
85D
  8
REAR_LEG
 10
0.9233739461984596
 20
54.23091613874451
 30
0.0
  0
VERTEX
  5
85E
  8
REAR_LEG
 10
0.9264914854208334
 20
54.21837204021961
 30
0.0
  0
VERTEX
  5
85F
  8
REAR_LEG
 10
0.9300886460620339
 20
54.20623961674588
 30
0.0
  0
VERTEX
  5
860
  8
REAR_LEG
 10
0.9341654281220612
 20
54.1945188683233
 30
0.0
  0
VERTEX
  5
861
  8
REAR_LEG
 10
0.9387218316009152
 20
54.18320979495188
 30
0.0
  0
VERTEX
  5
862
  8
REAR_LEG
 10
0.9437578564985959
 20
54.17231239663161
 30
0.0
  0
VERTEX
  5
863
  8
REAR_LEG
 10
0.9492735028151034
 20
54.16182667336251
 30
0.0
  0
VERTEX
  5
864
  8
REAR_LEG
 10
0.9552687705504377
 20
54.15175262514457
 30
0.0
  0
VERTEX
  5
865
  8
REAR_LEG
 10
0.9617436597045987
 20
54.1420902519778
 30
0.0
  0
VERTEX
  5
866
  8
REAR_LEG
 10
0.9686981702775864
 20
54.13283955386218
 30
0.0
  0
VERTEX
  5
867
  8
REAR_LEG
 10
0.9761323022694008
 20
54.12400053079772
 30
0.0
  0
VERTEX
  5
868
  8
REAR_LEG
 10
0.9839141597898646
 20
54.11563713230693
 30
0.0
  0
VERTEX
  5
869
  8
REAR_LEG
 10
0.9919118469488004
 20
54.10781330791232
 30
0.0
  0
VERTEX
  5
86A
  8
REAR_LEG
 10
1.000125363746208
 20
54.10052905761388
 30
0.0
  0
VERTEX
  5
86B
  8
REAR_LEG
 10
1.008554710182088
 20
54.09378438141164
 30
0.0
  0
VERTEX
  5
86C
  8
REAR_LEG
 10
1.01719988625644
 20
54.08757927930556
 30
0.0
  0
VERTEX
  5
86D
  8
REAR_LEG
 10
1.026060891969264
 20
54.08191375129567
 30
0.0
  0
VERTEX
  5
86E
  8
REAR_LEG
 10
1.03513772732056
 20
54.07678779738195
 30
0.0
  0
VERTEX
  5
86F
  8
REAR_LEG
 10
1.044430392310328
 20
54.07220141756443
 30
0.0
  0
VERTEX
  5
870
  8
REAR_LEG
 10
1.053938886938568
 20
54.06815461184307
 30
0.0
  0
VERTEX
  5
871
  8
REAR_LEG
 10
1.063663211205281
 20
54.06464738021791
 30
0.0
  0
VERTEX
  5
872
  8
REAR_LEG
 10
1.073603365110465
 20
54.06167972268891
 30
0.0
  0
VERTEX
  5
873
  8
REAR_LEG
 10
1.083759348654121
 20
54.0592516392561
 30
0.0
  0
VERTEX
  5
874
  8
REAR_LEG
 10
1.094131161836249
 20
54.05736312991947
 30
0.0
  0
VERTEX
  5
875
  8
REAR_LEG
 10
1.10471880465685
 20
54.05601419467902
 30
0.0
  0
VERTEX
  5
876
  8
REAR_LEG
 10
1.115522277115922
 20
54.05520483353475
 30
0.0
  0
VERTEX
  5
877
  8
REAR_LEG
 10
1.126541579213466
 20
54.05493504648666
 30
0.0
  0
VERTEX
  5
878
  8
REAR_LEG
 10
1.136669584841024
 20
54.05517885404124
 30
0.0
  0
VERTEX
  5
879
  8
REAR_LEG
 10
1.146589754520424
 20
54.05591027670495
 30
0.0
  0
VERTEX
  5
87A
  8
REAR_LEG
 10
1.156302088251666
 20
54.05712931447781
 30
0.0
  0
VERTEX
  5
87B
  8
REAR_LEG
 10
1.165806586034749
 20
54.05883596735978
 30
0.0
  0
VERTEX
  5
87C
  8
REAR_LEG
 10
1.175103247869674
 20
54.06103023535093
 30
0.0
  0
VERTEX
  5
87D
  8
REAR_LEG
 10
1.18419207375644
 20
54.06371211845119
 30
0.0
  0
VERTEX
  5
87E
  8
REAR_LEG
 10
1.193073063695049
 20
54.06688161666061
 30
0.0
  0
VERTEX
  5
87F
  8
REAR_LEG
 10
1.201746217685499
 20
54.07053872997916
 30
0.0
  0
VERTEX
  5
880
  8
REAR_LEG
 10
1.210211535727791
 20
54.07468345840687
 30
0.0
  0
VERTEX
  5
881
  8
REAR_LEG
 10
1.218469017821925
 20
54.07931580194369
 30
0.0
  0
VERTEX
  5
882
  8
REAR_LEG
 10
1.2265186639679
 20
54.08443576058967
 30
0.0
  0
VERTEX
  5
883
  8
REAR_LEG
 10
1.234360474165717
 20
54.09004333434478
 30
0.0
  0
VERTEX
  5
884
  8
REAR_LEG
 10
1.241994448415376
 20
54.09613852320904
 30
0.0
  0
VERTEX
  5
885
  8
REAR_LEG
 10
1.249420586716877
 20
54.10272132718244
 30
0.0
  0
VERTEX
  5
886
  8
REAR_LEG
 10
1.256638889070219
 20
54.10979174626497
 30
0.0
  0
VERTEX
  5
887
  8
REAR_LEG
 10
1.263649355475404
 20
54.11734978045665
 30
0.0
  0
VERTEX
  5
888
  8
REAR_LEG
 10
1.270340074268037
 20
54.12539143291231
 30
0.0
  0
VERTEX
  5
889
  8
REAR_LEG
 10
1.276599133783726
 20
54.13391270678679
 30
0.0
  0
VERTEX
  5
88A
  8
REAR_LEG
 10
1.282426534022471
 20
54.14291360208011
 30
0.0
  0
VERTEX
  5
88B
  8
REAR_LEG
 10
1.287822274984271
 20
54.15239411879225
 30
0.0
  0
VERTEX
  5
88C
  8
REAR_LEG
 10
1.292786356669128
 20
54.16235425692322
 30
0.0
  0
VERTEX
  5
88D
  8
REAR_LEG
 10
1.29731877907704
 20
54.17279401647302
 30
0.0
  0
VERTEX
  5
88E
  8
REAR_LEG
 10
1.301419542208009
 20
54.18371339744164
 30
0.0
  0
VERTEX
  5
88F
  8
REAR_LEG
 10
1.305088646062034
 20
54.19511239982909
 30
0.0
  0
VERTEX
  5
890
  8
REAR_LEG
 10
1.308326090639114
 20
54.20699102363536
 30
0.0
  0
VERTEX
  5
891
  8
REAR_LEG
 10
1.311131875939251
 20
54.21934926886047
 30
0.0
  0
VERTEX
  5
892
  8
REAR_LEG
 10
1.313506001962443
 20
54.2321871355044
 30
0.0
  0
VERTEX
  5
893
  8
REAR_LEG
 10
1.315448468708691
 20
54.24550462356716
 30
0.0
  0
VERTEX
  5
894
  8
REAR_LEG
 10
1.316959276177995
 20
54.25930173304874
 30
0.0
  0
VERTEX
  5
895
  8
REAR_LEG
 10
1.318038424370356
 20
54.27357846394915
 30
0.0
  0
VERTEX
  5
896
  8
REAR_LEG
 10
1.318685913285772
 20
54.28833481626838
 30
0.0
  0
VERTEX
  5
897
  8
REAR_LEG
 10
1.318901742924244
 20
54.30357079000645
 30
0.0
  0
VERTEX
  5
898
  8
REAR_LEG
 10
1.318677919595458
 20
54.31919445772472
 30
0.0
  0
VERTEX
  5
899
  8
REAR_LEG
 10
1.318006449609101
 20
54.33434649771449
 30
0.0
  0
VERTEX
  5
89A
  8
REAR_LEG
 10
1.316887332965172
 20
54.34902690997575
 30
0.0
  0
VERTEX
  5
89B
  8
REAR_LEG
 10
1.315320569663671
 20
54.36323569450849
 30
0.0
  0
VERTEX
  5
89C
  8
REAR_LEG
 10
1.313306159704598
 20
54.37697285131271
 30
0.0
  0
VERTEX
  5
89D
  8
REAR_LEG
 10
1.310844103087955
 20
54.39023838038844
 30
0.0
  0
VERTEX
  5
89E
  8
REAR_LEG
 10
1.307934399813739
 20
54.40303228173564
 30
0.0
  0
VERTEX
  5
89F
  8
REAR_LEG
 10
1.304577049881952
 20
54.41535455535433
 30
0.0
  0
VERTEX
  5
8A0
  8
REAR_LEG
 10
1.300772053292593
 20
54.4272052012445
 30
0.0
  0
VERTEX
  5
8A1
  8
REAR_LEG
 10
1.296519410045663
 20
54.43858421940618
 30
0.0
  0
VERTEX
  5
8A2
  8
REAR_LEG
 10
1.29181912014116
 20
54.44949160983933
 30
0.0
  0
VERTEX
  5
8A3
  8
REAR_LEG
 10
1.286671183579087
 20
54.45992737254396
 30
0.0
  0
VERTEX
  5
8A4
  8
REAR_LEG
 10
1.281075600359442
 20
54.46989150752009
 30
0.0
  0
VERTEX
  5
8A5
  8
REAR_LEG
 10
1.275032370482225
 20
54.4793840147677
 30
0.0
  0
VERTEX
  5
8A6
  8
REAR_LEG
 10
1.268541493947436
 20
54.48840489428679
 30
0.0
  0
VERTEX
  5
8A7
  8
REAR_LEG
 10
1.261602970755076
 20
54.49695414607739
 30
0.0
  0
VERTEX
  5
8A8
  8
REAR_LEG
 10
1.254332709414694
 20
54.50500778906852
 30
0.0
  0
VERTEX
  5
8A9
  8
REAR_LEG
 10
1.24684661843584
 20
54.51254184218926
 30
0.0
  0
VERTEX
  5
8AA
  8
REAR_LEG
 10
1.239144697818514
 20
54.51955630543959
 30
0.0
  0
VERTEX
  5
8AB
  8
REAR_LEG
 10
1.231226947562716
 20
54.52605117881954
 30
0.0
  0
VERTEX
  5
8AC
  8
REAR_LEG
 10
1.223093367668446
 20
54.53202646232909
 30
0.0
  0
VERTEX
  5
8AD
  8
REAR_LEG
 10
1.214743958135704
 20
54.53748215596825
 30
0.0
  0
VERTEX
  5
8AE
  8
REAR_LEG
 10
1.206178718964489
 20
54.542418259737
 30
0.0
  0
VERTEX
  5
8AF
  8
REAR_LEG
 10
1.197397650154803
 20
54.54683477363537
 30
0.0
  0
VERTEX
  5
8B0
  8
REAR_LEG
 10
1.188400751706645
 20
54.55073169766334
 30
0.0
  0
VERTEX
  5
8B1
  8
REAR_LEG
 10
1.179188023620015
 20
54.55410903182091
 30
0.0
  0
VERTEX
  5
8B2
  8
REAR_LEG
 10
1.169759465894912
 20
54.55696677610808
 30
0.0
  0
VERTEX
  5
8B3
  8
REAR_LEG
 10
1.160115078531338
 20
54.55930493052486
 30
0.0
  0
VERTEX
  5
8B4
  8
REAR_LEG
 10
1.150254861529292
 20
54.56112349507124
 30
0.0
  0
VERTEX
  5
8B5
  8
REAR_LEG
 10
1.140178814888773
 20
54.56242246974723
 30
0.0
  0
VERTEX
  5
8B6
  8
REAR_LEG
 10
1.129886938609783
 20
54.56320185455283
 30
0.0
  0
VERTEX
  5
8B7
  8
REAR_LEG
 10
1.11937923269232
 20
54.56346164948803
 30
0.0
  0
VERTEX
  5
8B8
  8
REAR_LEG
 10
1.108617727107396
 20
54.56320984824314
 30
0.0
  0
VERTEX
  5
8B9
  8
REAR_LEG
 10
1.098076048006099
 20
54.56245444450849
 30
0.0
  0
VERTEX
  5
8BA
  8
REAR_LEG
 10
1.087754195388432
 20
54.56119543828407
 30
0.0
  0
VERTEX
  5
8BB
  8
REAR_LEG
 10
1.077652169254394
 20
54.55943282956989
 30
0.0
  0
VERTEX
  5
8BC
  8
REAR_LEG
 10
1.067769969603985
 20
54.55716661836593
 30
0.0
  0
VERTEX
  5
8BD
  8
REAR_LEG
 10
1.058107596437204
 20
54.5543968046722
 30
0.0
  0
VERTEX
  5
8BE
  8
REAR_LEG
 10
1.048665049754053
 20
54.5511233884887
 30
0.0
  0
VERTEX
  5
8BF
  8
REAR_LEG
 10
1.039442329554531
 20
54.54734636981545
 30
0.0
  0
VERTEX
  5
8C0
  8
REAR_LEG
 10
1.030439435838637
 20
54.54306574865242
 30
0.0
  0
VERTEX
  5
8C1
  8
REAR_LEG
 10
1.021656368606372
 20
54.53828152499963
 30
0.0
  0
VERTEX
  5
8C2
  8
REAR_LEG
 10
1.013093127857736
 20
54.53299369885706
 30
0.0
  0
VERTEX
  5
8C3
  8
REAR_LEG
 10
1.00474971359273
 20
54.52720227022473
 30
0.0
  0
VERTEX
  5
8C4
  8
REAR_LEG
 10
0.9966261258113518
 20
54.52090723910263
 30
0.0
  0
VERTEX
  5
8C5
  8
REAR_LEG
 10
0.9887223645136027
 20
54.51410860549076
 30
0.0
  0
VERTEX
  5
8C6
  8
REAR_LEG
 10
0.9810384296994827
 20
54.50680636938912
 30
0.0
  0
VERTEX
  5
8C7
  8
REAR_LEG
 10
0.9735743213689916
 20
54.49900053079772
 30
0.0
  0
VERTEX
  5
8C8
  8
REAR_LEG
 10
0.9664499448768361
 20
54.49072706132295
 30
0.0
  0
VERTEX
  5
8C9
  8
REAR_LEG
 10
0.9597852055777227
 20
54.48202193257124
 30
0.0
  0
VERTEX
  5
8CA
  8
REAR_LEG
 10
0.9535801034716518
 20
54.47288514454259
 30
0.0
  0
VERTEX
  5
8CB
  8
REAR_LEG
 10
0.9478346385586232
 20
54.463316697237
 30
0.0
  0
VERTEX
  5
8CC
  8
REAR_LEG
 10
0.9425488108386368
 20
54.45331659065447
 30
0.0
  0
VERTEX
  5
8CD
  8
REAR_LEG
 10
0.9377226203116927
 20
54.44288482479499
 30
0.0
  0
VERTEX
  5
8CE
  8
REAR_LEG
 10
0.933356066977791
 20
54.43202139965856
 30
0.0
  0
VERTEX
  5
8CF
  8
REAR_LEG
 10
0.9294491508369316
 20
54.42072631524519
 30
0.0
  0
VERTEX
  5
8D0
  8
REAR_LEG
 10
0.9260018718891144
 20
54.40899957155487
 30
0.0
  0
VERTEX
  5
8D1
  8
REAR_LEG
 10
0.9230142301343395
 20
54.39684116858761
 30
0.0
  0
VERTEX
  5
8D2
  8
REAR_LEG
 10
0.920486225572607
 20
54.38425110634341
 30
0.0
  0
VERTEX
  5
8D3
  8
REAR_LEG
 10
0.9184178582039166
 20
54.37122938482227
 30
0.0
  0
VERTEX
  5
8D4
  8
REAR_LEG
 10
0.9168091280282686
 20
54.35777600402418
 30
0.0
  0
VERTEX
  5
8D5
  8
REAR_LEG
 10
0.9156600350456628
 20
54.34389096394915
 30
0.0
  0
VERTEX
  5
8D6
  8
REAR_LEG
 10
0.9149705792560994
 20
54.32957426459717
 30
0.0
  0
SEQEND
  5
15AD
  8
REAR_LEG
  0
POLYLINE
  5
89
  8
REAR_LEG
 66
     1
 10
0.0
 20
0.0
 30
0.0
 70
     1
  0
VERTEX
  5
8D7
  8
REAR_LEG
 10
1.873472002132976
 20
54.57676315017016
 30
0.0
  0
VERTEX
  5
8D8
  8
REAR_LEG
 10
1.873622383432004
 20
54.60324324854584
 30
0.0
  0
VERTEX
  5
8D9
  8
REAR_LEG
 10
1.874073527329088
 20
54.62922174285433
 30
0.0
  0
VERTEX
  5
8DA
  8
REAR_LEG
 10
1.874825433824228
 20
54.65469863309563
 30
0.0
  0
VERTEX
  5
8DB
  8
REAR_LEG
 10
1.875878102917424
 20
54.67967391926975
 30
0.0
  0
VERTEX
  5
8DC
  8
REAR_LEG
 10
1.877231534608676
 20
54.70414760137666
 30
0.0
  0
VERTEX
  5
8DD
  8
REAR_LEG
 10
1.878885728897983
 20
54.7281196794164
 30
0.0
  0
VERTEX
  5
8DE
  8
REAR_LEG
 10
1.880840685785347
 20
54.75159015338895
 30
0.0
  0
VERTEX
  5
8DF
  8
REAR_LEG
 10
1.883096405270766
 20
54.7745590232943
 30
0.0
  0
VERTEX
  5
8E0
  8
REAR_LEG
 10
1.885652887354242
 20
54.79702628913246
 30
0.0
  0
VERTEX
  5
8E1
  8
REAR_LEG
 10
1.888510132035773
 20
54.81899195090345
 30
0.0
  0
VERTEX
  5
8E2
  8
REAR_LEG
 10
1.89166813931536
 20
54.84045600860723
 30
0.0
  0
VERTEX
  5
8E3
  8
REAR_LEG
 10
1.895126909193004
 20
54.86141846224383
 30
0.0
  0
VERTEX
  5
8E4
  8
REAR_LEG
 10
1.898886441668703
 20
54.88187931181323
 30
0.0
  0
VERTEX
  5
8E5
  8
REAR_LEG
 10
1.902946736742458
 20
54.90183855731544
 30
0.0
  0
VERTEX
  5
8E6
  8
REAR_LEG
 10
1.907307794414269
 20
54.92129619875047
 30
0.0
  0
VERTEX
  5
8E7
  8
REAR_LEG
 10
1.911969614684136
 20
54.94025223611831
 30
0.0
  0
VERTEX
  5
8E8
  8
REAR_LEG
 10
1.916932197552059
 20
54.95870666941896
 30
0.0
  0
VERTEX
  5
8E9
  8
REAR_LEG
 10
1.922195543018038
 20
54.97665949865242
 30
0.0
  0
VERTEX
  5
8EA
  8
REAR_LEG
 10
1.927759651082073
 20
54.99411072381869
 30
0.0
  0
VERTEX
  5
8EB
  8
REAR_LEG
 10
1.933624521744163
 20
55.01106034491777
 30
0.0
  0
VERTEX
  5
8EC
  8
REAR_LEG
 10
1.93979015500431
 20
55.02750836194965
 30
0.0
  0
VERTEX
  5
8ED
  8
REAR_LEG
 10
1.946256550862512
 20
55.04345477491435
 30
0.0
  0
VERTEX
  5
8EE
  8
REAR_LEG
 10
1.953023709318771
 20
55.05889958381186
 30
0.0
  0
VERTEX
  5
8EF
  8
REAR_LEG
 10
1.960091630373086
 20
55.07384278864219
 30
0.0
  0
VERTEX
  5
8F0
  8
REAR_LEG
 10
1.967460314025456
 20
55.08828438940532
 30
0.0
  0
VERTEX
  5
8F1
  8
REAR_LEG
 10
1.975129760275882
 20
55.10222438610126
 30
0.0
  0
VERTEX
  5
8F2
  8
REAR_LEG
 10
1.983099969124365
 20
55.11566277873001
 30
0.0
  0
VERTEX
  5
8F3
  8
REAR_LEG
 10
1.991370940570903
 20
55.12859956729157
 30
0.0
  0
VERTEX
  5
8F4
  8
REAR_LEG
 10
1.999942674615497
 20
55.14103475178594
 30
0.0
  0
VERTEX
  5
8F5
  8
REAR_LEG
 10
2.008815171258147
 20
55.15296833221313
 30
0.0
  0
VERTEX
  5
8F6
  8
REAR_LEG
 10
2.017988430498853
 20
55.16440030857312
 30
0.0
  0
VERTEX
  5
8F7
  8
REAR_LEG
 10
2.027462452337615
 20
55.17533068086593
 30
0.0
  0
VERTEX
  5
8F8
  8
REAR_LEG
 10
2.037244231253457
 20
55.18584338283984
 30
0.0
  0
VERTEX
  5
8F9
  8
REAR_LEG
 10
2.047340761725405
 20
55.19602234824315
 30
0.0
  0
VERTEX
  5
8FA
  8
REAR_LEG
 10
2.057752043753457
 20
55.20586757707586
 30
0.0
  0
VERTEX
  5
8FB
  8
REAR_LEG
 10
2.068478077337614
 20
55.21537906933796
 30
0.0
  0
VERTEX
  5
8FC
  8
REAR_LEG
 10
2.079518862477877
 20
55.22455682502947
 30
0.0
  0
VERTEX
  5
8FD
  8
REAR_LEG
 10
2.090874399174245
 20
55.23340084415037
 30
0.0
  0
VERTEX
  5
8FE
  8
REAR_LEG
 10
2.102544687426717
 20
55.24191112670069
 30
0.0
  0
VERTEX
  5
8FF
  8
REAR_LEG
 10
2.114529727235295
 20
55.25008767268039
 30
0.0
  0
VERTEX
  5
900
  8
REAR_LEG
 10
2.126829518599978
 20
55.25793048208949
 30
0.0
  0
VERTEX
  5
901
  8
REAR_LEG
 10
2.139444061520766
 20
55.26543955492799
 30
0.0
  0
VERTEX
  5
902
  8
REAR_LEG
 10
2.152373355997659
 20
55.27261489119591
 30
0.0
  0
VERTEX
  5
903
  8
REAR_LEG
 10
2.165617402030657
 20
55.27945649089321
 30
0.0
  0
VERTEX
  5
904
  8
REAR_LEG
 10
2.17917619961976
 20
55.28596435401992
 30
0.0
  0
VERTEX
  5
905
  8
REAR_LEG
 10
2.193049748764968
 20
55.29213848057602
 30
0.0
  0
VERTEX
  5
906
  8
REAR_LEG
 10
2.207238049466281
 20
55.29797887056153
 30
0.0
  0
VERTEX
  5
907
  8
REAR_LEG
 10
2.221741101723699
 20
55.30348552397643
 30
0.0
  0
VERTEX
  5
908
  8
REAR_LEG
 10
2.236558905537223
 20
55.30865844082074
 30
0.0
  0
VERTEX
  5
909
  8
REAR_LEG
 10
2.251691460906851
 20
55.31349762109444
 30
0.0
  0
VERTEX
  5
90A
  8
REAR_LEG
 10
2.267138767832583
 20
55.31800306479755
 30
0.0
  0
VERTEX
  5
90B
  8
REAR_LEG
 10
2.282900826314422
 20
55.32217477193005
 30
0.0
  0
VERTEX
  5
90C
  8
REAR_LEG
 10
2.298977636352365
 20
55.32601274249195
 30
0.0
  0
VERTEX
  5
90D
  8
REAR_LEG
 10
2.315369197946414
 20
55.32951697648325
 30
0.0
  0
VERTEX
  5
90E
  8
REAR_LEG
 10
2.332075511096567
 20
55.33268747390396
 30
0.0
  0
VERTEX
  5
90F
  8
REAR_LEG
 10
2.349096575802826
 20
55.33552423475406
 30
0.0
  0
VERTEX
  5
910
  8
REAR_LEG
 10
2.366432392065189
 20
55.33802725903357
 30
0.0
  0
VERTEX
  5
911
  8
REAR_LEG
 10
2.384082959883658
 20
55.34019654674246
 30
0.0
  0
VERTEX
  5
912
  8
REAR_LEG
 10
2.402048279258231
 20
55.34203209788078
 30
0.0
  0
VERTEX
  5
913
  8
REAR_LEG
 10
2.42032835018891
 20
55.34353391244846
 30
0.0
  0
VERTEX
  5
914
  8
REAR_LEG
 10
2.438923172675694
 20
55.34470199044557
 30
0.0
  0
VERTEX
  5
915
  8
REAR_LEG
 10
2.457832746718584
 20
55.34553633187207
 30
0.0
  0
VERTEX
  5
916
  8
REAR_LEG
 10
2.477057072317577
 20
55.34603693672797
 30
0.0
  0
VERTEX
  5
917
  8
REAR_LEG
 10
2.496596149472676
 20
55.34620380501327
 30
0.0
  0
VERTEX
  5
918
  8
REAR_LEG
 10
2.533606935625473
 20
55.34562026562036
 30
0.0
  0
VERTEX
  5
919
  8
REAR_LEG
 10
2.551476830321926
 20
55.34489084137923
 30
0.0
  0
VERTEX
  5
91A
  8
REAR_LEG
 10
2.568923059431749
 20
55.34386964744164
 30
0.0
  0
VERTEX
  5
91B
  8
REAR_LEG
 10
2.585945622954941
 20
55.3425566838076
 30
0.0
  0
VERTEX
  5
91C
  8
REAR_LEG
 10
2.602544520891503
 20
55.34095195047711
 30
0.0
  0
VERTEX
  5
91D
  8
REAR_LEG
 10
2.618719753241435
 20
55.33905544745016
 30
0.0
  0
VERTEX
  5
91E
  8
REAR_LEG
 10
2.634471320004736
 20
55.33686717472677
 30
0.0
  0
VERTEX
  5
91F
  8
REAR_LEG
 10
2.649799221181408
 20
55.33438713230692
 30
0.0
  0
VERTEX
  5
920
  8
REAR_LEG
 10
2.664703456771448
 20
55.33161532019062
 30
0.0
  0
VERTEX
  5
921
  8
REAR_LEG
 10
2.679184026774859
 20
55.32855173837787
 30
0.0
  0
VERTEX
  5
922
  8
REAR_LEG
 10
2.69324093119164
 20
55.32519638686865
 30
0.0
  0
VERTEX
  5
923
  8
REAR_LEG
 10
2.70687417002179
 20
55.32154926566299
 30
0.0
  0
VERTEX
  5
924
  8
REAR_LEG
 10
2.72008374326531
 20
55.31761037476088
 30
0.0
  0
VERTEX
  5
925
  8
REAR_LEG
 10
2.732869650922199
 20
55.31337971416232
 30
0.0
  0
VERTEX
  5
926
  8
REAR_LEG
 10
2.745231892992458
 20
55.30885728386729
 30
0.0
  0
VERTEX
  5
927
  8
REAR_LEG
 10
2.768973153224382
 20
55.29916893120699
 30
0.0
  0
VERTEX
  5
928
  8
REAR_LEG
 10
2.791595296812377
 20
55.28877713379907
 30
0.0
  0
VERTEX
  5
929
  8
REAR_LEG
 10
2.813098323756442
 20
55.27768189164355
 30
0.0
  0
VERTEX
  5
92A
  8
REAR_LEG
 10
2.833482234056579
 20
55.26588320474041
 30
0.0
  0
VERTEX
  5
92B
  8
REAR_LEG
 10
2.852747027712786
 20
55.25338107308966
 30
0.0
  0
VERTEX
  5
92C
  8
REAR_LEG
 10
2.861959755799416
 20
55.24686621548393
 30
0.0
  0
VERTEX
  5
92D
  8
REAR_LEG
 10
2.870892704725064
 20
55.24017549669129
 30
0.0
  0
VERTEX
  5
92E
  8
REAR_LEG
 10
2.87954587448973
 20
55.23330891671176
 30
0.0
  0
VERTEX
  5
92F
  8
REAR_LEG
 10
2.887919265093413
 20
55.22626647554533
 30
0.0
  0
VERTEX
  5
930
  8
REAR_LEG
 10
2.896012876536115
 20
55.21904817319199
 30
0.0
  0
VERTEX
  5
931
  8
REAR_LEG
 10
2.903826708817833
 20
55.21165400965174
 30
0.0
  0
VERTEX
  5
932
  8
REAR_LEG
 10
2.918766916014286
 20
55.19659389710058
 30
0.0
  0
VERTEX
  5
933
  8
REAR_LEG
 10
2.932891766798734
 20
55.18134193598189
 30
0.0
  0
VERTEX
  5
934
  8
REAR_LEG
 10
2.946201261171176
 20
55.16589812629567
 30
0.0
  0
VERTEX
  5
935
  8
REAR_LEG
 10
2.958695399131612
 20
55.15026246804192
 30
0.0
  0
VERTEX
  5
936
  8
REAR_LEG
 10
2.970374180680043
 20
55.13443496122063
 30
0.0
  0
VERTEX
  5
937
  8
REAR_LEG
 10
2.981237605816469
 20
55.11841560583182
 30
0.0
  0
VERTEX
  5
938
  8
REAR_LEG
 10
2.991285674540889
 20
55.10220440187548
 30
0.0
  0
VERTEX
  5
939
  8
REAR_LEG
 10
3.000518386853304
 20
55.08580134935161
 30
0.0
  0
VERTEX
  5
93A
  8
REAR_LEG
 10
3.009127591321244
 20
55.06895864386048
 30
0.0
  0
VERTEX
  5
93B
  8
REAR_LEG
 10
3.01730513651224
 20
55.05142848100236
 30
0.0
  0
VERTEX
  5
93C
  8
REAR_LEG
 10
3.025051022426292
 20
55.03321086077726
 30
0.0
  0
VERTEX
  5
93D
  8
REAR_LEG
 10
3.0323652490634
 20
55.01430578318516
 30
0.0
  0
VERTEX
  5
93E
  8
REAR_LEG
 10
3.039247816423563
 20
54.99471324822609
 30
0.0
  0
VERTEX
  5
93F
  8
REAR_LEG
 10
3.045698724506783
 20
54.97443325590004
 30
0.0
  0
VERTEX
  5
940
  8
REAR_LEG
 10
3.051717973313059
 20
54.95346580620699
 30
0.0
  0
VERTEX
  5
941
  8
REAR_LEG
 10
3.05730556284239
 20
54.93181089914697
 30
0.0
  0
VERTEX
  5
942
  8
REAR_LEG
 10
3.062385553036797
 20
54.91077949993142
 30
0.0
  0
VERTEX
  5
943
  8
REAR_LEG
 10
3.067137801928339
 20
54.88963618905147
 30
0.0
  0
VERTEX
  5
944
  8
REAR_LEG
 10
3.071562309517015
 20
54.86838096650713
 30
0.0
  0
VERTEX
  5
945
  8
REAR_LEG
 10
3.075659075802827
 20
54.8470138322984
 30
0.0
  0
VERTEX
  5
946
  8
REAR_LEG
 10
3.079428100785774
 20
54.82553478642528
 30
0.0
  0
VERTEX
  5
947
  8
REAR_LEG
 10
3.082869384465855
 20
54.80394382888776
 30
0.0
  0
VERTEX
  5
948
  8
REAR_LEG
 10
3.085982926843072
 20
54.78224095968585
 30
0.0
  0
VERTEX
  5
949
  8
REAR_LEG
 10
3.088768727917424
 20
54.76042617881954
 30
0.0
  0
VERTEX
  5
94A
  8
REAR_LEG
 10
3.091226787688911
 20
54.73849948628885
 30
0.0
  0
VERTEX
  5
94B
  8
REAR_LEG
 10
3.093357106157533
 20
54.71646088209376
 30
0.0
  0
VERTEX
  5
94C
  8
REAR_LEG
 10
3.09515968332329
 20
54.69431036623428
 30
0.0
  0
VERTEX
  5
94D
  8
REAR_LEG
 10
3.096634519186182
 20
54.67204793871041
 30
0.0
  0
VERTEX
  5
94E
  8
REAR_LEG
 10
3.09778161374621
 20
54.64967359952214
 30
0.0
  0
VERTEX
  5
94F
  8
REAR_LEG
 10
3.098600967003372
 20
54.62718734866948
 30
0.0
  0
VERTEX
  5
950
  8
REAR_LEG
 10
3.099092578957669
 20
54.60458918615242
 30
0.0
  0
VERTEX
  5
951
  8
REAR_LEG
 10
3.099256449609102
 20
54.58187911197098
 30
0.0
  0
VERTEX
  5
952
  8
REAR_LEG
 10
3.098716875512922
 20
54.53170271787138
 30
0.0
  0
VERTEX
  5
953
  8
REAR_LEG
 10
3.097098153224382
 20
54.48323697349895
 30
0.0
  0
VERTEX
  5
954
  8
REAR_LEG
 10
3.094400282743481
 20
54.43648187885364
 30
0.0
  0
VERTEX
  5
955
  8
REAR_LEG
 10
3.092646666930896
 20
54.41374582517868
 30
0.0
  0
VERTEX
  5
956
  8
REAR_LEG
 10
3.090623264070221
 20
54.39143743393551
 30
0.0
  0
VERTEX
  5
957
  8
REAR_LEG
 10
3.088330074161456
 20
54.36955670512411
 30
0.0
  0
VERTEX
  5
958
  8
REAR_LEG
 10
3.0857670972046
 20
54.3481036387445
 30
0.0
  0
VERTEX
  5
959
  8
REAR_LEG
 10
3.082934333199654
 20
54.32707823479669
 30
0.0
  0
VERTEX
  5
95A
  8
REAR_LEG
 10
3.079831782146619
 20
54.30648049328067
 30
0.0
  0
VERTEX
  5
95B
  8
REAR_LEG
 10
3.076459444045494
 20
54.28631041419643
 30
0.0
  0
VERTEX
  5
95C
  8
REAR_LEG
 10
3.072817318896278
 20
54.26656799754397
 30
0.0
  0
VERTEX
  5
95D
  8
REAR_LEG
 10
3.068905406698972
 20
54.2472532433233
 30
0.0
  0
VERTEX
  5
95E
  8
REAR_LEG
 10
3.064723707453576
 20
54.22836615153442
 30
0.0
  0
VERTEX
  5
95F
  8
REAR_LEG
 10
3.060272221160091
 20
54.20990672217732
 30
0.0
  0
VERTEX
  5
960
  8
REAR_LEG
 10
3.055550947818515
 20
54.19187495525201
 30
0.0
  0
VERTEX
  5
961
  8
REAR_LEG
 10
3.05055988742885
 20
54.1742708507585
 30
0.0
  0
VERTEX
  5
962
  8
REAR_LEG
 10
3.045299039991094
 20
54.15709440869676
 30
0.0
  0
VERTEX
  5
963
  8
REAR_LEG
 10
3.039768405505248
 20
54.14034562906682
 30
0.0
  0
VERTEX
  5
964
  8
REAR_LEG
 10
3.033967983971312
 20
54.12402451186865
 30
0.0
  0
VERTEX
  5
965
  8
REAR_LEG
 10
3.027897775389286
 20
54.10813105710228
 30
0.0
  0
VERTEX
  5
966
  8
REAR_LEG
 10
3.02155777975917
 20
54.0926652647677
 30
0.0
  0
VERTEX
  5
967
  8
REAR_LEG
 10
3.014947997080965
 20
54.07762713486491
 30
0.0
  0
VERTEX
  5
968
  8
REAR_LEG
 10
3.008068427354669
 20
54.0630166673939
 30
0.0
  0
VERTEX
  5
969
  8
REAR_LEG
 10
3.000919070580283
 20
54.04883386235468
 30
0.0
  0
VERTEX
  5
96A
  8
REAR_LEG
 10
2.993499926757806
 20
54.03507871974724
 30
0.0
  0
VERTEX
  5
96B
  8
REAR_LEG
 10
2.985810995887241
 20
54.02175123957159
 30
0.0
  0
VERTEX
  5
96C
  8
REAR_LEG
 10
2.977852277968584
 20
54.00885142182773
 30
0.0
  0
VERTEX
  5
96D
  8
REAR_LEG
 10
2.969623773001838
 20
53.99637926651566
 30
0.0
  0
VERTEX
  5
96E
  8
REAR_LEG
 10
2.961125480987001
 20
53.98433477363537
 30
0.0
  0
VERTEX
  5
96F
  8
REAR_LEG
 10
2.952297449246722
 20
53.97268896605948
 30
0.0
  0
VERTEX
  5
970
  8
REAR_LEG
 10
2.943079725103646
 20
53.9614128666606
 30
0.0
  0
VERTEX
  5
971
  8
REAR_LEG
 10
2.933472308557772
 20
53.95050647543874
 30
0.0
  0
VERTEX
  5
972
  8
REAR_LEG
 10
2.923475199609102
 20
53.93996979239389
 30
0.0
  0
VERTEX
  5
973
  8
REAR_LEG
 10
2.913088398257636
 20
53.92980281752605
 30
0.0
  0
VERTEX
  5
974
  8
REAR_LEG
 10
2.902311904503372
 20
53.92000555083523
 30
0.0
  0
VERTEX
  5
975
  8
REAR_LEG
 10
2.891145718346313
 20
53.91057799232142
 30
0.0
  0
VERTEX
  5
976
  8
REAR_LEG
 10
2.879589839786456
 20
53.90152014198462
 30
0.0
  0
VERTEX
  5
977
  8
REAR_LEG
 10
2.867644268823803
 20
53.89283199982484
 30
0.0
  0
VERTEX
  5
978
  8
REAR_LEG
 10
2.855309005458352
 20
53.88451356584206
 30
0.0
  0
VERTEX
  5
979
  8
REAR_LEG
 10
2.842584049690105
 20
53.87656484003629
 30
0.0
  0
VERTEX
  5
97A
  8
REAR_LEG
 10
2.829469401519061
 20
53.86898582240754
 30
0.0
  0
VERTEX
  5
97B
  8
REAR_LEG
 10
2.815965060945221
 20
53.8617765129558
 30
0.0
  0
VERTEX
  5
97C
  8
REAR_LEG
 10
2.802071027968584
 20
53.85493691168107
 30
0.0
  0
VERTEX
  5
97D
  8
REAR_LEG
 10
2.78778730258915
 20
53.84846701858336
 30
0.0
  0
VERTEX
  5
97E
  8
REAR_LEG
 10
2.773113884806919
 20
53.84236683366265
 30
0.0
  0
VERTEX
  5
97F
  8
REAR_LEG
 10
2.758050774621892
 20
53.83663635691896
 30
0.0
  0
VERTEX
  5
980
  8
REAR_LEG
 10
2.742597972034068
 20
53.83127558835228
 30
0.0
  0
VERTEX
  5
981
  8
REAR_LEG
 10
2.726755477043447
 20
53.82628452796261
 30
0.0
  0
VERTEX
  5
982
  8
REAR_LEG
 10
2.71052328965003
 20
53.82166317574996
 30
0.0
  0
VERTEX
  5
983
  8
REAR_LEG
 10
2.693901409853815
 20
53.81741153171433
 30
0.0
  0
VERTEX
  5
984
  8
REAR_LEG
 10
2.676889837654804
 20
53.81352959585569
 30
0.0
  0
VERTEX
  5
985
  8
REAR_LEG
 10
2.659488573052997
 20
53.81001736817408
 30
0.0
  0
VERTEX
  5
986
  8
REAR_LEG
 10
2.641697616048392
 20
53.80687484866947
 30
0.0
  0
VERTEX
  5
987
  8
REAR_LEG
 10
2.623516966640992
 20
53.80410203734188
 30
0.0
  0
VERTEX
  5
988
  8
REAR_LEG
 10
2.604946624830794
 20
53.80169893419131
 30
0.0
  0
VERTEX
  5
989
  8
REAR_LEG
 10
2.585986590617799
 20
53.79966553921774
 30
0.0
  0
VERTEX
  5
98A
  8
REAR_LEG
 10
2.566636864002008
 20
53.79800185242118
 30
0.0
  0
VERTEX
  5
98B
  8
REAR_LEG
 10
2.54689744498342
 20
53.79670787380164
 30
0.0
  0
VERTEX
  5
98C
  8
REAR_LEG
 10
2.526768333562035
 20
53.79578360335911
 30
0.0
  0
VERTEX
  5
98D
  8
REAR_LEG
 10
2.506249529737854
 20
53.79522904109359
 30
0.0
  0
VERTEX
  5
98E
  8
REAR_LEG
 10
2.485341033510875
 20
53.79504418700508
 30
0.0
  0
VERTEX
  5
98F
  8
REAR_LEG
 10
2.461963486188228
 20
53.79528000086934
 30
0.0
  0
VERTEX
  5
990
  8
REAR_LEG
 10
2.43915349087786
 20
53.79598744246211
 30
0.0
  0
VERTEX
  5
991
  8
REAR_LEG
 10
2.41691104757977
 20
53.79716651178339
 30
0.0
  0
VERTEX
  5
992
  8
REAR_LEG
 10
2.395236156293958
 20
53.79881720883319
 30
0.0
  0
VERTEX
  5
993
  8
REAR_LEG
 10
2.374128817020425
 20
53.8009395336115
 30
0.0
  0
VERTEX
  5
994
  8
REAR_LEG
 10
2.35358902975917
 20
53.80353348611831
 30
0.0
  0
VERTEX
  5
995
  8
REAR_LEG
 10
2.333616794510193
 20
53.80659906635366
 30
0.0
  0
VERTEX
  5
996
  8
REAR_LEG
 10
2.314212111273495
 20
53.8101362743175
 30
0.0
  0
VERTEX
  5
997
  8
REAR_LEG
 10
2.295374980049075
 20
53.81414511000986
 30
0.0
  0
VERTEX
  5
998
  8
REAR_LEG
 10
2.277105400836932
 20
53.81862557343072
 30
0.0
  0
VERTEX
  5
999
  8
REAR_LEG
 10
2.259403373637069
 20
53.82357766458011
 30
0.0
  0
VERTEX
  5
99A
  8
REAR_LEG
 10
2.242268898449484
 20
53.82900138345802
 30
0.0
  0
VERTEX
  5
99B
  8
REAR_LEG
 10
2.225701975274177
 20
53.83489673006443
 30
0.0
  0
VERTEX
  5
99C
  8
REAR_LEG
 10
2.209702604111148
 20
53.84126370439935
 30
0.0
  0
VERTEX
  5
99D
  8
REAR_LEG
 10
2.194270784960398
 20
53.84810230646279
 30
0.0
  0
VERTEX
  5
99E
  8
REAR_LEG
 10
2.179406517821926
 20
53.85541253625474
 30
0.0
  0
VERTEX
  5
99F
  8
REAR_LEG
 10
2.164989897341025
 20
53.86317840639457
 30
0.0
  0
VERTEX
  5
9A0
  8
REAR_LEG
 10
2.15090101816299
 20
53.87138392950167
 30
0.0
  0
VERTEX
  5
9A1
  8
REAR_LEG
 10
2.137139880287819
 20
53.88002910557602
 30
0.0
  0
VERTEX
  5
9A2
  8
REAR_LEG
 10
2.123706483715513
 20
53.88911393461763
 30
0.0
  0
VERTEX
  5
9A3
  8
REAR_LEG
 10
2.110600828446072
 20
53.8986384166265
 30
0.0
  0
VERTEX
  5
9A4
  8
REAR_LEG
 10
2.097822914479497
 20
53.90860255160263
 30
0.0
  0
VERTEX
  5
9A5
  8
REAR_LEG
 10
2.085372741815786
 20
53.91900633954601
 30
0.0
  0
VERTEX
  5
9A6
  8
REAR_LEG
 10
2.073250310454941
 20
53.92984978045665
 30
0.0
  0
VERTEX
  5
9A7
  8
REAR_LEG
 10
2.06145562039696
 20
53.94113287433455
 30
0.0
  0
VERTEX
  5
9A8
  8
REAR_LEG
 10
2.049988671641843
 20
53.95285562117971
 30
0.0
  0
VERTEX
  5
9A9
  8
REAR_LEG
 10
2.038849464189592
 20
53.96501802099213
 30
0.0
  0
VERTEX
  5
9AA
  8
REAR_LEG
 10
2.028037998040206
 20
53.9776200737718
 30
0.0
  0
VERTEX
  5
9AB
  8
REAR_LEG
 10
2.017554273193685
 20
53.99066177951872
 30
0.0
  0
VERTEX
  5
9AC
  8
REAR_LEG
 10
2.00739828965003
 20
54.00414313823291
 30
0.0
  0
VERTEX
  5
9AD
  8
REAR_LEG
 10
1.997570047409238
 20
54.01806414991436
 30
0.0
  0
VERTEX
  5
9AE
  8
REAR_LEG
 10
1.988069546471312
 20
54.03242481456306
 30
0.0
  0
VERTEX
  5
9AF
  8
REAR_LEG
 10
1.981384822946414
 20
54.04302244949656
 30
0.0
  0
VERTEX
  5
9B0
  8
REAR_LEG
 10
1.974887951143891
 20
54.05409570900372
 30
0.0
  0
VERTEX
  5
9B1
  8
REAR_LEG
 10
1.968578931063741
 20
54.06564459308456
 30
0.0
  0
VERTEX
  5
9B2
  8
REAR_LEG
 10
1.962457762705964
 20
54.07766910173905
 30
0.0
  0
VERTEX
  5
9B3
  8
REAR_LEG
 10
1.956524446070562
 20
54.09016923496722
 30
0.0
  0
VERTEX
  5
9B4
  8
REAR_LEG
 10
1.950778981157533
 20
54.10314499276906
 30
0.0
  0
VERTEX
  5
9B5
  8
REAR_LEG
 10
1.945221367966878
 20
54.11659637514457
 30
0.0
  0
VERTEX
  5
9B6
  8
REAR_LEG
 10
1.939851606498597
 20
54.13052338209376
 30
0.0
  0
VERTEX
  5
9B7
  8
REAR_LEG
 10
1.93466969675269
 20
54.1449260136166
 30
0.0
  0
VERTEX
  5
9B8
  8
REAR_LEG
 10
1.929675638729156
 20
54.15980426971313
 30
0.0
  0
VERTEX
  5
9B9
  8
REAR_LEG
 10
1.924869432427997
 20
54.17515815038333
 30
0.0
  0
VERTEX
  5
9BA
  8
REAR_LEG
 10
1.920251077849211
 20
54.19098765562718
 30
0.0
  0
VERTEX
  5
9BB
  8
REAR_LEG
 10
1.915820574992799
 20
54.20729278544471
 30
0.0
  0
VERTEX
  5
9BC
  8
REAR_LEG
 10
1.911577923858761
 20
54.22407353983591
 30
0.0
  0
VERTEX
  5
9BD
  8
REAR_LEG
 10
1.903656176757806
 20
54.25906192233933
 30
0.0
  0
VERTEX
  5
9BE
  8
REAR_LEG
 10
1.896581760830111
 20
54.29547318171859
 30
0.0
  0
VERTEX
  5
9BF
  8
REAR_LEG
 10
1.890450600359443
 20
54.33282769655488
 30
0.0
  0
VERTEX
  5
9C0
  8
REAR_LEG
 10
1.8852626953458
 20
54.3711254668482
 30
0.0
  0
VERTEX
  5
9C1
  8
REAR_LEG
 10
1.881018045789184
 20
54.41036649259853
 30
0.0
  0
VERTEX
  5
9C2
  8
REAR_LEG
 10
1.877716651689593
 20
54.4505507738059
 30
0.0
  0
VERTEX
  5
9C3
  8
REAR_LEG
 10
1.875358513047028
 20
54.49167831047029
 30
0.0
  0
VERTEX
  5
9C4
  8
REAR_LEG
 10
1.87394362986149
 20
54.53374910259171
 30
0.0
  0
SEQEND
  5
15AE
  8
REAR_LEG
  0
POLYLINE
  5
8A
  8
REAR_LEG
 66
     1
 10
0.0
 20
0.0
 30
0.0
 70
     1
  0
VERTEX
  5
9C5
  8
REAR_LEG
 10
2.286841715639116
 20
54.57573995780999
 30
0.0
  0
VERTEX
  5
9C6
  8
REAR_LEG
 10
2.287039559474382
 20
54.54063766521961
 30
0.0
  0
VERTEX
  5
9C7
  8
REAR_LEG
 10
2.28763309098018
 20
54.50695425265992
 30
0.0
  0
VERTEX
  5
9C8
  8
REAR_LEG
 10
2.28862231015651
 20
54.47468972013094
 30
0.0
  0
VERTEX
  5
9C9
  8
REAR_LEG
 10
2.290007217003373
 20
54.44384406763264
 30
0.0
  0
VERTEX
  5
9CA
  8
REAR_LEG
 10
2.291787811520767
 20
54.41441729516504
 30
0.0
  0
VERTEX
  5
9CB
  8
REAR_LEG
 10
2.293964093708693
 20
54.38640940272814
 30
0.0
  0
VERTEX
  5
9CC
  8
REAR_LEG
 10
2.296536063567151
 20
54.35982039032193
 30
0.0
  0
VERTEX
  5
9CD
  8
REAR_LEG
 10
2.299503721096142
 20
54.33465025794642
 30
0.0
  0
VERTEX
  5
9CE
  8
REAR_LEG
 10
2.302867066295665
 20
54.31089900560161
 30
0.0
  0
VERTEX
  5
9CF
  8
REAR_LEG
 10
2.306626099165719
 20
54.28856663328749
 30
0.0
  0
VERTEX
  5
9D0
  8
REAR_LEG
 10
2.310780819706306
 20
54.26765314100406
 30
0.0
  0
VERTEX
  5
9D1
  8
REAR_LEG
 10
2.315331227917424
 20
54.24815852875133
 30
0.0
  0
VERTEX
  5
9D2
  8
REAR_LEG
 10
2.320277323799075
 20
54.2300827965293
 30
0.0
  0
VERTEX
  5
9D3
  8
REAR_LEG
 10
2.325619107351257
 20
54.21342594433796
 30
0.0
  0
VERTEX
  5
9D4
  8
REAR_LEG
 10
2.331356578573972
 20
54.19818797217732
 30
0.0
  0
VERTEX
  5
9D5
  8
REAR_LEG
 10
2.337489737467219
 20
54.18436888004737
 30
0.0
  0
VERTEX
  5
9D6
  8
REAR_LEG
 10
2.343998599805214
 20
54.17166890456136
 30
0.0
  0
VERTEX
  5
9D7
  8
REAR_LEG
 10
2.350863181362172
 20
54.1597882823325
 30
0.0
  0
VERTEX
  5
9D8
  8
REAR_LEG
 10
2.358083482138093
 20
54.14872701336081
 30
0.0
  0
VERTEX
  5
9D9
  8
REAR_LEG
 10
2.365659502132976
 20
54.13848509764628
 30
0.0
  0
VERTEX
  5
9DA
  8
REAR_LEG
 10
2.373591241346824
 20
54.12906253518891
 30
0.0
  0
VERTEX
  5
9DB
  8
REAR_LEG
 10
2.381878699779634
 20
54.1204593259887
 30
0.0
  0
VERTEX
  5
9DC
  8
REAR_LEG
 10
2.390521877431408
 20
54.11267547004566
 30
0.0
  0
VERTEX
  5
9DD
  8
REAR_LEG
 10
2.399520774302144
 20
54.10571096735978
 30
0.0
  0
VERTEX
  5
9DE
  8
REAR_LEG
 10
2.408875390391845
 20
54.09956581793107
 30
0.0
  0
VERTEX
  5
9DF
  8
REAR_LEG
 10
2.418585725700508
 20
54.09424002175951
 30
0.0
  0
VERTEX
  5
9E0
  8
REAR_LEG
 10
2.428651780228134
 20
54.08973357884512
 30
0.0
  0
VERTEX
  5
9E1
  8
REAR_LEG
 10
2.439073553974723
 20
54.08604648918789
 30
0.0
  0
VERTEX
  5
9E2
  8
REAR_LEG
 10
2.449851046940275
 20
54.08317875278782
 30
0.0
  0
VERTEX
  5
9E3
  8
REAR_LEG
 10
2.460984259124791
 20
54.08113036964492
 30
0.0
  0
VERTEX
  5
9E4
  8
REAR_LEG
 10
2.47247319052827
 20
54.07990133975918
 30
0.0
  0
VERTEX
  5
9E5
  8
REAR_LEG
 10
2.484317841150712
 20
54.0794916631306
 30
0.0
  0
VERTEX
  5
9E6
  8
REAR_LEG
 10
2.492181633996892
 20
54.07966552589492
 30
0.0
  0
VERTEX
  5
9E7
  8
REAR_LEG
 10
2.499913530952894
 20
54.08018711418789
 30
0.0
  0
VERTEX
  5
9E8
  8
REAR_LEG
 10
2.50751353201872
 20
54.08105642800951
 30
0.0
  0
VERTEX
  5
9E9
  8
REAR_LEG
 10
2.514981637194368
 20
54.08227346735979
 30
0.0
  0
VERTEX
  5
9EA
  8
REAR_LEG
 10
2.522317846479838
 20
54.08383823223871
 30
0.0
  0
VERTEX
  5
9EB
  8
REAR_LEG
 10
2.529522159875132
 20
54.08575072264629
 30
0.0
  0
VERTEX
  5
9EC
  8
REAR_LEG
 10
2.536594577380248
 20
54.08801093858251
 30
0.0
  0
VERTEX
  5
9ED
  8
REAR_LEG
 10
2.543535098995187
 20
54.09061888004738
 30
0.0
  0
VERTEX
  5
9EE
  8
REAR_LEG
 10
2.550343724719948
 20
54.09357454704089
 30
0.0
  0
VERTEX
  5
9EF
  8
REAR_LEG
 10
2.557020454554531
 20
54.09687793956306
 30
0.0
  0
VERTEX
  5
9F0
  8
REAR_LEG
 10
2.563565288498938
 20
54.10052905761388
 30
0.0
  0
VERTEX
  5
9F1
  8
REAR_LEG
 10
2.569978226553167
 20
54.10452790119335
 30
0.0
  0
VERTEX
  5
9F2
  8
REAR_LEG
 10
2.576259268717219
 20
54.10887447030146
 30
0.0
  0
VERTEX
  5
9F3
  8
REAR_LEG
 10
2.582408414991094
 20
54.11356876493824
 30
0.0
  0
VERTEX
  5
9F4
  8
REAR_LEG
 10
2.588425665374791
 20
54.11861078510364
 30
0.0
  0
VERTEX
  5
9F5
  8
REAR_LEG
 10
2.594311019868311
 20
54.12400053079772
 30
0.0
  0
VERTEX
  5
9F6
  8
REAR_LEG
 10
2.600034502132976
 20
54.12976597993653
 30
0.0
  0
VERTEX
  5
9F7
  8
REAR_LEG
 10
2.605566135830111
 20
54.13593511043619
 30
0.0
  0
VERTEX
  5
9F8
  8
REAR_LEG
 10
2.610905920959716
 20
54.14250792229669
 30
0.0
  0
VERTEX
  5
9F9
  8
REAR_LEG
 10
2.61605385752179
 20
54.14948441551805
 30
0.0
  0
VERTEX
  5
9FA
  8
REAR_LEG
 10
2.621009945516333
 20
54.15686459010024
 30
0.0
  0
VERTEX
  5
9FB
  8
REAR_LEG
 10
2.625774184943345
 20
54.16464844604329
 30
0.0
  0
VERTEX
  5
9FC
  8
REAR_LEG
 10
2.630346575802827
 20
54.17283598334717
 30
0.0
  0
VERTEX
  5
9FD
  8
REAR_LEG
 10
2.634727118094777
 20
54.1814272020119
 30
0.0
  0
VERTEX
  5
9FE
  8
REAR_LEG
 10
2.638915811819198
 20
54.19042210203749
 30
0.0
  0
VERTEX
  5
9FF
  8
REAR_LEG
 10
2.642912656976087
 20
54.19982068342392
 30
0.0
  0
VERTEX
  5
A00
  8
REAR_LEG
 10
2.646717653565446
 20
54.20962294617119
 30
0.0
  0
VERTEX
  5
A01
  8
REAR_LEG
 10
2.650330801587274
 20
54.2198288902793
 30
0.0
  0
VERTEX
  5
A02
  8
REAR_LEG
 10
2.653752101041571
 20
54.23043851574827
 30
0.0
  0
VERTEX
  5
A03
  8
REAR_LEG
 10
2.656981551928338
 20
54.24145182257808
 30
0.0
  0
VERTEX
  5
A04
  8
REAR_LEG
 10
2.662864907999279
 20
54.26468948032023
 30
0.0
  0
VERTEX
  5
A05
  8
REAR_LEG
 10
2.665528805296347
 20
54.27713165929363
 30
0.0
  0
VERTEX
  5
A06
  8
REAR_LEG
 10
2.668020838251667
 20
54.29041317574997
 30
0.0
  0
VERTEX
  5
A07
  8
REAR_LEG
 10
2.67248931113707
 20
54.31949422111149
 30
0.0
  0
VERTEX
  5
A08
  8
REAR_LEG
 10
2.676270326655487
 20
54.35193261640481
 30
0.0
  0
VERTEX
  5
A09
  8
REAR_LEG
 10
2.679363884806919
 20
54.38772836162991
 30
0.0
  0
VERTEX
  5
A0A
  8
REAR_LEG
 10
2.681769985591367
 20
54.4268814567868
 30
0.0
  0
VERTEX
  5
A0B
  8
REAR_LEG
 10
2.683488629008829
 20
54.46939190187548
 30
0.0
  0
VERTEX
  5
A0C
  8
REAR_LEG
 10
2.684519815059307
 20
54.51525969689595
 30
0.0
  0
VERTEX
  5
A0D
  8
REAR_LEG
 10
2.684863543742799
 20
54.56448484184819
 30
0.0
  0
VERTEX
  5
A0E
  8
REAR_LEG
 10
2.684665699907533
 20
54.60106596714662
 30
0.0
  0
VERTEX
  5
A0F
  8
REAR_LEG
 10
2.684072168401735
 20
54.63611630074996
 30
0.0
  0
VERTEX
  5
A10
  8
REAR_LEG
 10
2.683082949225405
 20
54.66963584265822
 30
0.0
  0
VERTEX
  5
A11
  8
REAR_LEG
 10
2.681698042378542
 20
54.70162459287138
 30
0.0
  0
VERTEX
  5
A12
  8
REAR_LEG
 10
2.679917447861148
 20
54.73208255138946
 30
0.0
  0
VERTEX
  5
A13
  8
REAR_LEG
 10
2.677741165673222
 20
54.76100971821245
 30
0.0
  0
VERTEX
  5
A14
  8
REAR_LEG
 10
2.675169195814764
 20
54.78840609334035
 30
0.0
  0
VERTEX
  5
A15
  8
REAR_LEG
 10
2.672201538285774
 20
54.81427167677316
 30
0.0
  0
VERTEX
  5
A16
  8
REAR_LEG
 10
2.668838193086251
 20
54.83860646851088
 30
0.0
  0
VERTEX
  5
A17
  8
REAR_LEG
 10
2.665079160216196
 20
54.86141046855352
 30
0.0
  0
VERTEX
  5
A18
  8
REAR_LEG
 10
2.660924439675609
 20
54.88268367690106
 30
0.0
  0
VERTEX
  5
A19
  8
REAR_LEG
 10
2.656374031464491
 20
54.90242609355352
 30
0.0
  0
VERTEX
  5
A1A
  8
REAR_LEG
 10
2.651427935582841
 20
54.92063771851088
 30
0.0
  0
VERTEX
  5
A1B
  8
REAR_LEG
 10
2.646086152030658
 20
54.93731855177316
 30
0.0
  0
VERTEX
  5
A1C
  8
REAR_LEG
 10
2.640348680807943
 20
54.95246859334035
 30
0.0
  0
VERTEX
  5
A1D
  8
REAR_LEG
 10
2.634215521914696
 20
54.96608784321245
 30
0.0
  0
VERTEX
  5
A1E
  8
REAR_LEG
 10
2.627686675350916
 20
54.97854001429874
 30
0.0
  0
VERTEX
  5
A1F
  8
REAR_LEG
 10
2.620762141116606
 20
54.99018881950849
 30
0.0
  0
VERTEX
  5
A20
  8
REAR_LEG
 10
2.613441919211762
 20
55.00103425884171
 30
0.0
  0
VERTEX
  5
A21
  8
REAR_LEG
 10
2.605726009636387
 20
55.01107633229839
 30
0.0
  0
VERTEX
  5
A22
  8
REAR_LEG
 10
2.59761441239048
 20
55.02031503987855
 30
0.0
  0
VERTEX
  5
A23
  8
REAR_LEG
 10
2.589107127474041
 20
55.02875038158216
 30
0.0
  0
VERTEX
  5
A24
  8
REAR_LEG
 10
2.58020415488707
 20
55.03638235740924
 30
0.0
  0
VERTEX
  5
A25
  8
REAR_LEG
 10
2.570905494629566
 20
55.04321096735978
 30
0.0
  0
VERTEX
  5
A26
  8
REAR_LEG
 10
2.56121114670153
 20
55.04923621143379
 30
0.0
  0
VERTEX
  5
A27
  8
REAR_LEG
 10
2.551121111102963
 20
55.05445808963127
 30
0.0
  0
VERTEX
  5
A28
  8
REAR_LEG
 10
2.540635387833863
 20
55.05887660195222
 30
0.0
  0
VERTEX
  5
A29
  8
REAR_LEG
 10
2.529753976894232
 20
55.06249174839662
 30
0.0
  0
VERTEX
  5
A2A
  8
REAR_LEG
 10
2.518476878284068
 20
55.06530352896449
 30
0.0
  0
VERTEX
  5
A2B
  8
REAR_LEG
 10
2.506804092003372
 20
55.06731194365583
 30
0.0
  0
VERTEX
  5
A2C
  8
REAR_LEG
 10
2.494735618052144
 20
55.06851699247063
 30
0.0
  0
VERTEX
  5
A2D
  8
REAR_LEG
 10
2.482271456430384
 20
55.0689186754089
 30
0.0
  0
VERTEX
  5
A2E
  8
REAR_LEG
 10
2.469577476212103
 20
55.06850899878032
 30
0.0
  0
VERTEX
  5
A2F
  8
REAR_LEG
 10
2.457331142651394
 20
55.06727996889457
 30
0.0
  0
VERTEX
  5
A30
  8
REAR_LEG
 10
2.445532455748256
 20
55.06523158575167
 30
0.0
  0
VERTEX
  5
A31
  8
REAR_LEG
 10
2.434181415502691
 20
55.0623638493516
 30
0.0
  0
VERTEX
  5
A32
  8
REAR_LEG
 10
2.423278021914696
 20
55.05867675969437
 30
0.0
  0
VERTEX
  5
A33
  8
REAR_LEG
 10
2.412822274984273
 20
55.05417031677998
 30
0.0
  0
VERTEX
  5
A34
  8
REAR_LEG
 10
2.402814174711422
 20
55.04884452060843
 30
0.0
  0
VERTEX
  5
A35
  8
REAR_LEG
 10
2.393253721096142
 20
55.04269937117971
 30
0.0
  0
VERTEX
  5
A36
  8
REAR_LEG
 10
2.384140914138434
 20
55.03573486849383
 30
0.0
  0
VERTEX
  5
A37
  8
REAR_LEG
 10
2.375475753838297
 20
55.02795101255079
 30
0.0
  0
VERTEX
  5
A38
  8
REAR_LEG
 10
2.367258240195733
 20
55.01934780335058
 30
0.0
  0
VERTEX
  5
A39
  8
REAR_LEG
 10
2.359488373210739
 20
55.00992524089321
 30
0.0
  0
VERTEX
  5
A3A
  8
REAR_LEG
 10
2.352166152883318
 20
54.99968332517868
 30
0.0
  0
VERTEX
  5
A3B
  8
REAR_LEG
 10
2.345291579213467
 20
54.98862205620699
 30
0.0
  0
VERTEX
  5
A3C
  8
REAR_LEG
 10
2.338864652201189
 20
54.97674143397813
 30
0.0
  0
VERTEX
  5
A3D
  8
REAR_LEG
 10
2.332885371846483
 20
54.96404145849212
 30
0.0
  0
VERTEX
  5
A3E
  8
REAR_LEG
 10
2.327309772852622
 20
54.95023435689764
 30
0.0
  0
VERTEX
  5
A3F
  8
REAR_LEG
 10
2.322093889922881
 20
54.93503235634341
 30
0.0
  0
VERTEX
  5
A40
  8
REAR_LEG
 10
2.31723772305726
 20
54.91843545682943
 30
0.0
  0
VERTEX
  5
A41
  8
REAR_LEG
 10
2.31274127225576
 20
54.9004436583557
 30
0.0
  0
VERTEX
  5
A42
  8
REAR_LEG
 10
2.308604537518379
 20
54.88105696092219
 30
0.0
  0
VERTEX
  5
A43
  8
REAR_LEG
 10
2.304827518845118
 20
54.86027536452896
 30
0.0
  0
VERTEX
  5
A44
  8
REAR_LEG
 10
2.301410216235978
 20
54.83809886917595
 30
0.0
  0
VERTEX
  5
A45
  8
REAR_LEG
 10
2.298352629690958
 20
54.8145274748632
 30
0.0
  0
VERTEX
  5
A46
  8
REAR_LEG
 10
2.295654759210057
 20
54.78956118159068
 30
0.0
  0
VERTEX
  5
A47
  8
REAR_LEG
 10
2.293316604793277
 20
54.76319998935843
 30
0.0
  0
VERTEX
  5
A48
  8
REAR_LEG
 10
2.291338166440616
 20
54.73544389816641
 30
0.0
  0
VERTEX
  5
A49
  8
REAR_LEG
 10
2.289719444152076
 20
54.70629290801463
 30
0.0
  0
VERTEX
  5
A4A
  8
REAR_LEG
 10
2.288460437927656
 20
54.67574701890311
 30
0.0
  0
VERTEX
  5
A4B
  8
REAR_LEG
 10
2.287561147767356
 20
54.64380623083183
 30
0.0
  0
VERTEX
  5
A4C
  8
REAR_LEG
 10
2.287021573671176
 20
54.61047054380078
 30
0.0
  0
SEQEND
  5
15AF
  8
REAR_LEG
  0
POLYLINE
  5
8B
  8
REAR_LEG
 66
     1
 10
0.0
 20
0.0
 30
0.0
 70
     1
  0
VERTEX
  5
A4D
  8
REAR_LEG
 10
3.088001333647301
 20
51.57062399600918
 30
0.0
  0
VERTEX
  5
A4E
  8
REAR_LEG
 10
1.837660269527246
 20
51.57062399600918
 30
0.0
  0
VERTEX
  5
A4F
  8
REAR_LEG
 10
1.84068787973359
 20
51.593687790987
 30
0.0
  0
VERTEX
  5
A50
  8
REAR_LEG
 10
1.844398950461762
 20
51.61657972162309
 30
0.0
  0
VERTEX
  5
A51
  8
REAR_LEG
 10
1.848793481711762
 20
51.63929978791744
 30
0.0
  0
VERTEX
  5
A52
  8
REAR_LEG
 10
1.85387147348359
 20
51.66184798987003
 30
0.0
  0
VERTEX
  5
A53
  8
REAR_LEG
 10
1.859632925777246
 20
51.68422432748088
 30
0.0
  0
VERTEX
  5
A54
  8
REAR_LEG
 10
1.86607783859273
 20
51.70642880074998
 30
0.0
  0
VERTEX
  5
A55
  8
REAR_LEG
 10
1.873206211930043
 20
51.72846140967733
 30
0.0
  0
VERTEX
  5
A56
  8
REAR_LEG
 10
1.881018045789183
 20
51.75032215426293
 30
0.0
  0
VERTEX
  5
A57
  8
REAR_LEG
 10
1.889513340170152
 20
51.7720110345068
 30
0.0
  0
VERTEX
  5
A58
  8
REAR_LEG
 10
1.898692095072949
 20
51.79352805040891
 30
0.0
  0
VERTEX
  5
A59
  8
REAR_LEG
 10
1.908554310497574
 20
51.81487320196928
 30
0.0
  0
VERTEX
  5
A5A
  8
REAR_LEG
 10
1.919099986444026
 20
51.8360464891879
 30
0.0
  0
VERTEX
  5
A5B
  8
REAR_LEG
 10
1.930329122912307
 20
51.85704791206478
 30
0.0
  0
VERTEX
  5
A5C
  8
REAR_LEG
 10
1.942241719902416
 20
51.87787747059991
 30
0.0
  0
VERTEX
  5
A5D
  8
REAR_LEG
 10
1.954837777414354
 20
51.89853516479329
 30
0.0
  0
VERTEX
  5
A5E
  8
REAR_LEG
 10
1.968117295448119
 20
51.91902099464492
 30
0.0
  0
VERTEX
  5
A5F
  8
REAR_LEG
 10
1.982483955364558
 20
51.9396507109222
 30
0.0
  0
VERTEX
  5
A60
  8
REAR_LEG
 10
1.998341438524518
 20
51.96074006439253
 30
0.0
  0
VERTEX
  5
A61
  8
REAR_LEG
 10
2.015689744927997
 20
51.9822890550559
 30
0.0
  0
VERTEX
  5
A62
  8
REAR_LEG
 10
2.034528874574995
 20
52.00429768291231
 30
0.0
  0
VERTEX
  5
A63
  8
REAR_LEG
 10
2.054858827465514
 20
52.02676594796176
 30
0.0
  0
VERTEX
  5
A64
  8
REAR_LEG
 10
2.076679603599552
 20
52.04969385020426
 30
0.0
  0
VERTEX
  5
A65
  8
REAR_LEG
 10
2.09999120297711
 20
52.0730813896398
 30
0.0
  0
VERTEX
  5
A66
  8
REAR_LEG
 10
2.124793625598188
 20
52.09692856626838
 30
0.0
  0
VERTEX
  5
A67
  8
REAR_LEG
 10
2.151086871462786
 20
52.12123538009001
 30
0.0
  0
VERTEX
  5
A68
  8
REAR_LEG
 10
2.178870940570903
 20
52.14600183110467
 30
0.0
  0
VERTEX
  5
A69
  8
REAR_LEG
 10
2.20814583292254
 20
52.17122791931238
 30
0.0
  0
VERTEX
  5
A6A
  8
REAR_LEG
 10
2.238911548517696
 20
52.19691364471313
 30
0.0
  0
VERTEX
  5
A6B
  8
REAR_LEG
 10
2.271168087356373
 20
52.22305900730693
 30
0.0
  0
VERTEX
  5
A6C
  8
REAR_LEG
 10
2.304915449438569
 20
52.24966400709376
 30
0.0
  0
VERTEX
  5
A6D
  8
REAR_LEG
 10
2.340153634764286
 20
52.27672864407364
 30
0.0
  0
VERTEX
  5
A6E
  8
REAR_LEG
 10
2.376882643333522
 20
52.30425291824655
 30
0.0
  0
VERTEX
  5
A6F
  8
REAR_LEG
 10
2.420608129349893
 20
52.33725087186183
 30
0.0
  0
VERTEX
  5
A70
  8
REAR_LEG
 10
2.460208871164354
 20
52.36820244075679
 30
0.0
  0
VERTEX
  5
A71
  8
REAR_LEG
 10
2.495684868776904
 20
52.39710762493142
 30
0.0
  0
VERTEX
  5
A72
  8
REAR_LEG
 10
2.527036122187546
 20
52.42396642438571
 30
0.0
  0
VERTEX
  5
A73
  8
REAR_LEG
 10
2.54116496981715
 20
52.43662842984274
 30
0.0
  0
VERTEX
  5
A74
  8
REAR_LEG
 10
2.554262631396277
 20
52.44877883911968
 30
0.0
  0
VERTEX
  5
A75
  8
REAR_LEG
 10
2.566329106924926
 20
52.46041765221655
 30
0.0
  0
VERTEX
  5
A76
  8
REAR_LEG
 10
2.577364396403099
 20
52.47154486913333
 30
0.0
  0
VERTEX
  5
A77
  8
REAR_LEG
 10
2.587368499830793
 20
52.48216048987002
 30
0.0
  0
VERTEX
  5
A78
  8
REAR_LEG
 10
2.59634141720801
 20
52.49226451442664
 30
0.0
  0
VERTEX
  5
A79
  8
REAR_LEG
 10
2.604283148534749
 20
52.50185694280317
 30
0.0
  0
VERTEX
  5
A7A
  8
REAR_LEG
 10
2.611193693811011
 20
52.51093777499963
 30
0.0
  0
VERTEX
  5
A7B
  8
REAR_LEG
 10
2.62318422928168
 20
52.52847593154805
 30
0.0
  0
VERTEX
  5
A7C
  8
REAR_LEG
 10
2.62857997024348
 20
52.53716107607397
 30
0.0
  0
VERTEX
  5
A7D
  8
REAR_LEG
 10
2.633576026689592
 20
52.5457902647677
 30
0.0
  0
VERTEX
  5
A7E
  8
REAR_LEG
 10
2.638172398620015
 20
52.55436349762923
 30
0.0
  0
VERTEX
  5
A7F
  8
REAR_LEG
 10
2.642369086034749
 20
52.56288077465855
 30
0.0
  0
VERTEX
  5
A80
  8
REAR_LEG
 10
2.646166088933794
 20
52.5713420958557
 30
0.0
  0
VERTEX
  5
A81
  8
REAR_LEG
 10
2.64956340731715
 20
52.57974746122063
 30
0.0
  0
VERTEX
  5
A82
  8
REAR_LEG
 10
2.652561041184817
 20
52.58809687075338
 30
0.0
  0
VERTEX
  5
A83
  8
REAR_LEG
 10
2.655158990536795
 20
52.59639032445392
 30
0.0
  0
VERTEX
  5
A84
  8
REAR_LEG
 10
2.657357255373085
 20
52.60462782232227
 30
0.0
  0
VERTEX
  5
A85
  8
REAR_LEG
 10
2.659155835693685
 20
52.61280936435843
 30
0.0
  0
VERTEX
  5
A86
  8
REAR_LEG
 10
2.660554731498597
 20
52.62093495056239
 30
0.0
  0
VERTEX
  5
A87
  8
REAR_LEG
 10
2.661553942787819
 20
52.62900458093414
 30
0.0
  0
VERTEX
  5
A88
  8
REAR_LEG
 10
2.662153469561352
 20
52.63701825547371
 30
0.0
  0
VERTEX
  5
A89
  8
REAR_LEG
 10
2.662353311819197
 20
52.64497597418107
 30
0.0
  0
VERTEX
  5
A8A
  8
REAR_LEG
 10
2.662155467983931
 20
52.65346727171688
 30
0.0
  0
VERTEX
  5
A8B
  8
REAR_LEG
 10
2.661561936478133
 20
52.66180269229157
 30
0.0
  0
VERTEX
  5
A8C
  8
REAR_LEG
 10
2.660572717301803
 20
52.66998223590515
 30
0.0
  0
VERTEX
  5
A8D
  8
REAR_LEG
 10
2.659187810454941
 20
52.67800590255761
 30
0.0
  0
VERTEX
  5
A8E
  8
REAR_LEG
 10
2.657407215937546
 20
52.68587369224895
 30
0.0
  0
VERTEX
  5
A8F
  8
REAR_LEG
 10
2.65523093374962
 20
52.69358560497916
 30
0.0
  0
VERTEX
  5
A90
  8
REAR_LEG
 10
2.652658963891161
 20
52.70114164074826
 30
0.0
  0
VERTEX
  5
A91
  8
REAR_LEG
 10
2.649691306362171
 20
52.70854179955624
 30
0.0
  0
VERTEX
  5
A92
  8
REAR_LEG
 10
2.646327961162648
 20
52.7157860814031
 30
0.0
  0
VERTEX
  5
A93
  8
REAR_LEG
 10
2.642568928292594
 20
52.72287448628884
 30
0.0
  0
VERTEX
  5
A94
  8
REAR_LEG
 10
2.638414207752007
 20
52.72980701421347
 30
0.0
  0
VERTEX
  5
A95
  8
REAR_LEG
 10
2.633863799540888
 20
52.73658366517697
 30
0.0
  0
VERTEX
  5
A96
  8
REAR_LEG
 10
2.628917703659238
 20
52.74320443917936
 30
0.0
  0
VERTEX
  5
A97
  8
REAR_LEG
 10
2.623575920107055
 20
52.74966933622063
 30
0.0
  0
VERTEX
  5
A98
  8
REAR_LEG
 10
2.61783844888434
 20
52.75597835630078
 30
0.0
  0
VERTEX
  5
A99
  8
REAR_LEG
 10
2.611705289991093
 20
52.76213149941982
 30
0.0
  0
VERTEX
  5
A9A
  8
REAR_LEG
 10
2.60527236771108
 20
52.76801685391334
 30
0.0
  0
VERTEX
  5
A9B
  8
REAR_LEG
 10
2.598635606328064
 20
52.77352250811696
 30
0.0
  0
VERTEX
  5
A9C
  8
REAR_LEG
 10
2.591795005842048
 20
52.77864846203067
 30
0.0
  0
VERTEX
  5
A9D
  8
REAR_LEG
 10
2.58475056625303
 20
52.78339471565447
 30
0.0
  0
VERTEX
  5
A9E
  8
REAR_LEG
 10
2.577502287561011
 20
52.78776126898838
 30
0.0
  0
VERTEX
  5
A9F
  8
REAR_LEG
 10
2.570050169765991
 20
52.79174812203237
 30
0.0
  0
VERTEX
  5
AA0
  8
REAR_LEG
 10
2.562394212867969
 20
52.79535527478646
 30
0.0
  0
VERTEX
  5
AA1
  8
REAR_LEG
 10
2.554534416866946
 20
52.79858272725065
 30
0.0
  0
VERTEX
  5
AA2
  8
REAR_LEG
 10
2.546470781762921
 20
52.80143047942494
 30
0.0
  0
VERTEX
  5
AA3
  8
REAR_LEG
 10
2.538203307555896
 20
52.80389853130931
 30
0.0
  0
VERTEX
  5
AA4
  8
REAR_LEG
 10
2.529731994245868
 20
52.80598688290378
 30
0.0
  0
VERTEX
  5
AA5
  8
REAR_LEG
 10
2.52105684183284
 20
52.80769553420836
 30
0.0
  0
VERTEX
  5
AA6
  8
REAR_LEG
 10
2.51217785031681
 20
52.80902448522303
 30
0.0
  0
VERTEX
  5
AA7
  8
REAR_LEG
 10
2.503095019697779
 20
52.80997373594779
 30
0.0
  0
VERTEX
  5
AA8
  8
REAR_LEG
 10
2.493808349975746
 20
52.81054328638264
 30
0.0
  0
VERTEX
  5
AA9
  8
REAR_LEG
 10
2.484317841150711
 20
52.8107331365276
 30
0.0
  0
VERTEX
  5
AAA
  8
REAR_LEG
 10
2.474455625726086
 20
52.8105372911149
 30
0.0
  0
VERTEX
  5
AAB
  8
REAR_LEG
 10
2.464821230475404
 20
52.80994975487684
 30
0.0
  0
VERTEX
  5
AAC
  8
REAR_LEG
 10
2.455414655398664
 20
52.80897052781341
 30
0.0
  0
VERTEX
  5
AAD
  8
REAR_LEG
 10
2.446235900495868
 20
52.80759960992459
 30
0.0
  0
VERTEX
  5
AAE
  8
REAR_LEG
 10
2.437284965767014
 20
52.80583700121041
 30
0.0
  0
VERTEX
  5
AAF
  8
REAR_LEG
 10
2.428561851212103
 20
52.80368270167084
 30
0.0
  0
VERTEX
  5
AB0
  8
REAR_LEG
 10
2.420066556831133
 20
52.80113671130591
 30
0.0
  0
VERTEX
  5
AB1
  8
REAR_LEG
 10
2.411799082624108
 20
52.79819903011559
 30
0.0
  0
VERTEX
  5
AB2
  8
REAR_LEG
 10
2.403759428591025
 20
52.79486965809991
 30
0.0
  0
VERTEX
  5
AB3
  8
REAR_LEG
 10
2.395947594731885
 20
52.79114859525884
 30
0.0
  0
VERTEX
  5
AB4
  8
REAR_LEG
 10
2.388363581046686
 20
52.7870358415924
 30
0.0
  0
VERTEX
  5
AB5
  8
REAR_LEG
 10
2.381007387535432
 20
52.78253139710058
 30
0.0
  0
VERTEX
  5
AB6
  8
REAR_LEG
 10
2.373879014198119
 20
52.7776352617834
 30
0.0
  0
VERTEX
  5
AB7
  8
REAR_LEG
 10
2.36697846103475
 20
52.77234743564082
 30
0.0
  0
VERTEX
  5
AB8
  8
REAR_LEG
 10
2.360305728045323
 20
52.76666791867289
 30
0.0
  0
VERTEX
  5
AB9
  8
REAR_LEG
 10
2.353860815229838
 20
52.76059671087957
 30
0.0
  0
VERTEX
  5
ABA
  8
REAR_LEG
 10
2.347659709968924
 20
52.7540298942868
 30
0.0
  0
VERTEX
  5
ABB
  8
REAR_LEG
 10
2.341718399643208
 20
52.74686355092051
 30
0.0
  0
VERTEX
  5
ABC
  8
REAR_LEG
 10
2.33603688425269
 20
52.73909768078067
 30
0.0
  0
VERTEX
  5
ABD
  8
REAR_LEG
 10
2.330615163797369
 20
52.7307322838673
 30
0.0
  0
VERTEX
  5
ABE
  8
REAR_LEG
 10
2.325453238277246
 20
52.72176736018039
 30
0.0
  0
VERTEX
  5
ABF
  8
REAR_LEG
 10
2.320551107692322
 20
52.71220290971996
 30
0.0
  0
VERTEX
  5
AC0
  8
REAR_LEG
 10
2.315908772042594
 20
52.70203893248598
 30
0.0
  0
VERTEX
  5
AC1
  8
REAR_LEG
 10
2.311526231328065
 20
52.69127542847848
 30
0.0
  0
VERTEX
  5
AC2
  8
REAR_LEG
 10
2.307403485548733
 20
52.67991239769744
 30
0.0
  0
VERTEX
  5
AC3
  8
REAR_LEG
 10
2.3035405347046
 20
52.66794984014287
 30
0.0
  0
VERTEX
  5
AC4
  8
REAR_LEG
 10
2.299937378795664
 20
52.65538775581477
 30
0.0
  0
VERTEX
  5
AC5
  8
REAR_LEG
 10
2.296594017821926
 20
52.64222614471313
 30
0.0
  0
VERTEX
  5
AC6
  8
REAR_LEG
 10
2.293510451783385
 20
52.62846500683797
 30
0.0
  0
VERTEX
  5
AC7
  8
REAR_LEG
 10
2.290686680680043
 20
52.61410434218926
 30
0.0
  0
VERTEX
  5
AC8
  8
REAR_LEG
 10
2.288122704511898
 20
52.59914415076702
 30
0.0
  0
VERTEX
  5
AC9
  8
REAR_LEG
 10
2.285818523278952
 20
52.58358443257125
 30
0.0
  0
VERTEX
  5
ACA
  8
REAR_LEG
 10
1.868356040332157
 20
52.61734978045665
 30
0.0
  0
VERTEX
  5
ACB
  8
REAR_LEG
 10
1.871585491218924
 20
52.63904665439082
 30
0.0
  0
VERTEX
  5
ACC
  8
REAR_LEG
 10
1.875134689718242
 20
52.66014000470631
 30
0.0
  0
VERTEX
  5
ACD
  8
REAR_LEG
 10
1.879003635830111
 20
52.6806298314031
 30
0.0
  0
VERTEX
  5
ACE
  8
REAR_LEG
 10
1.883192329554531
 20
52.70051613448121
 30
0.0
  0
VERTEX
  5
ACF
  8
REAR_LEG
 10
1.887700770891503
 20
52.71979891394061
 30
0.0
  0
VERTEX
  5
AD0
  8
REAR_LEG
 10
1.892528959841025
 20
52.73847816978135
 30
0.0
  0
VERTEX
  5
AD1
  8
REAR_LEG
 10
1.897676896403099
 20
52.75655390200338
 30
0.0
  0
VERTEX
  5
AD2
  8
REAR_LEG
 10
1.903144580577724
 20
52.77402611060673
 30
0.0
  0
VERTEX
  5
AD3
  8
REAR_LEG
 10
1.9089320123649
 20
52.79089479559137
 30
0.0
  0
VERTEX
  5
AD4
  8
REAR_LEG
 10
1.915039191764627
 20
52.80715995695734
 30
0.0
  0
VERTEX
  5
AD5
  8
REAR_LEG
 10
1.921466118776905
 20
52.82282159470461
 30
0.0
  0
VERTEX
  5
AD6
  8
REAR_LEG
 10
1.928212793401734
 20
52.83787970883319
 30
0.0
  0
VERTEX
  5
AD7
  8
REAR_LEG
 10
1.935279215639115
 20
52.85233429934307
 30
0.0
  0
VERTEX
  5
AD8
  8
REAR_LEG
 10
1.942665385489047
 20
52.86618536623428
 30
0.0
  0
VERTEX
  5
AD9
  8
REAR_LEG
 10
1.95037130295153
 20
52.87943290950678
 30
0.0
  0
VERTEX
  5
ADA
  8
REAR_LEG
 10
1.958396968026564
 20
52.89207692916061
 30
0.0
  0
VERTEX
  5
ADB
  8
REAR_LEG
 10
1.96679234127861
 20
52.90423932897303
 30
0.0
  0
VERTEX
  5
ADC
  8
REAR_LEG
 10
1.97560738327213
 20
52.91604201272132
 30
0.0
  0
VERTEX
  5
ADD
  8
REAR_LEG
 10
1.984842094007123
 20
52.9274849804055
 30
0.0
  0
VERTEX
  5
ADE
  8
REAR_LEG
 10
1.99449647348359
 20
52.93856823202555
 30
0.0
  0
VERTEX
  5
ADF
  8
REAR_LEG
 10
2.00457052170153
 20
52.94929176758149
 30
0.0
  0
VERTEX
  5
AE0
  8
REAR_LEG
 10
2.015064238660943
 20
52.9596555870733
 30
0.0
  0
VERTEX
  5
AE1
  8
REAR_LEG
 10
2.02597762436183
 20
52.969659690501
 30
0.0
  0
VERTEX
  5
AE2
  8
REAR_LEG
 10
2.03731067880419
 20
52.97930407786457
 30
0.0
  0
VERTEX
  5
AE3
  8
REAR_LEG
 10
2.049063401988024
 20
52.98858874916402
 30
0.0
  0
VERTEX
  5
AE4
  8
REAR_LEG
 10
2.061235793913331
 20
52.99751370439935
 30
0.0
  0
VERTEX
  5
AE5
  8
REAR_LEG
 10
2.073827854580111
 20
53.00607894357057
 30
0.0
  0
VERTEX
  5
AE6
  8
REAR_LEG
 10
2.086839583988365
 20
53.01428446667767
 30
0.0
  0
VERTEX
  5
AE7
  8
REAR_LEG
 10
2.100270982138092
 20
53.02213027372063
 30
0.0
  0
VERTEX
  5
AE8
  8
REAR_LEG
 10
2.114122049029292
 20
53.02961636469948
 30
0.0
  0
VERTEX
  5
AE9
  8
REAR_LEG
 10
2.128392784661966
 20
53.03674273961422
 30
0.0
  0
VERTEX
  5
AEA
  8
REAR_LEG
 10
2.143083189036114
 20
53.04350939846483
 30
0.0
  0
VERTEX
  5
AEB
  8
REAR_LEG
 10
2.158341145422539
 20
53.0498903617578
 30
0.0
  0
VERTEX
  5
AEC
  8
REAR_LEG
 10
2.174314537092048
 20
53.05585964999963
 30
0.0
  0
VERTEX
  5
AED
  8
REAR_LEG
 10
2.19100336404464
 20
53.06141726319028
 30
0.0
  0
VERTEX
  5
AEE
  8
REAR_LEG
 10
2.208407626280316
 20
53.06656320132978
 30
0.0
  0
VERTEX
  5
AEF
  8
REAR_LEG
 10
2.226527323799074
 20
53.07129746441811
 30
0.0
  0
VERTEX
  5
AF0
  8
REAR_LEG
 10
2.245362456600915
 20
53.07562005245529
 30
0.0
  0
VERTEX
  5
AF1
  8
REAR_LEG
 10
2.264913024685841
 20
53.07953096544131
 30
0.0
  0
VERTEX
  5
AF2
  8
REAR_LEG
 10
2.285179028053849
 20
53.08303020337616
 30
0.0
  0
VERTEX
  5
AF3
  8
REAR_LEG
 10
2.30616046670494
 20
53.08611776625985
 30
0.0
  0
VERTEX
  5
AF4
  8
REAR_LEG
 10
2.327857340639115
 20
53.08879365409239
 30
0.0
  0
VERTEX
  5
AF5
  8
REAR_LEG
 10
2.350269649856373
 20
53.09105786687377
 30
0.0
  0
VERTEX
  5
AF6
  8
REAR_LEG
 10
2.373397394356714
 20
53.09291040460399
 30
0.0
  0
VERTEX
  5
AF7
  8
REAR_LEG
 10
2.397240574140139
 20
53.09435126728305
 30
0.0
  0
VERTEX
  5
AF8
  8
REAR_LEG
 10
2.421799189206646
 20
53.09538045491095
 30
0.0
  0
VERTEX
  5
AF9
  8
REAR_LEG
 10
2.447073239556237
 20
53.09599796748769
 30
0.0
  0
VERTEX
  5
AFA
  8
REAR_LEG
 10
2.47306272518891
 20
53.09620380501327
 30
0.0
  0
VERTEX
  5
AFB
  8
REAR_LEG
 10
2.500179321155827
 20
53.09600795960058
 30
0.0
  0
VERTEX
  5
AFC
  8
REAR_LEG
 10
2.526532519697778
 20
53.09542042336251
 30
0.0
  0
VERTEX
  5
AFD
  8
REAR_LEG
 10
2.552122320814763
 20
53.09444119629908
 30
0.0
  0
VERTEX
  5
AFE
  8
REAR_LEG
 10
2.576948724506781
 20
53.09307027841027
 30
0.0
  0
VERTEX
  5
AFF
  8
REAR_LEG
 10
2.601011730773835
 20
53.09130766969608
 30
0.0
  0
VERTEX
  5
B00
  8
REAR_LEG
 10
2.624311339615922
 20
53.08915337015651
 30
0.0
  0
VERTEX
  5
B01
  8
REAR_LEG
 10
2.646847551033043
 20
53.08660737979158
 30
0.0
  0
VERTEX
  5
B02
  8
REAR_LEG
 10
2.668620365025199
 20
53.08366969860126
 30
0.0
  0
VERTEX
  5
B03
  8
REAR_LEG
 10
2.689629781592389
 20
53.08034032658558
 30
0.0
  0
VERTEX
  5
B04
  8
REAR_LEG
 10
2.709875800734613
 20
53.07661926374451
 30
0.0
  0
VERTEX
  5
B05
  8
REAR_LEG
 10
2.729358422451871
 20
53.07250651007807
 30
0.0
  0
VERTEX
  5
B06
  8
REAR_LEG
 10
2.748077646744163
 20
53.06800206558626
 30
0.0
  0
VERTEX
  5
B07
  8
REAR_LEG
 10
2.766033473611489
 20
53.06310593026907
 30
0.0
  0
VERTEX
  5
B08
  8
REAR_LEG
 10
2.783225903053848
 20
53.0578181041265
 30
0.0
  0
VERTEX
  5
B09
  8
REAR_LEG
 10
2.799654935071243
 20
53.05213858715857
 30
0.0
  0
VERTEX
  5
B0A
  8
REAR_LEG
 10
2.815320569663672
 20
53.04606737936525
 30
0.0
  0
VERTEX
  5
B0B
  8
REAR_LEG
 10
2.830400666440616
 20
53.03959049178851
 30
0.0
  0
VERTEX
  5
B0C
  8
REAR_LEG
 10
2.845073085011557
 20
53.0326939354703
 30
0.0
  0
VERTEX
  5
B0D
  8
REAR_LEG
 10
2.859337825376496
 20
53.02537771041062
 30
0.0
  0
VERTEX
  5
B0E
  8
REAR_LEG
 10
2.873194887535432
 20
53.01764181660945
 30
0.0
  0
VERTEX
  5
B0F
  8
REAR_LEG
 10
2.886644271488364
 20
53.00948625406681
 30
0.0
  0
VERTEX
  5
B10
  8
REAR_LEG
 10
2.899685977235295
 20
53.00091102278271
 30
0.0
  0
VERTEX
  5
B11
  8
REAR_LEG
 10
2.912320004776222
 20
52.99191612275713
 30
0.0
  0
VERTEX
  5
B12
  8
REAR_LEG
 10
2.924546354111148
 20
52.98250155399008
 30
0.0
  0
VERTEX
  5
B13
  8
REAR_LEG
 10
2.93636502524007
 20
52.97266731648155
 30
0.0
  0
VERTEX
  5
B14
  8
REAR_LEG
 10
2.94777601816299
 20
52.96241341023155
 30
0.0
  0
VERTEX
  5
B15
  8
REAR_LEG
 10
2.958779332879906
 20
52.95173983524008
 30
0.0
  0
VERTEX
  5
B16
  8
REAR_LEG
 10
2.96937496939082
 20
52.94064659150713
 30
0.0
  0
VERTEX
  5
B17
  8
REAR_LEG
 10
2.979562927695731
 20
52.92913367903271
 30
0.0
  0
VERTEX
  5
B18
  8
REAR_LEG
 10
2.98934320779464
 20
52.91720109781681
 30
0.0
  0
VERTEX
  5
B19
  8
REAR_LEG
 10
2.998715809687546
 20
52.90484884785945
 30
0.0
  0
VERTEX
  5
B1A
  8
REAR_LEG
 10
3.007680733374449
 20
52.89207692916061
 30
0.0
  0
VERTEX
  5
B1B
  8
REAR_LEG
 10
3.016168034065104
 20
52.87899725338468
 30
0.0
  0
VERTEX
  5
B1C
  8
REAR_LEG
 10
3.024107766969265
 20
52.86572173219608
 30
0.0
  0
VERTEX
  5
B1D
  8
REAR_LEG
 10
3.031499932086932
 20
52.85225036559478
 30
0.0
  0
VERTEX
  5
B1E
  8
REAR_LEG
 10
3.038344529418105
 20
52.8385831535808
 30
0.0
  0
VERTEX
  5
B1F
  8
REAR_LEG
 10
3.044641558962785
 20
52.82472009615412
 30
0.0
  0
VERTEX
  5
B20
  8
REAR_LEG
 10
3.05039102072097
 20
52.81066119331477
 30
0.0
  0
VERTEX
  5
B21
  8
REAR_LEG
 10
3.055592914692662
 20
52.79640644506273
 30
0.0
  0
VERTEX
  5
B22
  8
REAR_LEG
 10
3.06024724087786
 20
52.781955851398
 30
0.0
  0
VERTEX
  5
B23
  8
REAR_LEG
 10
3.064353999276564
 20
52.76730941232057
 30
0.0
  0
VERTEX
  5
B24
  8
REAR_LEG
 10
3.067913189888774
 20
52.75246712783046
 30
0.0
  0
VERTEX
  5
B25
  8
REAR_LEG
 10
3.07092481271449
 20
52.73742899792767
 30
0.0
  0
VERTEX
  5
B26
  8
REAR_LEG
 10
3.073388867753713
 20
52.72219502261218
 30
0.0
  0
VERTEX
  5
B27
  8
REAR_LEG
 10
3.075305355006441
 20
52.70676520188401
 30
0.0
  0
VERTEX
  5
B28
  8
REAR_LEG
 10
3.076674274472676
 20
52.69113953574315
 30
0.0
  0
VERTEX
  5
B29
  8
REAR_LEG
 10
3.077495626152417
 20
52.6753180241896
 30
0.0
  0
VERTEX
  5
B2A
  8
REAR_LEG
 10
3.077769410045664
 20
52.65930066722336
 30
0.0
  0
VERTEX
  5
B2B
  8
REAR_LEG
 10
3.077455657700848
 20
52.64221015733251
 30
0.0
  0
VERTEX
  5
B2C
  8
REAR_LEG
 10
3.0765144006664
 20
52.62521557172541
 30
0.0
  0
VERTEX
  5
B2D
  8
REAR_LEG
 10
3.074945638942321
 20
52.60831691040208
 30
0.0
  0
VERTEX
  5
B2E
  8
REAR_LEG
 10
3.072749372528611
 20
52.59151417336251
 30
0.0
  0
VERTEX
  5
B2F
  8
REAR_LEG
 10
3.069925601425268
 20
52.57480736060671
 30
0.0
  0
VERTEX
  5
B30
  8
REAR_LEG
 10
3.066474325632294
 20
52.55819647213468
 30
0.0
  0
VERTEX
  5
B31
  8
REAR_LEG
 10
3.062395545149688
 20
52.54168150794641
 30
0.0
  0
VERTEX
  5
B32
  8
REAR_LEG
 10
3.057689259977451
 20
52.52526246804192
 30
0.0
  0
VERTEX
  5
B33
  8
REAR_LEG
 10
3.052355470115582
 20
52.50893935242118
 30
0.0
  0
VERTEX
  5
B34
  8
REAR_LEG
 10
3.046394175564081
 20
52.49271216108421
 30
0.0
  0
VERTEX
  5
B35
  8
REAR_LEG
 10
3.039805376322948
 20
52.476580894031
 30
0.0
  0
VERTEX
  5
B36
  8
REAR_LEG
 10
3.032589072392184
 20
52.46054555126156
 30
0.0
  0
VERTEX
  5
B37
  8
REAR_LEG
 10
3.024745263771789
 20
52.44460613277589
 30
0.0
  0
VERTEX
  5
B38
  8
REAR_LEG
 10
3.016273950461762
 20
52.42876263857399
 30
0.0
  0
VERTEX
  5
B39
  8
REAR_LEG
 10
3.007175132462103
 20
52.41301506865584
 30
0.0
  0
VERTEX
  5
B3A
  8
REAR_LEG
 10
2.997448809772812
 20
52.39736342302145
 30
0.0
  0
VERTEX
  5
B3B
  8
REAR_LEG
 10
2.986895140136046
 20
52.38166381524519
 30
0.0
  0
VERTEX
  5
B3C
  8
REAR_LEG
 10
2.975314281293958
 20
52.3657723589014
 30
0.0
  0
VERTEX
  5
B3D
  8
REAR_LEG
 10
2.96270623324655
 20
52.34968905399008
 30
0.0
  0
VERTEX
  5
B3E
  8
REAR_LEG
 10
2.949070995993821
 20
52.33341390051122
 30
0.0
  0
VERTEX
  5
B3F
  8
REAR_LEG
 10
2.934408569535772
 20
52.31694689846483
 30
0.0
  0
VERTEX
  5
B40
  8
REAR_LEG
 10
2.918718953872403
 20
52.30028804785091
 30
0.0
  0
VERTEX
  5
B41
  8
REAR_LEG
 10
2.902002149003712
 20
52.28343734866947
 30
0.0
  0
VERTEX
  5
B42
  8
REAR_LEG
 10
2.884258154929702
 20
52.26639480092049
 30
0.0
  0
VERTEX
  5
B43
  8
REAR_LEG
 10
2.86548697165037
 20
52.24916040460398
 30
0.0
  0
VERTEX
  5
B44
  8
REAR_LEG
 10
2.845688599165718
 20
52.23173415971995
 30
0.0
  0
VERTEX
  5
B45
  8
REAR_LEG
 10
2.824863037475746
 20
52.21411606626838
 30
0.0
  0
VERTEX
  5
B46
  8
REAR_LEG
 10
2.803010286580452
 20
52.19630612424928
 30
0.0
  0
VERTEX
  5
B47
  8
REAR_LEG
 10
2.780130346479838
 20
52.17830433366265
 30
0.0
  0
VERTEX
  5
B48
  8
REAR_LEG
 10
2.756223217173904
 20
52.16011069450849
 30
0.0
  0
VERTEX
  5
B49
  8
REAR_LEG
 10
2.731288898662648
 20
52.1417252067868
 30
0.0
  0
VERTEX
  5
B4A
  8
REAR_LEG
 10
2.705327390946073
 20
52.12314787049758
 30
0.0
  0
VERTEX
  5
B4B
  8
REAR_LEG
 10
2.647612946880589
 20
52.08292362083864
 30
0.0
  0
VERTEX
  5
B4C
  8
REAR_LEG
 10
2.600322274984272
 20
52.04922222247575
 30
0.0
  0
VERTEX
  5
B4D
  8
REAR_LEG
 10
2.563455375257123
 20
52.0220436754089
 30
0.0
  0
VERTEX
  5
B4E
  8
REAR_LEG
 10
2.548930839956987
 20
52.0109004711115
 30
0.0
  0
VERTEX
  5
B4F
  8
REAR_LEG
 10
2.537012247699142
 20
52.0013879796381
 30
0.0
  0
VERTEX
  5
B50
  8
REAR_LEG
 10
2.514853738149347
 20
51.98265076954259
 30
0.0
  0
VERTEX
  5
B51
  8
REAR_LEG
 10
2.490840692446755
 20
51.96122767950167
 30
0.0
  0
VERTEX
  5
B52
  8
REAR_LEG
 10
2.464973110591366
 20
51.93711870951531
 30
0.0
  0
VERTEX
  5
B53
  8
REAR_LEG
 10
2.437250992583181
 20
51.91032385958353
 30
0.0
  0
VERTEX
  5
B54
  8
REAR_LEG
 10
3.088001333647301
 20
51.91032385958353
 30
0.0
  0
SEQEND
  5
15B0
  8
REAR_LEG
  0
POLYLINE
  5
8C
  8
REAR_LEG
 66
     1
 10
0.0
 20
0.0
 30
0.0
 70
     1
  0
VERTEX
  5
B55
  8
REAR_LEG
 10
0.4778376228696743
 20
53.07062399600918
 30
0.0
  0
VERTEX
  5
B56
  8
REAR_LEG
 10
1.694413339104327
 20
53.07062399600918
 30
0.0
  0
VERTEX
  5
B57
  8
REAR_LEG
 10
1.694413339104327
 20
52.78924609696416
 30
0.0
  0
VERTEX
  5
B58
  8
REAR_LEG
 10
1.674792826229156
 20
52.77124830322268
 30
0.0
  0
VERTEX
  5
B59
  8
REAR_LEG
 10
1.655579991559988
 20
52.75306665460398
 30
0.0
  0
VERTEX
  5
B5A
  8
REAR_LEG
 10
1.636774835096823
 20
52.73470115110808
 30
0.0
  0
VERTEX
  5
B5B
  8
REAR_LEG
 10
1.618377356839661
 20
52.71615179273496
 30
0.0
  0
VERTEX
  5
B5C
  8
REAR_LEG
 10
1.600387556788501
 20
52.69741857948462
 30
0.0
  0
VERTEX
  5
B5D
  8
REAR_LEG
 10
1.582805434943344
 20
52.67850151135706
 30
0.0
  0
VERTEX
  5
B5E
  8
REAR_LEG
 10
1.56563099130419
 20
52.65940058835228
 30
0.0
  0
VERTEX
  5
B5F
  8
REAR_LEG
 10
1.548864225871039
 20
52.6401158104703
 30
0.0
  0
VERTEX
  5
B60
  8
REAR_LEG
 10
1.53250513864389
 20
52.62064717771109
 30
0.0
  0
VERTEX
  5
B61
  8
REAR_LEG
 10
1.516553729622744
 20
52.60099469007466
 30
0.0
  0
VERTEX
  5
B62
  8
REAR_LEG
 10
1.501009998807601
 20
52.58115834756102
 30
0.0
  0
VERTEX
  5
B63
  8
REAR_LEG
 10
1.48587394619846
 20
52.56113815017017
 30
0.0
  0
VERTEX
  5
B64
  8
REAR_LEG
 10
1.471145571795322
 20
52.54093409790209
 30
0.0
  0
VERTEX
  5
B65
  8
REAR_LEG
 10
1.456824875598187
 20
52.52054619075679
 30
0.0
  0
VERTEX
  5
B66
  8
REAR_LEG
 10
1.442911857607055
 20
52.49997442873428
 30
0.0
  0
VERTEX
  5
B67
  8
REAR_LEG
 10
1.429406517821925
 20
52.47921881183455
 30
0.0
  0
VERTEX
  5
B68
  8
REAR_LEG
 10
1.413503070942662
 20
52.45371494288844
 30
0.0
  0
VERTEX
  5
B69
  8
REAR_LEG
 10
1.398023289650029
 20
52.4278513578782
 30
0.0
  0
VERTEX
  5
B6A
  8
REAR_LEG
 10
1.382967173944026
 20
52.40162805680385
 30
0.0
  0
VERTEX
  5
B6B
  8
REAR_LEG
 10
1.368334723824654
 20
52.37504503966538
 30
0.0
  0
VERTEX
  5
B6C
  8
REAR_LEG
 10
1.354125939291912
 20
52.34810230646278
 30
0.0
  0
VERTEX
  5
B6D
  8
REAR_LEG
 10
1.3403408203458
 20
52.32079985719607
 30
0.0
  0
VERTEX
  5
B6E
  8
REAR_LEG
 10
1.326979366986318
 20
52.29313769186524
 30
0.0
  0
VERTEX
  5
B6F
  8
REAR_LEG
 10
1.314041579213467
 20
52.26511581047029
 30
0.0
  0
VERTEX
  5
B70
  8
REAR_LEG
 10
1.301527457027246
 20
52.23673421301122
 30
0.0
  0
VERTEX
  5
B71
  8
REAR_LEG
 10
1.289437000427655
 20
52.20799289948803
 30
0.0
  0
VERTEX
  5
B72
  8
REAR_LEG
 10
1.277770209414695
 20
52.17889186990072
 30
0.0
  0
VERTEX
  5
B73
  8
REAR_LEG
 10
1.266527083988365
 20
52.14943112424929
 30
0.0
  0
VERTEX
  5
B74
  8
REAR_LEG
 10
1.255707624148665
 20
52.11961066253374
 30
0.0
  0
VERTEX
  5
B75
  8
REAR_LEG
 10
1.245311829895595
 20
52.08943048475406
 30
0.0
  0
VERTEX
  5
B76
  8
REAR_LEG
 10
1.235339701229156
 20
52.05889059091027
 30
0.0
  0
VERTEX
  5
B77
  8
REAR_LEG
 10
1.225791238149347
 20
52.02799098100235
 30
0.0
  0
VERTEX
  5
B78
  8
REAR_LEG
 10
1.218524973654122
 20
52.00354227917767
 30
0.0
  0
VERTEX
  5
B79
  8
REAR_LEG
 10
1.211562469390821
 20
51.97854201272132
 30
0.0
  0
VERTEX
  5
B7A
  8
REAR_LEG
 10
1.204903725359443
 20
51.95299018163333
 30
0.0
  0
VERTEX
  5
B7B
  8
REAR_LEG
 10
1.198548741559988
 20
51.92688678591368
 30
0.0
  0
VERTEX
  5
B7C
  8
REAR_LEG
 10
1.192497517992458
 20
51.90023182556239
 30
0.0
  0
VERTEX
  5
B7D
  8
REAR_LEG
 10
1.186750054656851
 20
51.87302530057944
 30
0.0
  0
VERTEX
  5
B7E
  8
REAR_LEG
 10
1.181306351553167
 20
51.84526721096484
 30
0.0
  0
VERTEX
  5
B7F
  8
REAR_LEG
 10
1.176166408681407
 20
51.81695755671859
 30
0.0
  0
VERTEX
  5
B80
  8
REAR_LEG
 10
1.171330226041571
 20
51.7880963378407
 30
0.0
  0
VERTEX
  5
B81
  8
REAR_LEG
 10
1.166797803633658
 20
51.75868355433114
 30
0.0
  0
VERTEX
  5
B82
  8
REAR_LEG
 10
1.162569141457669
 20
51.72871920618994
 30
0.0
  0
VERTEX
  5
B83
  8
REAR_LEG
 10
1.158644239513604
 20
51.69820329341709
 30
0.0
  0
VERTEX
  5
B84
  8
REAR_LEG
 10
1.155023097801462
 20
51.66713581601259
 30
0.0
  0
VERTEX
  5
B85
  8
REAR_LEG
 10
1.151705716321244
 20
51.63551677397643
 30
0.0
  0
VERTEX
  5
B86
  8
REAR_LEG
 10
1.148692095072949
 20
51.60334616730863
 30
0.0
  0
VERTEX
  5
B87
  8
REAR_LEG
 10
1.145982234056578
 20
51.57062399600918
 30
0.0
  0
VERTEX
  5
B88
  8
REAR_LEG
 10
0.730566135830111
 20
51.57062399600918
 30
0.0
  0
VERTEX
  5
B89
  8
REAR_LEG
 10
0.7369251164747221
 20
51.61607611913332
 30
0.0
  0
VERTEX
  5
B8A
  8
REAR_LEG
 10
0.7437237500865912
 20
51.66060097418107
 30
0.0
  0
VERTEX
  5
B8B
  8
REAR_LEG
 10
0.7509620366657181
 20
51.70419856115242
 30
0.0
  0
VERTEX
  5
B8C
  8
REAR_LEG
 10
0.7586399762121028
 20
51.74686888004738
 30
0.0
  0
VERTEX
  5
B8D
  8
REAR_LEG
 10
0.7667575687257453
 20
51.78861193086593
 30
0.0
  0
VERTEX
  5
B8E
  8
REAR_LEG
 10
0.7753148142066457
 20
51.82942771360808
 30
0.0
  0
VERTEX
  5
B8F
  8
REAR_LEG
 10
0.784311712654804
 20
51.86931622827383
 30
0.0
  0
VERTEX
  5
B90
  8
REAR_LEG
 10
0.79374826407022
 20
51.9082774748632
 30
0.0
  0
VERTEX
  5
B91
  8
REAR_LEG
 10
0.8036244684528939
 20
51.94631145337615
 30
0.0
  0
VERTEX
  5
B92
  8
REAR_LEG
 10
0.8139403258028258
 20
51.98341816381271
 30
0.0
  0
VERTEX
  5
B93
  8
REAR_LEG
 10
0.8246958361200154
 20
52.01959760617288
 30
0.0
  0
VERTEX
  5
B94
  8
REAR_LEG
 10
0.835890999404463
 20
52.05484978045665
 30
0.0
  0
VERTEX
  5
B95
  8
REAR_LEG
 10
0.8475258156561682
 20
52.08917468666401
 30
0.0
  0
VERTEX
  5
B96
  8
REAR_LEG
 10
0.8596002848751314
 20
52.12257232479499
 30
0.0
  0
VERTEX
  5
B97
  8
REAR_LEG
 10
0.8721144070613525
 20
52.15504269484956
 30
0.0
  0
VERTEX
  5
B98
  8
REAR_LEG
 10
0.8850681822148313
 20
52.18658579682773
 30
0.0
  0
VERTEX
  5
B99
  8
REAR_LEG
 10
0.8987214052707658
 20
52.21780115750303
 30
0.0
  0
VERTEX
  5
B9A
  8
REAR_LEG
 10
0.9133338711643538
 20
52.24928830364901
 30
0.0
  0
VERTEX
  5
B9B
  8
REAR_LEG
 10
0.9289055798955952
 20
52.28104723526565
 30
0.0
  0
VERTEX
  5
B9C
  8
REAR_LEG
 10
0.9454365314644901
 20
52.31307795235297
 30
0.0
  0
VERTEX
  5
B9D
  8
REAR_LEG
 10
0.9629267258710386
 20
52.34538045491095
 30
0.0
  0
VERTEX
  5
B9E
  8
REAR_LEG
 10
0.9813761631152405
 20
52.37795474293961
 30
0.0
  0
VERTEX
  5
B9F
  8
REAR_LEG
 10
1.000784843197096
 20
52.41080081643892
 30
0.0
  0
VERTEX
  5
BA0
  8
REAR_LEG
 10
1.021152766116605
 20
52.4439186754089
 30
0.0
  0
VERTEX
  5
BA1
  8
REAR_LEG
 10
1.042479931873767
 20
52.47730831984956
 30
0.0
  0
VERTEX
  5
BA2
  8
REAR_LEG
 10
1.064766340468583
 20
52.51096974976089
 30
0.0
  0
VERTEX
  5
BA3
  8
REAR_LEG
 10
1.088011991901052
 20
52.54490296514287
 30
0.0
  0
VERTEX
  5
BA4
  8
REAR_LEG
 10
1.112216886171175
 20
52.57910796599553
 30
0.0
  0
VERTEX
  5
BA5
  8
REAR_LEG
 10
1.137381023278951
 20
52.61358475231886
 30
0.0
  0
VERTEX
  5
BA6
  8
REAR_LEG
 10
1.163504403224381
 20
52.64833332411287
 30
0.0
  0
VERTEX
  5
BA7
  8
REAR_LEG
 10
1.190587026007464
 20
52.68335368137753
 30
0.0
  0
VERTEX
  5
BA8
  8
REAR_LEG
 10
1.218628891628201
 20
52.71864582411286
 30
0.0
  0
VERTEX
  5
BA9
  8
REAR_LEG
 10
0.4778376228696743
 20
52.71864582411286
 30
0.0
  0
SEQEND
  5
15B1
  8
REAR_LEG
  0
POLYLINE
  5
8D
  8
REAR_LEG
 66
     1
 10
0.0
 20
0.0
 30
0.0
 70
     1
  0
VERTEX
  5
BAA
  8
REAR_LEG
 10
0.4778376228696747
 20
24.80612958883983
 30
0.0
  0
VERTEX
  5
BAB
  8
REAR_LEG
 10
0.9188335301002339
 20
24.83375578256425
 30
0.0
  0
VERTEX
  5
BAC
  8
REAR_LEG
 10
0.9228783373990062
 20
24.80769635214133
 30
0.0
  0
VERTEX
  5
BAD
  8
REAR_LEG
 10
0.9252484665770415
 20
24.79526616370341
 30
0.0
  0
VERTEX
  5
BAE
  8
REAR_LEG
 10
0.9278504127741767
 20
24.78323565978117
 30
0.0
  0
VERTEX
  5
BAF
  8
REAR_LEG
 10
0.9306841759904113
 20
24.77160484037462
 30
0.0
  0
VERTEX
  5
BB0
  8
REAR_LEG
 10
0.9337497562257456
 20
24.76037370548376
 30
0.0
  0
VERTEX
  5
BB1
  8
REAR_LEG
 10
0.9370471534801794
 20
24.74954225510859
 30
0.0
  0
VERTEX
  5
BB2
  8
REAR_LEG
 10
0.9405763677537128
 20
24.73911048924911
 30
0.0
  0
VERTEX
  5
BB3
  8
REAR_LEG
 10
0.9443373990463457
 20
24.72907840790532
 30
0.0
  0
VERTEX
  5
BB4
  8
REAR_LEG
 10
0.9483302473580785
 20
24.71944601107721
 30
0.0
  0
VERTEX
  5
BB5
  8
REAR_LEG
 10
0.9525549126889107
 20
24.7102132987648
 30
0.0
  0
VERTEX
  5
BB6
  8
REAR_LEG
 10
0.9570113950388425
 20
24.70138027096807
 30
0.0
  0
VERTEX
  5
BB7
  8
REAR_LEG
 10
0.9616996944078737
 20
24.69294692768704
 30
0.0
  0
VERTEX
  5
BB8
  8
REAR_LEG
 10
0.9666198107960048
 20
24.68491326892169
 30
0.0
  0
VERTEX
  5
BB9
  8
REAR_LEG
 10
0.9717717442032352
 20
24.67727929467203
 30
0.0
  0
VERTEX
  5
BBA
  8
REAR_LEG
 10
0.9771554946295654
 20
24.67004500493806
 30
0.0
  0
VERTEX
  5
BBB
  8
REAR_LEG
 10
0.9863482384904113
 20
24.6590177091502
 30
0.0
  0
VERTEX
  5
BBC
  8
REAR_LEG
 10
0.9960206037700838
 20
24.64870185180027
 30
0.0
  0
VERTEX
  5
BBD
  8
REAR_LEG
 10
1.006172590468583
 20
24.63909743288826
 30
0.0
  0
VERTEX
  5
BBE
  8
REAR_LEG
 10
1.016804198585909
 20
24.63020445241418
 30
0.0
  0
VERTEX
  5
BBF
  8
REAR_LEG
 10
1.027915428122062
 20
24.62202291037803
 30
0.0
  0
VERTEX
  5
BC0
  8
REAR_LEG
 10
1.039506279077042
 20
24.61455280677981
 30
0.0
  0
VERTEX
  5
BC1
  8
REAR_LEG
 10
1.051576751450848
 20
24.6077941416195
 30
0.0
  0
VERTEX
  5
BC2
  8
REAR_LEG
 10
1.064126845243481
 20
24.60174691489713
 30
0.0
  0
VERTEX
  5
BC3
  8
REAR_LEG
 10
1.07715656045494
 20
24.59641112661269
 30
0.0
  0
VERTEX
  5
BC4
  8
REAR_LEG
 10
1.090665897085227
 20
24.59178677676616
 30
0.0
  0
VERTEX
  5
BC5
  8
REAR_LEG
 10
1.10465485513434
 20
24.58787386535757
 30
0.0
  0
VERTEX
  5
BC6
  8
REAR_LEG
 10
1.11912343460228
 20
24.5846723923869
 30
0.0
  0
VERTEX
  5
BC7
  8
REAR_LEG
 10
1.134071635489047
 20
24.58218235785416
 30
0.0
  0
VERTEX
  5
BC8
  8
REAR_LEG
 10
1.14949945779464
 20
24.58040376175934
 30
0.0
  0
VERTEX
  5
BC9
  8
REAR_LEG
 10
1.16540690151906
 20
24.57933660410245
 30
0.0
  0
VERTEX
  5
BCA
  8
REAR_LEG
 10
1.181793966662308
 20
24.57898088488349
 30
0.0
  0
VERTEX
  5
BCB
  8
REAR_LEG
 10
1.194022314419811
 20
24.57916274133813
 30
0.0
  0
VERTEX
  5
BCC
  8
REAR_LEG
 10
1.205894942958351
 20
24.57970831070204
 30
0.0
  0
VERTEX
  5
BCD
  8
REAR_LEG
 10
1.217411852277928
 20
24.58061759297523
 30
0.0
  0
VERTEX
  5
BCE
  8
REAR_LEG
 10
1.228573042378542
 20
24.58189058815771
 30
0.0
  0
VERTEX
  5
BCF
  8
REAR_LEG
 10
1.239378513260193
 20
24.58352729624945
 30
0.0
  0
VERTEX
  5
BD0
  8
REAR_LEG
 10
1.24982826492288
 20
24.58552771725047
 30
0.0
  0
VERTEX
  5
BD1
  8
REAR_LEG
 10
1.259922297366605
 20
24.58789185116077
 30
0.0
  0
VERTEX
  5
BD2
  8
REAR_LEG
 10
1.269660610591366
 20
24.59061969798035
 30
0.0
  0
VERTEX
  5
BD3
  8
REAR_LEG
 10
1.279043204597164
 20
24.5937112577092
 30
0.0
  0
VERTEX
  5
BD4
  8
REAR_LEG
 10
1.288070079383999
 20
24.59716653034734
 30
0.0
  0
VERTEX
  5
BD5
  8
REAR_LEG
 10
1.296741234951871
 20
24.60098551589475
 30
0.0
  0
VERTEX
  5
BD6
  8
REAR_LEG
 10
1.30505667130078
 20
24.60516821435143
 30
0.0
  0
VERTEX
  5
BD7
  8
REAR_LEG
 10
1.313016388430725
 20
24.60971462571739
 30
0.0
  0
VERTEX
  5
BD8
  8
REAR_LEG
 10
1.320620386341707
 20
24.61462474999263
 30
0.0
  0
VERTEX
  5
BD9
  8
REAR_LEG
 10
1.327868665033726
 20
24.61989858717715
 30
0.0
  0
VERTEX
  5
BDA
  8
REAR_LEG
 10
1.334761224506782
 20
24.62553613727094
 30
0.0
  0
VERTEX
  5
BDB
  8
REAR_LEG
 10
1.34126608999962
 20
24.63141349807414
 30
0.0
  0
VERTEX
  5
BDC
  8
REAR_LEG
 10
1.347351286750984
 20
24.6374067673869
 30
0.0
  0
VERTEX
  5
BDD
  8
REAR_LEG
 10
1.353016814760875
 20
24.6435159452092
 30
0.0
  0
VERTEX
  5
BDE
  8
REAR_LEG
 10
1.358262674029292
 20
24.64974103154106
 30
0.0
  0
VERTEX
  5
BDF
  8
REAR_LEG
 10
1.363088864556237
 20
24.65608202638246
 30
0.0
  0
VERTEX
  5
BE0
  8
REAR_LEG
 10
1.367495386341707
 20
24.66253892973342
 30
0.0
  0
VERTEX
  5
BE1
  8
REAR_LEG
 10
1.371482239385704
 20
24.66911174159392
 30
0.0
  0
VERTEX
  5
BE2
  8
REAR_LEG
 10
1.375049423688228
 20
24.67580046196398
 30
0.0
  0
VERTEX
  5
BE3
  8
REAR_LEG
 10
1.378196939249279
 20
24.68260509084359
 30
0.0
  0
VERTEX
  5
BE4
  8
REAR_LEG
 10
1.380924786068856
 20
24.68952562823274
 30
0.0
  0
VERTEX
  5
BE5
  8
REAR_LEG
 10
1.38323296414696
 20
24.69656207413144
 30
0.0
  0
VERTEX
  5
BE6
  8
REAR_LEG
 10
1.38512147348359
 20
24.7037144285397
 30
0.0
  0
VERTEX
  5
BE7
  8
REAR_LEG
 10
1.386590314078747
 20
24.7109826914575
 30
0.0
  0
VERTEX
  5
BE8
  8
REAR_LEG
 10
1.38763948593243
 20
24.71836686288485
 30
0.0
  0
VERTEX
  5
BE9
  8
REAR_LEG
 10
1.38826898904464
 20
24.72586694282175
 30
0.0
  0
VERTEX
  5
BEA
  8
REAR_LEG
 10
1.388478823415377
 20
24.73348293126821
 30
0.0
  0
VERTEX
  5
BEB
  8
REAR_LEG
 10
1.388278981157533
 20
24.74072521469249
 30
0.0
  0
VERTEX
  5
BEC
  8
REAR_LEG
 10
1.387679454383999
 20
24.74787157383301
 30
0.0
  0
VERTEX
  5
BED
  8
REAR_LEG
 10
1.386680243094777
 20
24.75492200868977
 30
0.0
  0
VERTEX
  5
BEE
  8
REAR_LEG
 10
1.385281347289865
 20
24.76187651926275
 30
0.0
  0
VERTEX
  5
BEF
  8
REAR_LEG
 10
1.383482766969265
 20
24.76873510555198
 30
0.0
  0
VERTEX
  5
BF0
  8
REAR_LEG
 10
1.381284502132976
 20
24.77549776755743
 30
0.0
  0
VERTEX
  5
BF1
  8
REAR_LEG
 10
1.378686552780997
 20
24.78216450527912
 30
0.0
  0
VERTEX
  5
BF2
  8
REAR_LEG
 10
1.375688918913331
 20
24.78873531871705
 30
0.0
  0
VERTEX
  5
BF3
  8
REAR_LEG
 10
1.372291600529974
 20
24.79521020787121
 30
0.0
  0
VERTEX
  5
BF4
  8
REAR_LEG
 10
1.36849459763093
 20
24.8015891727416
 30
0.0
  0
VERTEX
  5
BF5
  8
REAR_LEG
 10
1.364297910216195
 20
24.80787221332823
 30
0.0
  0
VERTEX
  5
BF6
  8
REAR_LEG
 10
1.359701538285773
 20
24.8140593296311
 30
0.0
  0
VERTEX
  5
BF7
  8
REAR_LEG
 10
1.354705481839661
 20
24.8201505216502
 30
0.0
  0
VERTEX
  5
BF8
  8
REAR_LEG
 10
1.34930974087786
 20
24.82614578938554
 30
0.0
  0
VERTEX
  5
BF9
  8
REAR_LEG
 10
1.34351431540037
 20
24.8320451328371
 30
0.0
  0
VERTEX
  5
BFA
  8
REAR_LEG
 10
1.337319205407192
 20
24.83784855200491
 30
0.0
  0
VERTEX
  5
BFB
  8
REAR_LEG
 10
1.330396669595459
 20
24.84358402480504
 30
0.0
  0
VERTEX
  5
BFC
  8
REAR_LEG
 10
1.322418966662308
 20
24.84927952915361
 30
0.0
  0
VERTEX
  5
BFD
  8
REAR_LEG
 10
1.313386096607738
 20
24.85493506505061
 30
0.0
  0
VERTEX
  5
BFE
  8
REAR_LEG
 10
1.303298059431748
 20
24.86055063249604
 30
0.0
  0
VERTEX
  5
BFF
  8
REAR_LEG
 10
1.29215485513434
 20
24.8661262314899
 30
0.0
  0
VERTEX
  5
C00
  8
REAR_LEG
 10
1.279956483715514
 20
24.87166186203219
 30
0.0
  0
VERTEX
  5
C01
  8
REAR_LEG
 10
1.266702945175268
 20
24.87715752412291
 30
0.0
  0
VERTEX
  5
C02
  8
REAR_LEG
 10
1.252394239513604
 20
24.88261321776207
 30
0.0
  0
VERTEX
  5
C03
  8
REAR_LEG
 10
1.23703036673052
 20
24.88802894294966
 30
0.0
  0
VERTEX
  5
C04
  8
REAR_LEG
 10
1.220611326826019
 20
24.89340469968568
 30
0.0
  0
VERTEX
  5
C05
  8
REAR_LEG
 10
1.203137119800098
 20
24.89874048797012
 30
0.0
  0
VERTEX
  5
C06
  8
REAR_LEG
 10
1.184607745652758
 20
24.904036307803
 30
0.0
  0
VERTEX
  5
C07
  8
REAR_LEG
 10
1.165023204383999
 20
24.90929215918431
 30
0.0
  0
VERTEX
  5
C08
  8
REAR_LEG
 10
1.144383495993822
 20
24.91450804211405
 30
0.0
  0
VERTEX
  5
C09
  8
REAR_LEG
 10
1.099938577849211
 20
24.92481990261883
 30
0.0
  0
VERTEX
  5
C0A
  8
REAR_LEG
 10
1.062508122954941
 20
24.9335649998221
 30
0.0
  0
VERTEX
  5
C0B
  8
REAR_LEG
 10
1.026444589104327
 20
24.94266181939918
 30
0.0
  0
VERTEX
  5
C0C
  8
REAR_LEG
 10
0.991747976297369
 20
24.95211036135007
 30
0.0
  0
VERTEX
  5
C0D
  8
REAR_LEG
 10
0.9584182845340675
 20
24.96191062567476
 30
0.0
  0
VERTEX
  5
C0E
  8
REAR_LEG
 10
0.9264555138144224
 20
24.97206261237326
 30
0.0
  0
VERTEX
  5
C0F
  8
REAR_LEG
 10
0.8958596641384331
 20
24.98256632144556
 30
0.0
  0
VERTEX
  5
C10
  8
REAR_LEG
 10
0.8666307355061003
 20
24.99342175289167
 30
0.0
  0
VERTEX
  5
C11
  8
REAR_LEG
 10
0.8387687279174236
 20
25.00462890671159
 30
0.0
  0
VERTEX
  5
C12
  8
REAR_LEG
 10
0.8122736413724032
 20
25.01618778290532
 30
0.0
  0
VERTEX
  5
C13
  8
REAR_LEG
 10
0.7871454758710388
 20
25.02809838147284
 30
0.0
  0
VERTEX
  5
C14
  8
REAR_LEG
 10
0.7633842314133308
 20
25.04036070241418
 30
0.0
  0
VERTEX
  5
C15
  8
REAR_LEG
 10
0.740989907999279
 20
25.05297474572933
 30
0.0
  0
VERTEX
  5
C16
  8
REAR_LEG
 10
0.7199625056288834
 20
25.06594051141828
 30
0.0
  0
VERTEX
  5
C17
  8
REAR_LEG
 10
0.7003020243021439
 20
25.07925799948104
 30
0.0
  0
VERTEX
  5
C18
  8
REAR_LEG
 10
0.6820084640190608
 20
25.0929272099176
 30
0.0
  0
VERTEX
  5
C19
  8
REAR_LEG
 10
0.6650818247796337
 20
25.10694814272797
 30
0.0
  0
VERTEX
  5
C1A
  8
REAR_LEG
 10
0.6492223431970963
 20
25.12138874427981
 30
0.0
  0
VERTEX
  5
C1B
  8
REAR_LEG
 10
0.6343860539747224
 20
25.13631696094079
 30
0.0
  0
VERTEX
  5
C1C
  8
REAR_LEG
 10
0.6205729571125124
 20
25.15173279271091
 30
0.0
  0
VERTEX
  5
C1D
  8
REAR_LEG
 10
0.607783052610466
 20
25.16763623959017
 30
0.0
  0
VERTEX
  5
C1E
  8
REAR_LEG
 10
0.5960163404685832
 20
25.18402730157858
 30
0.0
  0
VERTEX
  5
C1F
  8
REAR_LEG
 10
0.5852728206868643
 20
25.20090597867613
 30
0.0
  0
VERTEX
  5
C20
  8
REAR_LEG
 10
0.575552493265309
 20
25.21827227088281
 30
0.0
  0
VERTEX
  5
C21
  8
REAR_LEG
 10
0.5668553582039174
 20
25.23612617819863
 30
0.0
  0
VERTEX
  5
C22
  8
REAR_LEG
 10
0.5591814155026896
 20
25.2544677006236
 30
0.0
  0
VERTEX
  5
C23
  8
REAR_LEG
 10
0.5525306651616254
 20
25.27329683815771
 30
0.0
  0
VERTEX
  5
C24
  8
REAR_LEG
 10
0.546903107180725
 20
25.29261359080095
 30
0.0
  0
VERTEX
  5
C25
  8
REAR_LEG
 10
0.5422987415599884
 20
25.31241795855334
 30
0.0
  0
VERTEX
  5
C26
  8
REAR_LEG
 10
0.5387175682994154
 20
25.33270994141487
 30
0.0
  0
VERTEX
  5
C27
  8
REAR_LEG
 10
0.5361595873990062
 20
25.35348953938554
 30
0.0
  0
VERTEX
  5
C28
  8
REAR_LEG
 10
0.5346247988587606
 20
25.37475675246535
 30
0.0
  0
VERTEX
  5
C29
  8
REAR_LEG
 10
0.5341132026786787
 20
25.39651158065429
 30
0.0
  0
VERTEX
  5
C2A
  8
REAR_LEG
 10
0.534374996036455
 20
25.41091421217714
 30
0.0
  0
VERTEX
  5
C2B
  8
REAR_LEG
 10
0.5351603761097837
 20
25.42521692257107
 30
0.0
  0
VERTEX
  5
C2C
  8
REAR_LEG
 10
0.536469342898665
 20
25.43941971183608
 30
0.0
  0
VERTEX
  5
C2D
  8
REAR_LEG
 10
0.5383018964030989
 20
25.45352257997216
 30
0.0
  0
VERTEX
  5
C2E
  8
REAR_LEG
 10
0.5406580366230853
 20
25.46752552697933
 30
0.0
  0
VERTEX
  5
C2F
  8
REAR_LEG
 10
0.5435377635586242
 20
25.48142855285757
 30
0.0
  0
VERTEX
  5
C30
  8
REAR_LEG
 10
0.5469410772097155
 20
25.49523165760688
 30
0.0
  0
VERTEX
  5
C31
  8
REAR_LEG
 10
0.5508679775763594
 20
25.50893484122728
 30
0.0
  0
VERTEX
  5
C32
  8
REAR_LEG
 10
0.5553184646585559
 20
25.52253810371876
 30
0.0
  0
VERTEX
  5
C33
  8
REAR_LEG
 10
0.5602925384563049
 20
25.53604144508131
 30
0.0
  0
VERTEX
  5
C34
  8
REAR_LEG
 10
0.5657901989696064
 20
25.54944486531494
 30
0.0
  0
VERTEX
  5
C35
  8
REAR_LEG
 10
0.5718114461984605
 20
25.56274836441964
 30
0.0
  0
VERTEX
  5
C36
  8
REAR_LEG
 10
0.578356280142867
 20
25.57595194239543
 30
0.0
  0
VERTEX
  5
C37
  8
REAR_LEG
 10
0.5854247008028262
 20
25.58905559924229
 30
0.0
  0
VERTEX
  5
C38
  8
REAR_LEG
 10
0.5930167081783376
 20
25.60205933496023
 30
0.0
  0
VERTEX
  5
C39
  8
REAR_LEG
 10
0.6011323022694017
 20
25.61496314954925
 30
0.0
  0
VERTEX
  5
C3A
  8
REAR_LEG
 10
0.6097734814985969
 20
25.62764513923206
 30
0.0
  0
VERTEX
  5
C3B
  8
REAR_LEG
 10
0.6189422442885013
 20
25.63998340023138
 30
0.0
  0
VERTEX
  5
C3C
  8
REAR_LEG
 10
0.6286385906391152
 20
25.6519779325472
 30
0.0
  0
VERTEX
  5
C3D
  8
REAR_LEG
 10
0.6388625205504385
 20
25.66362873617953
 30
0.0
  0
VERTEX
  5
C3E
  8
REAR_LEG
 10
0.6496140340224712
 20
25.67493581112837
 30
0.0
  0
VERTEX
  5
C3F
  8
REAR_LEG
 10
0.6608931310552134
 20
25.68589915739372
 30
0.0
  0
VERTEX
  5
C40
  8
REAR_LEG
 10
0.672699811648665
 20
25.69651877497558
 30
0.0
  0
VERTEX
  5
C41
  8
REAR_LEG
 10
0.6850340758028259
 20
25.70679466387394
 30
0.0
  0
VERTEX
  5
C42
  8
REAR_LEG
 10
0.6978959235176964
 20
25.71672682408881
 30
0.0
  0
VERTEX
  5
C43
  8
REAR_LEG
 10
0.7112853547932763
 20
25.72631525562019
 30
0.0
  0
VERTEX
  5
C44
  8
REAR_LEG
 10
0.7252023696295655
 20
25.73555995846808
 30
0.0
  0
VERTEX
  5
C45
  8
REAR_LEG
 10
0.739646968026564
 20
25.74446093263247
 30
0.0
  0
VERTEX
  5
C46
  8
REAR_LEG
 10
0.7546191499842723
 20
25.75301817811336
 30
0.0
  0
VERTEX
  5
C47
  8
REAR_LEG
 10
0.7701189155026897
 20
25.76123169491078
 30
0.0
  0
VERTEX
  5
C48
  8
REAR_LEG
 10
0.7861462645818165
 20
25.76910148302469
 30
0.0
  0
VERTEX
  5
C49
  8
REAR_LEG
 10
0.8027011972216528
 20
25.77662754245511
 30
0.0
  0
VERTEX
  5
C4A
  8
REAR_LEG
 10
0.8199096140446406
 20
25.78375191894727
 30
0.0
  0
VERTEX
  5
C4B
  8
REAR_LEG
 10
0.8378974156732217
 20
25.79041665824638
 30
0.0
  0
VERTEX
  5
C4C
  8
REAR_LEG
 10
0.8566646021073965
 20
25.79662176035245
 30
0.0
  0
VERTEX
  5
C4D
  8
REAR_LEG
 10
0.8762111733471645
 20
25.80236722526548
 30
0.0
  0
VERTEX
  5
C4E
  8
REAR_LEG
 10
0.8965371293925259
 20
25.80765305298547
 30
0.0
  0
VERTEX
  5
C4F
  8
REAR_LEG
 10
0.9176424702434809
 20
25.81247924351241
 30
0.0
  0
VERTEX
  5
C50
  8
REAR_LEG
 10
0.9395271959000295
 20
25.81684579684632
 30
0.0
  0
VERTEX
  5
C51
  8
REAR_LEG
 10
0.9621913063621713
 20
25.82075271298717
 30
0.0
  0
VERTEX
  5
C52
  8
REAR_LEG
 10
0.9856348016299067
 20
25.82419999193499
 30
0.0
  0
VERTEX
  5
C53
  8
REAR_LEG
 10
1.009857681703235
 20
25.82718763368977
 30
0.0
  0
VERTEX
  5
C54
  8
REAR_LEG
 10
1.034859946582158
 20
25.8297156382515
 30
0.0
  0
VERTEX
  5
C55
  8
REAR_LEG
 10
1.060641596266673
 20
25.83178400562019
 30
0.0
  0
VERTEX
  5
C56
  8
REAR_LEG
 10
1.087202630756782
 20
25.83339273579584
 30
0.0
  0
VERTEX
  5
C57
  8
REAR_LEG
 10
1.114543050052485
 20
25.83454182877844
 30
0.0
  0
VERTEX
  5
C58
  8
REAR_LEG
 10
1.142662854153781
 20
25.83523128456801
 30
0.0
  0
VERTEX
  5
C59
  8
REAR_LEG
 10
1.17156204306067
 20
25.83546110316453
 30
0.0
  0
VERTEX
  5
C5A
  8
REAR_LEG
 10
1.206968095882976
 20
25.83504343284563
 30
0.0
  0
VERTEX
  5
C5B
  8
REAR_LEG
 10
1.241306991048392
 20
25.83379042188895
 30
0.0
  0
VERTEX
  5
C5C
  8
REAR_LEG
 10
1.274578728556919
 20
25.83170207029447
 30
0.0
  0
VERTEX
  5
C5D
  8
REAR_LEG
 10
1.306783308408556
 20
25.82877837806221
 30
0.0
  0
VERTEX
  5
C5E
  8
REAR_LEG
 10
1.337920730603303
 20
25.82501934519216
 30
0.0
  0
VERTEX
  5
C5F
  8
REAR_LEG
 10
1.367990995141162
 20
25.82042497168431
 30
0.0
  0
VERTEX
  5
C60
  8
REAR_LEG
 10
1.39699410202213
 20
25.81499525753868
 30
0.0
  0
VERTEX
  5
C61
  8
REAR_LEG
 10
1.424930051246209
 20
25.80873020275525
 30
0.0
  0
VERTEX
  5
C62
  8
REAR_LEG
 10
1.451798842813399
 20
25.80162980733404
 30
0.0
  0
VERTEX
  5
C63
  8
REAR_LEG
 10
1.477600476723699
 20
25.79369407127503
 30
0.0
  0
VERTEX
  5
C64
  8
REAR_LEG
 10
1.50233495297711
 20
25.78492299457824
 30
0.0
  0
VERTEX
  5
C65
  8
REAR_LEG
 10
1.526002271573631
 20
25.77531657724366
 30
0.0
  0
VERTEX
  5
C66
  8
REAR_LEG
 10
1.537435746750558
 20
25.77020011583719
 30
0.0
  0
VERTEX
  5
C67
  8
REAR_LEG
 10
1.548602432513263
 20
25.76487481927128
 30
0.0
  0
VERTEX
  5
C68
  8
REAR_LEG
 10
1.559502328861745
 20
25.75934068754593
 30
0.0
  0
VERTEX
  5
C69
  8
REAR_LEG
 10
1.570135435796005
 20
25.75359772066112
 30
0.0
  0
VERTEX
  5
C6A
  8
REAR_LEG
 10
1.580501753316042
 20
25.74764591861687
 30
0.0
  0
VERTEX
  5
C6B
  8
REAR_LEG
 10
1.590601281421857
 20
25.74148528141317
 30
0.0
  0
VERTEX
  5
C6C
  8
REAR_LEG
 10
1.60043402011345
 20
25.73511580905001
 30
0.0
  0
VERTEX
  5
C6D
  8
REAR_LEG
 10
1.609999969390821
 20
25.72853750152742
 30
0.0
  0
VERTEX
  5
C6E
  8
REAR_LEG
 10
1.619313118212018
 20
25.72173137383088
 30
0.0
  0
VERTEX
  5
C6F
  8
REAR_LEG
 10
1.628387455535091
 20
25.7146784409459
 30
0.0
  0
VERTEX
  5
C70
  8
REAR_LEG
 10
1.63722298136004
 20
25.70737870287249
 30
0.0
  0
VERTEX
  5
C71
  8
REAR_LEG
 10
1.645819695686864
 20
25.69983215961064
 30
0.0
  0
VERTEX
  5
C72
  8
REAR_LEG
 10
1.654177598515565
 20
25.69203881116035
 30
0.0
  0
VERTEX
  5
C73
  8
REAR_LEG
 10
1.662296689846141
 20
25.68399865752162
 30
0.0
  0
VERTEX
  5
C74
  8
REAR_LEG
 10
1.670176969678594
 20
25.67571169869446
 30
0.0
  0
VERTEX
  5
C75
  8
REAR_LEG
 10
1.677818438012921
 20
25.66717793467885
 30
0.0
  0
VERTEX
  5
C76
  8
REAR_LEG
 10
1.685221094849125
 20
25.65839736547482
 30
0.0
  0
VERTEX
  5
C77
  8
REAR_LEG
 10
1.692384940187205
 20
25.64936999108233
 30
0.0
  0
VERTEX
  5
C78
  8
REAR_LEG
 10
1.699309974027161
 20
25.64009581150142
 30
0.0
  0
VERTEX
  5
C79
  8
REAR_LEG
 10
1.705996196368992
 20
25.63057482673206
 30
0.0
  0
VERTEX
  5
C7A
  8
REAR_LEG
 10
1.7124436072127
 20
25.62080703677427
 30
0.0
  0
VERTEX
  5
C7B
  8
REAR_LEG
 10
1.718652206558283
 20
25.61079244162804
 30
0.0
  0
VERTEX
  5
C7C
  8
REAR_LEG
 10
1.724621994405742
 20
25.60053104129337
 30
0.0
  0
VERTEX
  5
C7D
  8
REAR_LEG
 10
1.730352970755077
 20
25.59002283577026
 30
0.0
  0
VERTEX
  5
C7E
  8
REAR_LEG
 10
1.735845135606288
 20
25.57926782505871
 30
0.0
  0
VERTEX
  5
C7F
  8
REAR_LEG
 10
1.741098488959375
 20
25.56826600915873
 30
0.0
  0
VERTEX
  5
C80
  8
REAR_LEG
 10
1.746113030814337
 20
25.55701738807031
 30
0.0
  0
VERTEX
  5
C81
  8
REAR_LEG
 10
1.750888761171175
 20
25.54552196179345
 30
0.0
  0
VERTEX
  5
C82
  8
REAR_LEG
 10
1.75542568002989
 20
25.53377973032816
 30
0.0
  0
VERTEX
  5
C83
  8
REAR_LEG
 10
1.75972378739048
 20
25.52179069367442
 30
0.0
  0
VERTEX
  5
C84
  8
REAR_LEG
 10
1.763783083252946
 20
25.50955485183225
 30
0.0
  0
VERTEX
  5
C85
  8
REAR_LEG
 10
1.767603567617287
 20
25.49707220480164
 30
0.0
  0
VERTEX
  5
C86
  8
REAR_LEG
 10
1.774528101851598
 20
25.4713664951751
 30
0.0
  0
VERTEX
  5
C87
  8
REAR_LEG
 10
1.780497390093413
 20
25.44467356479481
 30
0.0
  0
VERTEX
  5
C88
  8
REAR_LEG
 10
1.785511432342731
 20
25.41699341366078
 30
0.0
  0
VERTEX
  5
C89
  8
REAR_LEG
 10
1.789570228599552
 20
25.38832604177298
 30
0.0
  0
VERTEX
  5
C8A
  8
REAR_LEG
 10
1.352667090809647
 20
25.36274623276889
 30
0.0
  0
VERTEX
  5
C8B
  8
REAR_LEG
 10
1.350342925350916
 20
25.37519240858744
 30
0.0
  0
VERTEX
  5
C8C
  8
REAR_LEG
 10
1.347718996505418
 20
25.38720692512906
 30
0.0
  0
VERTEX
  5
C8D
  8
REAR_LEG
 10
1.344795304273153
 20
25.39878978239372
 30
0.0
  0
VERTEX
  5
C8E
  8
REAR_LEG
 10
1.341571848654122
 20
25.40994098038144
 30
0.0
  0
VERTEX
  5
C8F
  8
REAR_LEG
 10
1.338048629648324
 20
25.42066051909222
 30
0.0
  0
VERTEX
  5
C90
  8
REAR_LEG
 10
1.334225647255759
 20
25.43094839852606
 30
0.0
  0
VERTEX
  5
C91
  8
REAR_LEG
 10
1.330102901476428
 20
25.44080461868294
 30
0.0
  0
VERTEX
  5
C92
  8
REAR_LEG
 10
1.325680392310329
 20
25.45022917956289
 30
0.0
  0
VERTEX
  5
C93
  8
REAR_LEG
 10
1.320958119757464
 20
25.45922208116589
 30
0.0
  0
VERTEX
  5
C94
  8
REAR_LEG
 10
1.315936083817833
 20
25.46778332349195
 30
0.0
  0
VERTEX
  5
C95
  8
REAR_LEG
 10
1.310614284491435
 20
25.47591290654106
 30
0.0
  0
VERTEX
  5
C96
  8
REAR_LEG
 10
1.304992721778269
 20
25.48361083031323
 30
0.0
  0
VERTEX
  5
C97
  8
REAR_LEG
 10
1.299071395678338
 20
25.49087709480846
 30
0.0
  0
VERTEX
  5
C98
  8
REAR_LEG
 10
1.292850306191639
 20
25.49771170002674
 30
0.0
  0
VERTEX
  5
C99
  8
REAR_LEG
 10
1.286329453318174
 20
25.50411464596808
 30
0.0
  0
VERTEX
  5
C9A
  8
REAR_LEG
 10
1.279508837057942
 20
25.51008593263247
 30
0.0
  0
VERTEX
  5
C9B
  8
REAR_LEG
 10
1.272372470030316
 20
25.51566153162633
 30
0.0
  0
VERTEX
  5
C9C
  8
REAR_LEG
 10
1.264904364854668
 20
25.52087741455607
 30
0.0
  0
VERTEX
  5
C9D
  8
REAR_LEG
 10
1.257104521530998
 20
25.52573358142169
 30
0.0
  0
VERTEX
  5
C9E
  8
REAR_LEG
 10
1.248972940059306
 20
25.53023003222319
 30
0.0
  0
VERTEX
  5
C9F
  8
REAR_LEG
 10
1.240509620439593
 20
25.53436676696057
 30
0.0
  0
VERTEX
  5
CA0
  8
REAR_LEG
 10
1.231714562671858
 20
25.53814378563384
 30
0.0
  0
VERTEX
  5
CA1
  8
REAR_LEG
 10
1.222587766756101
 20
25.54156108824297
 30
0.0
  0
VERTEX
  5
CA2
  8
REAR_LEG
 10
1.213129232692321
 20
25.54461867478799
 30
0.0
  0
VERTEX
  5
CA3
  8
REAR_LEG
 10
1.203338960480521
 20
25.54731654526889
 30
0.0
  0
VERTEX
  5
CA4
  8
REAR_LEG
 10
1.193216950120698
 20
25.54965469968568
 30
0.0
  0
VERTEX
  5
CA5
  8
REAR_LEG
 10
1.182763201612854
 20
25.55163313803833
 30
0.0
  0
VERTEX
  5
CA6
  8
REAR_LEG
 10
1.171977714956987
 20
25.55325186032687
 30
0.0
  0
VERTEX
  5
CA7
  8
REAR_LEG
 10
1.160860490153099
 20
25.55451086655129
 30
0.0
  0
VERTEX
  5
CA8
  8
REAR_LEG
 10
1.149411527201189
 20
25.55541015671159
 30
0.0
  0
VERTEX
  5
CA9
  8
REAR_LEG
 10
1.137630826101257
 20
25.55594973080778
 30
0.0
  0
VERTEX
  5
CAA
  8
REAR_LEG
 10
1.125518386853304
 20
25.55612958883983
 30
0.0
  0
VERTEX
  5
CAB
  8
REAR_LEG
 10
1.105933845584545
 20
25.55559401158881
 30
0.0
  0
VERTEX
  5
CAC
  8
REAR_LEG
 10
1.087596320004736
 20
25.55398727983574
 30
0.0
  0
VERTEX
  5
CAD
  8
REAR_LEG
 10
1.078895188098187
 20
25.55278223102093
 30
0.0
  0
VERTEX
  5
CAE
  8
REAR_LEG
 10
1.070505810113876
 20
25.55130939358062
 30
0.0
  0
VERTEX
  5
CAF
  8
REAR_LEG
 10
1.062428186051803
 20
25.5495687675148
 30
0.0
  0
VERTEX
  5
CB0
  8
REAR_LEG
 10
1.054662315911967
 20
25.54756035282346
 30
0.0
  0
VERTEX
  5
CB1
  8
REAR_LEG
 10
1.047208199694368
 20
25.54528414950661
 30
0.0
  0
VERTEX
  5
CB2
  8
REAR_LEG
 10
1.040065837399006
 20
25.54274015756425
 30
0.0
  0
VERTEX
  5
CB3
  8
REAR_LEG
 10
1.033235229025882
 20
25.53992837699638
 30
0.0
  0
VERTEX
  5
CB4
  8
REAR_LEG
 10
1.026716374574995
 20
25.536848807803
 30
0.0
  0
VERTEX
  5
CB5
  8
REAR_LEG
 10
1.020509274046346
 20
25.5335014499841
 30
0.0
  0
VERTEX
  5
CB6
  8
REAR_LEG
 10
1.014613927439934
 20
25.52988630353969
 30
0.0
  0
VERTEX
  5
CB7
  8
REAR_LEG
 10
1.009030334755759
 20
25.52600336846978
 30
0.0
  0
VERTEX
  5
CB8
  8
REAR_LEG
 10
1.003758495993822
 20
25.52185264477435
 30
0.0
  0
VERTEX
  5
CB9
  8
REAR_LEG
 10
0.998802407999279
 20
25.51751007251139
 30
0.0
  0
VERTEX
  5
CBA
  8
REAR_LEG
 10
0.9941660676172872
 20
25.51305159173888
 30
0.0
  0
VERTEX
  5
CBB
  8
REAR_LEG
 10
0.9898494748478466
 20
25.50847720245682
 30
0.0
  0
VERTEX
  5
CBC
  8
REAR_LEG
 10
0.9858526296909571
 20
25.50378690466521
 30
0.0
  0
VERTEX
  5
CBD
  8
REAR_LEG
 10
0.9821755321466188
 20
25.49898069836405
 30
0.0
  0
VERTEX
  5
CBE
  8
REAR_LEG
 10
0.9788181822148316
 20
25.49405858355334
 30
0.0
  0
VERTEX
  5
CBF
  8
REAR_LEG
 10
0.9757805798955956
 20
25.48902056023308
 30
0.0
  0
VERTEX
  5
CC0
  8
REAR_LEG
 10
0.9730627251889107
 20
25.48386662840327
 30
0.0
  0
VERTEX
  5
CC1
  8
REAR_LEG
 10
0.9706646180947769
 20
25.47859678806392
 30
0.0
  0
VERTEX
  5
CC2
  8
REAR_LEG
 10
0.9685862586131944
 20
25.473211039215
 30
0.0
  0
VERTEX
  5
CC3
  8
REAR_LEG
 10
0.966827646744163
 20
25.46770938185654
 30
0.0
  0
VERTEX
  5
CC4
  8
REAR_LEG
 10
0.9653887824876828
 20
25.46209181598854
 30
0.0
  0
VERTEX
  5
CC5
  8
REAR_LEG
 10
0.9642696658437537
 20
25.45635834161098
 30
0.0
  0
VERTEX
  5
CC6
  8
REAR_LEG
 10
0.9634702968123758
 20
25.45050895872387
 30
0.0
  0
VERTEX
  5
CC7
  8
REAR_LEG
 10
0.9629906753935491
 20
25.44454366732722
 30
0.0
  0
VERTEX
  5
CC8
  8
REAR_LEG
 10
0.9628308015872735
 20
25.43846246742101
 30
0.0
  0
VERTEX
  5
CC9
  8
REAR_LEG
 10
0.963358385147983
 20
25.42962144593397
 30
0.0
  0
VERTEX
  5
CCA
  8
REAR_LEG
 10
0.9649411358301112
 20
25.42100424777571
 30
0.0
  0
VERTEX
  5
CCB
  8
REAR_LEG
 10
0.9675790536336583
 20
25.41261087294625
 30
0.0
  0
VERTEX
  5
CCC
  8
REAR_LEG
 10
0.9712721385586242
 20
25.40444132144557
 30
0.0
  0
VERTEX
  5
CCD
  8
REAR_LEG
 10
0.9760203906050089
 20
25.39649559327367
 30
0.0
  0
VERTEX
  5
CCE
  8
REAR_LEG
 10
0.9818238097728125
 20
25.38877368843056
 30
0.0
  0
VERTEX
  5
CCF
  8
REAR_LEG
 10
0.9886823960620348
 20
25.38127560691623
 30
0.0
  0
VERTEX
  5
CD0
  8
REAR_LEG
 10
0.9965961494726759
 20
25.37400134873069
 30
0.0
  0
VERTEX
  5
CD1
  8
REAR_LEG
 10
1.001040641287137
 20
25.37030826380573
 30
0.0
  0
VERTEX
  5
CD2
  8
REAR_LEG
 10
1.006188577849211
 20
25.36664715364202
 30
0.0
  0
VERTEX
  5
CD3
  8
REAR_LEG
 10
1.012039959158897
 20
25.36301801823956
 30
0.0
  0
VERTEX
  5
CD4
  8
REAR_LEG
 10
1.018594785216196
 20
25.35942085759836
 30
0.0
  0
VERTEX
  5
CD5
  8
REAR_LEG
 10
1.025853056021107
 20
25.35585567171842
 30
0.0
  0
VERTEX
  5
CD6
  8
REAR_LEG
 10
1.033814771573631
 20
25.35232246059973
 30
0.0
  0
VERTEX
  5
CD7
  8
REAR_LEG
 10
1.051848536921516
 20
25.34535196264611
 30
0.0
  0
VERTEX
  5
CD8
  8
REAR_LEG
 10
1.072696081259852
 20
25.33850936373751
 30
0.0
  0
VERTEX
  5
CD9
  8
REAR_LEG
 10
1.096357404588638
 20
25.33179466387394
 30
0.0
  0
VERTEX
  5
CDA
  8
REAR_LEG
 10
1.122832506907874
 20
25.32520786305538
 30
0.0
  0
VERTEX
  5
CDB
  8
REAR_LEG
 10
1.15212138821756
 20
25.31874896128185
 30
0.0
  0
VERTEX
  5
CDC
  8
REAR_LEG
 10
1.189433936179702
 20
25.31055742713281
 30
0.0
  0
VERTEX
  5
CDD
  8
REAR_LEG
 10
1.225399547323972
 20
25.30235390244829
 30
0.0
  0
VERTEX
  5
CDE
  8
REAR_LEG
 10
1.26001822165037
 20
25.2941383872283
 30
0.0
  0
VERTEX
  5
CDF
  8
REAR_LEG
 10
1.293289959158897
 20
25.28591088147284
 30
0.0
  0
VERTEX
  5
CE0
  8
REAR_LEG
 10
1.325214759849552
 20
25.27767138518192
 30
0.0
  0
VERTEX
  5
CE1
  8
REAR_LEG
 10
1.355792623722335
 20
25.26941989835552
 30
0.0
  0
VERTEX
  5
CE2
  8
REAR_LEG
 10
1.385023550777246
 20
25.26115642099366
 30
0.0
  0
VERTEX
  5
CE3
  8
REAR_LEG
 10
1.412907541014286
 20
25.25288095309632
 30
0.0
  0
VERTEX
  5
CE4
  8
REAR_LEG
 10
1.439444594433454
 20
25.2445934946635
 30
0.0
  0
VERTEX
  5
CE5
  8
REAR_LEG
 10
1.46463471103475
 20
25.23629404569522
 30
0.0
  0
VERTEX
  5
CE6
  8
REAR_LEG
 10
1.488477890818174
 20
25.22798260619147
 30
0.0
  0
VERTEX
  5
CE7
  8
REAR_LEG
 10
1.510974133783727
 20
25.21965917615225
 30
0.0
  0
VERTEX
  5
CE8
  8
REAR_LEG
 10
1.532123439931407
 20
25.21132375557756
 30
0.0
  0
VERTEX
  5
CE9
  8
REAR_LEG
 10
1.551925809261216
 20
25.20297634446739
 30
0.0
  0
VERTEX
  5
CEA
  8
REAR_LEG
 10
1.570381241773154
 20
25.19461694282176
 30
0.0
  0
VERTEX
  5
CEB
  8
REAR_LEG
 10
1.587489737467219
 20
25.18624555064065
 30
0.0
  0
VERTEX
  5
CEC
  8
REAR_LEG
 10
1.603644985591366
 20
25.17774226256937
 30
0.0
  0
VERTEX
  5
CED
  8
REAR_LEG
 10
1.619240675393549
 20
25.1689871732532
 30
0.0
  0
VERTEX
  5
CEE
  8
REAR_LEG
 10
1.634276806873767
 20
25.15998028269215
 30
0.0
  0
VERTEX
  5
CEF
  8
REAR_LEG
 10
1.648753380032021
 20
25.15072159088622
 30
0.0
  0
VERTEX
  5
CF0
  8
REAR_LEG
 10
1.66267039486831
 20
25.1412110978354
 30
0.0
  0
VERTEX
  5
CF1
  8
REAR_LEG
 10
1.676027851382635
 20
25.1314488035397
 30
0.0
  0
VERTEX
  5
CF2
  8
REAR_LEG
 10
1.688825749574995
 20
25.12143470799911
 30
0.0
  0
VERTEX
  5
CF3
  8
REAR_LEG
 10
1.701064089445391
 20
25.11116881121364
 30
0.0
  0
VERTEX
  5
CF4
  8
REAR_LEG
 10
1.712742870993822
 20
25.10065111318328
 30
0.0
  0
VERTEX
  5
CF5
  8
REAR_LEG
 10
1.723862094220288
 20
25.08988161390804
 30
0.0
  0
VERTEX
  5
CF6
  8
REAR_LEG
 10
1.734421759124791
 20
25.07886031338792
 30
0.0
  0
VERTEX
  5
CF7
  8
REAR_LEG
 10
1.744421865707328
 20
25.06758721162291
 30
0.0
  0
VERTEX
  5
CF8
  8
REAR_LEG
 10
1.753862413967901
 20
25.05606230861303
 30
0.0
  0
VERTEX
  5
CF9
  8
REAR_LEG
 10
1.76274340390651
 20
25.04428560435825
 30
0.0
  0
VERTEX
  5
CFA
  8
REAR_LEG
 10
1.771064835523154
 20
25.03225709885859
 30
0.0
  0
VERTEX
  5
CFB
  8
REAR_LEG
 10
1.778826708817833
 20
25.01997679211405
 30
0.0
  0
VERTEX
  5
CFC
  8
REAR_LEG
 10
1.786074987509852
 20
25.00747865730845
 30
0.0
  0
VERTEX
  5
CFD
  8
REAR_LEG
 10
1.792855635318515
 20
24.99479666762565
 30
0.0
  0
VERTEX
  5
CFE
  8
REAR_LEG
 10
1.799168652243822
 20
24.98193082306562
 30
0.0
  0
VERTEX
  5
CFF
  8
REAR_LEG
 10
1.805014038285773
 20
24.96888112362838
 30
0.0
  0
VERTEX
  5
D00
  8
REAR_LEG
 10
1.810391793444368
 20
24.95564756931392
 30
0.0
  0
VERTEX
  5
D01
  8
REAR_LEG
 10
1.815301917719606
 20
24.94223016012224
 30
0.0
  0
VERTEX
  5
D02
  8
REAR_LEG
 10
1.819744411111489
 20
24.92862889605334
 30
0.0
  0
VERTEX
  5
D03
  8
REAR_LEG
 10
1.823719273620016
 20
24.91484377710723
 30
0.0
  0
VERTEX
  5
D04
  8
REAR_LEG
 10
1.827226505245186
 20
24.9008748032839
 30
0.0
  0
VERTEX
  5
D05
  8
REAR_LEG
 10
1.830266105987
 20
24.88672197458335
 30
0.0
  0
VERTEX
  5
D06
  8
REAR_LEG
 10
1.832838075845459
 20
24.87238529100559
 30
0.0
  0
VERTEX
  5
D07
  8
REAR_LEG
 10
1.834942414820561
 20
24.85786475255061
 30
0.0
  0
VERTEX
  5
D08
  8
REAR_LEG
 10
1.836579122912308
 20
24.84316035921841
 30
0.0
  0
VERTEX
  5
D09
  8
REAR_LEG
 10
1.837748200120698
 20
24.828272111009
 30
0.0
  0
VERTEX
  5
D0A
  8
REAR_LEG
 10
1.838449646445732
 20
24.81320000792237
 30
0.0
  0
VERTEX
  5
D0B
  8
REAR_LEG
 10
1.83868346188741
 20
24.79794404995852
 30
0.0
  0
VERTEX
  5
D0C
  8
REAR_LEG
 10
1.838371707965173
 20
24.77999821520409
 30
0.0
  0
VERTEX
  5
D0D
  8
REAR_LEG
 10
1.83743644619846
 20
24.76222824163656
 30
0.0
  0
VERTEX
  5
D0E
  8
REAR_LEG
 10
1.835877676587274
 20
24.74463412925593
 30
0.0
  0
VERTEX
  5
D0F
  8
REAR_LEG
 10
1.833695399131612
 20
24.72721587806221
 30
0.0
  0
VERTEX
  5
D10
  8
REAR_LEG
 10
1.830889613831475
 20
24.70997348805539
 30
0.0
  0
VERTEX
  5
D11
  8
REAR_LEG
 10
1.827460320686864
 20
24.69290695923547
 30
0.0
  0
VERTEX
  5
D12
  8
REAR_LEG
 10
1.823407519697778
 20
24.67601629160245
 30
0.0
  0
VERTEX
  5
D13
  8
REAR_LEG
 10
1.818731210864218
 20
24.65930148515634
 30
0.0
  0
VERTEX
  5
D14
  8
REAR_LEG
 10
1.813431394186182
 20
24.64276253989713
 30
0.0
  0
VERTEX
  5
D15
  8
REAR_LEG
 10
1.807508069663672
 20
24.62639945582483
 30
0.0
  0
VERTEX
  5
D16
  8
REAR_LEG
 10
1.800961237296687
 20
24.61021223293942
 30
0.0
  0
VERTEX
  5
D17
  8
REAR_LEG
 10
1.793790897085227
 20
24.59420087124093
 30
0.0
  0
VERTEX
  5
D18
  8
REAR_LEG
 10
1.785997049029292
 20
24.57836537072933
 30
0.0
  0
VERTEX
  5
D19
  8
REAR_LEG
 10
1.777579693128883
 20
24.56270573140463
 30
0.0
  0
VERTEX
  5
D1A
  8
REAR_LEG
 10
1.768538829383999
 20
24.54722195326685
 30
0.0
  0
VERTEX
  5
D1B
  8
REAR_LEG
 10
1.75887445779464
 20
24.53191403631596
 30
0.0
  0
VERTEX
  5
D1C
  8
REAR_LEG
 10
1.748650527883318
 20
24.51692386855504
 30
0.0
  0
VERTEX
  5
D1D
  8
REAR_LEG
 10
1.73793098917254
 20
24.50239333798717
 30
0.0
  0
VERTEX
  5
D1E
  8
REAR_LEG
 10
1.726715841662308
 20
24.48832244461234
 30
0.0
  0
VERTEX
  5
D1F
  8
REAR_LEG
 10
1.715005085352622
 20
24.47471118843056
 30
0.0
  0
VERTEX
  5
D20
  8
REAR_LEG
 10
1.702798720243481
 20
24.46155956944181
 30
0.0
  0
VERTEX
  5
D21
  8
REAR_LEG
 10
1.690096746334886
 20
24.44886758764611
 30
0.0
  0
VERTEX
  5
D22
  8
REAR_LEG
 10
1.676899163626837
 20
24.43663524304345
 30
0.0
  0
VERTEX
  5
D23
  8
REAR_LEG
 10
1.663205972119334
 20
24.42486253563383
 30
0.0
  0
VERTEX
  5
D24
  8
REAR_LEG
 10
1.649017171812376
 20
24.41354946541725
 30
0.0
  0
VERTEX
  5
D25
  8
REAR_LEG
 10
1.634332762705964
 20
24.40269603239372
 30
0.0
  0
VERTEX
  5
D26
  8
REAR_LEG
 10
1.619152744800098
 20
24.39230223656323
 30
0.0
  0
VERTEX
  5
D27
  8
REAR_LEG
 10
1.603477118094777
 20
24.38236807792578
 30
0.0
  0
VERTEX
  5
D28
  8
REAR_LEG
 10
1.587305882590002
 20
24.37289355648137
 30
0.0
  0
VERTEX
  5
D29
  8
REAR_LEG
 10
1.570639038285773
 20
24.36387867223001
 30
0.0
  0
VERTEX
  5
D2A
  8
REAR_LEG
 10
1.55347658518209
 20
24.35532342517169
 30
0.0
  0
VERTEX
  5
D2B
  8
REAR_LEG
 10
1.535818523278952
 20
24.34722781530641
 30
0.0
  0
VERTEX
  5
D2C
  8
REAR_LEG
 10
1.517620887279634
 20
24.3396078300148
 30
0.0
  0
VERTEX
  5
D2D
  8
REAR_LEG
 10
1.49883971188741
 20
24.33247945667749
 30
0.0
  0
VERTEX
  5
D2E
  8
REAR_LEG
 10
1.47947499710228
 20
24.32584269529448
 30
0.0
  0
VERTEX
  5
D2F
  8
REAR_LEG
 10
1.459526742924245
 20
24.31969754586575
 30
0.0
  0
VERTEX
  5
D30
  8
REAR_LEG
 10
1.438994949353303
 20
24.31404400839133
 30
0.0
  0
VERTEX
  5
D31
  8
REAR_LEG
 10
1.417879616389456
 20
24.30888208287121
 30
0.0
  0
VERTEX
  5
D32
  8
REAR_LEG
 10
1.396180744032703
 20
24.30421176930539
 30
0.0
  0
VERTEX
  5
D33
  8
REAR_LEG
 10
1.373898332283044
 20
24.30003306769386
 30
0.0
  0
VERTEX
  5
D34
  8
REAR_LEG
 10
1.35103238114048
 20
24.29634597803663
 30
0.0
  0
VERTEX
  5
D35
  8
REAR_LEG
 10
1.327582890605009
 20
24.29315050033369
 30
0.0
  0
VERTEX
  5
D36
  8
REAR_LEG
 10
1.303549860676632
 20
24.29044663458506
 30
0.0
  0
VERTEX
  5
D37
  8
REAR_LEG
 10
1.27893329135535
 20
24.28823438079072
 30
0.0
  0
VERTEX
  5
D38
  8
REAR_LEG
 10
1.253733182641162
 20
24.28651373895068
 30
0.0
  0
VERTEX
  5
D39
  8
REAR_LEG
 10
1.227949534534068
 20
24.28528470906494
 30
0.0
  0
VERTEX
  5
D3A
  8
REAR_LEG
 10
1.201582347034068
 20
24.28454729113349
 30
0.0
  0
VERTEX
  5
D3B
  8
REAR_LEG
 10
1.174631620141162
 20
24.28430148515634
 30
0.0
  0
VERTEX
  5
D3C
  8
REAR_LEG
 10
1.127716651689593
 20
24.28487703085894
 30
0.0
  0
VERTEX
  5
D3D
  8
REAR_LEG
 10
1.104948623253372
 20
24.28559646298718
 30
0.0
  0
VERTEX
  5
D3E
  8
REAR_LEG
 10
1.082640232010193
 20
24.28660366796671
 30
0.0
  0
VERTEX
  5
D3F
  8
REAR_LEG
 10
1.060791477960057
 20
24.28789864579755
 30
0.0
  0
VERTEX
  5
D40
  8
REAR_LEG
 10
1.039402361102963
 20
24.28948139647967
 30
0.0
  0
VERTEX
  5
D41
  8
REAR_LEG
 10
1.018472881438911
 20
24.2913519200131
 30
0.0
  0
VERTEX
  5
D42
  8
REAR_LEG
 10
0.9980030389679011
 20
24.29351021639781
 30
0.0
  0
VERTEX
  5
D43
  8
REAR_LEG
 10
0.9779928336899338
 20
24.29595628563384
 30
0.0
  0
VERTEX
  5
D44
  8
REAR_LEG
 10
0.9584422656050088
 20
24.29869012772114
 30
0.0
  0
VERTEX
  5
D45
  8
REAR_LEG
 10
0.9393513347131262
 20
24.30171174265975
 30
0.0
  0
VERTEX
  5
D46
  8
REAR_LEG
 10
0.9207200410142857
 20
24.30502113044965
 30
0.0
  0
VERTEX
  5
D47
  8
REAR_LEG
 10
0.9025483845084876
 20
24.30861829109086
 30
0.0
  0
VERTEX
  5
D48
  8
REAR_LEG
 10
0.8848363651957318
 20
24.31250322458335
 30
0.0
  0
VERTEX
  5
D49
  8
REAR_LEG
 10
0.8675839830760185
 20
24.31667593092715
 30
0.0
  0
VERTEX
  5
D4A
  8
REAR_LEG
 10
0.8507912381493472
 20
24.32113641012224
 30
0.0
  0
VERTEX
  5
D4B
  8
REAR_LEG
 10
0.8344581304157184
 20
24.32588466216863
 30
0.0
  0
VERTEX
  5
D4C
  8
REAR_LEG
 10
0.8185846598751316
 20
24.3309206870663
 30
0.0
  0
VERTEX
  5
D4D
  8
REAR_LEG
 10
0.8031708265275874
 20
24.33624448481528
 30
0.0
  0
VERTEX
  5
D4E
  8
REAR_LEG
 10
0.7882166303730853
 20
24.34185605541555
 30
0.0
  0
VERTEX
  5
D4F
  8
REAR_LEG
 10
0.7737220714116255
 20
24.34775539886712
 30
0.0
  0
VERTEX
  5
D50
  8
REAR_LEG
 10
0.759687149643208
 20
24.35394251516999
 30
0.0
  0
VERTEX
  5
D51
  8
REAR_LEG
 10
0.746111865067833
 20
24.36041740432415
 30
0.0
  0
VERTEX
  5
D52
  8
REAR_LEG
 10
0.7329962176855
 20
24.3671800663296
 30
0.0
  0
VERTEX
  5
D53
  8
REAR_LEG
 10
0.7203402074962095
 20
24.37423050118636
 30
0.0
  0
VERTEX
  5
D54
  8
REAR_LEG
 10
0.7081438344999611
 20
24.38156870889441
 30
0.0
  0
VERTEX
  5
D55
  8
REAR_LEG
 10
0.6964070986967552
 20
24.38919468945375
 30
0.0
  0
VERTEX
  5
D56
  8
REAR_LEG
 10
0.6851300000865914
 20
24.39710844286439
 30
0.0
  0
VERTEX
  5
D57
  8
REAR_LEG
 10
0.6743125386694699
 20
24.40530996912633
 30
0.0
  0
VERTEX
  5
D58
  8
REAR_LEG
 10
0.6639547144453908
 20
24.41379926823956
 30
0.0
  0
VERTEX
  5
D59
  8
REAR_LEG
 10
0.654056527414354
 20
24.4225763402041
 30
0.0
  0
VERTEX
  5
D5A
  8
REAR_LEG
 10
0.6446179775763595
 20
24.43164118501992
 30
0.0
  0
VERTEX
  5
D5B
  8
REAR_LEG
 10
0.6267001207380238
 20
24.4503704014251
 30
0.0
  0
VERTEX
  5
D5C
  8
REAR_LEG
 10
0.6097814751889106
 20
24.46972312567476
 30
0.0
  0
VERTEX
  5
D5D
  8
REAR_LEG
 10
0.5938620409290197
 20
24.48969935776889
 30
0.0
  0
VERTEX
  5
D5E
  8
REAR_LEG
 10
0.5789418179583512
 20
24.5102990977075
 30
0.0
  0
VERTEX
  5
D5F
  8
REAR_LEG
 10
0.5650208062769051
 20
24.53152234549059
 30
0.0
  0
VERTEX
  5
D60
  8
REAR_LEG
 10
0.5520990058846814
 20
24.55336910111814
 30
0.0
  0
VERTEX
  5
D61
  8
REAR_LEG
 10
0.54017641678168
 20
24.57583936459017
 30
0.0
  0
VERTEX
  5
D62
  8
REAR_LEG
 10
0.5292530389679011
 20
24.59893313590668
 30
0.0
  0
VERTEX
  5
D63
  8
REAR_LEG
 10
0.5193288724433445
 20
24.62265041506767
 30
0.0
  0
VERTEX
  5
D64
  8
REAR_LEG
 10
0.5104039172080103
 20
24.64699120207312
 30
0.0
  0
VERTEX
  5
D65
  8
REAR_LEG
 10
0.5024781732618984
 20
24.67195549692305
 30
0.0
  0
VERTEX
  5
D66
  8
REAR_LEG
 10
0.4955516406050089
 20
24.69754329961746
 30
0.0
  0
VERTEX
  5
D67
  8
REAR_LEG
 10
0.4896243192373418
 20
24.72375461015634
 30
0.0
  0
VERTEX
  5
D68
  8
REAR_LEG
 10
0.4846962091588971
 20
24.7505894285397
 30
0.0
  0
VERTEX
  5
D69
  8
REAR_LEG
 10
0.4807673103696747
 20
24.77804775476753
 30
0.0
  0
SEQEND
  5
15B2
  8
REAR_LEG
  0
POLYLINE
  5
8E
  8
REAR_LEG
 66
     1
 10
0.0
 20
0.0
 30
0.0
 70
     1
  0
VERTEX
  5
D6A
  8
REAR_LEG
 10
3.224085917549074
 20
24.30988129416043
 30
0.0
  0
VERTEX
  5
D6B
  8
REAR_LEG
 10
1.973744853429019
 20
24.30988129416043
 30
0.0
  0
VERTEX
  5
D6C
  8
REAR_LEG
 10
1.976772463635363
 20
24.33294508913826
 30
0.0
  0
VERTEX
  5
D6D
  8
REAR_LEG
 10
1.980483534363535
 20
24.35583701977435
 30
0.0
  0
VERTEX
  5
D6E
  8
REAR_LEG
 10
1.984878065613535
 20
24.37855708606869
 30
0.0
  0
VERTEX
  5
D6F
  8
REAR_LEG
 10
1.989956057385363
 20
24.40110528802128
 30
0.0
  0
VERTEX
  5
D70
  8
REAR_LEG
 10
1.995717509679019
 20
24.42348162563212
 30
0.0
  0
VERTEX
  5
D71
  8
REAR_LEG
 10
2.002162422494504
 20
24.44568609890123
 30
0.0
  0
VERTEX
  5
D72
  8
REAR_LEG
 10
2.009290795831816
 20
24.46771870782858
 30
0.0
  0
VERTEX
  5
D73
  8
REAR_LEG
 10
2.017102629690957
 20
24.48957945241418
 30
0.0
  0
VERTEX
  5
D74
  8
REAR_LEG
 10
2.025597924071925
 20
24.51126833265804
 30
0.0
  0
VERTEX
  5
D75
  8
REAR_LEG
 10
2.034776678974722
 20
24.53278534856016
 30
0.0
  0
VERTEX
  5
D76
  8
REAR_LEG
 10
2.044638894399347
 20
24.55413050012053
 30
0.0
  0
VERTEX
  5
D77
  8
REAR_LEG
 10
2.0551845703458
 20
24.57530378733915
 30
0.0
  0
VERTEX
  5
D78
  8
REAR_LEG
 10
2.066413706814081
 20
24.59630521021602
 30
0.0
  0
VERTEX
  5
D79
  8
REAR_LEG
 10
2.07832630380419
 20
24.61713476875116
 30
0.0
  0
VERTEX
  5
D7A
  8
REAR_LEG
 10
2.090922361316128
 20
24.63779246294454
 30
0.0
  0
VERTEX
  5
D7B
  8
REAR_LEG
 10
2.104201879349893
 20
24.65827829279618
 30
0.0
  0
VERTEX
  5
D7C
  8
REAR_LEG
 10
2.118568539266332
 20
24.67890800907346
 30
0.0
  0
VERTEX
  5
D7D
  8
REAR_LEG
 10
2.134426022426291
 20
24.69999736254379
 30
0.0
  0
VERTEX
  5
D7E
  8
REAR_LEG
 10
2.15177432882977
 20
24.72154635320716
 30
0.0
  0
VERTEX
  5
D7F
  8
REAR_LEG
 10
2.170613458476769
 20
24.74355498106357
 30
0.0
  0
VERTEX
  5
D80
  8
REAR_LEG
 10
2.190943411367288
 20
24.76602324611302
 30
0.0
  0
VERTEX
  5
D81
  8
REAR_LEG
 10
2.212764187501326
 20
24.78895114835552
 30
0.0
  0
VERTEX
  5
D82
  8
REAR_LEG
 10
2.236075786878883
 20
24.81233868779105
 30
0.0
  0
VERTEX
  5
D83
  8
REAR_LEG
 10
2.260878209499961
 20
24.83618586441964
 30
0.0
  0
VERTEX
  5
D84
  8
REAR_LEG
 10
2.287171455364559
 20
24.86049267824126
 30
0.0
  0
VERTEX
  5
D85
  8
REAR_LEG
 10
2.314955524472676
 20
24.88525912925593
 30
0.0
  0
VERTEX
  5
D86
  8
REAR_LEG
 10
2.344230416824313
 20
24.91048521746364
 30
0.0
  0
VERTEX
  5
D87
  8
REAR_LEG
 10
2.37499613241947
 20
24.93617094286439
 30
0.0
  0
VERTEX
  5
D88
  8
REAR_LEG
 10
2.407252671258147
 20
24.96231630545818
 30
0.0
  0
VERTEX
  5
D89
  8
REAR_LEG
 10
2.441000033340343
 20
24.98892130524502
 30
0.0
  0
VERTEX
  5
D8A
  8
REAR_LEG
 10
2.476238218666059
 20
25.01598594222489
 30
0.0
  0
VERTEX
  5
D8B
  8
REAR_LEG
 10
2.512967227235295
 20
25.04351021639781
 30
0.0
  0
VERTEX
  5
D8C
  8
REAR_LEG
 10
2.556692713251666
 20
25.07650817001309
 30
0.0
  0
VERTEX
  5
D8D
  8
REAR_LEG
 10
2.596293455066127
 20
25.10745973890805
 30
0.0
  0
VERTEX
  5
D8E
  8
REAR_LEG
 10
2.631769452678678
 20
25.13636492308267
 30
0.0
  0
VERTEX
  5
D8F
  8
REAR_LEG
 10
2.66312070608932
 20
25.16322372253697
 30
0.0
  0
VERTEX
  5
D90
  8
REAR_LEG
 10
2.677249553718924
 20
25.17588572799399
 30
0.0
  0
VERTEX
  5
D91
  8
REAR_LEG
 10
2.690347215298051
 20
25.18803613727094
 30
0.0
  0
VERTEX
  5
D92
  8
REAR_LEG
 10
2.7024136908267
 20
25.1996749503678
 30
0.0
  0
VERTEX
  5
D93
  8
REAR_LEG
 10
2.713448980304872
 20
25.21080216728458
 30
0.0
  0
VERTEX
  5
D94
  8
REAR_LEG
 10
2.723453083732566
 20
25.22141778802128
 30
0.0
  0
VERTEX
  5
D95
  8
REAR_LEG
 10
2.732426001109783
 20
25.2315218125779
 30
0.0
  0
VERTEX
  5
D96
  8
REAR_LEG
 10
2.740367732436523
 20
25.24111424095443
 30
0.0
  0
VERTEX
  5
D97
  8
REAR_LEG
 10
2.747278277712785
 20
25.25019507315088
 30
0.0
  0
VERTEX
  5
D98
  8
REAR_LEG
 10
2.759268813183453
 20
25.26773322969932
 30
0.0
  0
VERTEX
  5
D99
  8
REAR_LEG
 10
2.764664554145254
 20
25.27641837422524
 30
0.0
  0
VERTEX
  5
D9A
  8
REAR_LEG
 10
2.769660610591366
 20
25.28504756291896
 30
0.0
  0
VERTEX
  5
D9B
  8
REAR_LEG
 10
2.774256982521789
 20
25.29362079578049
 30
0.0
  0
VERTEX
  5
D9C
  8
REAR_LEG
 10
2.778453669936523
 20
25.30213807280982
 30
0.0
  0
VERTEX
  5
D9D
  8
REAR_LEG
 10
2.782250672835568
 20
25.31059939400696
 30
0.0
  0
VERTEX
  5
D9E
  8
REAR_LEG
 10
2.785647991218924
 20
25.31900475937189
 30
0.0
  0
VERTEX
  5
D9F
  8
REAR_LEG
 10
2.788645625086591
 20
25.32735416890464
 30
0.0
  0
VERTEX
  5
DA0
  8
REAR_LEG
 10
2.791243574438569
 20
25.33564762260518
 30
0.0
  0
VERTEX
  5
DA1
  8
REAR_LEG
 10
2.793441839274858
 20
25.34388512047353
 30
0.0
  0
VERTEX
  5
DA2
  8
REAR_LEG
 10
2.795240419595459
 20
25.35206666250969
 30
0.0
  0
VERTEX
  5
DA3
  8
REAR_LEG
 10
2.79663931540037
 20
25.36019224871364
 30
0.0
  0
VERTEX
  5
DA4
  8
REAR_LEG
 10
2.797638526689592
 20
25.3682618790854
 30
0.0
  0
VERTEX
  5
DA5
  8
REAR_LEG
 10
2.798238053463126
 20
25.37627555362496
 30
0.0
  0
VERTEX
  5
DA6
  8
REAR_LEG
 10
2.798437895720971
 20
25.38423327233233
 30
0.0
  0
VERTEX
  5
DA7
  8
REAR_LEG
 10
2.798240051885704
 20
25.39272456986814
 30
0.0
  0
VERTEX
  5
DA8
  8
REAR_LEG
 10
2.797646520379907
 20
25.40105999044283
 30
0.0
  0
VERTEX
  5
DA9
  8
REAR_LEG
 10
2.796657301203576
 20
25.4092395340564
 30
0.0
  0
VERTEX
  5
DAA
  8
REAR_LEG
 10
2.795272394356714
 20
25.41726320070887
 30
0.0
  0
VERTEX
  5
DAB
  8
REAR_LEG
 10
2.79349179983932
 20
25.4251309904002
 30
0.0
  0
VERTEX
  5
DAC
  8
REAR_LEG
 10
2.791315517651394
 20
25.43284290313042
 30
0.0
  0
VERTEX
  5
DAD
  8
REAR_LEG
 10
2.788743547792935
 20
25.44039893889952
 30
0.0
  0
VERTEX
  5
DAE
  8
REAR_LEG
 10
2.785775890263944
 20
25.4477990977075
 30
0.0
  0
VERTEX
  5
DAF
  8
REAR_LEG
 10
2.782412545064421
 20
25.45504337955436
 30
0.0
  0
VERTEX
  5
DB0
  8
REAR_LEG
 10
2.778653512194367
 20
25.4621317844401
 30
0.0
  0
VERTEX
  5
DB1
  8
REAR_LEG
 10
2.77449879165378
 20
25.46906431236473
 30
0.0
  0
VERTEX
  5
DB2
  8
REAR_LEG
 10
2.769948383442662
 20
25.47584096332824
 30
0.0
  0
VERTEX
  5
DB3
  8
REAR_LEG
 10
2.765002287561011
 20
25.48246173733062
 30
0.0
  0
VERTEX
  5
DB4
  8
REAR_LEG
 10
2.759660504008829
 20
25.48892663437189
 30
0.0
  0
VERTEX
  5
DB5
  8
REAR_LEG
 10
2.753923032786114
 20
25.49523565445204
 30
0.0
  0
VERTEX
  5
DB6
  8
REAR_LEG
 10
2.747789873892867
 20
25.50138879757107
 30
0.0
  0
VERTEX
  5
DB7
  8
REAR_LEG
 10
2.741356951612853
 20
25.5072741520646
 30
0.0
  0
VERTEX
  5
DB8
  8
REAR_LEG
 10
2.734720190229838
 20
25.51277980626821
 30
0.0
  0
VERTEX
  5
DB9
  8
REAR_LEG
 10
2.727879589743821
 20
25.51790576018192
 30
0.0
  0
VERTEX
  5
DBA
  8
REAR_LEG
 10
2.720835150154803
 20
25.52265201380573
 30
0.0
  0
VERTEX
  5
DBB
  8
REAR_LEG
 10
2.713586871462785
 20
25.52701856713963
 30
0.0
  0
VERTEX
  5
DBC
  8
REAR_LEG
 10
2.706134753667764
 20
25.53100542018363
 30
0.0
  0
VERTEX
  5
DBD
  8
REAR_LEG
 10
2.698478796769742
 20
25.53461257293772
 30
0.0
  0
VERTEX
  5
DBE
  8
REAR_LEG
 10
2.690619000768719
 20
25.53784002540191
 30
0.0
  0
VERTEX
  5
DBF
  8
REAR_LEG
 10
2.682555365664695
 20
25.54068777757619
 30
0.0
  0
VERTEX
  5
DC0
  8
REAR_LEG
 10
2.674287891457669
 20
25.54315582946057
 30
0.0
  0
VERTEX
  5
DC1
  8
REAR_LEG
 10
2.665816578147642
 20
25.54524418105504
 30
0.0
  0
VERTEX
  5
DC2
  8
REAR_LEG
 10
2.657141425734613
 20
25.54695283235962
 30
0.0
  0
VERTEX
  5
DC3
  8
REAR_LEG
 10
2.648262434218584
 20
25.54828178337428
 30
0.0
  0
VERTEX
  5
DC4
  8
REAR_LEG
 10
2.639179603599552
 20
25.54923103409904
 30
0.0
  0
VERTEX
  5
DC5
  8
REAR_LEG
 10
2.629892933877519
 20
25.5498005845339
 30
0.0
  0
VERTEX
  5
DC6
  8
REAR_LEG
 10
2.620402425052485
 20
25.54999043467885
 30
0.0
  0
VERTEX
  5
DC7
  8
REAR_LEG
 10
2.61054020962786
 20
25.54979458926616
 30
0.0
  0
VERTEX
  5
DC8
  8
REAR_LEG
 10
2.600905814377178
 20
25.5492070530281
 30
0.0
  0
VERTEX
  5
DC9
  8
REAR_LEG
 10
2.591499239300438
 20
25.54822782596466
 30
0.0
  0
VERTEX
  5
DCA
  8
REAR_LEG
 10
2.582320484397641
 20
25.54685690807585
 30
0.0
  0
VERTEX
  5
DCB
  8
REAR_LEG
 10
2.573369549668787
 20
25.54509429936166
 30
0.0
  0
VERTEX
  5
DCC
  8
REAR_LEG
 10
2.564646435113876
 20
25.5429399998221
 30
0.0
  0
VERTEX
  5
DCD
  8
REAR_LEG
 10
2.556151140732907
 20
25.54039400945716
 30
0.0
  0
VERTEX
  5
DCE
  8
REAR_LEG
 10
2.547883666525881
 20
25.53745632826685
 30
0.0
  0
VERTEX
  5
DCF
  8
REAR_LEG
 10
2.539844012492798
 20
25.53412695625116
 30
0.0
  0
VERTEX
  5
DD0
  8
REAR_LEG
 10
2.532032178633658
 20
25.53040589341009
 30
0.0
  0
VERTEX
  5
DD1
  8
REAR_LEG
 10
2.52444816494846
 20
25.52629313974365
 30
0.0
  0
VERTEX
  5
DD2
  8
REAR_LEG
 10
2.517091971437205
 20
25.52178869525184
 30
0.0
  0
VERTEX
  5
DD3
  8
REAR_LEG
 10
2.509963598099893
 20
25.51689255993465
 30
0.0
  0
VERTEX
  5
DD4
  8
REAR_LEG
 10
2.503063044936523
 20
25.51160473379208
 30
0.0
  0
VERTEX
  5
DD5
  8
REAR_LEG
 10
2.496390311947096
 20
25.50592521682415
 30
0.0
  0
VERTEX
  5
DD6
  8
REAR_LEG
 10
2.489945399131612
 20
25.49985400903083
 30
0.0
  0
VERTEX
  5
DD7
  8
REAR_LEG
 10
2.483744293870697
 20
25.49328719243806
 30
0.0
  0
VERTEX
  5
DD8
  8
REAR_LEG
 10
2.477802983544982
 20
25.48612084907176
 30
0.0
  0
VERTEX
  5
DD9
  8
REAR_LEG
 10
2.472121468154463
 20
25.47835497893192
 30
0.0
  0
VERTEX
  5
DDA
  8
REAR_LEG
 10
2.466699747699143
 20
25.46998958201855
 30
0.0
  0
VERTEX
  5
DDB
  8
REAR_LEG
 10
2.46153782217902
 20
25.46102465833165
 30
0.0
  0
VERTEX
  5
DDC
  8
REAR_LEG
 10
2.456635691594095
 20
25.45146020787121
 30
0.0
  0
VERTEX
  5
DDD
  8
REAR_LEG
 10
2.451993355944368
 20
25.44129623063724
 30
0.0
  0
VERTEX
  5
DDE
  8
REAR_LEG
 10
2.447610815229838
 20
25.43053272662974
 30
0.0
  0
VERTEX
  5
DDF
  8
REAR_LEG
 10
2.443488069450507
 20
25.4191696958487
 30
0.0
  0
VERTEX
  5
DE0
  8
REAR_LEG
 10
2.439625118606373
 20
25.40720713829413
 30
0.0
  0
VERTEX
  5
DE1
  8
REAR_LEG
 10
2.436021962697437
 20
25.39464505396603
 30
0.0
  0
VERTEX
  5
DE2
  8
REAR_LEG
 10
2.432678601723699
 20
25.38148344286439
 30
0.0
  0
VERTEX
  5
DE3
  8
REAR_LEG
 10
2.429595035685159
 20
25.36772230498922
 30
0.0
  0
VERTEX
  5
DE4
  8
REAR_LEG
 10
2.426771264581816
 20
25.35336164034052
 30
0.0
  0
VERTEX
  5
DE5
  8
REAR_LEG
 10
2.424207288413672
 20
25.33840144891828
 30
0.0
  0
VERTEX
  5
DE6
  8
REAR_LEG
 10
2.421903107180725
 20
25.32284173072251
 30
0.0
  0
VERTEX
  5
DE7
  8
REAR_LEG
 10
2.004440624233931
 20
25.35660707860791
 30
0.0
  0
VERTEX
  5
DE8
  8
REAR_LEG
 10
2.007670075120698
 20
25.37830395254208
 30
0.0
  0
VERTEX
  5
DE9
  8
REAR_LEG
 10
2.011219273620015
 20
25.39939730285757
 30
0.0
  0
VERTEX
  5
DEA
  8
REAR_LEG
 10
2.015088219731885
 20
25.41988712955436
 30
0.0
  0
VERTEX
  5
DEB
  8
REAR_LEG
 10
2.019276913456305
 20
25.43977343263247
 30
0.0
  0
VERTEX
  5
DEC
  8
REAR_LEG
 10
2.023785354793277
 20
25.45905621209188
 30
0.0
  0
VERTEX
  5
DED
  8
REAR_LEG
 10
2.028613543742798
 20
25.4777354679326
 30
0.0
  0
VERTEX
  5
DEE
  8
REAR_LEG
 10
2.033761480304872
 20
25.49581120015464
 30
0.0
  0
VERTEX
  5
DEF
  8
REAR_LEG
 10
2.039229164479497
 20
25.51328340875798
 30
0.0
  0
VERTEX
  5
DF0
  8
REAR_LEG
 10
2.045016596266674
 20
25.53015209374263
 30
0.0
  0
VERTEX
  5
DF1
  8
REAR_LEG
 10
2.0511237756664
 20
25.54641725510859
 30
0.0
  0
VERTEX
  5
DF2
  8
REAR_LEG
 10
2.057550702678679
 20
25.56207889285586
 30
0.0
  0
VERTEX
  5
DF3
  8
REAR_LEG
 10
2.064297377303508
 20
25.57713700698444
 30
0.0
  0
VERTEX
  5
DF4
  8
REAR_LEG
 10
2.071363799540888
 20
25.59159159749434
 30
0.0
  0
VERTEX
  5
DF5
  8
REAR_LEG
 10
2.07874996939082
 20
25.60544266438554
 30
0.0
  0
VERTEX
  5
DF6
  8
REAR_LEG
 10
2.086455886853304
 20
25.61869020765805
 30
0.0
  0
VERTEX
  5
DF7
  8
REAR_LEG
 10
2.094481551928337
 20
25.63133422731187
 30
0.0
  0
VERTEX
  5
DF8
  8
REAR_LEG
 10
2.102876925180384
 20
25.64349662712429
 30
0.0
  0
VERTEX
  5
DF9
  8
REAR_LEG
 10
2.111691967173903
 20
25.65529931087258
 30
0.0
  0
VERTEX
  5
DFA
  8
REAR_LEG
 10
2.120926677908897
 20
25.66674227855675
 30
0.0
  0
VERTEX
  5
DFB
  8
REAR_LEG
 10
2.130581057385363
 20
25.67782553017681
 30
0.0
  0
VERTEX
  5
DFC
  8
REAR_LEG
 10
2.140655105603303
 20
25.68854906573274
 30
0.0
  0
VERTEX
  5
DFD
  8
REAR_LEG
 10
2.151148822562717
 20
25.69891288522455
 30
0.0
  0
VERTEX
  5
DFE
  8
REAR_LEG
 10
2.162062208263603
 20
25.70891698865225
 30
0.0
  0
VERTEX
  5
DFF
  8
REAR_LEG
 10
2.173395262705964
 20
25.71856137601582
 30
0.0
  0
VERTEX
  5
E00
  8
REAR_LEG
 10
2.185147985889797
 20
25.72784604731528
 30
0.0
  0
VERTEX
  5
E01
  8
REAR_LEG
 10
2.197320377815104
 20
25.73677100255061
 30
0.0
  0
VERTEX
  5
E02
  8
REAR_LEG
 10
2.209912438481885
 20
25.74533624172183
 30
0.0
  0
VERTEX
  5
E03
  8
REAR_LEG
 10
2.222924167890138
 20
25.75354176482892
 30
0.0
  0
VERTEX
  5
E04
  8
REAR_LEG
 10
2.236355566039865
 20
25.7613875718719
 30
0.0
  0
VERTEX
  5
E05
  8
REAR_LEG
 10
2.250206632931066
 20
25.76887366285075
 30
0.0
  0
VERTEX
  5
E06
  8
REAR_LEG
 10
2.26447736856374
 20
25.77600003776548
 30
0.0
  0
VERTEX
  5
E07
  8
REAR_LEG
 10
2.279167772937887
 20
25.7827666966161
 30
0.0
  0
VERTEX
  5
E08
  8
REAR_LEG
 10
2.294425729324313
 20
25.78914765990907
 30
0.0
  0
VERTEX
  5
E09
  8
REAR_LEG
 10
2.310399120993821
 20
25.79511694815088
 30
0.0
  0
VERTEX
  5
E0A
  8
REAR_LEG
 10
2.327087947946414
 20
25.80067456134154
 30
0.0
  0
VERTEX
  5
E0B
  8
REAR_LEG
 10
2.344492210182089
 20
25.80582049948103
 30
0.0
  0
VERTEX
  5
E0C
  8
REAR_LEG
 10
2.362611907700848
 20
25.81055476256937
 30
0.0
  0
VERTEX
  5
E0D
  8
REAR_LEG
 10
2.381447040502689
 20
25.81487735060654
 30
0.0
  0
VERTEX
  5
E0E
  8
REAR_LEG
 10
2.400997608587614
 20
25.81878826359256
 30
0.0
  0
VERTEX
  5
E0F
  8
REAR_LEG
 10
2.421263611955622
 20
25.82228750152742
 30
0.0
  0
VERTEX
  5
E10
  8
REAR_LEG
 10
2.442245050606714
 20
25.82537506441111
 30
0.0
  0
VERTEX
  5
E11
  8
REAR_LEG
 10
2.463941924540888
 20
25.82805095224365
 30
0.0
  0
VERTEX
  5
E12
  8
REAR_LEG
 10
2.486354233758147
 20
25.83031516502503
 30
0.0
  0
VERTEX
  5
E13
  8
REAR_LEG
 10
2.509481978258488
 20
25.83216770275525
 30
0.0
  0
VERTEX
  5
E14
  8
REAR_LEG
 10
2.533325158041912
 20
25.8336085654343
 30
0.0
  0
VERTEX
  5
E15
  8
REAR_LEG
 10
2.557883773108419
 20
25.83463775306221
 30
0.0
  0
VERTEX
  5
E16
  8
REAR_LEG
 10
2.58315782345801
 20
25.83525526563895
 30
0.0
  0
VERTEX
  5
E17
  8
REAR_LEG
 10
2.609147309090684
 20
25.83546110316453
 30
0.0
  0
VERTEX
  5
E18
  8
REAR_LEG
 10
2.636263905057601
 20
25.83526525775184
 30
0.0
  0
VERTEX
  5
E19
  8
REAR_LEG
 10
2.662617103599551
 20
25.83467772151378
 30
0.0
  0
VERTEX
  5
E1A
  8
REAR_LEG
 10
2.688206904716536
 20
25.83369849445034
 30
0.0
  0
VERTEX
  5
E1B
  8
REAR_LEG
 10
2.713033308408555
 20
25.83232757656153
 30
0.0
  0
VERTEX
  5
E1C
  8
REAR_LEG
 10
2.737096314675608
 20
25.83056496784734
 30
0.0
  0
VERTEX
  5
E1D
  8
REAR_LEG
 10
2.760395923517695
 20
25.82841066830777
 30
0.0
  0
VERTEX
  5
E1E
  8
REAR_LEG
 10
2.782932134934817
 20
25.82586467794283
 30
0.0
  0
VERTEX
  5
E1F
  8
REAR_LEG
 10
2.804704948926973
 20
25.82292699675252
 30
0.0
  0
VERTEX
  5
E20
  8
REAR_LEG
 10
2.825714365494163
 20
25.81959762473683
 30
0.0
  0
VERTEX
  5
E21
  8
REAR_LEG
 10
2.845960384636386
 20
25.81587656189577
 30
0.0
  0
VERTEX
  5
E22
  8
REAR_LEG
 10
2.865443006353644
 20
25.81176380822933
 30
0.0
  0
VERTEX
  5
E23
  8
REAR_LEG
 10
2.884162230645936
 20
25.80725936373751
 30
0.0
  0
VERTEX
  5
E24
  8
REAR_LEG
 10
2.902118057513262
 20
25.80236322842033
 30
0.0
  0
VERTEX
  5
E25
  8
REAR_LEG
 10
2.919310486955622
 20
25.79707540227776
 30
0.0
  0
VERTEX
  5
E26
  8
REAR_LEG
 10
2.935739518973016
 20
25.79139588530982
 30
0.0
  0
VERTEX
  5
E27
  8
REAR_LEG
 10
2.951405153565445
 20
25.78532467751651
 30
0.0
  0
VERTEX
  5
E28
  8
REAR_LEG
 10
2.966485250342389
 20
25.77884778993976
 30
0.0
  0
VERTEX
  5
E29
  8
REAR_LEG
 10
2.981157668913331
 20
25.77195123362155
 30
0.0
  0
VERTEX
  5
E2A
  8
REAR_LEG
 10
2.995422409278269
 20
25.76463500856186
 30
0.0
  0
VERTEX
  5
E2B
  8
REAR_LEG
 10
3.009279471437205
 20
25.75689911476071
 30
0.0
  0
VERTEX
  5
E2C
  8
REAR_LEG
 10
3.022728855390138
 20
25.74874355221807
 30
0.0
  0
VERTEX
  5
E2D
  8
REAR_LEG
 10
3.035770561137068
 20
25.74016832093397
 30
0.0
  0
VERTEX
  5
E2E
  8
REAR_LEG
 10
3.048404588677996
 20
25.73117342090839
 30
0.0
  0
VERTEX
  5
E2F
  8
REAR_LEG
 10
3.060630938012921
 20
25.72175885214133
 30
0.0
  0
VERTEX
  5
E30
  8
REAR_LEG
 10
3.072449609141843
 20
25.71192461463281
 30
0.0
  0
VERTEX
  5
E31
  8
REAR_LEG
 10
3.083860602064763
 20
25.70167070838281
 30
0.0
  0
VERTEX
  5
E32
  8
REAR_LEG
 10
3.094863916781679
 20
25.69099713339133
 30
0.0
  0
VERTEX
  5
E33
  8
REAR_LEG
 10
3.105459553292594
 20
25.67990388965839
 30
0.0
  0
VERTEX
  5
E34
  8
REAR_LEG
 10
3.115647511597505
 20
25.66839097718397
 30
0.0
  0
VERTEX
  5
E35
  8
REAR_LEG
 10
3.125427791696413
 20
25.65645839596807
 30
0.0
  0
VERTEX
  5
E36
  8
REAR_LEG
 10
3.134800393589319
 20
25.64410614601071
 30
0.0
  0
VERTEX
  5
E37
  8
REAR_LEG
 10
3.143765317276223
 20
25.63133422731187
 30
0.0
  0
VERTEX
  5
E38
  8
REAR_LEG
 10
3.152252617966878
 20
25.61825455153595
 30
0.0
  0
VERTEX
  5
E39
  8
REAR_LEG
 10
3.160192350871038
 20
25.60497903034734
 30
0.0
  0
VERTEX
  5
E3A
  8
REAR_LEG
 10
3.167584515988706
 20
25.59150766374604
 30
0.0
  0
VERTEX
  5
E3B
  8
REAR_LEG
 10
3.174429113319879
 20
25.57784045173206
 30
0.0
  0
VERTEX
  5
E3C
  8
REAR_LEG
 10
3.180726142864558
 20
25.56397739430539
 30
0.0
  0
VERTEX
  5
E3D
  8
REAR_LEG
 10
3.186475604622744
 20
25.54991849146603
 30
0.0
  0
VERTEX
  5
E3E
  8
REAR_LEG
 10
3.191677498594435
 20
25.53566374321398
 30
0.0
  0
VERTEX
  5
E3F
  8
REAR_LEG
 10
3.196331824779633
 20
25.52121314954925
 30
0.0
  0
VERTEX
  5
E40
  8
REAR_LEG
 10
3.200438583178338
 20
25.50656671047183
 30
0.0
  0
VERTEX
  5
E41
  8
REAR_LEG
 10
3.203997773790547
 20
25.49172442598172
 30
0.0
  0
VERTEX
  5
E42
  8
REAR_LEG
 10
3.207009396616264
 20
25.47668629607892
 30
0.0
  0
VERTEX
  5
E43
  8
REAR_LEG
 10
3.209473451655486
 20
25.46145232076344
 30
0.0
  0
VERTEX
  5
E44
  8
REAR_LEG
 10
3.211389938908215
 20
25.44602250003527
 30
0.0
  0
VERTEX
  5
E45
  8
REAR_LEG
 10
3.212758858374449
 20
25.43039683389441
 30
0.0
  0
VERTEX
  5
E46
  8
REAR_LEG
 10
3.21358021005419
 20
25.41457532234086
 30
0.0
  0
VERTEX
  5
E47
  8
REAR_LEG
 10
3.213853993947437
 20
25.39855796537462
 30
0.0
  0
VERTEX
  5
E48
  8
REAR_LEG
 10
3.213540241602622
 20
25.38146745548377
 30
0.0
  0
VERTEX
  5
E49
  8
REAR_LEG
 10
3.212598984568174
 20
25.36447286987667
 30
0.0
  0
VERTEX
  5
E4A
  8
REAR_LEG
 10
3.211030222844095
 20
25.34757420855334
 30
0.0
  0
VERTEX
  5
E4B
  8
REAR_LEG
 10
3.208833956430384
 20
25.33077147151377
 30
0.0
  0
VERTEX
  5
E4C
  8
REAR_LEG
 10
3.206010185327041
 20
25.31406465875798
 30
0.0
  0
VERTEX
  5
E4D
  8
REAR_LEG
 10
3.202558909534067
 20
25.29745377028594
 30
0.0
  0
VERTEX
  5
E4E
  8
REAR_LEG
 10
3.198480129051462
 20
25.28093880609768
 30
0.0
  0
VERTEX
  5
E4F
  8
REAR_LEG
 10
3.193773843879224
 20
25.26451976619317
 30
0.0
  0
VERTEX
  5
E50
  8
REAR_LEG
 10
3.188440054017355
 20
25.24819665057244
 30
0.0
  0
VERTEX
  5
E51
  8
REAR_LEG
 10
3.182478759465854
 20
25.23196945923547
 30
0.0
  0
VERTEX
  5
E52
  8
REAR_LEG
 10
3.175889960224722
 20
25.21583819218226
 30
0.0
  0
VERTEX
  5
E53
  8
REAR_LEG
 10
3.168673656293958
 20
25.19980284941282
 30
0.0
  0
VERTEX
  5
E54
  8
REAR_LEG
 10
3.160829847673563
 20
25.18386343092714
 30
0.0
  0
VERTEX
  5
E55
  8
REAR_LEG
 10
3.152358534363535
 20
25.16801993672523
 30
0.0
  0
VERTEX
  5
E56
  8
REAR_LEG
 10
3.143259716363876
 20
25.15227236680709
 30
0.0
  0
VERTEX
  5
E57
  8
REAR_LEG
 10
3.133533393674586
 20
25.13662072117271
 30
0.0
  0
VERTEX
  5
E58
  8
REAR_LEG
 10
3.122979724037819
 20
25.12092111339645
 30
0.0
  0
VERTEX
  5
E59
  8
REAR_LEG
 10
3.111398865195732
 20
25.10502965705266
 30
0.0
  0
VERTEX
  5
E5A
  8
REAR_LEG
 10
3.098790817148324
 20
25.08894635214133
 30
0.0
  0
VERTEX
  5
E5B
  8
REAR_LEG
 10
3.085155579895595
 20
25.07267119866248
 30
0.0
  0
VERTEX
  5
E5C
  8
REAR_LEG
 10
3.070493153437546
 20
25.05620419661609
 30
0.0
  0
VERTEX
  5
E5D
  8
REAR_LEG
 10
3.054803537774176
 20
25.03954534600218
 30
0.0
  0
VERTEX
  5
E5E
  8
REAR_LEG
 10
3.038086732905486
 20
25.02269464682074
 30
0.0
  0
VERTEX
  5
E5F
  8
REAR_LEG
 10
3.020342738831475
 20
25.00565209907176
 30
0.0
  0
VERTEX
  5
E60
  8
REAR_LEG
 10
3.001571555552143
 20
24.98841770275525
 30
0.0
  0
VERTEX
  5
E61
  8
REAR_LEG
 10
2.981773183067491
 20
24.97099145787121
 30
0.0
  0
VERTEX
  5
E62
  8
REAR_LEG
 10
2.960947621377519
 20
24.95337336441964
 30
0.0
  0
VERTEX
  5
E63
  8
REAR_LEG
 10
2.939094870482226
 20
24.93556342240054
 30
0.0
  0
VERTEX
  5
E64
  8
REAR_LEG
 10
2.916214930381612
 20
24.91756163181391
 30
0.0
  0
VERTEX
  5
E65
  8
REAR_LEG
 10
2.892307801075678
 20
24.89936799265975
 30
0.0
  0
VERTEX
  5
E66
  8
REAR_LEG
 10
2.867373482564422
 20
24.88098250493806
 30
0.0
  0
VERTEX
  5
E67
  8
REAR_LEG
 10
2.841411974847846
 20
24.86240516864884
 30
0.0
  0
VERTEX
  5
E68
  8
REAR_LEG
 10
2.783697530782362
 20
24.8221809189899
 30
0.0
  0
VERTEX
  5
E69
  8
REAR_LEG
 10
2.736406858886046
 20
24.78847952062701
 30
0.0
  0
VERTEX
  5
E6A
  8
REAR_LEG
 10
2.699539959158897
 20
24.76130097356016
 30
0.0
  0
VERTEX
  5
E6B
  8
REAR_LEG
 10
2.68501542385876
 20
24.75015776926275
 30
0.0
  0
VERTEX
  5
E6C
  8
REAR_LEG
 10
2.673096831600916
 20
24.74064527778935
 30
0.0
  0
VERTEX
  5
E6D
  8
REAR_LEG
 10
2.65093832205112
 20
24.72190806769386
 30
0.0
  0
VERTEX
  5
E6E
  8
REAR_LEG
 10
2.626925276348528
 20
24.70048497765293
 30
0.0
  0
VERTEX
  5
E6F
  8
REAR_LEG
 10
2.60105769449314
 20
24.67637600766658
 30
0.0
  0
VERTEX
  5
E70
  8
REAR_LEG
 10
2.573335576484954
 20
24.64958115773479
 30
0.0
  0
VERTEX
  5
E71
  8
REAR_LEG
 10
3.224085917549074
 20
24.64958115773479
 30
0.0
  0
SEQEND
  5
15B3
  8
REAR_LEG
  0
POLYLINE
  5
8F
  8
REAR_LEG
 66
     1
 10
0.0
 20
0.0
 30
0.0
 70
     1
  0
VERTEX
  5
E72
  8
REAR_LEG
 10
2.306282370482228
 20
22.81499725596125
 30
0.0
  0
VERTEX
  5
E73
  8
REAR_LEG
 10
2.306480214317495
 20
22.77989496337087
 30
0.0
  0
VERTEX
  5
E74
  8
REAR_LEG
 10
2.307073745823292
 20
22.74621155081118
 30
0.0
  0
VERTEX
  5
E75
  8
REAR_LEG
 10
2.308062964999623
 20
22.71394701828219
 30
0.0
  0
VERTEX
  5
E76
  8
REAR_LEG
 10
2.309447871846485
 20
22.6831013657839
 30
0.0
  0
VERTEX
  5
E77
  8
REAR_LEG
 10
2.31122846636388
 20
22.6536745933163
 30
0.0
  0
VERTEX
  5
E78
  8
REAR_LEG
 10
2.313404748551806
 20
22.6256667008794
 30
0.0
  0
VERTEX
  5
E79
  8
REAR_LEG
 10
2.315976718410264
 20
22.59907768847319
 30
0.0
  0
VERTEX
  5
E7A
  8
REAR_LEG
 10
2.318944375939254
 20
22.57390755609768
 30
0.0
  0
VERTEX
  5
E7B
  8
REAR_LEG
 10
2.322307721138777
 20
22.55015630375286
 30
0.0
  0
VERTEX
  5
E7C
  8
REAR_LEG
 10
2.326066754008831
 20
22.52782393143874
 30
0.0
  0
VERTEX
  5
E7D
  8
REAR_LEG
 10
2.330221474549418
 20
22.50691043915531
 30
0.0
  0
VERTEX
  5
E7E
  8
REAR_LEG
 10
2.334771882760537
 20
22.48741582690259
 30
0.0
  0
VERTEX
  5
E7F
  8
REAR_LEG
 10
2.339717978642187
 20
22.46934009468055
 30
0.0
  0
VERTEX
  5
E80
  8
REAR_LEG
 10
2.34505976219437
 20
22.45268324248922
 30
0.0
  0
VERTEX
  5
E81
  8
REAR_LEG
 10
2.350797233417085
 20
22.43744527032857
 30
0.0
  0
VERTEX
  5
E82
  8
REAR_LEG
 10
2.356930392310332
 20
22.42362617819863
 30
0.0
  0
VERTEX
  5
E83
  8
REAR_LEG
 10
2.363439254648326
 20
22.41092620271262
 30
0.0
  0
VERTEX
  5
E84
  8
REAR_LEG
 10
2.370303836205284
 20
22.39904558048376
 30
0.0
  0
VERTEX
  5
E85
  8
REAR_LEG
 10
2.377524136981205
 20
22.38798431151207
 30
0.0
  0
VERTEX
  5
E86
  8
REAR_LEG
 10
2.385100156976089
 20
22.37774239579754
 30
0.0
  0
VERTEX
  5
E87
  8
REAR_LEG
 10
2.393031896189936
 20
22.36831983334017
 30
0.0
  0
VERTEX
  5
E88
  8
REAR_LEG
 10
2.401319354622747
 20
22.35971662413997
 30
0.0
  0
VERTEX
  5
E89
  8
REAR_LEG
 10
2.40996253227452
 20
22.35193276819692
 30
0.0
  0
VERTEX
  5
E8A
  8
REAR_LEG
 10
2.418961429145257
 20
22.34496826551105
 30
0.0
  0
VERTEX
  5
E8B
  8
REAR_LEG
 10
2.428316045234957
 20
22.33882311608232
 30
0.0
  0
VERTEX
  5
E8C
  8
REAR_LEG
 10
2.43802638054362
 20
22.33349731991077
 30
0.0
  0
VERTEX
  5
E8D
  8
REAR_LEG
 10
2.448092435071246
 20
22.32899087699638
 30
0.0
  0
VERTEX
  5
E8E
  8
REAR_LEG
 10
2.458514208817835
 20
22.32530378733915
 30
0.0
  0
VERTEX
  5
E8F
  8
REAR_LEG
 10
2.469291701783388
 20
22.32243605093908
 30
0.0
  0
VERTEX
  5
E90
  8
REAR_LEG
 10
2.480424913967903
 20
22.32038766779618
 30
0.0
  0
VERTEX
  5
E91
  8
REAR_LEG
 10
2.491913845371382
 20
22.31915863791043
 30
0.0
  0
VERTEX
  5
E92
  8
REAR_LEG
 10
2.503758495993824
 20
22.31874896128185
 30
0.0
  0
VERTEX
  5
E93
  8
REAR_LEG
 10
2.511622288840004
 20
22.31892282404618
 30
0.0
  0
VERTEX
  5
E94
  8
REAR_LEG
 10
2.519354185796007
 20
22.31944441233915
 30
0.0
  0
VERTEX
  5
E95
  8
REAR_LEG
 10
2.526954186861833
 20
22.32031372616077
 30
0.0
  0
VERTEX
  5
E96
  8
REAR_LEG
 10
2.534422292037481
 20
22.32153076551105
 30
0.0
  0
VERTEX
  5
E97
  8
REAR_LEG
 10
2.541758501322951
 20
22.32309553038997
 30
0.0
  0
VERTEX
  5
E98
  8
REAR_LEG
 10
2.548962814718244
 20
22.32500802079754
 30
0.0
  0
VERTEX
  5
E99
  8
REAR_LEG
 10
2.55603523222336
 20
22.32726823673376
 30
0.0
  0
VERTEX
  5
E9A
  8
REAR_LEG
 10
2.562975753838299
 20
22.32987617819863
 30
0.0
  0
VERTEX
  5
E9B
  8
REAR_LEG
 10
2.56978437956306
 20
22.33283184519215
 30
0.0
  0
VERTEX
  5
E9C
  8
REAR_LEG
 10
2.576461109397644
 20
22.33613523771432
 30
0.0
  0
VERTEX
  5
E9D
  8
REAR_LEG
 10
2.583005943342051
 20
22.33978635576514
 30
0.0
  0
VERTEX
  5
E9E
  8
REAR_LEG
 10
2.58941888139628
 20
22.34378519934461
 30
0.0
  0
VERTEX
  5
E9F
  8
REAR_LEG
 10
2.595699923560332
 20
22.34813176845272
 30
0.0
  0
VERTEX
  5
EA0
  8
REAR_LEG
 10
2.601849069834206
 20
22.35282606308949
 30
0.0
  0
VERTEX
  5
EA1
  8
REAR_LEG
 10
2.607866320217903
 20
22.35786808325491
 30
0.0
  0
VERTEX
  5
EA2
  8
REAR_LEG
 10
2.613751674711423
 20
22.36325782894897
 30
0.0
  0
VERTEX
  5
EA3
  8
REAR_LEG
 10
2.619475156976089
 20
22.36902327808779
 30
0.0
  0
VERTEX
  5
EA4
  8
REAR_LEG
 10
2.625006790673224
 20
22.37519240858744
 30
0.0
  0
VERTEX
  5
EA5
  8
REAR_LEG
 10
2.630346575802828
 20
22.38176522044795
 30
0.0
  0
VERTEX
  5
EA6
  8
REAR_LEG
 10
2.635494512364902
 20
22.3887417136693
 30
0.0
  0
VERTEX
  5
EA7
  8
REAR_LEG
 10
2.640450600359445
 20
22.3961218882515
 30
0.0
  0
VERTEX
  5
EA8
  8
REAR_LEG
 10
2.645214839786457
 20
22.40390574419454
 30
0.0
  0
VERTEX
  5
EA9
  8
REAR_LEG
 10
2.649787230645939
 20
22.41209328149843
 30
0.0
  0
VERTEX
  5
EAA
  8
REAR_LEG
 10
2.65416777293789
 20
22.42068450016316
 30
0.0
  0
VERTEX
  5
EAB
  8
REAR_LEG
 10
2.65835646666231
 20
22.42967940018874
 30
0.0
  0
VERTEX
  5
EAC
  8
REAR_LEG
 10
2.662353311819199
 20
22.43907798157517
 30
0.0
  0
VERTEX
  5
EAD
  8
REAR_LEG
 10
2.666158308408558
 20
22.44888024432244
 30
0.0
  0
VERTEX
  5
EAE
  8
REAR_LEG
 10
2.669771456430387
 20
22.45908618843055
 30
0.0
  0
VERTEX
  5
EAF
  8
REAR_LEG
 10
2.673192755884684
 20
22.46969581389952
 30
0.0
  0
VERTEX
  5
EB0
  8
REAR_LEG
 10
2.67642220677145
 20
22.48070912072933
 30
0.0
  0
VERTEX
  5
EB1
  8
REAR_LEG
 10
2.682305562842392
 20
22.50394677847148
 30
0.0
  0
VERTEX
  5
EB2
  8
REAR_LEG
 10
2.684969460139459
 20
22.51638895744488
 30
0.0
  0
VERTEX
  5
EB3
  8
REAR_LEG
 10
2.68746149309478
 20
22.52967047390123
 30
0.0
  0
VERTEX
  5
EB4
  8
REAR_LEG
 10
2.691929965980182
 20
22.55875151926275
 30
0.0
  0
VERTEX
  5
EB5
  8
REAR_LEG
 10
2.6957109814986
 20
22.59118991455607
 30
0.0
  0
VERTEX
  5
EB6
  8
REAR_LEG
 10
2.698804539650032
 20
22.62698565978117
 30
0.0
  0
VERTEX
  5
EB7
  8
REAR_LEG
 10
2.701210640434479
 20
22.66613875493806
 30
0.0
  0
VERTEX
  5
EB8
  8
REAR_LEG
 10
2.702929283851942
 20
22.70864920002673
 30
0.0
  0
VERTEX
  5
EB9
  8
REAR_LEG
 10
2.70396046990242
 20
22.7545169950472
 30
0.0
  0
VERTEX
  5
EBA
  8
REAR_LEG
 10
2.704304198585912
 20
22.80374213999945
 30
0.0
  0
VERTEX
  5
EBB
  8
REAR_LEG
 10
2.704106354750646
 20
22.84032326529788
 30
0.0
  0
VERTEX
  5
EBC
  8
REAR_LEG
 10
2.703512823244848
 20
22.87537359890123
 30
0.0
  0
VERTEX
  5
EBD
  8
REAR_LEG
 10
2.702523604068517
 20
22.90889314080948
 30
0.0
  0
VERTEX
  5
EBE
  8
REAR_LEG
 10
2.701138697221655
 20
22.94088189102264
 30
0.0
  0
VERTEX
  5
EBF
  8
REAR_LEG
 10
2.69935810270426
 20
22.97133984954072
 30
0.0
  0
VERTEX
  5
EC0
  8
REAR_LEG
 10
2.697181820516334
 20
23.00026701636371
 30
0.0
  0
VERTEX
  5
EC1
  8
REAR_LEG
 10
2.694609850657876
 20
23.02766339149161
 30
0.0
  0
VERTEX
  5
EC2
  8
REAR_LEG
 10
2.691642193128886
 20
23.05352897492442
 30
0.0
  0
VERTEX
  5
EC3
  8
REAR_LEG
 10
2.688278847929363
 20
23.07786376666214
 30
0.0
  0
VERTEX
  5
EC4
  8
REAR_LEG
 10
2.684519815059309
 20
23.10066776670477
 30
0.0
  0
VERTEX
  5
EC5
  8
REAR_LEG
 10
2.680365094518722
 20
23.12194097505232
 30
0.0
  0
VERTEX
  5
EC6
  8
REAR_LEG
 10
2.675814686307604
 20
23.14168339170477
 30
0.0
  0
VERTEX
  5
EC7
  8
REAR_LEG
 10
2.670868590425953
 20
23.15989501666214
 30
0.0
  0
VERTEX
  5
EC8
  8
REAR_LEG
 10
2.66552680687377
 20
23.17657584992442
 30
0.0
  0
VERTEX
  5
EC9
  8
REAR_LEG
 10
2.659789335651055
 20
23.19172589149161
 30
0.0
  0
VERTEX
  5
ECA
  8
REAR_LEG
 10
2.653656176757808
 20
23.20534514136371
 30
0.0
  0
VERTEX
  5
ECB
  8
REAR_LEG
 10
2.647127330194029
 20
23.21779731245
 30
0.0
  0
VERTEX
  5
ECC
  8
REAR_LEG
 10
2.640202795959718
 20
23.22944611765975
 30
0.0
  0
VERTEX
  5
ECD
  8
REAR_LEG
 10
2.632882574054875
 20
23.24029155699297
 30
0.0
  0
VERTEX
  5
ECE
  8
REAR_LEG
 10
2.6251666644795
 20
23.25033363044965
 30
0.0
  0
VERTEX
  5
ECF
  8
REAR_LEG
 10
2.617055067233592
 20
23.25957233802981
 30
0.0
  0
VERTEX
  5
ED0
  8
REAR_LEG
 10
2.608547782317153
 20
23.26800767973342
 30
0.0
  0
VERTEX
  5
ED1
  8
REAR_LEG
 10
2.599644809730182
 20
23.2756396555605
 30
0.0
  0
VERTEX
  5
ED2
  8
REAR_LEG
 10
2.590346149472678
 20
23.28246826551105
 30
0.0
  0
VERTEX
  5
ED3
  8
REAR_LEG
 10
2.580651801544643
 20
23.28849350958506
 30
0.0
  0
VERTEX
  5
ED4
  8
REAR_LEG
 10
2.570561765946076
 20
23.29371538778254
 30
0.0
  0
VERTEX
  5
ED5
  8
REAR_LEG
 10
2.560076042676976
 20
23.29813390010348
 30
0.0
  0
VERTEX
  5
ED6
  8
REAR_LEG
 10
2.549194631737344
 20
23.30174904654788
 30
0.0
  0
VERTEX
  5
ED7
  8
REAR_LEG
 10
2.53791753312718
 20
23.30456082711576
 30
0.0
  0
VERTEX
  5
ED8
  8
REAR_LEG
 10
2.526244746846485
 20
23.30656924180709
 30
0.0
  0
VERTEX
  5
ED9
  8
REAR_LEG
 10
2.514176272895257
 20
23.3077742906219
 30
0.0
  0
VERTEX
  5
EDA
  8
REAR_LEG
 10
2.501712111273497
 20
23.30817597356016
 30
0.0
  0
VERTEX
  5
EDB
  8
REAR_LEG
 10
2.489018131055216
 20
23.30776629693158
 30
0.0
  0
VERTEX
  5
EDC
  8
REAR_LEG
 10
2.476771797494506
 20
23.30653726704584
 30
0.0
  0
VERTEX
  5
EDD
  8
REAR_LEG
 10
2.464973110591369
 20
23.30448888390293
 30
0.0
  0
VERTEX
  5
EDE
  8
REAR_LEG
 10
2.453622070345803
 20
23.30162114750286
 30
0.0
  0
VERTEX
  5
EDF
  8
REAR_LEG
 10
2.442718676757808
 20
23.29793405784563
 30
0.0
  0
VERTEX
  5
EE0
  8
REAR_LEG
 10
2.432262929827385
 20
23.29342761493124
 30
0.0
  0
VERTEX
  5
EE1
  8
REAR_LEG
 10
2.422254829554534
 20
23.28810181875969
 30
0.0
  0
VERTEX
  5
EE2
  8
REAR_LEG
 10
2.412694375939254
 20
23.28195666933097
 30
0.0
  0
VERTEX
  5
EE3
  8
REAR_LEG
 10
2.403581568981546
 20
23.27499216664509
 30
0.0
  0
VERTEX
  5
EE4
  8
REAR_LEG
 10
2.39491640868141
 20
23.26720831070205
 30
0.0
  0
VERTEX
  5
EE5
  8
REAR_LEG
 10
2.386698895038845
 20
23.25860510150184
 30
0.0
  0
VERTEX
  5
EE6
  8
REAR_LEG
 10
2.378929028053852
 20
23.24918253904447
 30
0.0
  0
VERTEX
  5
EE7
  8
REAR_LEG
 10
2.37160680772643
 20
23.23894062332994
 30
0.0
  0
VERTEX
  5
EE8
  8
REAR_LEG
 10
2.36473223405658
 20
23.22787935435825
 30
0.0
  0
VERTEX
  5
EE9
  8
REAR_LEG
 10
2.358305307044302
 20
23.2159987321294
 30
0.0
  0
VERTEX
  5
EEA
  8
REAR_LEG
 10
2.352326026689595
 20
23.20329875664338
 30
0.0
  0
VERTEX
  5
EEB
  8
REAR_LEG
 10
2.346750427695734
 20
23.1894916550489
 30
0.0
  0
VERTEX
  5
EEC
  8
REAR_LEG
 10
2.341534544765993
 20
23.17428965449468
 30
0.0
  0
VERTEX
  5
EED
  8
REAR_LEG
 10
2.336678377900373
 20
23.15769275498069
 30
0.0
  0
VERTEX
  5
EEE
  8
REAR_LEG
 10
2.332181927098872
 20
23.13970095650695
 30
0.0
  0
VERTEX
  5
EEF
  8
REAR_LEG
 10
2.328045192361492
 20
23.12031425907346
 30
0.0
  0
VERTEX
  5
EF0
  8
REAR_LEG
 10
2.324268173688231
 20
23.09953266268021
 30
0.0
  0
VERTEX
  5
EF1
  8
REAR_LEG
 10
2.320850871079091
 20
23.07735616732721
 30
0.0
  0
VERTEX
  5
EF2
  8
REAR_LEG
 10
2.31779328453407
 20
23.05378477301446
 30
0.0
  0
VERTEX
  5
EF3
  8
REAR_LEG
 10
2.31509541405317
 20
23.02881847974195
 30
0.0
  0
VERTEX
  5
EF4
  8
REAR_LEG
 10
2.312757259636389
 20
23.00245728750968
 30
0.0
  0
VERTEX
  5
EF5
  8
REAR_LEG
 10
2.310778821283729
 20
22.97470119631766
 30
0.0
  0
VERTEX
  5
EF6
  8
REAR_LEG
 10
2.309160098995189
 20
22.94555020616589
 30
0.0
  0
VERTEX
  5
EF7
  8
REAR_LEG
 10
2.307901092770769
 20
22.91500431705436
 30
0.0
  0
VERTEX
  5
EF8
  8
REAR_LEG
 10
2.307001802610468
 20
22.88306352898308
 30
0.0
  0
VERTEX
  5
EF9
  8
REAR_LEG
 10
2.306462228514288
 20
22.84972784195204
 30
0.0
  0
SEQEND
  5
15B4
  8
REAR_LEG
  0
POLYLINE
  5
90
  8
REAR_LEG
 66
     1
 10
0.0
 20
0.0
 30
0.0
 70
     1
  0
VERTEX
  5
EFA
  8
REAR_LEG
 10
1.892912656976089
 20
22.81602044832142
 30
0.0
  0
VERTEX
  5
EFB
  8
REAR_LEG
 10
1.893063038275117
 20
22.8425005466971
 30
0.0
  0
VERTEX
  5
EFC
  8
REAR_LEG
 10
1.893514182172201
 20
22.86847904100559
 30
0.0
  0
VERTEX
  5
EFD
  8
REAR_LEG
 10
1.894266088667341
 20
22.8939559312469
 30
0.0
  0
VERTEX
  5
EFE
  8
REAR_LEG
 10
1.895318757760537
 20
22.91893121742101
 30
0.0
  0
VERTEX
  5
EFF
  8
REAR_LEG
 10
1.896672189451788
 20
22.94340489952793
 30
0.0
  0
VERTEX
  5
F00
  8
REAR_LEG
 10
1.898326383741096
 20
22.96737697756767
 30
0.0
  0
VERTEX
  5
F01
  8
REAR_LEG
 10
1.90028134062846
 20
22.99084745154021
 30
0.0
  0
VERTEX
  5
F02
  8
REAR_LEG
 10
1.902537060113879
 20
23.01381632144556
 30
0.0
  0
VERTEX
  5
F03
  8
REAR_LEG
 10
1.905093542197354
 20
23.03628358728373
 30
0.0
  0
VERTEX
  5
F04
  8
REAR_LEG
 10
1.907950786878886
 20
23.0582492490547
 30
0.0
  0
VERTEX
  5
F05
  8
REAR_LEG
 10
1.911108794158473
 20
23.07971330675849
 30
0.0
  0
VERTEX
  5
F06
  8
REAR_LEG
 10
1.914567564036116
 20
23.10067576039509
 30
0.0
  0
VERTEX
  5
F07
  8
REAR_LEG
 10
1.918327096511816
 20
23.12113660996449
 30
0.0
  0
VERTEX
  5
F08
  8
REAR_LEG
 10
1.922387391585571
 20
23.14109585546671
 30
0.0
  0
VERTEX
  5
F09
  8
REAR_LEG
 10
1.926748449257382
 20
23.16055349690174
 30
0.0
  0
VERTEX
  5
F0A
  8
REAR_LEG
 10
1.931410269527249
 20
23.17950953426957
 30
0.0
  0
VERTEX
  5
F0B
  8
REAR_LEG
 10
1.936372852395172
 20
23.19796396757022
 30
0.0
  0
VERTEX
  5
F0C
  8
REAR_LEG
 10
1.94163619786115
 20
23.21591679680368
 30
0.0
  0
VERTEX
  5
F0D
  8
REAR_LEG
 10
1.947200305925185
 20
23.23336802196995
 30
0.0
  0
VERTEX
  5
F0E
  8
REAR_LEG
 10
1.953065176587276
 20
23.25031764306903
 30
0.0
  0
VERTEX
  5
F0F
  8
REAR_LEG
 10
1.959230809847423
 20
23.26676566010092
 30
0.0
  0
VERTEX
  5
F10
  8
REAR_LEG
 10
1.965697205705625
 20
23.28271207306562
 30
0.0
  0
VERTEX
  5
F11
  8
REAR_LEG
 10
1.972464364161884
 20
23.29815688196313
 30
0.0
  0
VERTEX
  5
F12
  8
REAR_LEG
 10
1.979532285216198
 20
23.31310008679345
 30
0.0
  0
VERTEX
  5
F13
  8
REAR_LEG
 10
1.986900968868568
 20
23.32754168755658
 30
0.0
  0
VERTEX
  5
F14
  8
REAR_LEG
 10
1.994570415118995
 20
23.34148168425252
 30
0.0
  0
VERTEX
  5
F15
  8
REAR_LEG
 10
2.002540623967477
 20
23.35492007688127
 30
0.0
  0
VERTEX
  5
F16
  8
REAR_LEG
 10
2.010811595414015
 20
23.36785686544284
 30
0.0
  0
VERTEX
  5
F17
  8
REAR_LEG
 10
2.019383329458609
 20
23.38029204993721
 30
0.0
  0
VERTEX
  5
F18
  8
REAR_LEG
 10
2.02825582610126
 20
23.39222563036439
 30
0.0
  0
VERTEX
  5
F19
  8
REAR_LEG
 10
2.037429085341966
 20
23.40365760672438
 30
0.0
  0
VERTEX
  5
F1A
  8
REAR_LEG
 10
2.046903107180728
 20
23.41458797901719
 30
0.0
  0
VERTEX
  5
F1B
  8
REAR_LEG
 10
2.05668488609657
 20
23.4251006809911
 30
0.0
  0
VERTEX
  5
F1C
  8
REAR_LEG
 10
2.066781416568517
 20
23.43527964639441
 30
0.0
  0
VERTEX
  5
F1D
  8
REAR_LEG
 10
2.077192698596569
 20
23.44512487522712
 30
0.0
  0
VERTEX
  5
F1E
  8
REAR_LEG
 10
2.087918732180727
 20
23.45463636748922
 30
0.0
  0
VERTEX
  5
F1F
  8
REAR_LEG
 10
2.098959517320989
 20
23.46381412318073
 30
0.0
  0
VERTEX
  5
F20
  8
REAR_LEG
 10
2.110315054017358
 20
23.47265814230163
 30
0.0
  0
VERTEX
  5
F21
  8
REAR_LEG
 10
2.12198534226983
 20
23.48116842485194
 30
0.0
  0
VERTEX
  5
F22
  8
REAR_LEG
 10
2.133970382078408
 20
23.48934497083165
 30
0.0
  0
VERTEX
  5
F23
  8
REAR_LEG
 10
2.14627017344309
 20
23.49718778024075
 30
0.0
  0
VERTEX
  5
F24
  8
REAR_LEG
 10
2.158884716363879
 20
23.50469685307926
 30
0.0
  0
VERTEX
  5
F25
  8
REAR_LEG
 10
2.171814010840771
 20
23.51187218934717
 30
0.0
  0
VERTEX
  5
F26
  8
REAR_LEG
 10
2.185058056873769
 20
23.51871378904447
 30
0.0
  0
VERTEX
  5
F27
  8
REAR_LEG
 10
2.198616854462872
 20
23.52522165217118
 30
0.0
  0
VERTEX
  5
F28
  8
REAR_LEG
 10
2.212490403608081
 20
23.53139577872728
 30
0.0
  0
VERTEX
  5
F29
  8
REAR_LEG
 10
2.226678704309394
 20
23.53723616871279
 30
0.0
  0
VERTEX
  5
F2A
  8
REAR_LEG
 10
2.241181756566812
 20
23.54274282212769
 30
0.0
  0
VERTEX
  5
F2B
  8
REAR_LEG
 10
2.255999560380335
 20
23.547915738972
 30
0.0
  0
VERTEX
  5
F2C
  8
REAR_LEG
 10
2.271132115749963
 20
23.5527549192457
 30
0.0
  0
VERTEX
  5
F2D
  8
REAR_LEG
 10
2.286579422675696
 20
23.5572603629488
 30
0.0
  0
VERTEX
  5
F2E
  8
REAR_LEG
 10
2.302341481157534
 20
23.56143207008131
 30
0.0
  0
VERTEX
  5
F2F
  8
REAR_LEG
 10
2.318418291195478
 20
23.56527004064321
 30
0.0
  0
VERTEX
  5
F30
  8
REAR_LEG
 10
2.334809852789527
 20
23.56877427463451
 30
0.0
  0
VERTEX
  5
F31
  8
REAR_LEG
 10
2.35151616593968
 20
23.57194477205521
 30
0.0
  0
VERTEX
  5
F32
  8
REAR_LEG
 10
2.368537230645939
 20
23.57478153290532
 30
0.0
  0
VERTEX
  5
F33
  8
REAR_LEG
 10
2.385873046908302
 20
23.57728455718481
 30
0.0
  0
VERTEX
  5
F34
  8
REAR_LEG
 10
2.403523614726771
 20
23.57945384489372
 30
0.0
  0
VERTEX
  5
F35
  8
REAR_LEG
 10
2.421488934101344
 20
23.58128939603202
 30
0.0
  0
VERTEX
  5
F36
  8
REAR_LEG
 10
2.439769005032023
 20
23.58279121059972
 30
0.0
  0
VERTEX
  5
F37
  8
REAR_LEG
 10
2.458363827518807
 20
23.58395928859682
 30
0.0
  0
VERTEX
  5
F38
  8
REAR_LEG
 10
2.477273401561696
 20
23.58479363002332
 30
0.0
  0
VERTEX
  5
F39
  8
REAR_LEG
 10
2.49649772716069
 20
23.58529423487922
 30
0.0
  0
VERTEX
  5
F3A
  8
REAR_LEG
 10
2.516036804315789
 20
23.58546110316453
 30
0.0
  0
VERTEX
  5
F3B
  8
REAR_LEG
 10
2.553047590468585
 20
23.58487756377162
 30
0.0
  0
VERTEX
  5
F3C
  8
REAR_LEG
 10
2.570917485165039
 20
23.58414813953049
 30
0.0
  0
VERTEX
  5
F3D
  8
REAR_LEG
 10
2.588363714274861
 20
23.5831269455929
 30
0.0
  0
VERTEX
  5
F3E
  8
REAR_LEG
 10
2.605386277798054
 20
23.58181398195887
 30
0.0
  0
VERTEX
  5
F3F
  8
REAR_LEG
 10
2.621985175734616
 20
23.58020924862837
 30
0.0
  0
VERTEX
  5
F40
  8
REAR_LEG
 10
2.638160408084548
 20
23.57831274560143
 30
0.0
  0
VERTEX
  5
F41
  8
REAR_LEG
 10
2.653911974847849
 20
23.57612447287803
 30
0.0
  0
VERTEX
  5
F42
  8
REAR_LEG
 10
2.66923987602452
 20
23.57364443045818
 30
0.0
  0
VERTEX
  5
F43
  8
REAR_LEG
 10
2.684144111614561
 20
23.57087261834188
 30
0.0
  0
VERTEX
  5
F44
  8
REAR_LEG
 10
2.698624681617972
 20
23.56780903652912
 30
0.0
  0
VERTEX
  5
F45
  8
REAR_LEG
 10
2.712681586034752
 20
23.56445368501991
 30
0.0
  0
VERTEX
  5
F46
  8
REAR_LEG
 10
2.726314824864903
 20
23.56080656381425
 30
0.0
  0
VERTEX
  5
F47
  8
REAR_LEG
 10
2.739524398108422
 20
23.55686767291214
 30
0.0
  0
VERTEX
  5
F48
  8
REAR_LEG
 10
2.752310305765312
 20
23.55263701231357
 30
0.0
  0
VERTEX
  5
F49
  8
REAR_LEG
 10
2.764672547835571
 20
23.54811458201855
 30
0.0
  0
VERTEX
  5
F4A
  8
REAR_LEG
 10
2.788413808067494
 20
23.53842622935825
 30
0.0
  0
VERTEX
  5
F4B
  8
REAR_LEG
 10
2.811035951655489
 20
23.52803443195034
 30
0.0
  0
VERTEX
  5
F4C
  8
REAR_LEG
 10
2.832538978599555
 20
23.51693918979481
 30
0.0
  0
VERTEX
  5
F4D
  8
REAR_LEG
 10
2.852922888899691
 20
23.50514050289167
 30
0.0
  0
VERTEX
  5
F4E
  8
REAR_LEG
 10
2.872187682555898
 20
23.49263837124092
 30
0.0
  0
VERTEX
  5
F4F
  8
REAR_LEG
 10
2.881400410642529
 20
23.48612351363519
 30
0.0
  0
VERTEX
  5
F50
  8
REAR_LEG
 10
2.890333359568177
 20
23.47943279484256
 30
0.0
  0
VERTEX
  5
F51
  8
REAR_LEG
 10
2.898986529332842
 20
23.47256621486302
 30
0.0
  0
VERTEX
  5
F52
  8
REAR_LEG
 10
2.907359919936526
 20
23.46552377369658
 30
0.0
  0
VERTEX
  5
F53
  8
REAR_LEG
 10
2.915453531379227
 20
23.45830547134324
 30
0.0
  0
VERTEX
  5
F54
  8
REAR_LEG
 10
2.923267363660946
 20
23.450911307803
 30
0.0
  0
VERTEX
  5
F55
  8
REAR_LEG
 10
2.938207570857399
 20
23.43585119525184
 30
0.0
  0
VERTEX
  5
F56
  8
REAR_LEG
 10
2.952332421641846
 20
23.42059923413315
 30
0.0
  0
VERTEX
  5
F57
  8
REAR_LEG
 10
2.965641916014288
 20
23.40515542444692
 30
0.0
  0
VERTEX
  5
F58
  8
REAR_LEG
 10
2.978136053974725
 20
23.38951976619317
 30
0.0
  0
VERTEX
  5
F59
  8
REAR_LEG
 10
2.989814835523156
 20
23.37369225937189
 30
0.0
  0
VERTEX
  5
F5A
  8
REAR_LEG
 10
3.000678260659582
 20
23.35767290398308
 30
0.0
  0
VERTEX
  5
F5B
  8
REAR_LEG
 10
3.010726329384002
 20
23.34146170002673
 30
0.0
  0
VERTEX
  5
F5C
  8
REAR_LEG
 10
3.019959041696417
 20
23.32505864750286
 30
0.0
  0
VERTEX
  5
F5D
  8
REAR_LEG
 10
3.028568246164356
 20
23.30821594201173
 30
0.0
  0
VERTEX
  5
F5E
  8
REAR_LEG
 10
3.036745791355353
 20
23.29068577915361
 30
0.0
  0
VERTEX
  5
F5F
  8
REAR_LEG
 10
3.044491677269404
 20
23.27246815892851
 30
0.0
  0
VERTEX
  5
F60
  8
REAR_LEG
 10
3.051805903906512
 20
23.25356308133642
 30
0.0
  0
VERTEX
  5
F61
  8
REAR_LEG
 10
3.058688471266676
 20
23.23397054637735
 30
0.0
  0
VERTEX
  5
F62
  8
REAR_LEG
 10
3.065139379349895
 20
23.21369055405129
 30
0.0
  0
VERTEX
  5
F63
  8
REAR_LEG
 10
3.071158628156171
 20
23.19272310435825
 30
0.0
  0
VERTEX
  5
F64
  8
REAR_LEG
 10
3.076746217685502
 20
23.17106819729822
 30
0.0
  0
VERTEX
  5
F65
  8
REAR_LEG
 10
3.081826207879909
 20
23.15003679808267
 30
0.0
  0
VERTEX
  5
F66
  8
REAR_LEG
 10
3.086578456771451
 20
23.12889348720272
 30
0.0
  0
VERTEX
  5
F67
  8
REAR_LEG
 10
3.091002964360128
 20
23.10763826465838
 30
0.0
  0
VERTEX
  5
F68
  8
REAR_LEG
 10
3.09509973064594
 20
23.08627113044965
 30
0.0
  0
VERTEX
  5
F69
  8
REAR_LEG
 10
3.098868755628886
 20
23.06479208457653
 30
0.0
  0
VERTEX
  5
F6A
  8
REAR_LEG
 10
3.102310039308968
 20
23.04320112703901
 30
0.0
  0
VERTEX
  5
F6B
  8
REAR_LEG
 10
3.105423581686185
 20
23.0214982578371
 30
0.0
  0
VERTEX
  5
F6C
  8
REAR_LEG
 10
3.108209382760537
 20
22.9996834769708
 30
0.0
  0
VERTEX
  5
F6D
  8
REAR_LEG
 10
3.110667442532024
 20
22.9777567844401
 30
0.0
  0
VERTEX
  5
F6E
  8
REAR_LEG
 10
3.112797761000646
 20
22.95571818024502
 30
0.0
  0
VERTEX
  5
F6F
  8
REAR_LEG
 10
3.114600338166403
 20
22.93356766438554
 30
0.0
  0
VERTEX
  5
F70
  8
REAR_LEG
 10
3.116075174029295
 20
22.91130523686166
 30
0.0
  0
VERTEX
  5
F71
  8
REAR_LEG
 10
3.117222268589322
 20
22.88893089767339
 30
0.0
  0
VERTEX
  5
F72
  8
REAR_LEG
 10
3.118041621846484
 20
22.86644464682073
 30
0.0
  0
VERTEX
  5
F73
  8
REAR_LEG
 10
3.118533233800782
 20
22.84384648430368
 30
0.0
  0
VERTEX
  5
F74
  8
REAR_LEG
 10
3.118697104452214
 20
22.82113641012224
 30
0.0
  0
VERTEX
  5
F75
  8
REAR_LEG
 10
3.118157530356034
 20
22.77096001602265
 30
0.0
  0
VERTEX
  5
F76
  8
REAR_LEG
 10
3.116538808067494
 20
22.72249427165021
 30
0.0
  0
VERTEX
  5
F77
  8
REAR_LEG
 10
3.113840937586594
 20
22.67573917700491
 30
0.0
  0
VERTEX
  5
F78
  8
REAR_LEG
 10
3.112087321774009
 20
22.65300312332995
 30
0.0
  0
VERTEX
  5
F79
  8
REAR_LEG
 10
3.110063918913333
 20
22.63069473208677
 30
0.0
  0
VERTEX
  5
F7A
  8
REAR_LEG
 10
3.107770729004568
 20
22.60881400327537
 30
0.0
  0
VERTEX
  5
F7B
  8
REAR_LEG
 10
3.105207752047712
 20
22.58736093689577
 30
0.0
  0
VERTEX
  5
F7C
  8
REAR_LEG
 10
3.102374988042767
 20
22.56633553294795
 30
0.0
  0
VERTEX
  5
F7D
  8
REAR_LEG
 10
3.099272436989732
 20
22.54573779143192
 30
0.0
  0
VERTEX
  5
F7E
  8
REAR_LEG
 10
3.095900098888606
 20
22.52556771234768
 30
0.0
  0
VERTEX
  5
F7F
  8
REAR_LEG
 10
3.09225797373939
 20
22.50582529569522
 30
0.0
  0
VERTEX
  5
F80
  8
REAR_LEG
 10
3.088346061542085
 20
22.48651054147455
 30
0.0
  0
VERTEX
  5
F81
  8
REAR_LEG
 10
3.084164362296689
 20
22.46762344968567
 30
0.0
  0
VERTEX
  5
F82
  8
REAR_LEG
 10
3.079712876003204
 20
22.44916402032858
 30
0.0
  0
VERTEX
  5
F83
  8
REAR_LEG
 10
3.074991602661628
 20
22.43113225340327
 30
0.0
  0
VERTEX
  5
F84
  8
REAR_LEG
 10
3.070000542271963
 20
22.41352814890976
 30
0.0
  0
VERTEX
  5
F85
  8
REAR_LEG
 10
3.064739694834206
 20
22.39635170684802
 30
0.0
  0
VERTEX
  5
F86
  8
REAR_LEG
 10
3.059209060348361
 20
22.37960292721807
 30
0.0
  0
VERTEX
  5
F87
  8
REAR_LEG
 10
3.053408638814425
 20
22.36328181001991
 30
0.0
  0
VERTEX
  5
F88
  8
REAR_LEG
 10
3.047338430232399
 20
22.34738835525354
 30
0.0
  0
VERTEX
  5
F89
  8
REAR_LEG
 10
3.040998434602283
 20
22.33192256291896
 30
0.0
  0
VERTEX
  5
F8A
  8
REAR_LEG
 10
3.034388651924077
 20
22.31688443301616
 30
0.0
  0
VERTEX
  5
F8B
  8
REAR_LEG
 10
3.027509082197781
 20
22.30227396554515
 30
0.0
  0
VERTEX
  5
F8C
  8
REAR_LEG
 10
3.020359725423395
 20
22.28809116050593
 30
0.0
  0
VERTEX
  5
F8D
  8
REAR_LEG
 10
3.012940581600919
 20
22.2743360178985
 30
0.0
  0
VERTEX
  5
F8E
  8
REAR_LEG
 10
3.005251650730353
 20
22.26100853772285
 30
0.0
  0
VERTEX
  5
F8F
  8
REAR_LEG
 10
2.997292932811697
 20
22.24810871997899
 30
0.0
  0
VERTEX
  5
F90
  8
REAR_LEG
 10
2.989064427844951
 20
22.23563656466692
 30
0.0
  0
VERTEX
  5
F91
  8
REAR_LEG
 10
2.980566135830114
 20
22.22359207178663
 30
0.0
  0
VERTEX
  5
F92
  8
REAR_LEG
 10
2.971738104089835
 20
22.21194626421074
 30
0.0
  0
VERTEX
  5
F93
  8
REAR_LEG
 10
2.962520379946758
 20
22.20067016481186
 30
0.0
  0
VERTEX
  5
F94
  8
REAR_LEG
 10
2.952912963400885
 20
22.18976377359
 30
0.0
  0
VERTEX
  5
F95
  8
REAR_LEG
 10
2.942915854452215
 20
22.17922709054515
 30
0.0
  0
VERTEX
  5
F96
  8
REAR_LEG
 10
2.932529053100748
 20
22.16906011567732
 30
0.0
  0
VERTEX
  5
F97
  8
REAR_LEG
 10
2.921752559346485
 20
22.15926284898649
 30
0.0
  0
VERTEX
  5
F98
  8
REAR_LEG
 10
2.910586373189425
 20
22.14983529047268
 30
0.0
  0
VERTEX
  5
F99
  8
REAR_LEG
 10
2.899030494629568
 20
22.14077744013588
 30
0.0
  0
VERTEX
  5
F9A
  8
REAR_LEG
 10
2.887084923666915
 20
22.13208929797609
 30
0.0
  0
VERTEX
  5
F9B
  8
REAR_LEG
 10
2.874749660301465
 20
22.12377086399331
 30
0.0
  0
VERTEX
  5
F9C
  8
REAR_LEG
 10
2.862024704533217
 20
22.11582213818755
 30
0.0
  0
VERTEX
  5
F9D
  8
REAR_LEG
 10
2.848910056362174
 20
22.1082431205588
 30
0.0
  0
VERTEX
  5
F9E
  8
REAR_LEG
 10
2.835405715788333
 20
22.10103381110705
 30
0.0
  0
VERTEX
  5
F9F
  8
REAR_LEG
 10
2.821511682811696
 20
22.09419420983233
 30
0.0
  0
VERTEX
  5
FA0
  8
REAR_LEG
 10
2.807227957432262
 20
22.08772431673462
 30
0.0
  0
VERTEX
  5
FA1
  8
REAR_LEG
 10
2.792554539650032
 20
22.08162413181391
 30
0.0
  0
VERTEX
  5
FA2
  8
REAR_LEG
 10
2.777491429465005
 20
22.07589365507022
 30
0.0
  0
VERTEX
  5
FA3
  8
REAR_LEG
 10
2.76203862687718
 20
22.07053288650355
 30
0.0
  0
VERTEX
  5
FA4
  8
REAR_LEG
 10
2.74619613188656
 20
22.06554182611388
 30
0.0
  0
VERTEX
  5
FA5
  8
REAR_LEG
 10
2.729963944493142
 20
22.06092047390123
 30
0.0
  0
VERTEX
  5
FA6
  8
REAR_LEG
 10
2.713342064696928
 20
22.05666882986559
 30
0.0
  0
VERTEX
  5
FA7
  8
REAR_LEG
 10
2.696330492497917
 20
22.05278689400696
 30
0.0
  0
VERTEX
  5
FA8
  8
REAR_LEG
 10
2.678929227896109
 20
22.04927466632534
 30
0.0
  0
VERTEX
  5
FA9
  8
REAR_LEG
 10
2.661138270891505
 20
22.04613214682074
 30
0.0
  0
VERTEX
  5
FAA
  8
REAR_LEG
 10
2.642957621484104
 20
22.04335933549314
 30
0.0
  0
VERTEX
  5
FAB
  8
REAR_LEG
 10
2.624387279673906
 20
22.04095623234256
 30
0.0
  0
VERTEX
  5
FAC
  8
REAR_LEG
 10
2.605427245460912
 20
22.03892283736899
 30
0.0
  0
VERTEX
  5
FAD
  8
REAR_LEG
 10
2.58607751884512
 20
22.03725915057244
 30
0.0
  0
VERTEX
  5
FAE
  8
REAR_LEG
 10
2.566338099826533
 20
22.0359651719529
 30
0.0
  0
VERTEX
  5
FAF
  8
REAR_LEG
 10
2.546208988405148
 20
22.03504090151036
 30
0.0
  0
VERTEX
  5
FB0
  8
REAR_LEG
 10
2.525690184580967
 20
22.03448633924485
 30
0.0
  0
VERTEX
  5
FB1
  8
REAR_LEG
 10
2.504781688353988
 20
22.03430148515634
 30
0.0
  0
VERTEX
  5
FB2
  8
REAR_LEG
 10
2.481404141031341
 20
22.0345372990206
 30
0.0
  0
VERTEX
  5
FB3
  8
REAR_LEG
 10
2.458594145720972
 20
22.03524474061337
 30
0.0
  0
VERTEX
  5
FB4
  8
REAR_LEG
 10
2.436351702422882
 20
22.03642380993465
 30
0.0
  0
VERTEX
  5
FB5
  8
REAR_LEG
 10
2.414676811137071
 20
22.03807450698445
 30
0.0
  0
VERTEX
  5
FB6
  8
REAR_LEG
 10
2.393569471863538
 20
22.04019683176276
 30
0.0
  0
VERTEX
  5
FB7
  8
REAR_LEG
 10
2.373029684602282
 20
22.04279078426958
 30
0.0
  0
VERTEX
  5
FB8
  8
REAR_LEG
 10
2.353057449353305
 20
22.04585636450491
 30
0.0
  0
VERTEX
  5
FB9
  8
REAR_LEG
 10
2.333652766116607
 20
22.04939357246876
 30
0.0
  0
VERTEX
  5
FBA
  8
REAR_LEG
 10
2.314815634892187
 20
22.05340240816112
 30
0.0
  0
VERTEX
  5
FBB
  8
REAR_LEG
 10
2.296546055680045
 20
22.05788287158199
 30
0.0
  0
VERTEX
  5
FBC
  8
REAR_LEG
 10
2.278844028480181
 20
22.06283496273138
 30
0.0
  0
VERTEX
  5
FBD
  8
REAR_LEG
 10
2.261709553292596
 20
22.06825868160928
 30
0.0
  0
VERTEX
  5
FBE
  8
REAR_LEG
 10
2.245142630117289
 20
22.07415402821569
 30
0.0
  0
VERTEX
  5
FBF
  8
REAR_LEG
 10
2.229143258954261
 20
22.08052100255061
 30
0.0
  0
VERTEX
  5
FC0
  8
REAR_LEG
 10
2.21371143980351
 20
22.08735960461405
 30
0.0
  0
VERTEX
  5
FC1
  8
REAR_LEG
 10
2.198847172665038
 20
22.094669834406
 30
0.0
  0
VERTEX
  5
FC2
  8
REAR_LEG
 10
2.184430552184138
 20
22.10243570454584
 30
0.0
  0
VERTEX
  5
FC3
  8
REAR_LEG
 10
2.170341673006102
 20
22.11064122765293
 30
0.0
  0
VERTEX
  5
FC4
  8
REAR_LEG
 10
2.156580535130932
 20
22.11928640372728
 30
0.0
  0
VERTEX
  5
FC5
  8
REAR_LEG
 10
2.143147138558626
 20
22.12837123276889
 30
0.0
  0
VERTEX
  5
FC6
  8
REAR_LEG
 10
2.130041483289185
 20
22.13789571477776
 30
0.0
  0
VERTEX
  5
FC7
  8
REAR_LEG
 10
2.11726356932261
 20
22.14785984975389
 30
0.0
  0
VERTEX
  5
FC8
  8
REAR_LEG
 10
2.104813396658899
 20
22.15826363769727
 30
0.0
  0
VERTEX
  5
FC9
  8
REAR_LEG
 10
2.092690965298053
 20
22.16910707860791
 30
0.0
  0
VERTEX
  5
FCA
  8
REAR_LEG
 10
2.080896275240073
 20
22.18039017248581
 30
0.0
  0
VERTEX
  5
FCB
  8
REAR_LEG
 10
2.069429326484956
 20
22.19211291933097
 30
0.0
  0
VERTEX
  5
FCC
  8
REAR_LEG
 10
2.058290119032705
 20
22.20427531914338
 30
0.0
  0
VERTEX
  5
FCD
  8
REAR_LEG
 10
2.047478652883319
 20
22.21687737192305
 30
0.0
  0
VERTEX
  5
FCE
  8
REAR_LEG
 10
2.036994928036798
 20
22.22991907766998
 30
0.0
  0
VERTEX
  5
FCF
  8
REAR_LEG
 10
2.026838944493142
 20
22.24340043638417
 30
0.0
  0
VERTEX
  5
FD0
  8
REAR_LEG
 10
2.01701070225235
 20
22.25732144806562
 30
0.0
  0
VERTEX
  5
FD1
  8
REAR_LEG
 10
2.007510201314425
 20
22.27168211271432
 30
0.0
  0
VERTEX
  5
FD2
  8
REAR_LEG
 10
2.000825477789527
 20
22.28227974764781
 30
0.0
  0
VERTEX
  5
FD3
  8
REAR_LEG
 10
1.994328605987003
 20
22.29335300715498
 30
0.0
  0
VERTEX
  5
FD4
  8
REAR_LEG
 10
1.988019585906853
 20
22.30490189123581
 30
0.0
  0
VERTEX
  5
FD5
  8
REAR_LEG
 10
1.981898417549077
 20
22.31692639989031
 30
0.0
  0
VERTEX
  5
FD6
  8
REAR_LEG
 10
1.975965100913674
 20
22.32942653311848
 30
0.0
  0
VERTEX
  5
FD7
  8
REAR_LEG
 10
1.970219636000646
 20
22.34240229092032
 30
0.0
  0
VERTEX
  5
FD8
  8
REAR_LEG
 10
1.964662022809991
 20
22.35585367329583
 30
0.0
  0
VERTEX
  5
FD9
  8
REAR_LEG
 10
1.95929226134171
 20
22.36978068024502
 30
0.0
  0
VERTEX
  5
FDA
  8
REAR_LEG
 10
1.954110351595802
 20
22.38418331176787
 30
0.0
  0
VERTEX
  5
FDB
  8
REAR_LEG
 10
1.949116293572269
 20
22.39906156786439
 30
0.0
  0
VERTEX
  5
FDC
  8
REAR_LEG
 10
1.944310087271109
 20
22.41441544853458
 30
0.0
  0
VERTEX
  5
FDD
  8
REAR_LEG
 10
1.939691732692324
 20
22.43024495377844
 30
0.0
  0
VERTEX
  5
FDE
  8
REAR_LEG
 10
1.935261229835912
 20
22.44655008359597
 30
0.0
  0
VERTEX
  5
FDF
  8
REAR_LEG
 10
1.931018578701873
 20
22.46333083798717
 30
0.0
  0
VERTEX
  5
FE0
  8
REAR_LEG
 10
1.923096831600918
 20
22.49831922049058
 30
0.0
  0
VERTEX
  5
FE1
  8
REAR_LEG
 10
1.916022415673224
 20
22.53473047986985
 30
0.0
  0
VERTEX
  5
FE2
  8
REAR_LEG
 10
1.909891255202556
 20
22.57208499470614
 30
0.0
  0
VERTEX
  5
FE3
  8
REAR_LEG
 10
1.904703350188913
 20
22.61038276499945
 30
0.0
  0
VERTEX
  5
FE4
  8
REAR_LEG
 10
1.900458700632296
 20
22.64962379074979
 30
0.0
  0
VERTEX
  5
FE5
  8
REAR_LEG
 10
1.897157306532706
 20
22.68980807195716
 30
0.0
  0
VERTEX
  5
FE6
  8
REAR_LEG
 10
1.894799167890141
 20
22.73093560862155
 30
0.0
  0
VERTEX
  5
FE7
  8
REAR_LEG
 10
1.893384284704602
 20
22.77300640074297
 30
0.0
  0
SEQEND
  5
15B5
  8
REAR_LEG
  0
POLYLINE
  5
91
  8
REAR_LEG
 66
     1
 10
0.0
 20
0.0
 30
0.0
 70
     1
  0
VERTEX
  5
FE8
  8
REAR_LEG
 10
0.6640586324194697
 20
23.55988129416043
 30
0.0
  0
VERTEX
  5
FE9
  8
REAR_LEG
 10
1.653485644697778
 20
23.55988129416043
 30
0.0
  0
VERTEX
  5
FEA
  8
REAR_LEG
 10
1.653485644697778
 20
23.22734377710723
 30
0.0
  0
VERTEX
  5
FEB
  8
REAR_LEG
 10
0.9832946487905474
 20
23.22734377710723
 30
0.0
  0
VERTEX
  5
FEC
  8
REAR_LEG
 10
0.9474829161848175
 20
23.00224145787121
 30
0.0
  0
VERTEX
  5
FED
  8
REAR_LEG
 10
0.9648532052366592
 20
23.01017119866248
 30
0.0
  0
VERTEX
  5
FEE
  8
REAR_LEG
 10
0.9821755321466182
 20
23.01758934327367
 30
0.0
  0
VERTEX
  5
FEF
  8
REAR_LEG
 10
0.9994498969146948
 20
23.02449589170477
 30
0.0
  0
VERTEX
  5
FF0
  8
REAR_LEG
 10
1.016676299540888
 20
23.0308908439558
 30
0.0
  0
VERTEX
  5
FF1
  8
REAR_LEG
 10
1.0338547400252
 20
23.03677420002674
 30
0.0
  0
VERTEX
  5
FF2
  8
REAR_LEG
 10
1.050985218367628
 20
23.0421459599176
 30
0.0
  0
VERTEX
  5
FF3
  8
REAR_LEG
 10
1.068067734568173
 20
23.04700612362837
 30
0.0
  0
VERTEX
  5
FF4
  8
REAR_LEG
 10
1.085102288626837
 20
23.05135469115907
 30
0.0
  0
VERTEX
  5
FF5
  8
REAR_LEG
 10
1.102088880543617
 20
23.05519166250969
 30
0.0
  0
VERTEX
  5
FF6
  8
REAR_LEG
 10
1.119027510318515
 20
23.05851703768021
 30
0.0
  0
VERTEX
  5
FF7
  8
REAR_LEG
 10
1.13591817795153
 20
23.06133081667067
 30
0.0
  0
VERTEX
  5
FF8
  8
REAR_LEG
 10
1.152760883442662
 20
23.06363299948104
 30
0.0
  0
VERTEX
  5
FF9
  8
REAR_LEG
 10
1.169555626791912
 20
23.06542358611132
 30
0.0
  0
VERTEX
  5
FFA
  8
REAR_LEG
 10
1.186302407999279
 20
23.06670257656153
 30
0.0
  0
VERTEX
  5
FFB
  8
REAR_LEG
 10
1.203001227064763
 20
23.06746997083165
 30
0.0
  0
VERTEX
  5
FFC
  8
REAR_LEG
 10
1.219652083988365
 20
23.06772576892169
 30
0.0
  0
VERTEX
  5
FFD
  8
REAR_LEG
 10
1.247458135744845
 20
23.06719418851582
 30
0.0
  0
VERTEX
  5
FFE
  8
REAR_LEG
 10
1.274600711205282
 20
23.06559944729823
 30
0.0
  0
VERTEX
  5
FFF
  8
REAR_LEG
 10
1.301079810369674
 20
23.06294154526889
 30
0.0
  0
VERTEX
  5
1000
  8
REAR_LEG
 10
1.326895433238024
 20
23.05922048242783
 30
0.0
  0
VERTEX
  5
1001
  8
REAR_LEG
 10
1.352047579810329
 20
23.05443625877503
 30
0.0
  0
VERTEX
  5
1002
  8
REAR_LEG
 10
1.376536250086591
 20
23.0485888743105
 30
0.0
  0
VERTEX
  5
1003
  8
REAR_LEG
 10
1.388531781613706
 20
23.04526649677384
 30
0.0
  0
VERTEX
  5
1004
  8
REAR_LEG
 10
1.40036144406681
 20
23.04167832903424
 30
0.0
  0
VERTEX
  5
1005
  8
REAR_LEG
 10
1.412025237445902
 20
23.03782437109171
 30
0.0
  0
VERTEX
  5
1006
  8
REAR_LEG
 10
1.423523161750984
 20
23.03370462294625
 30
0.0
  0
VERTEX
  5
1007
  8
REAR_LEG
 10
1.434855216982055
 20
23.02931908459784
 30
0.0
  0
VERTEX
  5
1008
  8
REAR_LEG
 10
1.446021403139115
 20
23.02466775604652
 30
0.0
  0
VERTEX
  5
1009
  8
REAR_LEG
 10
1.457021720222164
 20
23.01975063729225
 30
0.0
  0
VERTEX
  5
100A
  8
REAR_LEG
 10
1.467856168231202
 20
23.01456772833506
 30
0.0
  0
VERTEX
  5
100B
  8
REAR_LEG
 10
1.478524747166229
 20
23.00911902917493
 30
0.0
  0
VERTEX
  5
100C
  8
REAR_LEG
 10
1.489027457027246
 20
23.00340453981186
 30
0.0
  0
VERTEX
  5
100D
  8
REAR_LEG
 10
1.499364297814251
 20
22.99742426024587
 30
0.0
  0
VERTEX
  5
100E
  8
REAR_LEG
 10
1.509535269527246
 20
22.99117819047694
 30
0.0
  0
VERTEX
  5
100F
  8
REAR_LEG
 10
1.519540372166229
 20
22.98466633050507
 30
0.0
  0
VERTEX
  5
1010
  8
REAR_LEG
 10
1.529379605731202
 20
22.97788868033028
 30
0.0
  0
VERTEX
  5
1011
  8
REAR_LEG
 10
1.539052970222164
 20
22.97084523995255
 30
0.0
  0
VERTEX
  5
1012
  8
REAR_LEG
 10
1.548560465639115
 20
22.96353600937189
 30
0.0
  0
VERTEX
  5
1013
  8
REAR_LEG
 10
1.557902091982055
 20
22.95596098858829
 30
0.0
  0
VERTEX
  5
1014
  8
REAR_LEG
 10
1.567077849250984
 20
22.94812017760177
 30
0.0
  0
VERTEX
  5
1015
  8
REAR_LEG
 10
1.576087737445902
 20
22.9400135764123
 30
0.0
  0
VERTEX
  5
1016
  8
REAR_LEG
 10
1.584931756566809
 20
22.93164118501992
 30
0.0
  0
VERTEX
  5
1017
  8
REAR_LEG
 10
1.601906357948119
 20
22.91435482971637
 30
0.0
  0
VERTEX
  5
1018
  8
REAR_LEG
 10
1.617785823756441
 20
22.89651690978117
 30
0.0
  0
VERTEX
  5
1019
  8
REAR_LEG
 10
1.632570153991775
 20
22.87812742521432
 30
0.0
  0
VERTEX
  5
101A
  8
REAR_LEG
 10
1.639551643269572
 20
22.86872584619402
 30
0.0
  0
VERTEX
  5
101B
  8
REAR_LEG
 10
1.646259348654122
 20
22.85918637601582
 30
0.0
  0
VERTEX
  5
101C
  8
REAR_LEG
 10
1.652693270145425
 20
22.8495090146797
 30
0.0
  0
VERTEX
  5
101D
  8
REAR_LEG
 10
1.658853407743481
 20
22.83969376218567
 30
0.0
  0
VERTEX
  5
101E
  8
REAR_LEG
 10
1.66473976144829
 20
22.82974061853373
 30
0.0
  0
VERTEX
  5
101F
  8
REAR_LEG
 10
1.670352331259852
 20
22.81964958372387
 30
0.0
  0
VERTEX
  5
1020
  8
REAR_LEG
 10
1.675691117178167
 20
22.8094206577561
 30
0.0
  0
VERTEX
  5
1021
  8
REAR_LEG
 10
1.680756119203235
 20
22.79905384063042
 30
0.0
  0
VERTEX
  5
1022
  8
REAR_LEG
 10
1.685547337335056
 20
22.78854913234683
 30
0.0
  0
VERTEX
  5
1023
  8
REAR_LEG
 10
1.690064771573631
 20
22.77790653290532
 30
0.0
  0
VERTEX
  5
1024
  8
REAR_LEG
 10
1.694308421918958
 20
22.76712604230589
 30
0.0
  0
VERTEX
  5
1025
  8
REAR_LEG
 10
1.698278288371039
 20
22.75620766054856
 30
0.0
  0
VERTEX
  5
1026
  8
REAR_LEG
 10
1.701974370929872
 20
22.74515138763331
 30
0.0
  0
VERTEX
  5
1027
  8
REAR_LEG
 10
1.705396669595459
 20
22.73395722356016
 30
0.0
  0
VERTEX
  5
1028
  8
REAR_LEG
 10
1.711419915246891
 20
22.7111552219401
 30
0.0
  0
VERTEX
  5
1029
  8
REAR_LEG
 10
1.716348025325336
 20
22.6878016556884
 30
0.0
  0
VERTEX
  5
102A
  8
REAR_LEG
 10
1.720180999830793
 20
22.66389652480504
 30
0.0
  0
VERTEX
  5
102B
  8
REAR_LEG
 10
1.722918838763262
 20
22.63943982929003
 30
0.0
  0
VERTEX
  5
102C
  8
REAR_LEG
 10
1.724561542122744
 20
22.61443156914338
 30
0.0
  0
VERTEX
  5
102D
  8
REAR_LEG
 10
1.725109109909238
 20
22.58887174436507
 30
0.0
  0
VERTEX
  5
102E
  8
REAR_LEG
 10
1.724827332325677
 20
22.57075404526889
 30
0.0
  0
VERTEX
  5
102F
  8
REAR_LEG
 10
1.723981999574995
 20
22.55272427676616
 30
0.0
  0
VERTEX
  5
1030
  8
REAR_LEG
 10
1.722573111657191
 20
22.53478243885689
 30
0.0
  0
VERTEX
  5
1031
  8
REAR_LEG
 10
1.720600668572266
 20
22.51692853154106
 30
0.0
  0
VERTEX
  5
1032
  8
REAR_LEG
 10
1.71806467032022
 20
22.49916255481869
 30
0.0
  0
VERTEX
  5
1033
  8
REAR_LEG
 10
1.714965116901052
 20
22.48148450868976
 30
0.0
  0
VERTEX
  5
1034
  8
REAR_LEG
 10
1.711302008314763
 20
22.46389439315429
 30
0.0
  0
VERTEX
  5
1035
  8
REAR_LEG
 10
1.707075344561352
 20
22.44639220821227
 30
0.0
  0
VERTEX
  5
1036
  8
REAR_LEG
 10
1.70228512564082
 20
22.42897795386371
 30
0.0
  0
VERTEX
  5
1037
  8
REAR_LEG
 10
1.696931351553167
 20
22.41165163010859
 30
0.0
  0
VERTEX
  5
1038
  8
REAR_LEG
 10
1.691014022298392
 20
22.39441323694692
 30
0.0
  0
VERTEX
  5
1039
  8
REAR_LEG
 10
1.684533137876496
 20
22.37726277437871
 30
0.0
  0
VERTEX
  5
103A
  8
REAR_LEG
 10
1.677488698287478
 20
22.36020024240396
 30
0.0
  0
VERTEX
  5
103B
  8
REAR_LEG
 10
1.669880703531339
 20
22.34322564102265
 30
0.0
  0
VERTEX
  5
103C
  8
REAR_LEG
 10
1.661709153608078
 20
22.32633897023479
 30
0.0
  0
VERTEX
  5
103D
  8
REAR_LEG
 10
1.652974048517696
 20
22.30954023004038
 30
0.0
  0
VERTEX
  5
103E
  8
REAR_LEG
 10
1.643721351979497
 20
22.29303325954243
 30
0.0
  0
VERTEX
  5
103F
  8
REAR_LEG
 10
1.633997027712785
 20
22.27702189784392
 30
0.0
  0
VERTEX
  5
1040
  8
REAR_LEG
 10
1.62380107571756
 20
22.26150614494487
 30
0.0
  0
VERTEX
  5
1041
  8
REAR_LEG
 10
1.613133495993821
 20
22.24648600084529
 30
0.0
  0
VERTEX
  5
1042
  8
REAR_LEG
 10
1.601994288541571
 20
22.23196146554515
 30
0.0
  0
VERTEX
  5
1043
  8
REAR_LEG
 10
1.590383453360807
 20
22.21793253904447
 30
0.0
  0
VERTEX
  5
1044
  8
REAR_LEG
 10
1.578300990451529
 20
22.20439922134324
 30
0.0
  0
VERTEX
  5
1045
  8
REAR_LEG
 10
1.56574689981374
 20
22.19136151244147
 30
0.0
  0
VERTEX
  5
1046
  8
REAR_LEG
 10
1.552721181447436
 20
22.17881941233914
 30
0.0
  0
VERTEX
  5
1047
  8
REAR_LEG
 10
1.539223835352621
 20
22.16677292103628
 30
0.0
  0
VERTEX
  5
1048
  8
REAR_LEG
 10
1.525254861529292
 20
22.15522203853287
 30
0.0
  0
VERTEX
  5
1049
  8
REAR_LEG
 10
1.51081425997745
 20
22.14416676482892
 30
0.0
  0
VERTEX
  5
104A
  8
REAR_LEG
 10
1.495902030697096
 20
22.13360709992441
 30
0.0
  0
VERTEX
  5
104B
  8
REAR_LEG
 10
1.480518173688228
 20
22.12354304381937
 30
0.0
  0
VERTEX
  5
104C
  8
REAR_LEG
 10
1.464662688950847
 20
22.11397459651377
 30
0.0
  0
VERTEX
  5
104D
  8
REAR_LEG
 10
1.448335576484954
 20
22.10490175800764
 30
0.0
  0
VERTEX
  5
104E
  8
REAR_LEG
 10
1.43148287888093
 20
22.09635250621705
 30
0.0
  0
VERTEX
  5
104F
  8
REAR_LEG
 10
1.414050638729156
 20
22.08835481905812
 30
0.0
  0
VERTEX
  5
1050
  8
REAR_LEG
 10
1.396038856029633
 20
22.08090869653083
 30
0.0
  0
VERTEX
  5
1051
  8
REAR_LEG
 10
1.377447530782362
 20
22.0740141386352
 30
0.0
  0
VERTEX
  5
1052
  8
REAR_LEG
 10
1.358276662987342
 20
22.06767114537121
 30
0.0
  0
VERTEX
  5
1053
  8
REAR_LEG
 10
1.338526252644572
 20
22.06187971673888
 30
0.0
  0
VERTEX
  5
1054
  8
REAR_LEG
 10
1.318196299754054
 20
22.0566398527382
 30
0.0
  0
VERTEX
  5
1055
  8
REAR_LEG
 10
1.297286804315786
 20
22.05195155336916
 30
0.0
  0
VERTEX
  5
1056
  8
REAR_LEG
 10
1.27579776632977
 20
22.04781481863179
 30
0.0
  0
VERTEX
  5
1057
  8
REAR_LEG
 10
1.253729185796004
 20
22.04422964852606
 30
0.0
  0
VERTEX
  5
1058
  8
REAR_LEG
 10
1.23108106271449
 20
22.04119604305198
 30
0.0
  0
VERTEX
  5
1059
  8
REAR_LEG
 10
1.207853397085227
 20
22.03871400220955
 30
0.0
  0
VERTEX
  5
105A
  8
REAR_LEG
 10
1.184046188908214
 20
22.03678352599877
 30
0.0
  0
VERTEX
  5
105B
  8
REAR_LEG
 10
1.159659438183453
 20
22.03540461441964
 30
0.0
  0
VERTEX
  5
105C
  8
REAR_LEG
 10
1.134693144910943
 20
22.03457726747217
 30
0.0
  0
VERTEX
  5
105D
  8
REAR_LEG
 10
1.109147309090684
 20
22.03430148515634
 30
0.0
  0
VERTEX
  5
105E
  8
REAR_LEG
 10
1.072720062330793
 20
22.0347411381236
 30
0.0
  0
VERTEX
  5
105F
  8
REAR_LEG
 10
1.03761976816299
 20
22.03606009702537
 30
0.0
  0
VERTEX
  5
1060
  8
REAR_LEG
 10
1.003846426587273
 20
22.03825836186166
 30
0.0
  0
VERTEX
  5
1061
  8
REAR_LEG
 10
0.9714000376036442
 20
22.04133593263246
 30
0.0
  0
VERTEX
  5
1062
  8
REAR_LEG
 10
0.9402806012121027
 20
22.04529280933778
 30
0.0
  0
VERTEX
  5
1063
  8
REAR_LEG
 10
0.9104881174126485
 20
22.05012899197762
 30
0.0
  0
VERTEX
  5
1064
  8
REAR_LEG
 10
0.8820225862052814
 20
22.05584448055198
 30
0.0
  0
VERTEX
  5
1065
  8
REAR_LEG
 10
0.8548840075900017
 20
22.06243927506084
 30
0.0
  0
VERTEX
  5
1066
  8
REAR_LEG
 10
0.8289045140702199
 20
22.06990538181391
 30
0.0
  0
VERTEX
  5
1067
  8
REAR_LEG
 10
0.8039162381493469
 20
22.07823480712087
 30
0.0
  0
VERTEX
  5
1068
  8
REAR_LEG
 10
0.7799191798273823
 20
22.08742755098172
 30
0.0
  0
VERTEX
  5
1069
  8
REAR_LEG
 10
0.7569133391043265
 20
22.09748361339645
 30
0.0
  0
VERTEX
  5
106A
  8
REAR_LEG
 10
0.7457821253423891
 20
22.10283538906152
 30
0.0
  0
VERTEX
  5
106B
  8
REAR_LEG
 10
0.734898715980179
 20
22.10840299436507
 30
0.0
  0
VERTEX
  5
106C
  8
REAR_LEG
 10
0.724263111017696
 20
22.11418642930709
 30
0.0
  0
VERTEX
  5
106D
  8
REAR_LEG
 10
0.7138753104549402
 20
22.12018569388758
 30
0.0
  0
VERTEX
  5
106E
  8
REAR_LEG
 10
0.7037353142919116
 20
22.12640078810654
 30
0.0
  0
VERTEX
  5
106F
  8
REAR_LEG
 10
0.6938431225286101
 20
22.13283171196398
 30
0.0
  0
VERTEX
  5
1070
  8
REAR_LEG
 10
0.6841987351650358
 20
22.13947846545989
 30
0.0
  0
VERTEX
  5
1071
  8
REAR_LEG
 10
0.6748021522011887
 20
22.14634104859427
 30
0.0
  0
VERTEX
  5
1072
  8
REAR_LEG
 10
0.6566964436404792
 20
22.1605138615206
 30
0.0
  0
VERTEX
  5
1073
  8
REAR_LEG
 10
0.6394700410142855
 20
22.17515030848513
 30
0.0
  0
VERTEX
  5
1074
  8
REAR_LEG
 10
0.6231229443226074
 20
22.19025038948786
 30
0.0
  0
VERTEX
  5
1075
  8
REAR_LEG
 10
0.6076551535654451
 20
22.20581410452878
 30
0.0
  0
VERTEX
  5
1076
  8
REAR_LEG
 10
0.5930666687427983
 20
22.22184145360792
 30
0.0
  0
VERTEX
  5
1077
  8
REAR_LEG
 10
0.5793574898546674
 20
22.23833243672524
 30
0.0
  0
VERTEX
  5
1078
  8
REAR_LEG
 10
0.5665276169010521
 20
22.25528705388076
 30
0.0
  0
VERTEX
  5
1079
  8
REAR_LEG
 10
0.5545770498819526
 20
22.27270530507448
 30
0.0
  0
VERTEX
  5
107A
  8
REAR_LEG
 10
0.5433059465395241
 20
22.29089894422864
 30
0.0
  0
VERTEX
  5
107B
  8
REAR_LEG
 10
0.5325144646159226
 20
22.31017972526548
 30
0.0
  0
VERTEX
  5
107C
  8
REAR_LEG
 10
0.5222026041111477
 20
22.33054764818499
 30
0.0
  0
VERTEX
  5
107D
  8
REAR_LEG
 10
0.5123703650251995
 20
22.35200271298717
 30
0.0
  0
VERTEX
  5
107E
  8
REAR_LEG
 10
0.5030177473580781
 20
22.37454491967203
 30
0.0
  0
VERTEX
  5
107F
  8
REAR_LEG
 10
0.4941447511097834
 20
22.39817426823956
 30
0.0
  0
VERTEX
  5
1080
  8
REAR_LEG
 10
0.4857513762803155
 20
22.42289075868977
 30
0.0
  0
VERTEX
  5
1081
  8
REAR_LEG
 10
0.4778376228696743
 20
22.44869439102265
 30
0.0
  0
VERTEX
  5
1082
  8
REAR_LEG
 10
0.8993928752571232
 20
22.49473804723001
 30
0.0
  0
VERTEX
  5
1083
  8
REAR_LEG
 10
0.9014712347387057
 20
22.48226589191794
 30
0.0
  0
VERTEX
  5
1084
  8
REAR_LEG
 10
0.9038693418328394
 20
22.47017343689577
 30
0.0
  0
VERTEX
  5
1085
  8
REAR_LEG
 10
0.9065871965395242
 20
22.4584606821635
 30
0.0
  0
VERTEX
  5
1086
  8
REAR_LEG
 10
0.9096247988587602
 20
22.44712762772114
 30
0.0
  0
VERTEX
  5
1087
  8
REAR_LEG
 10
0.9129821487905474
 20
22.43617427356869
 30
0.0
  0
VERTEX
  5
1088
  8
REAR_LEG
 10
0.9166592463348857
 20
22.42560061970614
 30
0.0
  0
VERTEX
  5
1089
  8
REAR_LEG
 10
0.9206560914917752
 20
22.41540666613349
 30
0.0
  0
VERTEX
  5
108A
  8
REAR_LEG
 10
0.9249726842612159
 20
22.40559241285074
 30
0.0
  0
VERTEX
  5
108B
  8
REAR_LEG
 10
0.9296090246432078
 20
22.3961578598579
 30
0.0
  0
VERTEX
  5
108C
  8
REAR_LEG
 10
0.9345651126377508
 20
22.38710300715497
 30
0.0
  0
VERTEX
  5
108D
  8
REAR_LEG
 10
0.9398409482448449
 20
22.37842785474194
 30
0.0
  0
VERTEX
  5
108E
  8
REAR_LEG
 10
0.9454365314644901
 20
22.37013240261882
 30
0.0
  0
VERTEX
  5
108F
  8
REAR_LEG
 10
0.9513518622966866
 20
22.36221665078561
 30
0.0
  0
VERTEX
  5
1090
  8
REAR_LEG
 10
0.9575869407414341
 20
22.35468059924229
 30
0.0
  0
VERTEX
  5
1091
  8
REAR_LEG
 10
0.9641417667987329
 20
22.34752424798888
 30
0.0
  0
VERTEX
  5
1092
  8
REAR_LEG
 10
0.9710163404685829
 20
22.34074759702537
 30
0.0
  0
VERTEX
  5
1093
  8
REAR_LEG
 10
0.9781347216930032
 20
22.3343666337324
 30
0.0
  0
VERTEX
  5
1094
  8
REAR_LEG
 10
0.9854209704140127
 20
22.32839734549058
 30
0.0
  0
VERTEX
  5
1095
  8
REAR_LEG
 10
0.9928750866316116
 20
22.32283973229993
 30
0.0
  0
VERTEX
  5
1096
  8
REAR_LEG
 10
1.0004970703458
 20
22.31769379416043
 30
0.0
  0
VERTEX
  5
1097
  8
REAR_LEG
 10
1.008286921556577
 20
22.3129595310721
 30
0.0
  0
VERTEX
  5
1098
  8
REAR_LEG
 10
1.016244640263944
 20
22.30863694303492
 30
0.0
  0
VERTEX
  5
1099
  8
REAR_LEG
 10
1.024370226467901
 20
22.3047260300489
 30
0.0
  0
VERTEX
  5
109A
  8
REAR_LEG
 10
1.032663680168446
 20
22.30122679211405
 30
0.0
  0
VERTEX
  5
109B
  8
REAR_LEG
 10
1.041125001365582
 20
22.29813922923035
 30
0.0
  0
VERTEX
  5
109C
  8
REAR_LEG
 10
1.049754190059306
 20
22.29546334139781
 30
0.0
  0
VERTEX
  5
109D
  8
REAR_LEG
 10
1.05855124624962
 20
22.29319912861644
 30
0.0
  0
VERTEX
  5
109E
  8
REAR_LEG
 10
1.067516169936523
 20
22.29134659088622
 30
0.0
  0
VERTEX
  5
109F
  8
REAR_LEG
 10
1.076648961120015
 20
22.28990572820716
 30
0.0
  0
VERTEX
  5
10A0
  8
REAR_LEG
 10
1.085949619800097
 20
22.28887654057926
 30
0.0
  0
VERTEX
  5
10A1
  8
REAR_LEG
 10
1.095418145976768
 20
22.28825902800252
 30
0.0
  0
VERTEX
  5
10A2
  8
REAR_LEG
 10
1.105054539650029
 20
22.28805319047694
 30
0.0
  0
VERTEX
  5
10A3
  8
REAR_LEG
 10
1.11580805154464
 20
22.28831098698956
 30
0.0
  0
VERTEX
  5
10A4
  8
REAR_LEG
 10
1.126325749574995
 20
22.28908437652742
 30
0.0
  0
VERTEX
  5
10A5
  8
REAR_LEG
 10
1.136607633741093
 20
22.29037335909052
 30
0.0
  0
VERTEX
  5
10A6
  8
REAR_LEG
 10
1.146653704042935
 20
22.29217793467885
 30
0.0
  0
VERTEX
  5
10A7
  8
REAR_LEG
 10
1.15646396048052
 20
22.29449810329242
 30
0.0
  0
VERTEX
  5
10A8
  8
REAR_LEG
 10
1.166038403053849
 20
22.29733386493124
 30
0.0
  0
VERTEX
  5
10A9
  8
REAR_LEG
 10
1.175377031762921
 20
22.30068521959529
 30
0.0
  0
VERTEX
  5
10AA
  8
REAR_LEG
 10
1.184479846607737
 20
22.30455216728458
 30
0.0
  0
VERTEX
  5
10AB
  8
REAR_LEG
 10
1.193346847588296
 20
22.30893470799911
 30
0.0
  0
VERTEX
  5
10AC
  8
REAR_LEG
 10
1.201978034704599
 20
22.31383284173888
 30
0.0
  0
VERTEX
  5
10AD
  8
REAR_LEG
 10
1.210373407956645
 20
22.31924656850389
 30
0.0
  0
VERTEX
  5
10AE
  8
REAR_LEG
 10
1.218532967344435
 20
22.32517588829413
 30
0.0
  0
VERTEX
  5
10AF
  8
REAR_LEG
 10
1.226456712867969
 20
22.33162080110962
 30
0.0
  0
VERTEX
  5
10B0
  8
REAR_LEG
 10
1.234144644527246
 20
22.33858130695034
 30
0.0
  0
VERTEX
  5
10B1
  8
REAR_LEG
 10
1.241596762322266
 20
22.3460574058163
 30
0.0
  0
VERTEX
  5
10B2
  8
REAR_LEG
 10
1.24881306625303
 20
22.3540490977075
 30
0.0
  0
VERTEX
  5
10B3
  8
REAR_LEG
 10
1.255689638345459
 20
22.36255238577878
 30
0.0
  0
VERTEX
  5
10B4
  8
REAR_LEG
 10
1.262122560625472
 20
22.37156327318499
 30
0.0
  0
VERTEX
  5
10B5
  8
REAR_LEG
 10
1.268111833093071
 20
22.38108175992612
 30
0.0
  0
VERTEX
  5
10B6
  8
REAR_LEG
 10
1.273657455748256
 20
22.39110784600218
 30
0.0
  0
VERTEX
  5
10B7
  8
REAR_LEG
 10
1.278759428591025
 20
22.40164153141316
 30
0.0
  0
VERTEX
  5
10B8
  8
REAR_LEG
 10
1.28341775162138
 20
22.41268281615907
 30
0.0
  0
VERTEX
  5
10B9
  8
REAR_LEG
 10
1.28763242483932
 20
22.4242317002399
 30
0.0
  0
VERTEX
  5
10BA
  8
REAR_LEG
 10
1.291403448244845
 20
22.43628818365566
 30
0.0
  0
VERTEX
  5
10BB
  8
REAR_LEG
 10
1.294730821837955
 20
22.44885226640634
 30
0.0
  0
VERTEX
  5
10BC
  8
REAR_LEG
 10
1.297614545618651
 20
22.46192394849195
 30
0.0
  0
VERTEX
  5
10BD
  8
REAR_LEG
 10
1.300054619586932
 20
22.47550322991248
 30
0.0
  0
VERTEX
  5
10BE
  8
REAR_LEG
 10
1.302051043742799
 20
22.48959011066793
 30
0.0
  0
VERTEX
  5
10BF
  8
REAR_LEG
 10
1.30360381808625
 20
22.50418459075832
 30
0.0
  0
VERTEX
  5
10C0
  8
REAR_LEG
 10
1.304712942617287
 20
22.51928667018363
 30
0.0
  0
VERTEX
  5
10C1
  8
REAR_LEG
 10
1.305378417335909
 20
22.53489634894386
 30
0.0
  0
VERTEX
  5
10C2
  8
REAR_LEG
 10
1.305600242242116
 20
22.55101362703902
 30
0.0
  0
VERTEX
  5
10C3
  8
REAR_LEG
 10
1.305376418913331
 20
22.56748862277571
 30
0.0
  0
VERTEX
  5
10C4
  8
REAR_LEG
 10
1.304704948926973
 20
22.58340406019045
 30
0.0
  0
VERTEX
  5
10C5
  8
REAR_LEG
 10
1.303585832283044
 20
22.59875993928322
 30
0.0
  0
VERTEX
  5
10C6
  8
REAR_LEG
 10
1.302019068981543
 20
22.61355626005402
 30
0.0
  0
VERTEX
  5
10C7
  8
REAR_LEG
 10
1.300004659022471
 20
22.62779302250286
 30
0.0
  0
VERTEX
  5
10C8
  8
REAR_LEG
 10
1.297542602405827
 20
22.64147022662974
 30
0.0
  0
VERTEX
  5
10C9
  8
REAR_LEG
 10
1.294632899131612
 20
22.65458787243465
 30
0.0
  0
VERTEX
  5
10CA
  8
REAR_LEG
 10
1.291275549199824
 20
22.66714595991759
 30
0.0
  0
VERTEX
  5
10CB
  8
REAR_LEG
 10
1.287470552610466
 20
22.67914448907858
 30
0.0
  0
VERTEX
  5
10CC
  8
REAR_LEG
 10
1.283217909363535
 20
22.69058345991759
 30
0.0
  0
VERTEX
  5
10CD
  8
REAR_LEG
 10
1.278517619459033
 20
22.70146287243465
 30
0.0
  0
VERTEX
  5
10CE
  8
REAR_LEG
 10
1.273369682896959
 20
22.71178272662974
 30
0.0
  0
VERTEX
  5
10CF
  8
REAR_LEG
 10
1.267774099677314
 20
22.72154302250286
 30
0.0
  0
VERTEX
  5
10D0
  8
REAR_LEG
 10
1.261730869800097
 20
22.73074376005402
 30
0.0
  0
VERTEX
  5
10D1
  8
REAR_LEG
 10
1.255239993265309
 20
22.73938493928322
 30
0.0
  0
VERTEX
  5
10D2
  8
REAR_LEG
 10
1.248301470072949
 20
22.74746656019045
 30
0.0
  0
VERTEX
  5
10D3
  8
REAR_LEG
 10
1.240991240280998
 20
22.75502459438212
 30
0.0
  0
VERTEX
  5
10D4
  8
REAR_LEG
 10
1.233385243947437
 20
22.76209501346466
 30
0.0
  0
VERTEX
  5
10D5
  8
REAR_LEG
 10
1.225483481072266
 20
22.76867781743806
 30
0.0
  0
VERTEX
  5
10D6
  8
REAR_LEG
 10
1.217285951655486
 20
22.77477300630232
 30
0.0
  0
VERTEX
  5
10D7
  8
REAR_LEG
 10
1.208792655697096
 20
22.78038058005744
 30
0.0
  0
VERTEX
  5
10D8
  8
REAR_LEG
 10
1.200003593197096
 20
22.78550053870341
 30
0.0
  0
VERTEX
  5
10D9
  8
REAR_LEG
 10
1.190918764155486
 20
22.79013288224025
 30
0.0
  0
VERTEX
  5
10DA
  8
REAR_LEG
 10
1.181538168572266
 20
22.79427761066794
 30
0.0
  0
VERTEX
  5
10DB
  8
REAR_LEG
 10
1.171861806447437
 20
22.79793472398649
 30
0.0
  0
VERTEX
  5
10DC
  8
REAR_LEG
 10
1.161889677780998
 20
22.8011042221959
 30
0.0
  0
VERTEX
  5
10DD
  8
REAR_LEG
 10
1.151621782572949
 20
22.80378610529618
 30
0.0
  0
VERTEX
  5
10DE
  8
REAR_LEG
 10
1.14105812082329
 20
22.80598037328731
 30
0.0
  0
VERTEX
  5
10DF
  8
REAR_LEG
 10
1.130198692532021
 20
22.8076870261693
 30
0.0
  0
VERTEX
  5
10E0
  8
REAR_LEG
 10
1.119043497699142
 20
22.80890606394215
 30
0.0
  0
VERTEX
  5
10E1
  8
REAR_LEG
 10
1.107592536324654
 20
22.80963748660586
 30
0.0
  0
VERTEX
  5
10E2
  8
REAR_LEG
 10
1.095845808408556
 20
22.80988129416043
 30
0.0
  0
VERTEX
  5
10E3
  8
REAR_LEG
 10
1.080817670618651
 20
22.80941766012224
 30
0.0
  0
VERTEX
  5
10E4
  8
REAR_LEG
 10
1.065917431873767
 20
22.80802675800764
 30
0.0
  0
VERTEX
  5
10E5
  8
REAR_LEG
 10
1.051145092173903
 20
22.80570858781664
 30
0.0
  0
VERTEX
  5
10E6
  8
REAR_LEG
 10
1.03650065151906
 20
22.80246314954925
 30
0.0
  0
VERTEX
  5
10E7
  8
REAR_LEG
 10
1.021984109909238
 20
22.79829044320545
 30
0.0
  0
VERTEX
  5
10E8
  8
REAR_LEG
 10
1.007595467344436
 20
22.79319046878526
 30
0.0
  0
VERTEX
  5
10E9
  8
REAR_LEG
 10
0.9933347238246538
 20
22.78716322628867
 30
0.0
  0
VERTEX
  5
10EA
  8
REAR_LEG
 10
0.9792018793498926
 20
22.78020871571569
 30
0.0
  0
VERTEX
  5
10EB
  8
REAR_LEG
 10
0.9685862586131941
 20
22.77429338488349
 30
0.0
  0
VERTEX
  5
10EC
  8
REAR_LEG
 10
0.9577148397864547
 20
22.76729091216862
 30
0.0
  0
VERTEX
  5
10ED
  8
REAR_LEG
 10
0.9465876228696743
 20
22.75920129757107
 30
0.0
  0
VERTEX
  5
10EE
  8
REAR_LEG
 10
0.935204607862853
 20
22.75002454109086
 30
0.0
  0
VERTEX
  5
10EF
  8
REAR_LEG
 10
0.9235657947659908
 20
22.73976064272797
 30
0.0
  0
VERTEX
  5
10F0
  8
REAR_LEG
 10
0.9116711835790876
 20
22.7284096024824
 30
0.0
  0
VERTEX
  5
10F1
  8
REAR_LEG
 10
0.8995207743021436
 20
22.71597142035416
 30
0.0
  0
VERTEX
  5
10F2
  8
REAR_LEG
 10
0.8871145669351586
 20
22.70244609634324
 30
0.0
  0
VERTEX
  5
10F3
  8
REAR_LEG
 10
0.532066817958351
 20
22.75360571435143
 30
0.0
  0
SEQEND
  5
15B6
  8
REAR_LEG
  0
POLYLINE
  5
92
  8
REAR_LEG
 66
     1
 10
0.0
 20
0.0
 30
0.0
 70
     1
  0
VERTEX
  5
10F4
  8
REAR_LEG
 10
1.682135030782361
 20
20.97222781530641
 30
0.0
  0
VERTEX
  5
10F5
  8
REAR_LEG
 10
1.267742124916058
 20
20.92106819729822
 30
0.0
  0
VERTEX
  5
10F6
  8
REAR_LEG
 10
1.263305626791911
 20
20.94201166592032
 30
0.0
  0
VERTEX
  5
10F7
  8
REAR_LEG
 10
1.258181671300779
 20
20.96135639647967
 30
0.0
  0
VERTEX
  5
10F8
  8
REAR_LEG
 10
1.252370258442661
 20
20.97910238897626
 30
0.0
  0
VERTEX
  5
10F9
  8
REAR_LEG
 10
1.249206755500983
 20
20.98737585845102
 30
0.0
  0
VERTEX
  5
10FA
  8
REAR_LEG
 10
1.245871388217559
 20
20.99524964341009
 30
0.0
  0
VERTEX
  5
10FB
  8
REAR_LEG
 10
1.242364156592389
 20
21.00272374385348
 30
0.0
  0
VERTEX
  5
10FC
  8
REAR_LEG
 10
1.238685060625472
 20
21.00979815978117
 30
0.0
  0
VERTEX
  5
10FD
  8
REAR_LEG
 10
1.234834100316809
 20
21.01647289119318
 30
0.0
  0
VERTEX
  5
10FE
  8
REAR_LEG
 10
1.230811275666399
 20
21.02274793808949
 30
0.0
  0
VERTEX
  5
10FF
  8
REAR_LEG
 10
1.226616586674244
 20
21.02862330047012
 30
0.0
  0
VERTEX
  5
1100
  8
REAR_LEG
 10
1.222250033340342
 20
21.03409897833506
 30
0.0
  0
VERTEX
  5
1101
  8
REAR_LEG
 10
1.217711615664694
 20
21.03917497168431
 30
0.0
  0
VERTEX
  5
1102
  8
REAR_LEG
 10
1.2130013336473
 20
21.04385128051787
 30
0.0
  0
VERTEX
  5
1103
  8
REAR_LEG
 10
1.208135174668787
 20
21.04818785751309
 30
0.0
  0
VERTEX
  5
1104
  8
REAR_LEG
 10
1.203129126109783
 20
21.05224465534734
 30
0.0
  0
VERTEX
  5
1105
  8
REAR_LEG
 10
1.197983187970288
 20
21.0560216740206
 30
0.0
  0
VERTEX
  5
1106
  8
REAR_LEG
 10
1.192697360250301
 20
21.05951891353288
 30
0.0
  0
VERTEX
  5
1107
  8
REAR_LEG
 10
1.187271642949824
 20
21.06273637388417
 30
0.0
  0
VERTEX
  5
1108
  8
REAR_LEG
 10
1.181706036068855
 20
21.06567405507449
 30
0.0
  0
VERTEX
  5
1109
  8
REAR_LEG
 10
1.176000539607396
 20
21.06833195710382
 30
0.0
  0
VERTEX
  5
110A
  8
REAR_LEG
 10
1.170155153565445
 20
21.07071007997217
 30
0.0
  0
VERTEX
  5
110B
  8
REAR_LEG
 10
1.164169877943003
 20
21.07280842367953
 30
0.0
  0
VERTEX
  5
110C
  8
REAR_LEG
 10
1.158044712740069
 20
21.07462698822592
 30
0.0
  0
VERTEX
  5
110D
  8
REAR_LEG
 10
1.151779657956645
 20
21.07616577361132
 30
0.0
  0
VERTEX
  5
110E
  8
REAR_LEG
 10
1.14537471359273
 20
21.07742477983574
 30
0.0
  0
VERTEX
  5
110F
  8
REAR_LEG
 10
1.132145156123425
 20
21.07910345480164
 30
0.0
  0
VERTEX
  5
1110
  8
REAR_LEG
 10
1.118356040332157
 20
21.0796630131236
 30
0.0
  0
VERTEX
  5
1111
  8
REAR_LEG
 10
1.105869896062034
 20
21.07926332860791
 30
0.0
  0
VERTEX
  5
1112
  8
REAR_LEG
 10
1.093735474165717
 20
21.07806427506084
 30
0.0
  0
VERTEX
  5
1113
  8
REAR_LEG
 10
1.081952774643207
 20
21.07606585248239
 30
0.0
  0
VERTEX
  5
1114
  8
REAR_LEG
 10
1.070521797494503
 20
21.07326806087258
 30
0.0
  0
VERTEX
  5
1115
  8
REAR_LEG
 10
1.059442542719605
 20
21.06967090023138
 30
0.0
  0
VERTEX
  5
1116
  8
REAR_LEG
 10
1.048715010318514
 20
21.0652743705588
 30
0.0
  0
VERTEX
  5
1117
  8
REAR_LEG
 10
1.038339200291229
 20
21.06007847185484
 30
0.0
  0
VERTEX
  5
1118
  8
REAR_LEG
 10
1.02831511263775
 20
21.05408320411951
 30
0.0
  0
VERTEX
  5
1119
  8
REAR_LEG
 10
1.018642747358078
 20
21.04728856735279
 30
0.0
  0
VERTEX
  5
111A
  8
REAR_LEG
 10
1.009322104452211
 20
21.0396945615547
 30
0.0
  0
VERTEX
  5
111B
  8
REAR_LEG
 10
1.000353183920151
 20
21.03130118672524
 30
0.0
  0
VERTEX
  5
111C
  8
REAR_LEG
 10
0.9917359857618975
 20
21.02210844286439
 30
0.0
  0
VERTEX
  5
111D
  8
REAR_LEG
 10
0.9834705099774499
 20
21.01211632997217
 30
0.0
  0
VERTEX
  5
111E
  8
REAR_LEG
 10
0.9755567565668087
 20
21.00132484804857
 30
0.0
  0
VERTEX
  5
111F
  8
REAR_LEG
 10
0.9679947255299738
 20
20.98973399709359
 30
0.0
  0
VERTEX
  5
1120
  8
REAR_LEG
 10
0.9607844168669452
 20
20.97734377710723
 30
0.0
  0
VERTEX
  5
1121
  8
REAR_LEG
 10
0.9557523888144211
 20
20.96747956326003
 30
0.0
  0
VERTEX
  5
1122
  8
REAR_LEG
 10
0.9508882282584866
 20
20.95630438420137
 30
0.0
  0
VERTEX
  5
1123
  8
REAR_LEG
 10
0.9461919351991415
 20
20.94381823993124
 30
0.0
  0
VERTEX
  5
1124
  8
REAR_LEG
 10
0.9416635096363857
 20
20.93002113044966
 30
0.0
  0
VERTEX
  5
1125
  8
REAR_LEG
 10
0.9373029515702193
 20
20.91491305575662
 30
0.0
  0
VERTEX
  5
1126
  8
REAR_LEG
 10
0.9331102610006421
 20
20.89849401585212
 30
0.0
  0
VERTEX
  5
1127
  8
REAR_LEG
 10
0.9290854379276545
 20
20.88076401073615
 30
0.0
  0
VERTEX
  5
1128
  8
REAR_LEG
 10
0.9252284823512562
 20
20.86172304040873
 30
0.0
  0
VERTEX
  5
1129
  8
REAR_LEG
 10
0.9215393942714472
 20
20.84137110486985
 30
0.0
  0
VERTEX
  5
112A
  8
REAR_LEG
 10
0.9180181736882274
 20
20.81970820411951
 30
0.0
  0
VERTEX
  5
112B
  8
REAR_LEG
 10
0.9146648206015972
 20
20.79673433815771
 30
0.0
  0
VERTEX
  5
112C
  8
REAR_LEG
 10
0.9114793350115562
 20
20.77244950698445
 30
0.0
  0
VERTEX
  5
112D
  8
REAR_LEG
 10
0.9084617169181047
 20
20.74685371059973
 30
0.0
  0
VERTEX
  5
112E
  8
REAR_LEG
 10
0.9056119663212425
 20
20.71994694900355
 30
0.0
  0
VERTEX
  5
112F
  8
REAR_LEG
 10
0.9004160676172862
 20
20.6622005301768
 30
0.0
  0
VERTEX
  5
1130
  8
REAR_LEG
 10
0.919153277712784
 20
20.68051407468567
 30
0.0
  0
VERTEX
  5
1131
  8
REAR_LEG
 10
0.9380183868533025
 20
20.69759659088621
 30
0.0
  0
VERTEX
  5
1132
  8
REAR_LEG
 10
0.9570113950388413
 20
20.71344807877844
 30
0.0
  0
VERTEX
  5
1133
  8
REAR_LEG
 10
0.9761323022694007
 20
20.72806853836234
 30
0.0
  0
VERTEX
  5
1134
  8
REAR_LEG
 10
0.9953811085449805
 20
20.74145796963792
 30
0.0
  0
VERTEX
  5
1135
  8
REAR_LEG
 10
1.014757813865581
 20
20.75361637260518
 30
0.0
  0
VERTEX
  5
1136
  8
REAR_LEG
 10
1.034262418231202
 20
20.76454374726412
 30
0.0
  0
VERTEX
  5
1137
  8
REAR_LEG
 10
1.053894921641843
 20
20.77424009361473
 30
0.0
  0
VERTEX
  5
1138
  8
REAR_LEG
 10
1.063839072392184
 20
20.77863862170989
 30
0.0
  0
VERTEX
  5
1139
  8
REAR_LEG
 10
1.073975071710056
 20
20.78275337379891
 30
0.0
  0
VERTEX
  5
113A
  8
REAR_LEG
 10
1.084302919595458
 20
20.78658434988179
 30
0.0
  0
VERTEX
  5
113B
  8
REAR_LEG
 10
1.094822616048391
 20
20.79013154995853
 30
0.0
  0
VERTEX
  5
113C
  8
REAR_LEG
 10
1.105534161068855
 20
20.79339497402913
 30
0.0
  0
VERTEX
  5
113D
  8
REAR_LEG
 10
1.11643755465685
 20
20.79637462209359
 30
0.0
  0
VERTEX
  5
113E
  8
REAR_LEG
 10
1.127532796812375
 20
20.79907049415191
 30
0.0
  0
VERTEX
  5
113F
  8
REAR_LEG
 10
1.138819887535431
 20
20.80148259020409
 30
0.0
  0
VERTEX
  5
1140
  8
REAR_LEG
 10
1.150298826826018
 20
20.80361091025014
 30
0.0
  0
VERTEX
  5
1141
  8
REAR_LEG
 10
1.161969614684135
 20
20.80545545429004
 30
0.0
  0
VERTEX
  5
1142
  8
REAR_LEG
 10
1.173832251109783
 20
20.80701622232381
 30
0.0
  0
VERTEX
  5
1143
  8
REAR_LEG
 10
1.185886736102962
 20
20.80829321435143
 30
0.0
  0
VERTEX
  5
1144
  8
REAR_LEG
 10
1.210571251791911
 20
20.80999587038826
 30
0.0
  0
VERTEX
  5
1145
  8
REAR_LEG
 10
1.236023161750983
 20
20.81056342240054
 30
0.0
  0
VERTEX
  5
1146
  8
REAR_LEG
 10
1.260849565443003
 20
20.81000386407858
 30
0.0
  0
VERTEX
  5
1147
  8
REAR_LEG
 10
1.285192350871038
 20
20.80832518911268
 30
0.0
  0
VERTEX
  5
1148
  8
REAR_LEG
 10
1.30905151803509
 20
20.80552739750286
 30
0.0
  0
VERTEX
  5
1149
  8
REAR_LEG
 10
1.332427066935158
 20
20.80161048924911
 30
0.0
  0
VERTEX
  5
114A
  8
REAR_LEG
 10
1.355318997571243
 20
20.79657446435143
 30
0.0
  0
VERTEX
  5
114B
  8
REAR_LEG
 10
1.366583606040291
 20
20.79363678316111
 30
0.0
  0
VERTEX
  5
114C
  8
REAR_LEG
 10
1.377727309943344
 20
20.79041932280982
 30
0.0
  0
VERTEX
  5
114D
  8
REAR_LEG
 10
1.3887501092804
 20
20.78692208329754
 30
0.0
  0
VERTEX
  5
114E
  8
REAR_LEG
 10
1.399652004051461
 20
20.78314506462428
 30
0.0
  0
VERTEX
  5
114F
  8
REAR_LEG
 10
1.410432994256526
 20
20.77908826679003
 30
0.0
  0
VERTEX
  5
1150
  8
REAR_LEG
 10
1.421093079895595
 20
20.77475168979481
 30
0.0
  0
VERTEX
  5
1151
  8
REAR_LEG
 10
1.431632260968668
 20
20.77013533363861
 30
0.0
  0
VERTEX
  5
1152
  8
REAR_LEG
 10
1.442050537475745
 20
20.76523919832142
 30
0.0
  0
VERTEX
  5
1153
  8
REAR_LEG
 10
1.452347909416826
 20
20.76006328384324
 30
0.0
  0
VERTEX
  5
1154
  8
REAR_LEG
 10
1.462524376791911
 20
20.75460759020409
 30
0.0
  0
VERTEX
  5
1155
  8
REAR_LEG
 10
1.472579939601001
 20
20.74887211740395
 30
0.0
  0
VERTEX
  5
1156
  8
REAR_LEG
 10
1.482514597844094
 20
20.74285686544284
 30
0.0
  0
VERTEX
  5
1157
  8
REAR_LEG
 10
1.492328351521191
 20
20.73656183432073
 30
0.0
  0
VERTEX
  5
1158
  8
REAR_LEG
 10
1.502021200632293
 20
20.72998702403765
 30
0.0
  0
VERTEX
  5
1159
  8
REAR_LEG
 10
1.521044185156509
 20
20.71599806598854
 30
0.0
  0
VERTEX
  5
115A
  8
REAR_LEG
 10
1.539583551416741
 20
20.70088999129549
 30
0.0
  0
VERTEX
  5
115B
  8
REAR_LEG
 10
1.557639299412989
 20
20.68466279995852
 30
0.0
  0
VERTEX
  5
115C
  8
REAR_LEG
 10
1.575211429145253
 20
20.66731649197762
 30
0.0
  0
VERTEX
  5
115D
  8
REAR_LEG
 10
1.5837411963157
 20
20.6582886179795
 30
0.0
  0
VERTEX
  5
115E
  8
REAR_LEG
 10
1.592000177226768
 20
20.64911086228799
 30
0.0
  0
VERTEX
  5
115F
  8
REAR_LEG
 10
1.599988371878456
 20
20.6397832249031
 30
0.0
  0
VERTEX
  5
1160
  8
REAR_LEG
 10
1.607705780270765
 20
20.63030570582483
 30
0.0
  0
VERTEX
  5
1161
  8
REAR_LEG
 10
1.615152402403695
 20
20.62067830505317
 30
0.0
  0
VERTEX
  5
1162
  8
REAR_LEG
 10
1.622328238277245
 20
20.61090102258813
 30
0.0
  0
VERTEX
  5
1163
  8
REAR_LEG
 10
1.629233287891416
 20
20.6009738584297
 30
0.0
  0
VERTEX
  5
1164
  8
REAR_LEG
 10
1.635867551246208
 20
20.5908968125779
 30
0.0
  0
VERTEX
  5
1165
  8
REAR_LEG
 10
1.642231028341621
 20
20.58066988503271
 30
0.0
  0
VERTEX
  5
1166
  8
REAR_LEG
 10
1.648323719177655
 20
20.57029307579413
 30
0.0
  0
VERTEX
  5
1167
  8
REAR_LEG
 10
1.654145623754309
 20
20.55976638486218
 30
0.0
  0
VERTEX
  5
1168
  8
REAR_LEG
 10
1.659696742071584
 20
20.54908981223683
 30
0.0
  0
VERTEX
  5
1169
  8
REAR_LEG
 10
1.664977074129479
 20
20.53826335791811
 30
0.0
  0
VERTEX
  5
116A
  8
REAR_LEG
 10
1.669986619927996
 20
20.527287021906
 30
0.0
  0
VERTEX
  5
116B
  8
REAR_LEG
 10
1.674725379467133
 20
20.51616080420051
 30
0.0
  0
VERTEX
  5
116C
  8
REAR_LEG
 10
1.679193352746891
 20
20.50488470480164
 30
0.0
  0
VERTEX
  5
116D
  8
REAR_LEG
 10
1.683390539767269
 20
20.49345872370938
 30
0.0
  0
VERTEX
  5
116E
  8
REAR_LEG
 10
1.687316940528268
 20
20.48188286092374
 30
0.0
  0
VERTEX
  5
116F
  8
REAR_LEG
 10
1.690972555029888
 20
20.47015711644471
 30
0.0
  0
VERTEX
  5
1170
  8
REAR_LEG
 10
1.694357383272129
 20
20.45828149027231
 30
0.0
  0
VERTEX
  5
1171
  8
REAR_LEG
 10
1.700314680978473
 20
20.43408059284734
 30
0.0
  0
VERTEX
  5
1172
  8
REAR_LEG
 10
1.7051888336473
 20
20.40928016864884
 30
0.0
  0
VERTEX
  5
1173
  8
REAR_LEG
 10
1.70897984127861
 20
20.38388021767681
 30
0.0
  0
VERTEX
  5
1174
  8
REAR_LEG
 10
1.711687703872402
 20
20.35788073993124
 30
0.0
  0
VERTEX
  5
1175
  8
REAR_LEG
 10
1.713312421428678
 20
20.33128173541214
 30
0.0
  0
VERTEX
  5
1176
  8
REAR_LEG
 10
1.713853993947436
 20
20.30408320411951
 30
0.0
  0
VERTEX
  5
1177
  8
REAR_LEG
 10
1.713580210054189
 20
20.28563776372046
 30
0.0
  0
VERTEX
  5
1178
  8
REAR_LEG
 10
1.712758858374449
 20
20.26739216557926
 30
0.0
  0
VERTEX
  5
1179
  8
REAR_LEG
 10
1.711389938908214
 20
20.24934640969591
 30
0.0
  0
VERTEX
  5
117A
  8
REAR_LEG
 10
1.709473451655485
 20
20.23150049607039
 30
0.0
  0
VERTEX
  5
117B
  8
REAR_LEG
 10
1.707009396616263
 20
20.21385442470273
 30
0.0
  0
VERTEX
  5
117C
  8
REAR_LEG
 10
1.703997773790547
 20
20.19640819559291
 30
0.0
  0
VERTEX
  5
117D
  8
REAR_LEG
 10
1.700438583178337
 20
20.17916180874093
 30
0.0
  0
VERTEX
  5
117E
  8
REAR_LEG
 10
1.696331824779633
 20
20.16211526414679
 30
0.0
  0
VERTEX
  5
117F
  8
REAR_LEG
 10
1.691677498594435
 20
20.1452685618105
 30
0.0
  0
VERTEX
  5
1180
  8
REAR_LEG
 10
1.686475604622744
 20
20.12862170173206
 30
0.0
  0
VERTEX
  5
1181
  8
REAR_LEG
 10
1.680726142864558
 20
20.11217468391146
 30
0.0
  0
VERTEX
  5
1182
  8
REAR_LEG
 10
1.674429113319878
 20
20.0959275083487
 30
0.0
  0
VERTEX
  5
1183
  8
REAR_LEG
 10
1.667584515988705
 20
20.07988017504379
 30
0.0
  0
VERTEX
  5
1184
  8
REAR_LEG
 10
1.660192350871038
 20
20.06403268399672
 30
0.0
  0
VERTEX
  5
1185
  8
REAR_LEG
 10
1.652252617966877
 20
20.0483850352075
 30
0.0
  0
VERTEX
  5
1186
  8
REAR_LEG
 10
1.643765317276222
 20
20.03293722867612
 30
0.0
  0
VERTEX
  5
1187
  8
REAR_LEG
 10
1.634792399899005
 20
20.01782315871534
 30
0.0
  0
VERTEX
  5
1188
  8
REAR_LEG
 10
1.625395816935158
 20
20.00317671963792
 30
0.0
  0
VERTEX
  5
1189
  8
REAR_LEG
 10
1.61557556838468
 20
19.98899791144386
 30
0.0
  0
VERTEX
  5
118A
  8
REAR_LEG
 10
1.605331654247573
 20
19.97528673413315
 30
0.0
  0
VERTEX
  5
118B
  8
REAR_LEG
 10
1.594664074523835
 20
19.96204318770579
 30
0.0
  0
VERTEX
  5
118C
  8
REAR_LEG
 10
1.583572829213466
 20
19.9492672721618
 30
0.0
  0
VERTEX
  5
118D
  8
REAR_LEG
 10
1.572057918316468
 20
19.93695898750116
 30
0.0
  0
VERTEX
  5
118E
  8
REAR_LEG
 10
1.560119341832839
 20
19.92511833372387
 30
0.0
  0
VERTEX
  5
118F
  8
REAR_LEG
 10
1.54775709976258
 20
19.91374531082994
 30
0.0
  0
VERTEX
  5
1190
  8
REAR_LEG
 10
1.53497119210569
 20
19.90283991881937
 30
0.0
  0
VERTEX
  5
1191
  8
REAR_LEG
 10
1.52176161886217
 20
19.89240215769215
 30
0.0
  0
VERTEX
  5
1192
  8
REAR_LEG
 10
1.50812838003202
 20
19.88243202744829
 30
0.0
  0
VERTEX
  5
1193
  8
REAR_LEG
 10
1.49407147561524
 20
19.87292952808779
 30
0.0
  0
VERTEX
  5
1194
  8
REAR_LEG
 10
1.479590905611829
 20
19.86389465961064
 30
0.0
  0
VERTEX
  5
1195
  8
REAR_LEG
 10
1.464686670021788
 20
19.85532742201685
 30
0.0
  0
VERTEX
  5
1196
  8
REAR_LEG
 10
1.449358768845117
 20
19.84722781530641
 30
0.0
  0
VERTEX
  5
1197
  8
REAR_LEG
 10
1.433573228897982
 20
19.8396078300148
 30
0.0
  0
VERTEX
  5
1198
  8
REAR_LEG
 10
1.417296076996549
 20
19.83247945667749
 30
0.0
  0
VERTEX
  5
1199
  8
REAR_LEG
 10
1.40052731314082
 20
19.82584269529448
 30
0.0
  0
VERTEX
  5
119A
  8
REAR_LEG
 10
1.383266937330792
 20
19.81969754586575
 30
0.0
  0
VERTEX
  5
119B
  8
REAR_LEG
 10
1.365514949566468
 20
19.81404400839133
 30
0.0
  0
VERTEX
  5
119C
  8
REAR_LEG
 10
1.347271349847845
 20
19.80888208287121
 30
0.0
  0
VERTEX
  5
119D
  8
REAR_LEG
 10
1.328536138174926
 20
19.80421176930539
 30
0.0
  0
VERTEX
  5
119E
  8
REAR_LEG
 10
1.309309314547709
 20
19.80003306769386
 30
0.0
  0
VERTEX
  5
119F
  8
REAR_LEG
 10
1.289590878966195
 20
19.79634597803663
 30
0.0
  0
VERTEX
  5
11A0
  8
REAR_LEG
 10
1.269380831430383
 20
19.79315050033369
 30
0.0
  0
VERTEX
  5
11A1
  8
REAR_LEG
 10
1.248679171940274
 20
19.79044663458506
 30
0.0
  0
VERTEX
  5
11A2
  8
REAR_LEG
 10
1.227485900495867
 20
19.78823438079072
 30
0.0
  0
VERTEX
  5
11A3
  8
REAR_LEG
 10
1.205801017097163
 20
19.78651373895068
 30
0.0
  0
VERTEX
  5
11A4
  8
REAR_LEG
 10
1.183624521744162
 20
19.78528470906494
 30
0.0
  0
VERTEX
  5
11A5
  8
REAR_LEG
 10
1.160956414436863
 20
19.78454729113349
 30
0.0
  0
VERTEX
  5
11A6
  8
REAR_LEG
 10
1.137796695175267
 20
19.78430148515634
 30
0.0
  0
VERTEX
  5
11A7
  8
REAR_LEG
 10
1.110006630799415
 20
19.7846012485431
 30
0.0
  0
VERTEX
  5
11A8
  8
REAR_LEG
 10
1.082912017480861
 20
19.78550053870341
 30
0.0
  0
VERTEX
  5
11A9
  8
REAR_LEG
 10
1.056512855219606
 20
19.78699935563723
 30
0.0
  0
VERTEX
  5
11AA
  8
REAR_LEG
 10
1.030809144015649
 20
19.78909769934461
 30
0.0
  0
VERTEX
  5
11AB
  8
REAR_LEG
 10
1.005800883868992
 20
19.79179556982551
 30
0.0
  0
VERTEX
  5
11AC
  8
REAR_LEG
 10
0.9814880747796328
 20
19.79509296707994
 30
0.0
  0
VERTEX
  5
11AD
  8
REAR_LEG
 10
0.9578707167475727
 20
19.79898989110791
 30
0.0
  0
VERTEX
  5
11AE
  8
REAR_LEG
 10
0.9349488097728115
 20
19.80348634190941
 30
0.0
  0
VERTEX
  5
11AF
  8
REAR_LEG
 10
0.9127223538553491
 20
19.80858231948444
 30
0.0
  0
VERTEX
  5
11B0
  8
REAR_LEG
 10
0.8911913489951853
 20
19.81427782383301
 30
0.0
  0
VERTEX
  5
11B1
  8
REAR_LEG
 10
0.8703557951923203
 20
19.82057285495511
 30
0.0
  0
VERTEX
  5
11B2
  8
REAR_LEG
 10
0.8502156924467541
 20
19.82746741285074
 30
0.0
  0
VERTEX
  5
11B3
  8
REAR_LEG
 10
0.8307710407584867
 20
19.83496149751991
 30
0.0
  0
VERTEX
  5
11B4
  8
REAR_LEG
 10
0.8120218401275181
 20
19.84305510896262
 30
0.0
  0
VERTEX
  5
11B5
  8
REAR_LEG
 10
0.7939680905538482
 20
19.85174824717885
 30
0.0
  0
VERTEX
  5
11B6
  8
REAR_LEG
 10
0.7766097920374772
 20
19.86104091216862
 30
0.0
  0
VERTEX
  5
11B7
  8
REAR_LEG
 10
0.759813050265649
 20
19.87099105818669
 30
0.0
  0
VERTEX
  5
11B8
  8
REAR_LEG
 10
0.7434439709256081
 20
19.88165663948785
 30
0.0
  0
VERTEX
  5
11B9
  8
REAR_LEG
 10
0.7275025540173543
 20
19.8930376560721
 30
0.0
  0
VERTEX
  5
11BA
  8
REAR_LEG
 10
0.7119887995408878
 20
19.90513410793942
 30
0.0
  0
VERTEX
  5
11BB
  8
REAR_LEG
 10
0.6969027074962084
 20
19.91794599508983
 30
0.0
  0
VERTEX
  5
11BC
  8
REAR_LEG
 10
0.6822442778833162
 20
19.93147331752333
 30
0.0
  0
VERTEX
  5
11BD
  8
REAR_LEG
 10
0.6680135107022112
 20
19.9457160752399
 30
0.0
  0
VERTEX
  5
11BE
  8
REAR_LEG
 10
0.6542104059528933
 20
19.96067426823956
 30
0.0
  0
VERTEX
  5
11BF
  8
REAR_LEG
 10
0.6408349636353625
 20
19.9763478965223
 30
0.0
  0
VERTEX
  5
11C0
  8
REAR_LEG
 10
0.6278871837496189
 20
19.99273696008813
 30
0.0
  0
VERTEX
  5
11C1
  8
REAR_LEG
 10
0.6153670662956626
 20
20.00984145893704
 30
0.0
  0
VERTEX
  5
11C2
  8
REAR_LEG
 10
0.6032746112734935
 20
20.02766139306903
 30
0.0
  0
VERTEX
  5
11C3
  8
REAR_LEG
 10
0.5916098186831115
 20
20.0461967624841
 30
0.0
  0
VERTEX
  5
11C4
  8
REAR_LEG
 10
0.5803726885245166
 20
20.06544756718226
 30
0.0
  0
VERTEX
  5
11C5
  8
REAR_LEG
 10
0.569563220797709
 20
20.0854138071635
 30
0.0
  0
VERTEX
  5
11C6
  8
REAR_LEG
 10
0.5591814155026886
 20
20.10609548242783
 30
0.0
  0
VERTEX
  5
11C7
  8
REAR_LEG
 10
0.5493311906135344
 20
20.12756053934291
 30
0.0
  0
VERTEX
  5
11C8
  8
REAR_LEG
 10
0.5401164641043257
 20
20.1498769242764
 30
0.0
  0
VERTEX
  5
11C9
  8
REAR_LEG
 10
0.5315372359750624
 20
20.17304463722831
 30
0.0
  0
VERTEX
  5
11CA
  8
REAR_LEG
 10
0.5235935062257446
 20
20.19706367819863
 30
0.0
  0
VERTEX
  5
11CB
  8
REAR_LEG
 10
0.5162852748563722
 20
20.22193404718738
 30
0.0
  0
VERTEX
  5
11CC
  8
REAR_LEG
 10
0.5096125418669452
 20
20.24765574419454
 30
0.0
  0
VERTEX
  5
11CD
  8
REAR_LEG
 10
0.5035753072574636
 20
20.27422876922012
 30
0.0
  0
VERTEX
  5
11CE
  8
REAR_LEG
 10
0.4981735710279275
 20
20.30165312226412
 30
0.0
  0
VERTEX
  5
11CF
  8
REAR_LEG
 10
0.4934073331783367
 20
20.32992880332653
 30
0.0
  0
VERTEX
  5
11D0
  8
REAR_LEG
 10
0.4892765937086915
 20
20.35905581240736
 30
0.0
  0
VERTEX
  5
11D1
  8
REAR_LEG
 10
0.4857813526189916
 20
20.38903414950661
 30
0.0
  0
VERTEX
  5
11D2
  8
REAR_LEG
 10
0.4829216099092372
 20
20.41986381462428
 30
0.0
  0
VERTEX
  5
11D3
  8
REAR_LEG
 10
0.4806973655794282
 20
20.45154480776036
 30
0.0
  0
VERTEX
  5
11D4
  8
REAR_LEG
 10
0.4791086196295646
 20
20.48407712891487
 30
0.0
  0
VERTEX
  5
11D5
  8
REAR_LEG
 10
0.4781553720596464
 20
20.51746077808779
 30
0.0
  0
VERTEX
  5
11D6
  8
REAR_LEG
 10
0.4778376228696737
 20
20.55169575527912
 30
0.0
  0
VERTEX
  5
11D7
  8
REAR_LEG
 10
0.4780044911549738
 20
20.57687138331672
 30
0.0
  0
VERTEX
  5
11D8
  8
REAR_LEG
 10
0.4785050960108742
 20
20.60162234655641
 30
0.0
  0
VERTEX
  5
11D9
  8
REAR_LEG
 10
0.4793394374373749
 20
20.62594864499818
 30
0.0
  0
VERTEX
  5
11DA
  8
REAR_LEG
 10
0.4805075154344758
 20
20.64985027864202
 30
0.0
  0
VERTEX
  5
11DB
  8
REAR_LEG
 10
0.4820093300021771
 20
20.67332724748794
 30
0.0
  0
VERTEX
  5
11DC
  8
REAR_LEG
 10
0.4838448811404786
 20
20.69637955153595
 30
0.0
  0
VERTEX
  5
11DD
  8
REAR_LEG
 10
0.4860141688493804
 20
20.71900719078603
 30
0.0
  0
VERTEX
  5
11DE
  8
REAR_LEG
 10
0.4885171931288824
 20
20.7412101652382
 30
0.0
  0
VERTEX
  5
11DF
  8
REAR_LEG
 10
0.4913539539789847
 20
20.76298847489245
 30
0.0
  0
VERTEX
  5
11E0
  8
REAR_LEG
 10
0.4945244513996873
 20
20.78434211974877
 30
0.0
  0
VERTEX
  5
11E1
  8
REAR_LEG
 10
0.4980286853909902
 20
20.80527109980718
 30
0.0
  0
VERTEX
  5
11E2
  8
REAR_LEG
 10
0.5018666559528933
 20
20.82577541506766
 30
0.0
  0
VERTEX
  5
11E3
  8
REAR_LEG
 10
0.5060383630853966
 20
20.84585506553023
 30
0.0
  0
VERTEX
  5
11E4
  8
REAR_LEG
 10
0.5105438067885004
 20
20.86551005119488
 30
0.0
  0
VERTEX
  5
11E5
  8
REAR_LEG
 10
0.5153829870622044
 20
20.88474037206161
 30
0.0
  0
VERTEX
  5
11E6
  8
REAR_LEG
 10
0.5205559039065086
 20
20.90354602813042
 30
0.0
  0
VERTEX
  5
11E7
  8
REAR_LEG
 10
0.526062557321413
 20
20.92192701940131
 30
0.0
  0
VERTEX
  5
11E8
  8
REAR_LEG
 10
0.5319029473069179
 20
20.93988334587428
 30
0.0
  0
VERTEX
  5
11E9
  8
REAR_LEG
 10
0.538077073863023
 20
20.95741500754933
 30
0.0
  0
VERTEX
  5
11EA
  8
REAR_LEG
 10
0.5445849369897282
 20
20.97452200442646
 30
0.0
  0
VERTEX
  5
11EB
  8
REAR_LEG
 10
0.5514265366870339
 20
20.99120433650568
 30
0.0
  0
VERTEX
  5
11EC
  8
REAR_LEG
 10
0.5586018729549397
 20
21.00746200378697
 30
0.0
  0
VERTEX
  5
11ED
  8
REAR_LEG
 10
0.5661109457934459
 20
21.02329500627034
 30
0.0
  0
VERTEX
  5
11EE
  8
REAR_LEG
 10
0.5739537552025522
 20
21.0387033439558
 30
0.0
  0
VERTEX
  5
11EF
  8
REAR_LEG
 10
0.582130301182259
 20
21.05368701684333
 30
0.0
  0
VERTEX
  5
11F0
  8
REAR_LEG
 10
0.5906405837325659
 20
21.06824602493295
 30
0.0
  0
VERTEX
  5
11F1
  8
REAR_LEG
 10
0.599484602853473
 20
21.08238036822464
 30
0.0
  0
VERTEX
  5
11F2
  8
REAR_LEG
 10
0.6086623585449805
 20
21.09609004671842
 30
0.0
  0
VERTEX
  5
11F3
  8
REAR_LEG
 10
0.6181738508070882
 20
21.10937506041427
 30
0.0
  0
VERTEX
  5
11F4
  8
REAR_LEG
 10
0.6280190796397963
 20
21.12223540931221
 30
0.0
  0
VERTEX
  5
11F5
  8
REAR_LEG
 10
0.6381980450431046
 20
21.13467109341222
 30
0.0
  0
VERTEX
  5
11F6
  8
REAR_LEG
 10
0.6487107470170133
 20
21.14668211271432
 30
0.0
  0
VERTEX
  5
11F7
  8
REAR_LEG
 10
0.6595192155325318
 20
21.1582964451346
 30
0.0
  0
VERTEX
  5
11F8
  8
REAR_LEG
 10
0.6705854805606696
 20
21.16954206858915
 30
0.0
  0
VERTEX
  5
11F9
  8
REAR_LEG
 10
0.6819095421014268
 20
21.18041898307798
 30
0.0
  0
VERTEX
  5
11FA
  8
REAR_LEG
 10
0.6934914001548033
 20
21.19092718860109
 30
0.0
  0
VERTEX
  5
11FB
  8
REAR_LEG
 10
0.7053310547207992
 20
21.20106668515847
 30
0.0
  0
VERTEX
  5
11FC
  8
REAR_LEG
 10
0.7174285057994145
 20
21.21083747275014
 30
0.0
  0
VERTEX
  5
11FD
  8
REAR_LEG
 10
0.7297837533906493
 20
21.22023955137607
 30
0.0
  0
VERTEX
  5
11FE
  8
REAR_LEG
 10
0.7423967974945032
 20
21.22927292103629
 30
0.0
  0
VERTEX
  5
11FF
  8
REAR_LEG
 10
0.7552676381109766
 20
21.23793758173078
 30
0.0
  0
VERTEX
  5
1200
  8
REAR_LEG
 10
0.7683962752400695
 20
21.24623353345955
 30
0.0
  0
VERTEX
  5
1201
  8
REAR_LEG
 10
0.7817827088817817
 20
21.25416077622259
 30
0.0
  0
VERTEX
  5
1202
  8
REAR_LEG
 10
0.7954269390361131
 20
21.26171931001992
 30
0.0
  0
VERTEX
  5
1203
  8
REAR_LEG
 10
0.809328965703064
 20
21.26890913485152
 30
0.0
  0
VERTEX
  5
1204
  8
REAR_LEG
 10
0.8234887888826341
 20
21.27573025071739
 30
0.0
  0
VERTEX
  5
1205
  8
REAR_LEG
 10
0.8379064085748237
 20
21.28218265761754
 30
0.0
  0
VERTEX
  5
1206
  8
REAR_LEG
 10
0.8525818247796326
 20
21.28826635555198
 30
0.0
  0
VERTEX
  5
1207
  8
REAR_LEG
 10
0.867515037497061
 20
21.29398134452068
 30
0.0
  0
VERTEX
  5
1208
  8
REAR_LEG
 10
0.8827060467271088
 20
21.29932762452367
 30
0.0
  0
VERTEX
  5
1209
  8
REAR_LEG
 10
0.898154852469776
 20
21.30430519556093
 30
0.0
  0
VERTEX
  5
120A
  8
REAR_LEG
 10
0.9138614547250625
 20
21.30891405763247
 30
0.0
  0
VERTEX
  5
120B
  8
REAR_LEG
 10
0.9298258534929684
 20
21.31315421073828
 30
0.0
  0
VERTEX
  5
120C
  8
REAR_LEG
 10
0.9460480487734937
 20
21.31702565487837
 30
0.0
  0
VERTEX
  5
120D
  8
REAR_LEG
 10
0.9625280405666383
 20
21.32052839005274
 30
0.0
  0
VERTEX
  5
120E
  8
REAR_LEG
 10
0.9792658288724021
 20
21.32366241626139
 30
0.0
  0
VERTEX
  5
120F
  8
REAR_LEG
 10
0.9962614136907854
 20
21.32642773350431
 30
0.0
  0
VERTEX
  5
1210
  8
REAR_LEG
 10
1.013514795021788
 20
21.32882434178151
 30
0.0
  0
VERTEX
  5
1211
  8
REAR_LEG
 10
1.03102597286541
 20
21.33085224109299
 30
0.0
  0
VERTEX
  5
1212
  8
REAR_LEG
 10
1.048794947221652
 20
21.33251143143874
 30
0.0
  0
VERTEX
  5
1213
  8
REAR_LEG
 10
1.066821718090513
 20
21.33380191281877
 30
0.0
  0
VERTEX
  5
1214
  8
REAR_LEG
 10
1.085106285471993
 20
21.33472368523308
 30
0.0
  0
VERTEX
  5
1215
  8
REAR_LEG
 10
1.103648649366092
 20
21.33527674868166
 30
0.0
  0
VERTEX
  5
1216
  8
REAR_LEG
 10
1.122448809772811
 20
21.33546110316453
 30
0.0
  0
VERTEX
  5
1217
  8
REAR_LEG
 10
1.144537374532361
 20
21.33529923093567
 30
0.0
  0
VERTEX
  5
1218
  8
REAR_LEG
 10
1.166038403053848
 20
21.33481361424911
 30
0.0
  0
VERTEX
  5
1219
  8
REAR_LEG
 10
1.186951895337273
 20
21.33400425310484
 30
0.0
  0
VERTEX
  5
121A
  8
REAR_LEG
 10
1.207277851382634
 20
21.33287114750286
 30
0.0
  0
VERTEX
  5
121B
  8
REAR_LEG
 10
1.227016271189933
 20
21.33141429744317
 30
0.0
  0
VERTEX
  5
121C
  8
REAR_LEG
 10
1.246167154759169
 20
21.32963370292578
 30
0.0
  0
VERTEX
  5
121D
  8
REAR_LEG
 10
1.264730502090342
 20
21.32752936395068
 30
0.0
  0
VERTEX
  5
121E
  8
REAR_LEG
 10
1.282706313183453
 20
21.32510128051787
 30
0.0
  0
VERTEX
  5
121F
  8
REAR_LEG
 10
1.3000945880385
 20
21.32234945262735
 30
0.0
  0
VERTEX
  5
1220
  8
REAR_LEG
 10
1.316895326655485
 20
21.31927388027913
 30
0.0
  0
VERTEX
  5
1221
  8
REAR_LEG
 10
1.333108529034408
 20
21.31587456347319
 30
0.0
  0
VERTEX
  5
1222
  8
REAR_LEG
 10
1.348734195175267
 20
21.31215150220955
 30
0.0
  0
VERTEX
  5
1223
  8
REAR_LEG
 10
1.363772325078064
 20
21.30810469648819
 30
0.0
  0
VERTEX
  5
1224
  8
REAR_LEG
 10
1.378222918742798
 20
21.30373414630914
 30
0.0
  0
VERTEX
  5
1225
  8
REAR_LEG
 10
1.392085976169469
 20
21.29903985167237
 30
0.0
  0
VERTEX
  5
1226
  8
REAR_LEG
 10
1.405361497358077
 20
21.2940218125779
 30
0.0
  0
VERTEX
  5
1227
  8
REAR_LEG
 10
1.418205359269742
 20
21.28869201956119
 30
0.0
  0
VERTEX
  5
1228
  8
REAR_LEG
 10
1.430773438865581
 20
21.28306246315771
 30
0.0
  0
VERTEX
  5
1229
  8
REAR_LEG
 10
1.443065736145595
 20
21.27713314336746
 30
0.0
  0
VERTEX
  5
122A
  8
REAR_LEG
 10
1.455082251109783
 20
21.27090406019045
 30
0.0
  0
VERTEX
  5
122B
  8
REAR_LEG
 10
1.466822983758146
 20
21.26437521362667
 30
0.0
  0
VERTEX
  5
122C
  8
REAR_LEG
 10
1.478287934090683
 20
21.25754660367613
 30
0.0
  0
VERTEX
  5
122D
  8
REAR_LEG
 10
1.489477102107395
 20
21.25041823033881
 30
0.0
  0
VERTEX
  5
122E
  8
REAR_LEG
 10
1.500390487808282
 20
21.24299009361473
 30
0.0
  0
VERTEX
  5
122F
  8
REAR_LEG
 10
1.511028091193343
 20
21.23526219350389
 30
0.0
  0
VERTEX
  5
1230
  8
REAR_LEG
 10
1.521389912262579
 20
21.22723453000628
 30
0.0
  0
VERTEX
  5
1231
  8
REAR_LEG
 10
1.53147595101599
 20
21.2189071031219
 30
0.0
  0
VERTEX
  5
1232
  8
REAR_LEG
 10
1.541286207453575
 20
21.21027991285075
 30
0.0
  0
VERTEX
  5
1233
  8
REAR_LEG
 10
1.550820681575335
 20
21.20135295919284
 30
0.0
  0
VERTEX
  5
1234
  8
REAR_LEG
 10
1.56007937338127
 20
21.19212624214816
 30
0.0
  0
VERTEX
  5
1235
  8
REAR_LEG
 10
1.569062282871379
 20
21.18259976171671
 30
0.0
  0
VERTEX
  5
1236
  8
REAR_LEG
 10
1.577769410045663
 20
21.1727735178985
 30
0.0
  0
VERTEX
  5
1237
  8
REAR_LEG
 10
1.586210747017013
 20
21.16263751858063
 30
0.0
  0
VERTEX
  5
1238
  8
REAR_LEG
 10
1.594396285898323
 20
21.1521817716502
 30
0.0
  0
VERTEX
  5
1239
  8
REAR_LEG
 10
1.602326026689592
 20
21.14140627710723
 30
0.0
  0
VERTEX
  5
123A
  8
REAR_LEG
 10
1.60999996939082
 20
21.1303110349517
 30
0.0
  0
VERTEX
  5
123B
  8
REAR_LEG
 10
1.617418114002007
 20
21.11889604518363
 30
0.0
  0
VERTEX
  5
123C
  8
REAR_LEG
 10
1.624580460523152
 20
21.107161307803
 30
0.0
  0
VERTEX
  5
123D
  8
REAR_LEG
 10
1.631487008954258
 20
21.09510682280982
 30
0.0
  0
VERTEX
  5
123E
  8
REAR_LEG
 10
1.638137759295322
 20
21.08273259020409
 30
0.0
  0
VERTEX
  5
123F
  8
REAR_LEG
 10
1.644532711546345
 20
21.07003860998581
 30
0.0
  0
VERTEX
  5
1240
  8
REAR_LEG
 10
1.650671865707327
 20
21.05702488215498
 30
0.0
  0
VERTEX
  5
1241
  8
REAR_LEG
 10
1.656555221778269
 20
21.04369140671159
 30
0.0
  0
VERTEX
  5
1242
  8
REAR_LEG
 10
1.662182779759169
 20
21.03003818365566
 30
0.0
  0
VERTEX
  5
1243
  8
REAR_LEG
 10
1.667554539650029
 20
21.01606521298717
 30
0.0
  0
VERTEX
  5
1244
  8
REAR_LEG
 10
1.672670501450847
 20
21.00177249470614
 30
0.0
  0
VERTEX
  5
1245
  8
REAR_LEG
 10
1.677530665161625
 20
20.98716002881255
 30
0.0
  0
SEQEND
  5
15B7
  8
REAR_LEG
  0
POLYLINE
  5
93
  8
REAR_LEG
 66
     1
 10
0.0
 20
0.0
 30
0.0
 70
     1
  0
VERTEX
  5
1246
  8
REAR_LEG
 10
0.9147407606595782
 20
20.30408320411951
 30
0.0
  0
VERTEX
  5
1247
  8
REAR_LEG
 10
0.9149805713689916
 20
20.28906905528765
 30
0.0
  0
VERTEX
  5
1248
  8
REAR_LEG
 10
0.9157000034972318
 20
20.27446658150695
 30
0.0
  0
VERTEX
  5
1249
  8
REAR_LEG
 10
0.9168990570442986
 20
20.26027578277742
 30
0.0
  0
VERTEX
  5
124A
  8
REAR_LEG
 10
0.9185777320101922
 20
20.24649665909904
 30
0.0
  0
VERTEX
  5
124B
  8
REAR_LEG
 10
0.9207360283949125
 20
20.23312921047183
 30
0.0
  0
VERTEX
  5
124C
  8
REAR_LEG
 10
0.9233739461984596
 20
20.22017343689577
 30
0.0
  0
VERTEX
  5
124D
  8
REAR_LEG
 10
0.9264914854208334
 20
20.20762933837087
 30
0.0
  0
VERTEX
  5
124E
  8
REAR_LEG
 10
0.9300886460620339
 20
20.19549691489713
 30
0.0
  0
VERTEX
  5
124F
  8
REAR_LEG
 10
0.9341654281220612
 20
20.18377616647456
 30
0.0
  0
VERTEX
  5
1250
  8
REAR_LEG
 10
0.9387218316009152
 20
20.17246709310314
 30
0.0
  0
VERTEX
  5
1251
  8
REAR_LEG
 10
0.9437578564985959
 20
20.16156969478288
 30
0.0
  0
VERTEX
  5
1252
  8
REAR_LEG
 10
0.9492735028151034
 20
20.15108397151378
 30
0.0
  0
VERTEX
  5
1253
  8
REAR_LEG
 10
0.9552687705504377
 20
20.14100992329584
 30
0.0
  0
VERTEX
  5
1254
  8
REAR_LEG
 10
0.9617436597045987
 20
20.13134755012905
 30
0.0
  0
VERTEX
  5
1255
  8
REAR_LEG
 10
0.9686981702775864
 20
20.12209685201343
 30
0.0
  0
VERTEX
  5
1256
  8
REAR_LEG
 10
0.9761323022694008
 20
20.11325782894897
 30
0.0
  0
VERTEX
  5
1257
  8
REAR_LEG
 10
0.9839141597898646
 20
20.10489443045818
 30
0.0
  0
VERTEX
  5
1258
  8
REAR_LEG
 10
0.9919118469488004
 20
20.09707060606357
 30
0.0
  0
VERTEX
  5
1259
  8
REAR_LEG
 10
1.000125363746208
 20
20.08978635576514
 30
0.0
  0
VERTEX
  5
125A
  8
REAR_LEG
 10
1.008554710182088
 20
20.08304167956289
 30
0.0
  0
VERTEX
  5
125B
  8
REAR_LEG
 10
1.01719988625644
 20
20.07683657745682
 30
0.0
  0
VERTEX
  5
125C
  8
REAR_LEG
 10
1.026060891969264
 20
20.07117104944692
 30
0.0
  0
VERTEX
  5
125D
  8
REAR_LEG
 10
1.03513772732056
 20
20.06604509553321
 30
0.0
  0
VERTEX
  5
125E
  8
REAR_LEG
 10
1.044430392310328
 20
20.06145871571569
 30
0.0
  0
VERTEX
  5
125F
  8
REAR_LEG
 10
1.053938886938568
 20
20.05741190999434
 30
0.0
  0
VERTEX
  5
1260
  8
REAR_LEG
 10
1.063663211205281
 20
20.05390467836916
 30
0.0
  0
VERTEX
  5
1261
  8
REAR_LEG
 10
1.073603365110465
 20
20.05093702084017
 30
0.0
  0
VERTEX
  5
1262
  8
REAR_LEG
 10
1.083759348654121
 20
20.04850893740737
 30
0.0
  0
VERTEX
  5
1263
  8
REAR_LEG
 10
1.094131161836249
 20
20.04662042807074
 30
0.0
  0
VERTEX
  5
1264
  8
REAR_LEG
 10
1.10471880465685
 20
20.04527149283028
 30
0.0
  0
VERTEX
  5
1265
  8
REAR_LEG
 10
1.115522277115922
 20
20.04446213168601
 30
0.0
  0
VERTEX
  5
1266
  8
REAR_LEG
 10
1.126541579213466
 20
20.04419234463792
 30
0.0
  0
VERTEX
  5
1267
  8
REAR_LEG
 10
1.136669584841024
 20
20.0444361521925
 30
0.0
  0
VERTEX
  5
1268
  8
REAR_LEG
 10
1.146589754520424
 20
20.0451675748562
 30
0.0
  0
VERTEX
  5
1269
  8
REAR_LEG
 10
1.156302088251666
 20
20.04638661262906
 30
0.0
  0
VERTEX
  5
126A
  8
REAR_LEG
 10
1.165806586034749
 20
20.04809326551105
 30
0.0
  0
VERTEX
  5
126B
  8
REAR_LEG
 10
1.175103247869674
 20
20.05028753350218
 30
0.0
  0
VERTEX
  5
126C
  8
REAR_LEG
 10
1.18419207375644
 20
20.05296941660246
 30
0.0
  0
VERTEX
  5
126D
  8
REAR_LEG
 10
1.193073063695049
 20
20.05613891481187
 30
0.0
  0
VERTEX
  5
126E
  8
REAR_LEG
 10
1.201746217685499
 20
20.05979602813042
 30
0.0
  0
VERTEX
  5
126F
  8
REAR_LEG
 10
1.210211535727791
 20
20.06394075655811
 30
0.0
  0
VERTEX
  5
1270
  8
REAR_LEG
 10
1.218469017821925
 20
20.06857310009495
 30
0.0
  0
VERTEX
  5
1271
  8
REAR_LEG
 10
1.2265186639679
 20
20.07369305874093
 30
0.0
  0
VERTEX
  5
1272
  8
REAR_LEG
 10
1.234360474165717
 20
20.07930063249604
 30
0.0
  0
VERTEX
  5
1273
  8
REAR_LEG
 10
1.241994448415376
 20
20.0853958213603
 30
0.0
  0
VERTEX
  5
1274
  8
REAR_LEG
 10
1.249420586716877
 20
20.0919786253337
 30
0.0
  0
VERTEX
  5
1275
  8
REAR_LEG
 10
1.256638889070219
 20
20.09904904441623
 30
0.0
  0
VERTEX
  5
1276
  8
REAR_LEG
 10
1.263649355475404
 20
20.10660707860791
 30
0.0
  0
VERTEX
  5
1277
  8
REAR_LEG
 10
1.270340074268037
 20
20.11464873106357
 30
0.0
  0
VERTEX
  5
1278
  8
REAR_LEG
 10
1.276599133783726
 20
20.12317000493806
 30
0.0
  0
VERTEX
  5
1279
  8
REAR_LEG
 10
1.282426534022471
 20
20.13217090023138
 30
0.0
  0
VERTEX
  5
127A
  8
REAR_LEG
 10
1.287822274984271
 20
20.14165141694352
 30
0.0
  0
VERTEX
  5
127B
  8
REAR_LEG
 10
1.292786356669128
 20
20.15161155507449
 30
0.0
  0
VERTEX
  5
127C
  8
REAR_LEG
 10
1.29731877907704
 20
20.16205131462428
 30
0.0
  0
VERTEX
  5
127D
  8
REAR_LEG
 10
1.301419542208009
 20
20.1729706955929
 30
0.0
  0
VERTEX
  5
127E
  8
REAR_LEG
 10
1.305088646062034
 20
20.18436969798035
 30
0.0
  0
VERTEX
  5
127F
  8
REAR_LEG
 10
1.308326090639114
 20
20.19624832178663
 30
0.0
  0
VERTEX
  5
1280
  8
REAR_LEG
 10
1.311131875939251
 20
20.20860656701173
 30
0.0
  0
VERTEX
  5
1281
  8
REAR_LEG
 10
1.313506001962443
 20
20.22144443365566
 30
0.0
  0
VERTEX
  5
1282
  8
REAR_LEG
 10
1.315448468708691
 20
20.23476192171841
 30
0.0
  0
VERTEX
  5
1283
  8
REAR_LEG
 10
1.316959276177995
 20
20.24855903119999
 30
0.0
  0
VERTEX
  5
1284
  8
REAR_LEG
 10
1.318038424370356
 20
20.2628357621004
 30
0.0
  0
VERTEX
  5
1285
  8
REAR_LEG
 10
1.318685913285772
 20
20.27759211441964
 30
0.0
  0
VERTEX
  5
1286
  8
REAR_LEG
 10
1.318901742924244
 20
20.29282808815771
 30
0.0
  0
VERTEX
  5
1287
  8
REAR_LEG
 10
1.318677919595458
 20
20.30845175587599
 30
0.0
  0
VERTEX
  5
1288
  8
REAR_LEG
 10
1.318006449609101
 20
20.32360379586575
 30
0.0
  0
VERTEX
  5
1289
  8
REAR_LEG
 10
1.316887332965172
 20
20.33828420812701
 30
0.0
  0
VERTEX
  5
128A
  8
REAR_LEG
 10
1.315320569663671
 20
20.35249299265975
 30
0.0
  0
VERTEX
  5
128B
  8
REAR_LEG
 10
1.313306159704598
 20
20.36623014946398
 30
0.0
  0
VERTEX
  5
128C
  8
REAR_LEG
 10
1.310844103087955
 20
20.3794956785397
 30
0.0
  0
VERTEX
  5
128D
  8
REAR_LEG
 10
1.307934399813739
 20
20.3922895798869
 30
0.0
  0
VERTEX
  5
128E
  8
REAR_LEG
 10
1.304577049881952
 20
20.40461185350559
 30
0.0
  0
VERTEX
  5
128F
  8
REAR_LEG
 10
1.300772053292593
 20
20.41646249939577
 30
0.0
  0
VERTEX
  5
1290
  8
REAR_LEG
 10
1.296519410045663
 20
20.42784151755744
 30
0.0
  0
VERTEX
  5
1291
  8
REAR_LEG
 10
1.29181912014116
 20
20.43874890799059
 30
0.0
  0
VERTEX
  5
1292
  8
REAR_LEG
 10
1.286671183579087
 20
20.44918467069522
 30
0.0
  0
VERTEX
  5
1293
  8
REAR_LEG
 10
1.281075600359442
 20
20.45914880567135
 30
0.0
  0
VERTEX
  5
1294
  8
REAR_LEG
 10
1.275032370482225
 20
20.46864131291896
 30
0.0
  0
VERTEX
  5
1295
  8
REAR_LEG
 10
1.268541493947436
 20
20.47766219243806
 30
0.0
  0
VERTEX
  5
1296
  8
REAR_LEG
 10
1.261602970755076
 20
20.48621144422865
 30
0.0
  0
VERTEX
  5
1297
  8
REAR_LEG
 10
1.254332709414694
 20
20.49426508721978
 30
0.0
  0
VERTEX
  5
1298
  8
REAR_LEG
 10
1.24684661843584
 20
20.50179914034052
 30
0.0
  0
VERTEX
  5
1299
  8
REAR_LEG
 10
1.239144697818514
 20
20.50881360359086
 30
0.0
  0
VERTEX
  5
129A
  8
REAR_LEG
 10
1.231226947562716
 20
20.5153084769708
 30
0.0
  0
VERTEX
  5
129B
  8
REAR_LEG
 10
1.223093367668446
 20
20.52128376048035
 30
0.0
  0
VERTEX
  5
129C
  8
REAR_LEG
 10
1.214743958135704
 20
20.52673945411951
 30
0.0
  0
VERTEX
  5
129D
  8
REAR_LEG
 10
1.206178718964489
 20
20.53167555788827
 30
0.0
  0
VERTEX
  5
129E
  8
REAR_LEG
 10
1.197397650154803
 20
20.53609207178663
 30
0.0
  0
VERTEX
  5
129F
  8
REAR_LEG
 10
1.188400751706645
 20
20.5399889958146
 30
0.0
  0
VERTEX
  5
12A0
  8
REAR_LEG
 10
1.179188023620015
 20
20.54336632997217
 30
0.0
  0
VERTEX
  5
12A1
  8
REAR_LEG
 10
1.169759465894912
 20
20.54622407425935
 30
0.0
  0
VERTEX
  5
12A2
  8
REAR_LEG
 10
1.160115078531338
 20
20.54856222867613
 30
0.0
  0
VERTEX
  5
12A3
  8
REAR_LEG
 10
1.150254861529292
 20
20.55038079322251
 30
0.0
  0
VERTEX
  5
12A4
  8
REAR_LEG
 10
1.140178814888773
 20
20.5516797678985
 30
0.0
  0
VERTEX
  5
12A5
  8
REAR_LEG
 10
1.129886938609783
 20
20.55245915270409
 30
0.0
  0
VERTEX
  5
12A6
  8
REAR_LEG
 10
1.11937923269232
 20
20.55271894763929
 30
0.0
  0
VERTEX
  5
12A7
  8
REAR_LEG
 10
1.108617727107396
 20
20.55246714639441
 30
0.0
  0
VERTEX
  5
12A8
  8
REAR_LEG
 10
1.098076048006099
 20
20.55171174265976
 30
0.0
  0
VERTEX
  5
12A9
  8
REAR_LEG
 10
1.087754195388432
 20
20.55045273643534
 30
0.0
  0
VERTEX
  5
12AA
  8
REAR_LEG
 10
1.077652169254394
 20
20.54869012772114
 30
0.0
  0
VERTEX
  5
12AB
  8
REAR_LEG
 10
1.067769969603985
 20
20.54642391651719
 30
0.0
  0
VERTEX
  5
12AC
  8
REAR_LEG
 10
1.058107596437204
 20
20.54365410282346
 30
0.0
  0
VERTEX
  5
12AD
  8
REAR_LEG
 10
1.048665049754053
 20
20.54038068663997
 30
0.0
  0
VERTEX
  5
12AE
  8
REAR_LEG
 10
1.039442329554531
 20
20.53660366796671
 30
0.0
  0
VERTEX
  5
12AF
  8
REAR_LEG
 10
1.030439435838637
 20
20.53232304680368
 30
0.0
  0
VERTEX
  5
12B0
  8
REAR_LEG
 10
1.021656368606372
 20
20.52753882315088
 30
0.0
  0
VERTEX
  5
12B1
  8
REAR_LEG
 10
1.013093127857736
 20
20.52225099700832
 30
0.0
  0
VERTEX
  5
12B2
  8
REAR_LEG
 10
1.00474971359273
 20
20.51645956837599
 30
0.0
  0
VERTEX
  5
12B3
  8
REAR_LEG
 10
0.9966261258113518
 20
20.51016453725389
 30
0.0
  0
VERTEX
  5
12B4
  8
REAR_LEG
 10
0.9887223645136027
 20
20.50336590364202
 30
0.0
  0
VERTEX
  5
12B5
  8
REAR_LEG
 10
0.9810384296994827
 20
20.49606366754038
 30
0.0
  0
VERTEX
  5
12B6
  8
REAR_LEG
 10
0.9735743213689916
 20
20.48825782894897
 30
0.0
  0
VERTEX
  5
12B7
  8
REAR_LEG
 10
0.9664499448768361
 20
20.47998435947422
 30
0.0
  0
VERTEX
  5
12B8
  8
REAR_LEG
 10
0.9597852055777227
 20
20.47127923072251
 30
0.0
  0
VERTEX
  5
12B9
  8
REAR_LEG
 10
0.9535801034716518
 20
20.46214244269386
 30
0.0
  0
VERTEX
  5
12BA
  8
REAR_LEG
 10
0.9478346385586232
 20
20.45257399538826
 30
0.0
  0
VERTEX
  5
12BB
  8
REAR_LEG
 10
0.9425488108386368
 20
20.44257388880573
 30
0.0
  0
VERTEX
  5
12BC
  8
REAR_LEG
 10
0.9377226203116927
 20
20.43214212294625
 30
0.0
  0
VERTEX
  5
12BD
  8
REAR_LEG
 10
0.933356066977791
 20
20.42127869780982
 30
0.0
  0
VERTEX
  5
12BE
  8
REAR_LEG
 10
0.9294491508369316
 20
20.40998361339645
 30
0.0
  0
VERTEX
  5
12BF
  8
REAR_LEG
 10
0.9260018718891144
 20
20.39825686970614
 30
0.0
  0
VERTEX
  5
12C0
  8
REAR_LEG
 10
0.9230142301343395
 20
20.38609846673888
 30
0.0
  0
VERTEX
  5
12C1
  8
REAR_LEG
 10
0.920486225572607
 20
20.37350840449468
 30
0.0
  0
VERTEX
  5
12C2
  8
REAR_LEG
 10
0.9184178582039166
 20
20.36048668297353
 30
0.0
  0
VERTEX
  5
12C3
  8
REAR_LEG
 10
0.9168091280282686
 20
20.34703330217544
 30
0.0
  0
VERTEX
  5
12C4
  8
REAR_LEG
 10
0.9156600350456628
 20
20.33314826210041
 30
0.0
  0
VERTEX
  5
12C5
  8
REAR_LEG
 10
0.9149705792560994
 20
20.31883156274843
 30
0.0
  0
SEQEND
  5
15B8
  8
REAR_LEG
  0
POLYLINE
  5
94
  8
REAR_LEG
 66
     1
 10
0.0
 20
0.0
 30
0.0
 70
     1
  0
VERTEX
  5
12C6
  8
REAR_LEG
 10
1.873472002132976
 20
20.56602044832142
 30
0.0
  0
VERTEX
  5
12C7
  8
REAR_LEG
 10
1.873622383432004
 20
20.5925005466971
 30
0.0
  0
VERTEX
  5
12C8
  8
REAR_LEG
 10
1.874073527329088
 20
20.61847904100559
 30
0.0
  0
VERTEX
  5
12C9
  8
REAR_LEG
 10
1.874825433824228
 20
20.6439559312469
 30
0.0
  0
VERTEX
  5
12CA
  8
REAR_LEG
 10
1.875878102917424
 20
20.66893121742101
 30
0.0
  0
VERTEX
  5
12CB
  8
REAR_LEG
 10
1.877231534608676
 20
20.69340489952793
 30
0.0
  0
VERTEX
  5
12CC
  8
REAR_LEG
 10
1.878885728897983
 20
20.71737697756767
 30
0.0
  0
VERTEX
  5
12CD
  8
REAR_LEG
 10
1.880840685785347
 20
20.74084745154021
 30
0.0
  0
VERTEX
  5
12CE
  8
REAR_LEG
 10
1.883096405270766
 20
20.76381632144556
 30
0.0
  0
VERTEX
  5
12CF
  8
REAR_LEG
 10
1.885652887354242
 20
20.78628358728373
 30
0.0
  0
VERTEX
  5
12D0
  8
REAR_LEG
 10
1.888510132035773
 20
20.8082492490547
 30
0.0
  0
VERTEX
  5
12D1
  8
REAR_LEG
 10
1.89166813931536
 20
20.82971330675849
 30
0.0
  0
VERTEX
  5
12D2
  8
REAR_LEG
 10
1.895126909193004
 20
20.85067576039509
 30
0.0
  0
VERTEX
  5
12D3
  8
REAR_LEG
 10
1.898886441668703
 20
20.87113660996449
 30
0.0
  0
VERTEX
  5
12D4
  8
REAR_LEG
 10
1.902946736742458
 20
20.89109585546671
 30
0.0
  0
VERTEX
  5
12D5
  8
REAR_LEG
 10
1.907307794414269
 20
20.91055349690174
 30
0.0
  0
VERTEX
  5
12D6
  8
REAR_LEG
 10
1.911969614684136
 20
20.92950953426957
 30
0.0
  0
VERTEX
  5
12D7
  8
REAR_LEG
 10
1.916932197552059
 20
20.94796396757022
 30
0.0
  0
VERTEX
  5
12D8
  8
REAR_LEG
 10
1.922195543018038
 20
20.96591679680368
 30
0.0
  0
VERTEX
  5
12D9
  8
REAR_LEG
 10
1.927759651082073
 20
20.98336802196995
 30
0.0
  0
VERTEX
  5
12DA
  8
REAR_LEG
 10
1.933624521744163
 20
21.00031764306903
 30
0.0
  0
VERTEX
  5
12DB
  8
REAR_LEG
 10
1.93979015500431
 20
21.01676566010092
 30
0.0
  0
VERTEX
  5
12DC
  8
REAR_LEG
 10
1.946256550862512
 20
21.03271207306562
 30
0.0
  0
VERTEX
  5
12DD
  8
REAR_LEG
 10
1.953023709318771
 20
21.04815688196313
 30
0.0
  0
VERTEX
  5
12DE
  8
REAR_LEG
 10
1.960091630373086
 20
21.06310008679345
 30
0.0
  0
VERTEX
  5
12DF
  8
REAR_LEG
 10
1.967460314025456
 20
21.07754168755658
 30
0.0
  0
VERTEX
  5
12E0
  8
REAR_LEG
 10
1.975129760275882
 20
21.09148168425252
 30
0.0
  0
VERTEX
  5
12E1
  8
REAR_LEG
 10
1.983099969124365
 20
21.10492007688127
 30
0.0
  0
VERTEX
  5
12E2
  8
REAR_LEG
 10
1.991370940570903
 20
21.11785686544284
 30
0.0
  0
VERTEX
  5
12E3
  8
REAR_LEG
 10
1.999942674615497
 20
21.13029204993721
 30
0.0
  0
VERTEX
  5
12E4
  8
REAR_LEG
 10
2.008815171258147
 20
21.14222563036439
 30
0.0
  0
VERTEX
  5
12E5
  8
REAR_LEG
 10
2.017988430498853
 20
21.15365760672438
 30
0.0
  0
VERTEX
  5
12E6
  8
REAR_LEG
 10
2.027462452337615
 20
21.16458797901719
 30
0.0
  0
VERTEX
  5
12E7
  8
REAR_LEG
 10
2.037244231253457
 20
21.1751006809911
 30
0.0
  0
VERTEX
  5
12E8
  8
REAR_LEG
 10
2.047340761725405
 20
21.18527964639441
 30
0.0
  0
VERTEX
  5
12E9
  8
REAR_LEG
 10
2.057752043753457
 20
21.19512487522712
 30
0.0
  0
VERTEX
  5
12EA
  8
REAR_LEG
 10
2.068478077337614
 20
21.20463636748922
 30
0.0
  0
VERTEX
  5
12EB
  8
REAR_LEG
 10
2.079518862477877
 20
21.21381412318073
 30
0.0
  0
VERTEX
  5
12EC
  8
REAR_LEG
 10
2.090874399174245
 20
21.22265814230163
 30
0.0
  0
VERTEX
  5
12ED
  8
REAR_LEG
 10
2.102544687426717
 20
21.23116842485194
 30
0.0
  0
VERTEX
  5
12EE
  8
REAR_LEG
 10
2.114529727235295
 20
21.23934497083165
 30
0.0
  0
VERTEX
  5
12EF
  8
REAR_LEG
 10
2.126829518599978
 20
21.24718778024075
 30
0.0
  0
VERTEX
  5
12F0
  8
REAR_LEG
 10
2.139444061520766
 20
21.25469685307926
 30
0.0
  0
VERTEX
  5
12F1
  8
REAR_LEG
 10
2.152373355997659
 20
21.26187218934717
 30
0.0
  0
VERTEX
  5
12F2
  8
REAR_LEG
 10
2.165617402030657
 20
21.26871378904447
 30
0.0
  0
VERTEX
  5
12F3
  8
REAR_LEG
 10
2.17917619961976
 20
21.27522165217118
 30
0.0
  0
VERTEX
  5
12F4
  8
REAR_LEG
 10
2.193049748764968
 20
21.28139577872728
 30
0.0
  0
VERTEX
  5
12F5
  8
REAR_LEG
 10
2.207238049466281
 20
21.28723616871279
 30
0.0
  0
VERTEX
  5
12F6
  8
REAR_LEG
 10
2.221741101723699
 20
21.29274282212769
 30
0.0
  0
VERTEX
  5
12F7
  8
REAR_LEG
 10
2.236558905537223
 20
21.297915738972
 30
0.0
  0
VERTEX
  5
12F8
  8
REAR_LEG
 10
2.251691460906851
 20
21.3027549192457
 30
0.0
  0
VERTEX
  5
12F9
  8
REAR_LEG
 10
2.267138767832583
 20
21.3072603629488
 30
0.0
  0
VERTEX
  5
12FA
  8
REAR_LEG
 10
2.282900826314422
 20
21.31143207008131
 30
0.0
  0
VERTEX
  5
12FB
  8
REAR_LEG
 10
2.298977636352365
 20
21.31527004064321
 30
0.0
  0
VERTEX
  5
12FC
  8
REAR_LEG
 10
2.315369197946414
 20
21.31877427463451
 30
0.0
  0
VERTEX
  5
12FD
  8
REAR_LEG
 10
2.332075511096567
 20
21.32194477205521
 30
0.0
  0
VERTEX
  5
12FE
  8
REAR_LEG
 10
2.349096575802826
 20
21.32478153290532
 30
0.0
  0
VERTEX
  5
12FF
  8
REAR_LEG
 10
2.366432392065189
 20
21.32728455718481
 30
0.0
  0
VERTEX
  5
1300
  8
REAR_LEG
 10
2.384082959883658
 20
21.32945384489372
 30
0.0
  0
VERTEX
  5
1301
  8
REAR_LEG
 10
2.402048279258231
 20
21.33128939603202
 30
0.0
  0
VERTEX
  5
1302
  8
REAR_LEG
 10
2.42032835018891
 20
21.33279121059972
 30
0.0
  0
VERTEX
  5
1303
  8
REAR_LEG
 10
2.438923172675694
 20
21.33395928859682
 30
0.0
  0
VERTEX
  5
1304
  8
REAR_LEG
 10
2.457832746718584
 20
21.33479363002332
 30
0.0
  0
VERTEX
  5
1305
  8
REAR_LEG
 10
2.477057072317577
 20
21.33529423487922
 30
0.0
  0
VERTEX
  5
1306
  8
REAR_LEG
 10
2.496596149472676
 20
21.33546110316453
 30
0.0
  0
VERTEX
  5
1307
  8
REAR_LEG
 10
2.533606935625473
 20
21.33487756377162
 30
0.0
  0
VERTEX
  5
1308
  8
REAR_LEG
 10
2.551476830321926
 20
21.33414813953049
 30
0.0
  0
VERTEX
  5
1309
  8
REAR_LEG
 10
2.568923059431749
 20
21.3331269455929
 30
0.0
  0
VERTEX
  5
130A
  8
REAR_LEG
 10
2.585945622954941
 20
21.33181398195887
 30
0.0
  0
VERTEX
  5
130B
  8
REAR_LEG
 10
2.602544520891503
 20
21.33020924862837
 30
0.0
  0
VERTEX
  5
130C
  8
REAR_LEG
 10
2.618719753241435
 20
21.32831274560143
 30
0.0
  0
VERTEX
  5
130D
  8
REAR_LEG
 10
2.634471320004736
 20
21.32612447287803
 30
0.0
  0
VERTEX
  5
130E
  8
REAR_LEG
 10
2.649799221181408
 20
21.32364443045818
 30
0.0
  0
VERTEX
  5
130F
  8
REAR_LEG
 10
2.664703456771448
 20
21.32087261834188
 30
0.0
  0
VERTEX
  5
1310
  8
REAR_LEG
 10
2.679184026774859
 20
21.31780903652912
 30
0.0
  0
VERTEX
  5
1311
  8
REAR_LEG
 10
2.69324093119164
 20
21.31445368501991
 30
0.0
  0
VERTEX
  5
1312
  8
REAR_LEG
 10
2.70687417002179
 20
21.31080656381425
 30
0.0
  0
VERTEX
  5
1313
  8
REAR_LEG
 10
2.72008374326531
 20
21.30686767291214
 30
0.0
  0
VERTEX
  5
1314
  8
REAR_LEG
 10
2.732869650922199
 20
21.30263701231357
 30
0.0
  0
VERTEX
  5
1315
  8
REAR_LEG
 10
2.745231892992458
 20
21.29811458201855
 30
0.0
  0
VERTEX
  5
1316
  8
REAR_LEG
 10
2.768973153224382
 20
21.28842622935825
 30
0.0
  0
VERTEX
  5
1317
  8
REAR_LEG
 10
2.791595296812377
 20
21.27803443195034
 30
0.0
  0
VERTEX
  5
1318
  8
REAR_LEG
 10
2.813098323756442
 20
21.26693918979481
 30
0.0
  0
VERTEX
  5
1319
  8
REAR_LEG
 10
2.833482234056579
 20
21.25514050289167
 30
0.0
  0
VERTEX
  5
131A
  8
REAR_LEG
 10
2.852747027712786
 20
21.24263837124092
 30
0.0
  0
VERTEX
  5
131B
  8
REAR_LEG
 10
2.861959755799416
 20
21.23612351363519
 30
0.0
  0
VERTEX
  5
131C
  8
REAR_LEG
 10
2.870892704725064
 20
21.22943279484256
 30
0.0
  0
VERTEX
  5
131D
  8
REAR_LEG
 10
2.87954587448973
 20
21.22256621486302
 30
0.0
  0
VERTEX
  5
131E
  8
REAR_LEG
 10
2.887919265093413
 20
21.21552377369658
 30
0.0
  0
VERTEX
  5
131F
  8
REAR_LEG
 10
2.896012876536115
 20
21.20830547134324
 30
0.0
  0
VERTEX
  5
1320
  8
REAR_LEG
 10
2.903826708817833
 20
21.200911307803
 30
0.0
  0
VERTEX
  5
1321
  8
REAR_LEG
 10
2.918766916014286
 20
21.18585119525184
 30
0.0
  0
VERTEX
  5
1322
  8
REAR_LEG
 10
2.932891766798734
 20
21.17059923413315
 30
0.0
  0
VERTEX
  5
1323
  8
REAR_LEG
 10
2.946201261171176
 20
21.15515542444692
 30
0.0
  0
VERTEX
  5
1324
  8
REAR_LEG
 10
2.958695399131612
 20
21.13951976619317
 30
0.0
  0
VERTEX
  5
1325
  8
REAR_LEG
 10
2.970374180680043
 20
21.12369225937189
 30
0.0
  0
VERTEX
  5
1326
  8
REAR_LEG
 10
2.981237605816469
 20
21.10767290398308
 30
0.0
  0
VERTEX
  5
1327
  8
REAR_LEG
 10
2.991285674540889
 20
21.09146170002673
 30
0.0
  0
VERTEX
  5
1328
  8
REAR_LEG
 10
3.000518386853304
 20
21.07505864750286
 30
0.0
  0
VERTEX
  5
1329
  8
REAR_LEG
 10
3.009127591321244
 20
21.05821594201173
 30
0.0
  0
VERTEX
  5
132A
  8
REAR_LEG
 10
3.01730513651224
 20
21.04068577915361
 30
0.0
  0
VERTEX
  5
132B
  8
REAR_LEG
 10
3.025051022426292
 20
21.02246815892851
 30
0.0
  0
VERTEX
  5
132C
  8
REAR_LEG
 10
3.0323652490634
 20
21.00356308133642
 30
0.0
  0
VERTEX
  5
132D
  8
REAR_LEG
 10
3.039247816423563
 20
20.98397054637735
 30
0.0
  0
VERTEX
  5
132E
  8
REAR_LEG
 10
3.045698724506783
 20
20.96369055405129
 30
0.0
  0
VERTEX
  5
132F
  8
REAR_LEG
 10
3.051717973313059
 20
20.94272310435825
 30
0.0
  0
VERTEX
  5
1330
  8
REAR_LEG
 10
3.05730556284239
 20
20.92106819729822
 30
0.0
  0
VERTEX
  5
1331
  8
REAR_LEG
 10
3.062385553036797
 20
20.90003679808267
 30
0.0
  0
VERTEX
  5
1332
  8
REAR_LEG
 10
3.067137801928339
 20
20.87889348720272
 30
0.0
  0
VERTEX
  5
1333
  8
REAR_LEG
 10
3.071562309517015
 20
20.85763826465838
 30
0.0
  0
VERTEX
  5
1334
  8
REAR_LEG
 10
3.075659075802827
 20
20.83627113044965
 30
0.0
  0
VERTEX
  5
1335
  8
REAR_LEG
 10
3.079428100785774
 20
20.81479208457653
 30
0.0
  0
VERTEX
  5
1336
  8
REAR_LEG
 10
3.082869384465855
 20
20.79320112703901
 30
0.0
  0
VERTEX
  5
1337
  8
REAR_LEG
 10
3.085982926843072
 20
20.7714982578371
 30
0.0
  0
VERTEX
  5
1338
  8
REAR_LEG
 10
3.088768727917424
 20
20.7496834769708
 30
0.0
  0
VERTEX
  5
1339
  8
REAR_LEG
 10
3.091226787688911
 20
20.7277567844401
 30
0.0
  0
VERTEX
  5
133A
  8
REAR_LEG
 10
3.093357106157533
 20
20.70571818024502
 30
0.0
  0
VERTEX
  5
133B
  8
REAR_LEG
 10
3.09515968332329
 20
20.68356766438554
 30
0.0
  0
VERTEX
  5
133C
  8
REAR_LEG
 10
3.096634519186182
 20
20.66130523686166
 30
0.0
  0
VERTEX
  5
133D
  8
REAR_LEG
 10
3.09778161374621
 20
20.63893089767339
 30
0.0
  0
VERTEX
  5
133E
  8
REAR_LEG
 10
3.098600967003372
 20
20.61644464682073
 30
0.0
  0
VERTEX
  5
133F
  8
REAR_LEG
 10
3.099092578957669
 20
20.59384648430368
 30
0.0
  0
VERTEX
  5
1340
  8
REAR_LEG
 10
3.099256449609102
 20
20.57113641012224
 30
0.0
  0
VERTEX
  5
1341
  8
REAR_LEG
 10
3.098716875512922
 20
20.52096001602265
 30
0.0
  0
VERTEX
  5
1342
  8
REAR_LEG
 10
3.097098153224382
 20
20.47249427165021
 30
0.0
  0
VERTEX
  5
1343
  8
REAR_LEG
 10
3.094400282743481
 20
20.42573917700491
 30
0.0
  0
VERTEX
  5
1344
  8
REAR_LEG
 10
3.092646666930896
 20
20.40300312332995
 30
0.0
  0
VERTEX
  5
1345
  8
REAR_LEG
 10
3.090623264070221
 20
20.38069473208677
 30
0.0
  0
VERTEX
  5
1346
  8
REAR_LEG
 10
3.088330074161456
 20
20.35881400327537
 30
0.0
  0
VERTEX
  5
1347
  8
REAR_LEG
 10
3.0857670972046
 20
20.33736093689577
 30
0.0
  0
VERTEX
  5
1348
  8
REAR_LEG
 10
3.082934333199654
 20
20.31633553294795
 30
0.0
  0
VERTEX
  5
1349
  8
REAR_LEG
 10
3.079831782146619
 20
20.29573779143192
 30
0.0
  0
VERTEX
  5
134A
  8
REAR_LEG
 10
3.076459444045494
 20
20.27556771234768
 30
0.0
  0
VERTEX
  5
134B
  8
REAR_LEG
 10
3.072817318896278
 20
20.25582529569522
 30
0.0
  0
VERTEX
  5
134C
  8
REAR_LEG
 10
3.068905406698972
 20
20.23651054147455
 30
0.0
  0
VERTEX
  5
134D
  8
REAR_LEG
 10
3.064723707453576
 20
20.21762344968567
 30
0.0
  0
VERTEX
  5
134E
  8
REAR_LEG
 10
3.060272221160091
 20
20.19916402032858
 30
0.0
  0
VERTEX
  5
134F
  8
REAR_LEG
 10
3.055550947818515
 20
20.18113225340327
 30
0.0
  0
VERTEX
  5
1350
  8
REAR_LEG
 10
3.05055988742885
 20
20.16352814890976
 30
0.0
  0
VERTEX
  5
1351
  8
REAR_LEG
 10
3.045299039991094
 20
20.14635170684802
 30
0.0
  0
VERTEX
  5
1352
  8
REAR_LEG
 10
3.039768405505248
 20
20.12960292721807
 30
0.0
  0
VERTEX
  5
1353
  8
REAR_LEG
 10
3.033967983971312
 20
20.11328181001991
 30
0.0
  0
VERTEX
  5
1354
  8
REAR_LEG
 10
3.027897775389286
 20
20.09738835525354
 30
0.0
  0
VERTEX
  5
1355
  8
REAR_LEG
 10
3.02155777975917
 20
20.08192256291896
 30
0.0
  0
VERTEX
  5
1356
  8
REAR_LEG
 10
3.014947997080965
 20
20.06688443301616
 30
0.0
  0
VERTEX
  5
1357
  8
REAR_LEG
 10
3.008068427354669
 20
20.05227396554515
 30
0.0
  0
VERTEX
  5
1358
  8
REAR_LEG
 10
3.000919070580283
 20
20.03809116050593
 30
0.0
  0
VERTEX
  5
1359
  8
REAR_LEG
 10
2.993499926757806
 20
20.0243360178985
 30
0.0
  0
VERTEX
  5
135A
  8
REAR_LEG
 10
2.985810995887241
 20
20.01100853772285
 30
0.0
  0
VERTEX
  5
135B
  8
REAR_LEG
 10
2.977852277968584
 20
19.99810871997899
 30
0.0
  0
VERTEX
  5
135C
  8
REAR_LEG
 10
2.969623773001838
 20
19.98563656466692
 30
0.0
  0
VERTEX
  5
135D
  8
REAR_LEG
 10
2.961125480987001
 20
19.97359207178663
 30
0.0
  0
VERTEX
  5
135E
  8
REAR_LEG
 10
2.952297449246722
 20
19.96194626421074
 30
0.0
  0
VERTEX
  5
135F
  8
REAR_LEG
 10
2.943079725103646
 20
19.95067016481186
 30
0.0
  0
VERTEX
  5
1360
  8
REAR_LEG
 10
2.933472308557772
 20
19.93976377359
 30
0.0
  0
VERTEX
  5
1361
  8
REAR_LEG
 10
2.923475199609102
 20
19.92922709054515
 30
0.0
  0
VERTEX
  5
1362
  8
REAR_LEG
 10
2.913088398257636
 20
19.91906011567732
 30
0.0
  0
VERTEX
  5
1363
  8
REAR_LEG
 10
2.902311904503372
 20
19.90926284898649
 30
0.0
  0
VERTEX
  5
1364
  8
REAR_LEG
 10
2.891145718346313
 20
19.89983529047268
 30
0.0
  0
VERTEX
  5
1365
  8
REAR_LEG
 10
2.879589839786456
 20
19.89077744013588
 30
0.0
  0
VERTEX
  5
1366
  8
REAR_LEG
 10
2.867644268823803
 20
19.88208929797609
 30
0.0
  0
VERTEX
  5
1367
  8
REAR_LEG
 10
2.855309005458352
 20
19.87377086399331
 30
0.0
  0
VERTEX
  5
1368
  8
REAR_LEG
 10
2.842584049690105
 20
19.86582213818755
 30
0.0
  0
VERTEX
  5
1369
  8
REAR_LEG
 10
2.829469401519061
 20
19.8582431205588
 30
0.0
  0
VERTEX
  5
136A
  8
REAR_LEG
 10
2.815965060945221
 20
19.85103381110705
 30
0.0
  0
VERTEX
  5
136B
  8
REAR_LEG
 10
2.802071027968584
 20
19.84419420983233
 30
0.0
  0
VERTEX
  5
136C
  8
REAR_LEG
 10
2.78778730258915
 20
19.83772431673462
 30
0.0
  0
VERTEX
  5
136D
  8
REAR_LEG
 10
2.773113884806919
 20
19.83162413181391
 30
0.0
  0
VERTEX
  5
136E
  8
REAR_LEG
 10
2.758050774621892
 20
19.82589365507022
 30
0.0
  0
VERTEX
  5
136F
  8
REAR_LEG
 10
2.742597972034068
 20
19.82053288650355
 30
0.0
  0
VERTEX
  5
1370
  8
REAR_LEG
 10
2.726755477043447
 20
19.81554182611388
 30
0.0
  0
VERTEX
  5
1371
  8
REAR_LEG
 10
2.71052328965003
 20
19.81092047390123
 30
0.0
  0
VERTEX
  5
1372
  8
REAR_LEG
 10
2.693901409853815
 20
19.80666882986559
 30
0.0
  0
VERTEX
  5
1373
  8
REAR_LEG
 10
2.676889837654804
 20
19.80278689400696
 30
0.0
  0
VERTEX
  5
1374
  8
REAR_LEG
 10
2.659488573052997
 20
19.79927466632534
 30
0.0
  0
VERTEX
  5
1375
  8
REAR_LEG
 10
2.641697616048392
 20
19.79613214682074
 30
0.0
  0
VERTEX
  5
1376
  8
REAR_LEG
 10
2.623516966640992
 20
19.79335933549314
 30
0.0
  0
VERTEX
  5
1377
  8
REAR_LEG
 10
2.604946624830794
 20
19.79095623234256
 30
0.0
  0
VERTEX
  5
1378
  8
REAR_LEG
 10
2.585986590617799
 20
19.78892283736899
 30
0.0
  0
VERTEX
  5
1379
  8
REAR_LEG
 10
2.566636864002008
 20
19.78725915057244
 30
0.0
  0
VERTEX
  5
137A
  8
REAR_LEG
 10
2.54689744498342
 20
19.7859651719529
 30
0.0
  0
VERTEX
  5
137B
  8
REAR_LEG
 10
2.526768333562035
 20
19.78504090151036
 30
0.0
  0
VERTEX
  5
137C
  8
REAR_LEG
 10
2.506249529737854
 20
19.78448633924485
 30
0.0
  0
VERTEX
  5
137D
  8
REAR_LEG
 10
2.485341033510875
 20
19.78430148515634
 30
0.0
  0
VERTEX
  5
137E
  8
REAR_LEG
 10
2.461963486188228
 20
19.7845372990206
 30
0.0
  0
VERTEX
  5
137F
  8
REAR_LEG
 10
2.43915349087786
 20
19.78524474061337
 30
0.0
  0
VERTEX
  5
1380
  8
REAR_LEG
 10
2.41691104757977
 20
19.78642380993465
 30
0.0
  0
VERTEX
  5
1381
  8
REAR_LEG
 10
2.395236156293958
 20
19.78807450698445
 30
0.0
  0
VERTEX
  5
1382
  8
REAR_LEG
 10
2.374128817020425
 20
19.79019683176276
 30
0.0
  0
VERTEX
  5
1383
  8
REAR_LEG
 10
2.35358902975917
 20
19.79279078426958
 30
0.0
  0
VERTEX
  5
1384
  8
REAR_LEG
 10
2.333616794510193
 20
19.79585636450491
 30
0.0
  0
VERTEX
  5
1385
  8
REAR_LEG
 10
2.314212111273495
 20
19.79939357246876
 30
0.0
  0
VERTEX
  5
1386
  8
REAR_LEG
 10
2.295374980049075
 20
19.80340240816112
 30
0.0
  0
VERTEX
  5
1387
  8
REAR_LEG
 10
2.277105400836932
 20
19.80788287158199
 30
0.0
  0
VERTEX
  5
1388
  8
REAR_LEG
 10
2.259403373637069
 20
19.81283496273138
 30
0.0
  0
VERTEX
  5
1389
  8
REAR_LEG
 10
2.242268898449484
 20
19.81825868160928
 30
0.0
  0
VERTEX
  5
138A
  8
REAR_LEG
 10
2.225701975274177
 20
19.82415402821569
 30
0.0
  0
VERTEX
  5
138B
  8
REAR_LEG
 10
2.209702604111148
 20
19.83052100255061
 30
0.0
  0
VERTEX
  5
138C
  8
REAR_LEG
 10
2.194270784960398
 20
19.83735960461405
 30
0.0
  0
VERTEX
  5
138D
  8
REAR_LEG
 10
2.179406517821926
 20
19.844669834406
 30
0.0
  0
VERTEX
  5
138E
  8
REAR_LEG
 10
2.164989897341025
 20
19.85243570454584
 30
0.0
  0
VERTEX
  5
138F
  8
REAR_LEG
 10
2.15090101816299
 20
19.86064122765293
 30
0.0
  0
VERTEX
  5
1390
  8
REAR_LEG
 10
2.137139880287819
 20
19.86928640372728
 30
0.0
  0
VERTEX
  5
1391
  8
REAR_LEG
 10
2.123706483715513
 20
19.87837123276889
 30
0.0
  0
VERTEX
  5
1392
  8
REAR_LEG
 10
2.110600828446072
 20
19.88789571477776
 30
0.0
  0
VERTEX
  5
1393
  8
REAR_LEG
 10
2.097822914479497
 20
19.89785984975389
 30
0.0
  0
VERTEX
  5
1394
  8
REAR_LEG
 10
2.085372741815786
 20
19.90826363769727
 30
0.0
  0
VERTEX
  5
1395
  8
REAR_LEG
 10
2.073250310454941
 20
19.91910707860791
 30
0.0
  0
VERTEX
  5
1396
  8
REAR_LEG
 10
2.06145562039696
 20
19.93039017248581
 30
0.0
  0
VERTEX
  5
1397
  8
REAR_LEG
 10
2.049988671641843
 20
19.94211291933097
 30
0.0
  0
VERTEX
  5
1398
  8
REAR_LEG
 10
2.038849464189592
 20
19.95427531914338
 30
0.0
  0
VERTEX
  5
1399
  8
REAR_LEG
 10
2.028037998040206
 20
19.96687737192305
 30
0.0
  0
VERTEX
  5
139A
  8
REAR_LEG
 10
2.017554273193685
 20
19.97991907766998
 30
0.0
  0
VERTEX
  5
139B
  8
REAR_LEG
 10
2.00739828965003
 20
19.99340043638417
 30
0.0
  0
VERTEX
  5
139C
  8
REAR_LEG
 10
1.997570047409238
 20
20.00732144806562
 30
0.0
  0
VERTEX
  5
139D
  8
REAR_LEG
 10
1.988069546471312
 20
20.02168211271432
 30
0.0
  0
VERTEX
  5
139E
  8
REAR_LEG
 10
1.981384822946414
 20
20.03227974764781
 30
0.0
  0
VERTEX
  5
139F
  8
REAR_LEG
 10
1.974887951143891
 20
20.04335300715498
 30
0.0
  0
VERTEX
  5
13A0
  8
REAR_LEG
 10
1.968578931063741
 20
20.05490189123581
 30
0.0
  0
VERTEX
  5
13A1
  8
REAR_LEG
 10
1.962457762705964
 20
20.06692639989031
 30
0.0
  0
VERTEX
  5
13A2
  8
REAR_LEG
 10
1.956524446070562
 20
20.07942653311848
 30
0.0
  0
VERTEX
  5
13A3
  8
REAR_LEG
 10
1.950778981157533
 20
20.09240229092032
 30
0.0
  0
VERTEX
  5
13A4
  8
REAR_LEG
 10
1.945221367966878
 20
20.10585367329583
 30
0.0
  0
VERTEX
  5
13A5
  8
REAR_LEG
 10
1.939851606498597
 20
20.11978068024502
 30
0.0
  0
VERTEX
  5
13A6
  8
REAR_LEG
 10
1.93466969675269
 20
20.13418331176787
 30
0.0
  0
VERTEX
  5
13A7
  8
REAR_LEG
 10
1.929675638729156
 20
20.14906156786439
 30
0.0
  0
VERTEX
  5
13A8
  8
REAR_LEG
 10
1.924869432427997
 20
20.16441544853458
 30
0.0
  0
VERTEX
  5
13A9
  8
REAR_LEG
 10
1.920251077849211
 20
20.18024495377844
 30
0.0
  0
VERTEX
  5
13AA
  8
REAR_LEG
 10
1.915820574992799
 20
20.19655008359597
 30
0.0
  0
VERTEX
  5
13AB
  8
REAR_LEG
 10
1.911577923858761
 20
20.21333083798717
 30
0.0
  0
VERTEX
  5
13AC
  8
REAR_LEG
 10
1.903656176757806
 20
20.24831922049058
 30
0.0
  0
VERTEX
  5
13AD
  8
REAR_LEG
 10
1.896581760830111
 20
20.28473047986985
 30
0.0
  0
VERTEX
  5
13AE
  8
REAR_LEG
 10
1.890450600359443
 20
20.32208499470614
 30
0.0
  0
VERTEX
  5
13AF
  8
REAR_LEG
 10
1.8852626953458
 20
20.36038276499945
 30
0.0
  0
VERTEX
  5
13B0
  8
REAR_LEG
 10
1.881018045789184
 20
20.39962379074979
 30
0.0
  0
VERTEX
  5
13B1
  8
REAR_LEG
 10
1.877716651689593
 20
20.43980807195716
 30
0.0
  0
VERTEX
  5
13B2
  8
REAR_LEG
 10
1.875358513047028
 20
20.48093560862155
 30
0.0
  0
VERTEX
  5
13B3
  8
REAR_LEG
 10
1.87394362986149
 20
20.52300640074297
 30
0.0
  0
SEQEND
  5
15B9
  8
REAR_LEG
  0
POLYLINE
  5
95
  8
REAR_LEG
 66
     1
 10
0.0
 20
0.0
 30
0.0
 70
     1
  0
VERTEX
  5
13B4
  8
REAR_LEG
 10
2.286841715639116
 20
20.56499725596125
 30
0.0
  0
VERTEX
  5
13B5
  8
REAR_LEG
 10
2.287039559474382
 20
20.52989496337087
 30
0.0
  0
VERTEX
  5
13B6
  8
REAR_LEG
 10
2.28763309098018
 20
20.49621155081118
 30
0.0
  0
VERTEX
  5
13B7
  8
REAR_LEG
 10
2.28862231015651
 20
20.46394701828219
 30
0.0
  0
VERTEX
  5
13B8
  8
REAR_LEG
 10
2.290007217003373
 20
20.4331013657839
 30
0.0
  0
VERTEX
  5
13B9
  8
REAR_LEG
 10
2.291787811520767
 20
20.4036745933163
 30
0.0
  0
VERTEX
  5
13BA
  8
REAR_LEG
 10
2.293964093708693
 20
20.3756667008794
 30
0.0
  0
VERTEX
  5
13BB
  8
REAR_LEG
 10
2.296536063567151
 20
20.34907768847319
 30
0.0
  0
VERTEX
  5
13BC
  8
REAR_LEG
 10
2.299503721096142
 20
20.32390755609768
 30
0.0
  0
VERTEX
  5
13BD
  8
REAR_LEG
 10
2.302867066295665
 20
20.30015630375286
 30
0.0
  0
VERTEX
  5
13BE
  8
REAR_LEG
 10
2.306626099165719
 20
20.27782393143874
 30
0.0
  0
VERTEX
  5
13BF
  8
REAR_LEG
 10
2.310780819706306
 20
20.25691043915531
 30
0.0
  0
VERTEX
  5
13C0
  8
REAR_LEG
 10
2.315331227917424
 20
20.23741582690259
 30
0.0
  0
VERTEX
  5
13C1
  8
REAR_LEG
 10
2.320277323799075
 20
20.21934009468055
 30
0.0
  0
VERTEX
  5
13C2
  8
REAR_LEG
 10
2.325619107351257
 20
20.20268324248922
 30
0.0
  0
VERTEX
  5
13C3
  8
REAR_LEG
 10
2.331356578573972
 20
20.18744527032857
 30
0.0
  0
VERTEX
  5
13C4
  8
REAR_LEG
 10
2.337489737467219
 20
20.17362617819863
 30
0.0
  0
VERTEX
  5
13C5
  8
REAR_LEG
 10
2.343998599805214
 20
20.16092620271262
 30
0.0
  0
VERTEX
  5
13C6
  8
REAR_LEG
 10
2.350863181362172
 20
20.14904558048376
 30
0.0
  0
VERTEX
  5
13C7
  8
REAR_LEG
 10
2.358083482138093
 20
20.13798431151207
 30
0.0
  0
VERTEX
  5
13C8
  8
REAR_LEG
 10
2.365659502132976
 20
20.12774239579754
 30
0.0
  0
VERTEX
  5
13C9
  8
REAR_LEG
 10
2.373591241346824
 20
20.11831983334017
 30
0.0
  0
VERTEX
  5
13CA
  8
REAR_LEG
 10
2.381878699779634
 20
20.10971662413997
 30
0.0
  0
VERTEX
  5
13CB
  8
REAR_LEG
 10
2.390521877431408
 20
20.10193276819692
 30
0.0
  0
VERTEX
  5
13CC
  8
REAR_LEG
 10
2.399520774302144
 20
20.09496826551105
 30
0.0
  0
VERTEX
  5
13CD
  8
REAR_LEG
 10
2.408875390391845
 20
20.08882311608232
 30
0.0
  0
VERTEX
  5
13CE
  8
REAR_LEG
 10
2.418585725700508
 20
20.08349731991077
 30
0.0
  0
VERTEX
  5
13CF
  8
REAR_LEG
 10
2.428651780228134
 20
20.07899087699638
 30
0.0
  0
VERTEX
  5
13D0
  8
REAR_LEG
 10
2.439073553974723
 20
20.07530378733915
 30
0.0
  0
VERTEX
  5
13D1
  8
REAR_LEG
 10
2.449851046940275
 20
20.07243605093908
 30
0.0
  0
VERTEX
  5
13D2
  8
REAR_LEG
 10
2.460984259124791
 20
20.07038766779618
 30
0.0
  0
VERTEX
  5
13D3
  8
REAR_LEG
 10
2.47247319052827
 20
20.06915863791043
 30
0.0
  0
VERTEX
  5
13D4
  8
REAR_LEG
 10
2.484317841150712
 20
20.06874896128185
 30
0.0
  0
VERTEX
  5
13D5
  8
REAR_LEG
 10
2.492181633996892
 20
20.06892282404618
 30
0.0
  0
VERTEX
  5
13D6
  8
REAR_LEG
 10
2.499913530952894
 20
20.06944441233915
 30
0.0
  0
VERTEX
  5
13D7
  8
REAR_LEG
 10
2.50751353201872
 20
20.07031372616077
 30
0.0
  0
VERTEX
  5
13D8
  8
REAR_LEG
 10
2.514981637194368
 20
20.07153076551105
 30
0.0
  0
VERTEX
  5
13D9
  8
REAR_LEG
 10
2.522317846479838
 20
20.07309553038997
 30
0.0
  0
VERTEX
  5
13DA
  8
REAR_LEG
 10
2.529522159875132
 20
20.07500802079754
 30
0.0
  0
VERTEX
  5
13DB
  8
REAR_LEG
 10
2.536594577380248
 20
20.07726823673376
 30
0.0
  0
VERTEX
  5
13DC
  8
REAR_LEG
 10
2.543535098995187
 20
20.07987617819863
 30
0.0
  0
VERTEX
  5
13DD
  8
REAR_LEG
 10
2.550343724719948
 20
20.08283184519215
 30
0.0
  0
VERTEX
  5
13DE
  8
REAR_LEG
 10
2.557020454554531
 20
20.08613523771432
 30
0.0
  0
VERTEX
  5
13DF
  8
REAR_LEG
 10
2.563565288498938
 20
20.08978635576514
 30
0.0
  0
VERTEX
  5
13E0
  8
REAR_LEG
 10
2.569978226553167
 20
20.09378519934461
 30
0.0
  0
VERTEX
  5
13E1
  8
REAR_LEG
 10
2.576259268717219
 20
20.09813176845272
 30
0.0
  0
VERTEX
  5
13E2
  8
REAR_LEG
 10
2.582408414991094
 20
20.10282606308949
 30
0.0
  0
VERTEX
  5
13E3
  8
REAR_LEG
 10
2.588425665374791
 20
20.10786808325491
 30
0.0
  0
VERTEX
  5
13E4
  8
REAR_LEG
 10
2.594311019868311
 20
20.11325782894897
 30
0.0
  0
VERTEX
  5
13E5
  8
REAR_LEG
 10
2.600034502132976
 20
20.11902327808779
 30
0.0
  0
VERTEX
  5
13E6
  8
REAR_LEG
 10
2.605566135830111
 20
20.12519240858744
 30
0.0
  0
VERTEX
  5
13E7
  8
REAR_LEG
 10
2.610905920959716
 20
20.13176522044795
 30
0.0
  0
VERTEX
  5
13E8
  8
REAR_LEG
 10
2.61605385752179
 20
20.1387417136693
 30
0.0
  0
VERTEX
  5
13E9
  8
REAR_LEG
 10
2.621009945516333
 20
20.1461218882515
 30
0.0
  0
VERTEX
  5
13EA
  8
REAR_LEG
 10
2.625774184943345
 20
20.15390574419454
 30
0.0
  0
VERTEX
  5
13EB
  8
REAR_LEG
 10
2.630346575802827
 20
20.16209328149843
 30
0.0
  0
VERTEX
  5
13EC
  8
REAR_LEG
 10
2.634727118094777
 20
20.17068450016316
 30
0.0
  0
VERTEX
  5
13ED
  8
REAR_LEG
 10
2.638915811819198
 20
20.17967940018874
 30
0.0
  0
VERTEX
  5
13EE
  8
REAR_LEG
 10
2.642912656976087
 20
20.18907798157517
 30
0.0
  0
VERTEX
  5
13EF
  8
REAR_LEG
 10
2.646717653565446
 20
20.19888024432244
 30
0.0
  0
VERTEX
  5
13F0
  8
REAR_LEG
 10
2.650330801587274
 20
20.20908618843055
 30
0.0
  0
VERTEX
  5
13F1
  8
REAR_LEG
 10
2.653752101041571
 20
20.21969581389952
 30
0.0
  0
VERTEX
  5
13F2
  8
REAR_LEG
 10
2.656981551928338
 20
20.23070912072933
 30
0.0
  0
VERTEX
  5
13F3
  8
REAR_LEG
 10
2.662864907999279
 20
20.25394677847148
 30
0.0
  0
VERTEX
  5
13F4
  8
REAR_LEG
 10
2.665528805296347
 20
20.26638895744488
 30
0.0
  0
VERTEX
  5
13F5
  8
REAR_LEG
 10
2.668020838251667
 20
20.27967047390123
 30
0.0
  0
VERTEX
  5
13F6
  8
REAR_LEG
 10
2.67248931113707
 20
20.30875151926275
 30
0.0
  0
VERTEX
  5
13F7
  8
REAR_LEG
 10
2.676270326655487
 20
20.34118991455607
 30
0.0
  0
VERTEX
  5
13F8
  8
REAR_LEG
 10
2.679363884806919
 20
20.37698565978117
 30
0.0
  0
VERTEX
  5
13F9
  8
REAR_LEG
 10
2.681769985591367
 20
20.41613875493806
 30
0.0
  0
VERTEX
  5
13FA
  8
REAR_LEG
 10
2.683488629008829
 20
20.45864920002673
 30
0.0
  0
VERTEX
  5
13FB
  8
REAR_LEG
 10
2.684519815059307
 20
20.5045169950472
 30
0.0
  0
VERTEX
  5
13FC
  8
REAR_LEG
 10
2.684863543742799
 20
20.55374213999945
 30
0.0
  0
VERTEX
  5
13FD
  8
REAR_LEG
 10
2.684665699907533
 20
20.59032326529788
 30
0.0
  0
VERTEX
  5
13FE
  8
REAR_LEG
 10
2.684072168401735
 20
20.62537359890123
 30
0.0
  0
VERTEX
  5
13FF
  8
REAR_LEG
 10
2.683082949225405
 20
20.65889314080948
 30
0.0
  0
VERTEX
  5
1400
  8
REAR_LEG
 10
2.681698042378542
 20
20.69088189102264
 30
0.0
  0
VERTEX
  5
1401
  8
REAR_LEG
 10
2.679917447861148
 20
20.72133984954072
 30
0.0
  0
VERTEX
  5
1402
  8
REAR_LEG
 10
2.677741165673222
 20
20.75026701636371
 30
0.0
  0
VERTEX
  5
1403
  8
REAR_LEG
 10
2.675169195814764
 20
20.77766339149161
 30
0.0
  0
VERTEX
  5
1404
  8
REAR_LEG
 10
2.672201538285774
 20
20.80352897492442
 30
0.0
  0
VERTEX
  5
1405
  8
REAR_LEG
 10
2.668838193086251
 20
20.82786376666214
 30
0.0
  0
VERTEX
  5
1406
  8
REAR_LEG
 10
2.665079160216196
 20
20.85066776670477
 30
0.0
  0
VERTEX
  5
1407
  8
REAR_LEG
 10
2.660924439675609
 20
20.87194097505232
 30
0.0
  0
VERTEX
  5
1408
  8
REAR_LEG
 10
2.656374031464491
 20
20.89168339170477
 30
0.0
  0
VERTEX
  5
1409
  8
REAR_LEG
 10
2.651427935582841
 20
20.90989501666214
 30
0.0
  0
VERTEX
  5
140A
  8
REAR_LEG
 10
2.646086152030658
 20
20.92657584992442
 30
0.0
  0
VERTEX
  5
140B
  8
REAR_LEG
 10
2.640348680807943
 20
20.94172589149161
 30
0.0
  0
VERTEX
  5
140C
  8
REAR_LEG
 10
2.634215521914696
 20
20.95534514136371
 30
0.0
  0
VERTEX
  5
140D
  8
REAR_LEG
 10
2.627686675350916
 20
20.96779731245
 30
0.0
  0
VERTEX
  5
140E
  8
REAR_LEG
 10
2.620762141116606
 20
20.97944611765975
 30
0.0
  0
VERTEX
  5
140F
  8
REAR_LEG
 10
2.613441919211762
 20
20.99029155699297
 30
0.0
  0
VERTEX
  5
1410
  8
REAR_LEG
 10
2.605726009636387
 20
21.00033363044965
 30
0.0
  0
VERTEX
  5
1411
  8
REAR_LEG
 10
2.59761441239048
 20
21.00957233802981
 30
0.0
  0
VERTEX
  5
1412
  8
REAR_LEG
 10
2.589107127474041
 20
21.01800767973342
 30
0.0
  0
VERTEX
  5
1413
  8
REAR_LEG
 10
2.58020415488707
 20
21.0256396555605
 30
0.0
  0
VERTEX
  5
1414
  8
REAR_LEG
 10
2.570905494629566
 20
21.03246826551105
 30
0.0
  0
VERTEX
  5
1415
  8
REAR_LEG
 10
2.56121114670153
 20
21.03849350958506
 30
0.0
  0
VERTEX
  5
1416
  8
REAR_LEG
 10
2.551121111102963
 20
21.04371538778254
 30
0.0
  0
VERTEX
  5
1417
  8
REAR_LEG
 10
2.540635387833863
 20
21.04813390010348
 30
0.0
  0
VERTEX
  5
1418
  8
REAR_LEG
 10
2.529753976894232
 20
21.05174904654788
 30
0.0
  0
VERTEX
  5
1419
  8
REAR_LEG
 10
2.518476878284068
 20
21.05456082711576
 30
0.0
  0
VERTEX
  5
141A
  8
REAR_LEG
 10
2.506804092003372
 20
21.05656924180709
 30
0.0
  0
VERTEX
  5
141B
  8
REAR_LEG
 10
2.494735618052144
 20
21.0577742906219
 30
0.0
  0
VERTEX
  5
141C
  8
REAR_LEG
 10
2.482271456430384
 20
21.05817597356016
 30
0.0
  0
VERTEX
  5
141D
  8
REAR_LEG
 10
2.469577476212103
 20
21.05776629693158
 30
0.0
  0
VERTEX
  5
141E
  8
REAR_LEG
 10
2.457331142651394
 20
21.05653726704584
 30
0.0
  0
VERTEX
  5
141F
  8
REAR_LEG
 10
2.445532455748256
 20
21.05448888390293
 30
0.0
  0
VERTEX
  5
1420
  8
REAR_LEG
 10
2.434181415502691
 20
21.05162114750286
 30
0.0
  0
VERTEX
  5
1421
  8
REAR_LEG
 10
2.423278021914696
 20
21.04793405784563
 30
0.0
  0
VERTEX
  5
1422
  8
REAR_LEG
 10
2.412822274984273
 20
21.04342761493124
 30
0.0
  0
VERTEX
  5
1423
  8
REAR_LEG
 10
2.402814174711422
 20
21.03810181875969
 30
0.0
  0
VERTEX
  5
1424
  8
REAR_LEG
 10
2.393253721096142
 20
21.03195666933097
 30
0.0
  0
VERTEX
  5
1425
  8
REAR_LEG
 10
2.384140914138434
 20
21.02499216664509
 30
0.0
  0
VERTEX
  5
1426
  8
REAR_LEG
 10
2.375475753838297
 20
21.01720831070205
 30
0.0
  0
VERTEX
  5
1427
  8
REAR_LEG
 10
2.367258240195733
 20
21.00860510150184
 30
0.0
  0
VERTEX
  5
1428
  8
REAR_LEG
 10
2.359488373210739
 20
20.99918253904447
 30
0.0
  0
VERTEX
  5
1429
  8
REAR_LEG
 10
2.352166152883318
 20
20.98894062332994
 30
0.0
  0
VERTEX
  5
142A
  8
REAR_LEG
 10
2.345291579213467
 20
20.97787935435825
 30
0.0
  0
VERTEX
  5
142B
  8
REAR_LEG
 10
2.338864652201189
 20
20.9659987321294
 30
0.0
  0
VERTEX
  5
142C
  8
REAR_LEG
 10
2.332885371846483
 20
20.95329875664338
 30
0.0
  0
VERTEX
  5
142D
  8
REAR_LEG
 10
2.327309772852622
 20
20.9394916550489
 30
0.0
  0
VERTEX
  5
142E
  8
REAR_LEG
 10
2.322093889922881
 20
20.92428965449468
 30
0.0
  0
VERTEX
  5
142F
  8
REAR_LEG
 10
2.31723772305726
 20
20.90769275498069
 30
0.0
  0
VERTEX
  5
1430
  8
REAR_LEG
 10
2.31274127225576
 20
20.88970095650695
 30
0.0
  0
VERTEX
  5
1431
  8
REAR_LEG
 10
2.308604537518379
 20
20.87031425907346
 30
0.0
  0
VERTEX
  5
1432
  8
REAR_LEG
 10
2.304827518845118
 20
20.84953266268021
 30
0.0
  0
VERTEX
  5
1433
  8
REAR_LEG
 10
2.301410216235978
 20
20.82735616732721
 30
0.0
  0
VERTEX
  5
1434
  8
REAR_LEG
 10
2.298352629690958
 20
20.80378477301446
 30
0.0
  0
VERTEX
  5
1435
  8
REAR_LEG
 10
2.295654759210057
 20
20.77881847974195
 30
0.0
  0
VERTEX
  5
1436
  8
REAR_LEG
 10
2.293316604793277
 20
20.75245728750968
 30
0.0
  0
VERTEX
  5
1437
  8
REAR_LEG
 10
2.291338166440616
 20
20.72470119631766
 30
0.0
  0
VERTEX
  5
1438
  8
REAR_LEG
 10
2.289719444152076
 20
20.69555020616589
 30
0.0
  0
VERTEX
  5
1439
  8
REAR_LEG
 10
2.288460437927656
 20
20.66500431705436
 30
0.0
  0
VERTEX
  5
143A
  8
REAR_LEG
 10
2.287561147767356
 20
20.63306352898308
 30
0.0
  0
VERTEX
  5
143B
  8
REAR_LEG
 10
2.287021573671176
 20
20.59972784195204
 30
0.0
  0
SEQEND
  5
15BA
  8
REAR_LEG
  0
POLYLINE
  5
96
  8
REAR_LEG
 66
     1
 10
0.0
 20
0.0
 30
0.0
 70
     1
  0
VERTEX
  5
143C
  8
REAR_LEG
 10
3.088001333647301
 20
17.55988129416043
 30
0.0
  0
VERTEX
  5
143D
  8
REAR_LEG
 10
1.837660269527246
 20
17.55988129416043
 30
0.0
  0
VERTEX
  5
143E
  8
REAR_LEG
 10
1.84068787973359
 20
17.58294508913826
 30
0.0
  0
VERTEX
  5
143F
  8
REAR_LEG
 10
1.844398950461762
 20
17.60583701977435
 30
0.0
  0
VERTEX
  5
1440
  8
REAR_LEG
 10
1.848793481711762
 20
17.62855708606869
 30
0.0
  0
VERTEX
  5
1441
  8
REAR_LEG
 10
1.85387147348359
 20
17.65110528802128
 30
0.0
  0
VERTEX
  5
1442
  8
REAR_LEG
 10
1.859632925777246
 20
17.67348162563212
 30
0.0
  0
VERTEX
  5
1443
  8
REAR_LEG
 10
1.86607783859273
 20
17.69568609890123
 30
0.0
  0
VERTEX
  5
1444
  8
REAR_LEG
 10
1.873206211930043
 20
17.71771870782858
 30
0.0
  0
VERTEX
  5
1445
  8
REAR_LEG
 10
1.881018045789183
 20
17.73957945241418
 30
0.0
  0
VERTEX
  5
1446
  8
REAR_LEG
 10
1.889513340170152
 20
17.76126833265804
 30
0.0
  0
VERTEX
  5
1447
  8
REAR_LEG
 10
1.898692095072949
 20
17.78278534856016
 30
0.0
  0
VERTEX
  5
1448
  8
REAR_LEG
 10
1.908554310497574
 20
17.80413050012053
 30
0.0
  0
VERTEX
  5
1449
  8
REAR_LEG
 10
1.919099986444026
 20
17.82530378733915
 30
0.0
  0
VERTEX
  5
144A
  8
REAR_LEG
 10
1.930329122912307
 20
17.84630521021602
 30
0.0
  0
VERTEX
  5
144B
  8
REAR_LEG
 10
1.942241719902416
 20
17.86713476875116
 30
0.0
  0
VERTEX
  5
144C
  8
REAR_LEG
 10
1.954837777414354
 20
17.88779246294454
 30
0.0
  0
VERTEX
  5
144D
  8
REAR_LEG
 10
1.968117295448119
 20
17.90827829279618
 30
0.0
  0
VERTEX
  5
144E
  8
REAR_LEG
 10
1.982483955364558
 20
17.92890800907346
 30
0.0
  0
VERTEX
  5
144F
  8
REAR_LEG
 10
1.998341438524518
 20
17.94999736254379
 30
0.0
  0
VERTEX
  5
1450
  8
REAR_LEG
 10
2.015689744927997
 20
17.97154635320716
 30
0.0
  0
VERTEX
  5
1451
  8
REAR_LEG
 10
2.034528874574995
 20
17.99355498106357
 30
0.0
  0
VERTEX
  5
1452
  8
REAR_LEG
 10
2.054858827465514
 20
18.01602324611302
 30
0.0
  0
VERTEX
  5
1453
  8
REAR_LEG
 10
2.076679603599552
 20
18.03895114835552
 30
0.0
  0
VERTEX
  5
1454
  8
REAR_LEG
 10
2.09999120297711
 20
18.06233868779105
 30
0.0
  0
VERTEX
  5
1455
  8
REAR_LEG
 10
2.124793625598188
 20
18.08618586441964
 30
0.0
  0
VERTEX
  5
1456
  8
REAR_LEG
 10
2.151086871462786
 20
18.11049267824126
 30
0.0
  0
VERTEX
  5
1457
  8
REAR_LEG
 10
2.178870940570903
 20
18.13525912925593
 30
0.0
  0
VERTEX
  5
1458
  8
REAR_LEG
 10
2.20814583292254
 20
18.16048521746364
 30
0.0
  0
VERTEX
  5
1459
  8
REAR_LEG
 10
2.238911548517696
 20
18.18617094286439
 30
0.0
  0
VERTEX
  5
145A
  8
REAR_LEG
 10
2.271168087356373
 20
18.21231630545818
 30
0.0
  0
VERTEX
  5
145B
  8
REAR_LEG
 10
2.304915449438569
 20
18.23892130524502
 30
0.0
  0
VERTEX
  5
145C
  8
REAR_LEG
 10
2.340153634764286
 20
18.26598594222489
 30
0.0
  0
VERTEX
  5
145D
  8
REAR_LEG
 10
2.376882643333522
 20
18.29351021639781
 30
0.0
  0
VERTEX
  5
145E
  8
REAR_LEG
 10
2.420608129349893
 20
18.32650817001309
 30
0.0
  0
VERTEX
  5
145F
  8
REAR_LEG
 10
2.460208871164354
 20
18.35745973890805
 30
0.0
  0
VERTEX
  5
1460
  8
REAR_LEG
 10
2.495684868776904
 20
18.38636492308267
 30
0.0
  0
VERTEX
  5
1461
  8
REAR_LEG
 10
2.527036122187546
 20
18.41322372253697
 30
0.0
  0
VERTEX
  5
1462
  8
REAR_LEG
 10
2.54116496981715
 20
18.42588572799399
 30
0.0
  0
VERTEX
  5
1463
  8
REAR_LEG
 10
2.554262631396277
 20
18.43803613727094
 30
0.0
  0
VERTEX
  5
1464
  8
REAR_LEG
 10
2.566329106924926
 20
18.4496749503678
 30
0.0
  0
VERTEX
  5
1465
  8
REAR_LEG
 10
2.577364396403099
 20
18.46080216728458
 30
0.0
  0
VERTEX
  5
1466
  8
REAR_LEG
 10
2.587368499830793
 20
18.47141778802128
 30
0.0
  0
VERTEX
  5
1467
  8
REAR_LEG
 10
2.59634141720801
 20
18.4815218125779
 30
0.0
  0
VERTEX
  5
1468
  8
REAR_LEG
 10
2.604283148534749
 20
18.49111424095443
 30
0.0
  0
VERTEX
  5
1469
  8
REAR_LEG
 10
2.611193693811011
 20
18.50019507315088
 30
0.0
  0
VERTEX
  5
146A
  8
REAR_LEG
 10
2.62318422928168
 20
18.51773322969932
 30
0.0
  0
VERTEX
  5
146B
  8
REAR_LEG
 10
2.62857997024348
 20
18.52641837422524
 30
0.0
  0
VERTEX
  5
146C
  8
REAR_LEG
 10
2.633576026689592
 20
18.53504756291896
 30
0.0
  0
VERTEX
  5
146D
  8
REAR_LEG
 10
2.638172398620015
 20
18.54362079578049
 30
0.0
  0
VERTEX
  5
146E
  8
REAR_LEG
 10
2.642369086034749
 20
18.55213807280982
 30
0.0
  0
VERTEX
  5
146F
  8
REAR_LEG
 10
2.646166088933794
 20
18.56059939400696
 30
0.0
  0
VERTEX
  5
1470
  8
REAR_LEG
 10
2.64956340731715
 20
18.56900475937189
 30
0.0
  0
VERTEX
  5
1471
  8
REAR_LEG
 10
2.652561041184817
 20
18.57735416890464
 30
0.0
  0
VERTEX
  5
1472
  8
REAR_LEG
 10
2.655158990536795
 20
18.58564762260518
 30
0.0
  0
VERTEX
  5
1473
  8
REAR_LEG
 10
2.657357255373085
 20
18.59388512047353
 30
0.0
  0
VERTEX
  5
1474
  8
REAR_LEG
 10
2.659155835693685
 20
18.60206666250969
 30
0.0
  0
VERTEX
  5
1475
  8
REAR_LEG
 10
2.660554731498597
 20
18.61019224871364
 30
0.0
  0
VERTEX
  5
1476
  8
REAR_LEG
 10
2.661553942787819
 20
18.6182618790854
 30
0.0
  0
VERTEX
  5
1477
  8
REAR_LEG
 10
2.662153469561352
 20
18.62627555362496
 30
0.0
  0
VERTEX
  5
1478
  8
REAR_LEG
 10
2.662353311819197
 20
18.63423327233233
 30
0.0
  0
VERTEX
  5
1479
  8
REAR_LEG
 10
2.662155467983931
 20
18.64272456986814
 30
0.0
  0
VERTEX
  5
147A
  8
REAR_LEG
 10
2.661561936478133
 20
18.65105999044283
 30
0.0
  0
VERTEX
  5
147B
  8
REAR_LEG
 10
2.660572717301803
 20
18.6592395340564
 30
0.0
  0
VERTEX
  5
147C
  8
REAR_LEG
 10
2.659187810454941
 20
18.66726320070887
 30
0.0
  0
VERTEX
  5
147D
  8
REAR_LEG
 10
2.657407215937546
 20
18.6751309904002
 30
0.0
  0
VERTEX
  5
147E
  8
REAR_LEG
 10
2.65523093374962
 20
18.68284290313042
 30
0.0
  0
VERTEX
  5
147F
  8
REAR_LEG
 10
2.652658963891161
 20
18.69039893889952
 30
0.0
  0
VERTEX
  5
1480
  8
REAR_LEG
 10
2.649691306362171
 20
18.6977990977075
 30
0.0
  0
VERTEX
  5
1481
  8
REAR_LEG
 10
2.646327961162648
 20
18.70504337955436
 30
0.0
  0
VERTEX
  5
1482
  8
REAR_LEG
 10
2.642568928292594
 20
18.7121317844401
 30
0.0
  0
VERTEX
  5
1483
  8
REAR_LEG
 10
2.638414207752007
 20
18.71906431236473
 30
0.0
  0
VERTEX
  5
1484
  8
REAR_LEG
 10
2.633863799540888
 20
18.72584096332824
 30
0.0
  0
VERTEX
  5
1485
  8
REAR_LEG
 10
2.628917703659238
 20
18.73246173733062
 30
0.0
  0
VERTEX
  5
1486
  8
REAR_LEG
 10
2.623575920107055
 20
18.73892663437189
 30
0.0
  0
VERTEX
  5
1487
  8
REAR_LEG
 10
2.61783844888434
 20
18.74523565445204
 30
0.0
  0
VERTEX
  5
1488
  8
REAR_LEG
 10
2.611705289991093
 20
18.75138879757107
 30
0.0
  0
VERTEX
  5
1489
  8
REAR_LEG
 10
2.60527236771108
 20
18.7572741520646
 30
0.0
  0
VERTEX
  5
148A
  8
REAR_LEG
 10
2.598635606328064
 20
18.76277980626821
 30
0.0
  0
VERTEX
  5
148B
  8
REAR_LEG
 10
2.591795005842048
 20
18.76790576018192
 30
0.0
  0
VERTEX
  5
148C
  8
REAR_LEG
 10
2.58475056625303
 20
18.77265201380573
 30
0.0
  0
VERTEX
  5
148D
  8
REAR_LEG
 10
2.577502287561011
 20
18.77701856713963
 30
0.0
  0
VERTEX
  5
148E
  8
REAR_LEG
 10
2.570050169765991
 20
18.78100542018363
 30
0.0
  0
VERTEX
  5
148F
  8
REAR_LEG
 10
2.562394212867969
 20
18.78461257293772
 30
0.0
  0
VERTEX
  5
1490
  8
REAR_LEG
 10
2.554534416866946
 20
18.78784002540191
 30
0.0
  0
VERTEX
  5
1491
  8
REAR_LEG
 10
2.546470781762921
 20
18.79068777757619
 30
0.0
  0
VERTEX
  5
1492
  8
REAR_LEG
 10
2.538203307555896
 20
18.79315582946057
 30
0.0
  0
VERTEX
  5
1493
  8
REAR_LEG
 10
2.529731994245868
 20
18.79524418105504
 30
0.0
  0
VERTEX
  5
1494
  8
REAR_LEG
 10
2.52105684183284
 20
18.79695283235962
 30
0.0
  0
VERTEX
  5
1495
  8
REAR_LEG
 10
2.51217785031681
 20
18.79828178337428
 30
0.0
  0
VERTEX
  5
1496
  8
REAR_LEG
 10
2.503095019697779
 20
18.79923103409904
 30
0.0
  0
VERTEX
  5
1497
  8
REAR_LEG
 10
2.493808349975746
 20
18.7998005845339
 30
0.0
  0
VERTEX
  5
1498
  8
REAR_LEG
 10
2.484317841150711
 20
18.79999043467885
 30
0.0
  0
VERTEX
  5
1499
  8
REAR_LEG
 10
2.474455625726086
 20
18.79979458926616
 30
0.0
  0
VERTEX
  5
149A
  8
REAR_LEG
 10
2.464821230475404
 20
18.7992070530281
 30
0.0
  0
VERTEX
  5
149B
  8
REAR_LEG
 10
2.455414655398664
 20
18.79822782596466
 30
0.0
  0
VERTEX
  5
149C
  8
REAR_LEG
 10
2.446235900495868
 20
18.79685690807585
 30
0.0
  0
VERTEX
  5
149D
  8
REAR_LEG
 10
2.437284965767014
 20
18.79509429936166
 30
0.0
  0
VERTEX
  5
149E
  8
REAR_LEG
 10
2.428561851212103
 20
18.7929399998221
 30
0.0
  0
VERTEX
  5
149F
  8
REAR_LEG
 10
2.420066556831133
 20
18.79039400945716
 30
0.0
  0
VERTEX
  5
14A0
  8
REAR_LEG
 10
2.411799082624108
 20
18.78745632826685
 30
0.0
  0
VERTEX
  5
14A1
  8
REAR_LEG
 10
2.403759428591025
 20
18.78412695625116
 30
0.0
  0
VERTEX
  5
14A2
  8
REAR_LEG
 10
2.395947594731885
 20
18.78040589341009
 30
0.0
  0
VERTEX
  5
14A3
  8
REAR_LEG
 10
2.388363581046686
 20
18.77629313974365
 30
0.0
  0
VERTEX
  5
14A4
  8
REAR_LEG
 10
2.381007387535432
 20
18.77178869525184
 30
0.0
  0
VERTEX
  5
14A5
  8
REAR_LEG
 10
2.373879014198119
 20
18.76689255993465
 30
0.0
  0
VERTEX
  5
14A6
  8
REAR_LEG
 10
2.36697846103475
 20
18.76160473379208
 30
0.0
  0
VERTEX
  5
14A7
  8
REAR_LEG
 10
2.360305728045323
 20
18.75592521682415
 30
0.0
  0
VERTEX
  5
14A8
  8
REAR_LEG
 10
2.353860815229838
 20
18.74985400903083
 30
0.0
  0
VERTEX
  5
14A9
  8
REAR_LEG
 10
2.347659709968924
 20
18.74328719243806
 30
0.0
  0
VERTEX
  5
14AA
  8
REAR_LEG
 10
2.341718399643208
 20
18.73612084907176
 30
0.0
  0
VERTEX
  5
14AB
  8
REAR_LEG
 10
2.33603688425269
 20
18.72835497893192
 30
0.0
  0
VERTEX
  5
14AC
  8
REAR_LEG
 10
2.330615163797369
 20
18.71998958201855
 30
0.0
  0
VERTEX
  5
14AD
  8
REAR_LEG
 10
2.325453238277246
 20
18.71102465833165
 30
0.0
  0
VERTEX
  5
14AE
  8
REAR_LEG
 10
2.320551107692322
 20
18.70146020787121
 30
0.0
  0
VERTEX
  5
14AF
  8
REAR_LEG
 10
2.315908772042594
 20
18.69129623063724
 30
0.0
  0
VERTEX
  5
14B0
  8
REAR_LEG
 10
2.311526231328065
 20
18.68053272662974
 30
0.0
  0
VERTEX
  5
14B1
  8
REAR_LEG
 10
2.307403485548733
 20
18.6691696958487
 30
0.0
  0
VERTEX
  5
14B2
  8
REAR_LEG
 10
2.3035405347046
 20
18.65720713829413
 30
0.0
  0
VERTEX
  5
14B3
  8
REAR_LEG
 10
2.299937378795664
 20
18.64464505396603
 30
0.0
  0
VERTEX
  5
14B4
  8
REAR_LEG
 10
2.296594017821926
 20
18.63148344286439
 30
0.0
  0
VERTEX
  5
14B5
  8
REAR_LEG
 10
2.293510451783385
 20
18.61772230498922
 30
0.0
  0
VERTEX
  5
14B6
  8
REAR_LEG
 10
2.290686680680043
 20
18.60336164034052
 30
0.0
  0
VERTEX
  5
14B7
  8
REAR_LEG
 10
2.288122704511898
 20
18.58840144891828
 30
0.0
  0
VERTEX
  5
14B8
  8
REAR_LEG
 10
2.285818523278952
 20
18.57284173072251
 30
0.0
  0
VERTEX
  5
14B9
  8
REAR_LEG
 10
1.868356040332157
 20
18.60660707860791
 30
0.0
  0
VERTEX
  5
14BA
  8
REAR_LEG
 10
1.871585491218924
 20
18.62830395254208
 30
0.0
  0
VERTEX
  5
14BB
  8
REAR_LEG
 10
1.875134689718242
 20
18.64939730285757
 30
0.0
  0
VERTEX
  5
14BC
  8
REAR_LEG
 10
1.879003635830111
 20
18.66988712955436
 30
0.0
  0
VERTEX
  5
14BD
  8
REAR_LEG
 10
1.883192329554531
 20
18.68977343263247
 30
0.0
  0
VERTEX
  5
14BE
  8
REAR_LEG
 10
1.887700770891503
 20
18.70905621209188
 30
0.0
  0
VERTEX
  5
14BF
  8
REAR_LEG
 10
1.892528959841025
 20
18.7277354679326
 30
0.0
  0
VERTEX
  5
14C0
  8
REAR_LEG
 10
1.897676896403099
 20
18.74581120015464
 30
0.0
  0
VERTEX
  5
14C1
  8
REAR_LEG
 10
1.903144580577724
 20
18.76328340875798
 30
0.0
  0
VERTEX
  5
14C2
  8
REAR_LEG
 10
1.9089320123649
 20
18.78015209374263
 30
0.0
  0
VERTEX
  5
14C3
  8
REAR_LEG
 10
1.915039191764627
 20
18.79641725510859
 30
0.0
  0
VERTEX
  5
14C4
  8
REAR_LEG
 10
1.921466118776905
 20
18.81207889285586
 30
0.0
  0
VERTEX
  5
14C5
  8
REAR_LEG
 10
1.928212793401734
 20
18.82713700698444
 30
0.0
  0
VERTEX
  5
14C6
  8
REAR_LEG
 10
1.935279215639115
 20
18.84159159749434
 30
0.0
  0
VERTEX
  5
14C7
  8
REAR_LEG
 10
1.942665385489047
 20
18.85544266438554
 30
0.0
  0
VERTEX
  5
14C8
  8
REAR_LEG
 10
1.95037130295153
 20
18.86869020765805
 30
0.0
  0
VERTEX
  5
14C9
  8
REAR_LEG
 10
1.958396968026564
 20
18.88133422731187
 30
0.0
  0
VERTEX
  5
14CA
  8
REAR_LEG
 10
1.96679234127861
 20
18.89349662712429
 30
0.0
  0
VERTEX
  5
14CB
  8
REAR_LEG
 10
1.97560738327213
 20
18.90529931087258
 30
0.0
  0
VERTEX
  5
14CC
  8
REAR_LEG
 10
1.984842094007123
 20
18.91674227855675
 30
0.0
  0
VERTEX
  5
14CD
  8
REAR_LEG
 10
1.99449647348359
 20
18.92782553017681
 30
0.0
  0
VERTEX
  5
14CE
  8
REAR_LEG
 10
2.00457052170153
 20
18.93854906573274
 30
0.0
  0
VERTEX
  5
14CF
  8
REAR_LEG
 10
2.015064238660943
 20
18.94891288522455
 30
0.0
  0
VERTEX
  5
14D0
  8
REAR_LEG
 10
2.02597762436183
 20
18.95891698865225
 30
0.0
  0
VERTEX
  5
14D1
  8
REAR_LEG
 10
2.03731067880419
 20
18.96856137601582
 30
0.0
  0
VERTEX
  5
14D2
  8
REAR_LEG
 10
2.049063401988024
 20
18.97784604731528
 30
0.0
  0
VERTEX
  5
14D3
  8
REAR_LEG
 10
2.061235793913331
 20
18.98677100255061
 30
0.0
  0
VERTEX
  5
14D4
  8
REAR_LEG
 10
2.073827854580111
 20
18.99533624172183
 30
0.0
  0
VERTEX
  5
14D5
  8
REAR_LEG
 10
2.086839583988365
 20
19.00354176482892
 30
0.0
  0
VERTEX
  5
14D6
  8
REAR_LEG
 10
2.100270982138092
 20
19.0113875718719
 30
0.0
  0
VERTEX
  5
14D7
  8
REAR_LEG
 10
2.114122049029292
 20
19.01887366285075
 30
0.0
  0
VERTEX
  5
14D8
  8
REAR_LEG
 10
2.128392784661966
 20
19.02600003776548
 30
0.0
  0
VERTEX
  5
14D9
  8
REAR_LEG
 10
2.143083189036114
 20
19.0327666966161
 30
0.0
  0
VERTEX
  5
14DA
  8
REAR_LEG
 10
2.158341145422539
 20
19.03914765990907
 30
0.0
  0
VERTEX
  5
14DB
  8
REAR_LEG
 10
2.174314537092048
 20
19.04511694815088
 30
0.0
  0
VERTEX
  5
14DC
  8
REAR_LEG
 10
2.19100336404464
 20
19.05067456134154
 30
0.0
  0
VERTEX
  5
14DD
  8
REAR_LEG
 10
2.208407626280316
 20
19.05582049948103
 30
0.0
  0
VERTEX
  5
14DE
  8
REAR_LEG
 10
2.226527323799074
 20
19.06055476256937
 30
0.0
  0
VERTEX
  5
14DF
  8
REAR_LEG
 10
2.245362456600915
 20
19.06487735060654
 30
0.0
  0
VERTEX
  5
14E0
  8
REAR_LEG
 10
2.264913024685841
 20
19.06878826359256
 30
0.0
  0
VERTEX
  5
14E1
  8
REAR_LEG
 10
2.285179028053849
 20
19.07228750152742
 30
0.0
  0
VERTEX
  5
14E2
  8
REAR_LEG
 10
2.30616046670494
 20
19.07537506441111
 30
0.0
  0
VERTEX
  5
14E3
  8
REAR_LEG
 10
2.327857340639115
 20
19.07805095224365
 30
0.0
  0
VERTEX
  5
14E4
  8
REAR_LEG
 10
2.350269649856373
 20
19.08031516502503
 30
0.0
  0
VERTEX
  5
14E5
  8
REAR_LEG
 10
2.373397394356714
 20
19.08216770275525
 30
0.0
  0
VERTEX
  5
14E6
  8
REAR_LEG
 10
2.397240574140139
 20
19.0836085654343
 30
0.0
  0
VERTEX
  5
14E7
  8
REAR_LEG
 10
2.421799189206646
 20
19.08463775306221
 30
0.0
  0
VERTEX
  5
14E8
  8
REAR_LEG
 10
2.447073239556237
 20
19.08525526563895
 30
0.0
  0
VERTEX
  5
14E9
  8
REAR_LEG
 10
2.47306272518891
 20
19.08546110316453
 30
0.0
  0
VERTEX
  5
14EA
  8
REAR_LEG
 10
2.500179321155827
 20
19.08526525775184
 30
0.0
  0
VERTEX
  5
14EB
  8
REAR_LEG
 10
2.526532519697778
 20
19.08467772151378
 30
0.0
  0
VERTEX
  5
14EC
  8
REAR_LEG
 10
2.552122320814763
 20
19.08369849445034
 30
0.0
  0
VERTEX
  5
14ED
  8
REAR_LEG
 10
2.576948724506781
 20
19.08232757656153
 30
0.0
  0
VERTEX
  5
14EE
  8
REAR_LEG
 10
2.601011730773835
 20
19.08056496784734
 30
0.0
  0
VERTEX
  5
14EF
  8
REAR_LEG
 10
2.624311339615922
 20
19.07841066830777
 30
0.0
  0
VERTEX
  5
14F0
  8
REAR_LEG
 10
2.646847551033043
 20
19.07586467794283
 30
0.0
  0
VERTEX
  5
14F1
  8
REAR_LEG
 10
2.668620365025199
 20
19.07292699675252
 30
0.0
  0
VERTEX
  5
14F2
  8
REAR_LEG
 10
2.689629781592389
 20
19.06959762473683
 30
0.0
  0
VERTEX
  5
14F3
  8
REAR_LEG
 10
2.709875800734613
 20
19.06587656189577
 30
0.0
  0
VERTEX
  5
14F4
  8
REAR_LEG
 10
2.729358422451871
 20
19.06176380822933
 30
0.0
  0
VERTEX
  5
14F5
  8
REAR_LEG
 10
2.748077646744163
 20
19.05725936373751
 30
0.0
  0
VERTEX
  5
14F6
  8
REAR_LEG
 10
2.766033473611489
 20
19.05236322842033
 30
0.0
  0
VERTEX
  5
14F7
  8
REAR_LEG
 10
2.783225903053848
 20
19.04707540227776
 30
0.0
  0
VERTEX
  5
14F8
  8
REAR_LEG
 10
2.799654935071243
 20
19.04139588530982
 30
0.0
  0
VERTEX
  5
14F9
  8
REAR_LEG
 10
2.815320569663672
 20
19.03532467751651
 30
0.0
  0
VERTEX
  5
14FA
  8
REAR_LEG
 10
2.830400666440616
 20
19.02884778993976
 30
0.0
  0
VERTEX
  5
14FB
  8
REAR_LEG
 10
2.845073085011557
 20
19.02195123362155
 30
0.0
  0
VERTEX
  5
14FC
  8
REAR_LEG
 10
2.859337825376496
 20
19.01463500856186
 30
0.0
  0
VERTEX
  5
14FD
  8
REAR_LEG
 10
2.873194887535432
 20
19.00689911476071
 30
0.0
  0
VERTEX
  5
14FE
  8
REAR_LEG
 10
2.886644271488364
 20
18.99874355221807
 30
0.0
  0
VERTEX
  5
14FF
  8
REAR_LEG
 10
2.899685977235295
 20
18.99016832093397
 30
0.0
  0
VERTEX
  5
1500
  8
REAR_LEG
 10
2.912320004776222
 20
18.98117342090839
 30
0.0
  0
VERTEX
  5
1501
  8
REAR_LEG
 10
2.924546354111148
 20
18.97175885214133
 30
0.0
  0
VERTEX
  5
1502
  8
REAR_LEG
 10
2.93636502524007
 20
18.96192461463281
 30
0.0
  0
VERTEX
  5
1503
  8
REAR_LEG
 10
2.94777601816299
 20
18.95167070838281
 30
0.0
  0
VERTEX
  5
1504
  8
REAR_LEG
 10
2.958779332879906
 20
18.94099713339133
 30
0.0
  0
VERTEX
  5
1505
  8
REAR_LEG
 10
2.96937496939082
 20
18.92990388965839
 30
0.0
  0
VERTEX
  5
1506
  8
REAR_LEG
 10
2.979562927695731
 20
18.91839097718397
 30
0.0
  0
VERTEX
  5
1507
  8
REAR_LEG
 10
2.98934320779464
 20
18.90645839596807
 30
0.0
  0
VERTEX
  5
1508
  8
REAR_LEG
 10
2.998715809687546
 20
18.89410614601071
 30
0.0
  0
VERTEX
  5
1509
  8
REAR_LEG
 10
3.007680733374449
 20
18.88133422731187
 30
0.0
  0
VERTEX
  5
150A
  8
REAR_LEG
 10
3.016168034065104
 20
18.86825455153595
 30
0.0
  0
VERTEX
  5
150B
  8
REAR_LEG
 10
3.024107766969265
 20
18.85497903034734
 30
0.0
  0
VERTEX
  5
150C
  8
REAR_LEG
 10
3.031499932086932
 20
18.84150766374604
 30
0.0
  0
VERTEX
  5
150D
  8
REAR_LEG
 10
3.038344529418105
 20
18.82784045173206
 30
0.0
  0
VERTEX
  5
150E
  8
REAR_LEG
 10
3.044641558962785
 20
18.81397739430539
 30
0.0
  0
VERTEX
  5
150F
  8
REAR_LEG
 10
3.05039102072097
 20
18.79991849146603
 30
0.0
  0
VERTEX
  5
1510
  8
REAR_LEG
 10
3.055592914692662
 20
18.78566374321398
 30
0.0
  0
VERTEX
  5
1511
  8
REAR_LEG
 10
3.06024724087786
 20
18.77121314954925
 30
0.0
  0
VERTEX
  5
1512
  8
REAR_LEG
 10
3.064353999276564
 20
18.75656671047183
 30
0.0
  0
VERTEX
  5
1513
  8
REAR_LEG
 10
3.067913189888774
 20
18.74172442598172
 30
0.0
  0
VERTEX
  5
1514
  8
REAR_LEG
 10
3.07092481271449
 20
18.72668629607892
 30
0.0
  0
VERTEX
  5
1515
  8
REAR_LEG
 10
3.073388867753713
 20
18.71145232076344
 30
0.0
  0
VERTEX
  5
1516
  8
REAR_LEG
 10
3.075305355006441
 20
18.69602250003527
 30
0.0
  0
VERTEX
  5
1517
  8
REAR_LEG
 10
3.076674274472676
 20
18.68039683389441
 30
0.0
  0
VERTEX
  5
1518
  8
REAR_LEG
 10
3.077495626152417
 20
18.66457532234086
 30
0.0
  0
VERTEX
  5
1519
  8
REAR_LEG
 10
3.077769410045664
 20
18.64855796537462
 30
0.0
  0
VERTEX
  5
151A
  8
REAR_LEG
 10
3.077455657700848
 20
18.63146745548377
 30
0.0
  0
VERTEX
  5
151B
  8
REAR_LEG
 10
3.0765144006664
 20
18.61447286987667
 30
0.0
  0
VERTEX
  5
151C
  8
REAR_LEG
 10
3.074945638942321
 20
18.59757420855334
 30
0.0
  0
VERTEX
  5
151D
  8
REAR_LEG
 10
3.072749372528611
 20
18.58077147151377
 30
0.0
  0
VERTEX
  5
151E
  8
REAR_LEG
 10
3.069925601425268
 20
18.56406465875798
 30
0.0
  0
VERTEX
  5
151F
  8
REAR_LEG
 10
3.066474325632294
 20
18.54745377028594
 30
0.0
  0
VERTEX
  5
1520
  8
REAR_LEG
 10
3.062395545149688
 20
18.53093880609768
 30
0.0
  0
VERTEX
  5
1521
  8
REAR_LEG
 10
3.057689259977451
 20
18.51451976619317
 30
0.0
  0
VERTEX
  5
1522
  8
REAR_LEG
 10
3.052355470115582
 20
18.49819665057244
 30
0.0
  0
VERTEX
  5
1523
  8
REAR_LEG
 10
3.046394175564081
 20
18.48196945923547
 30
0.0
  0
VERTEX
  5
1524
  8
REAR_LEG
 10
3.039805376322948
 20
18.46583819218226
 30
0.0
  0
VERTEX
  5
1525
  8
REAR_LEG
 10
3.032589072392184
 20
18.44980284941282
 30
0.0
  0
VERTEX
  5
1526
  8
REAR_LEG
 10
3.024745263771789
 20
18.43386343092714
 30
0.0
  0
VERTEX
  5
1527
  8
REAR_LEG
 10
3.016273950461762
 20
18.41801993672523
 30
0.0
  0
VERTEX
  5
1528
  8
REAR_LEG
 10
3.007175132462103
 20
18.40227236680709
 30
0.0
  0
VERTEX
  5
1529
  8
REAR_LEG
 10
2.997448809772812
 20
18.38662072117271
 30
0.0
  0
VERTEX
  5
152A
  8
REAR_LEG
 10
2.986895140136046
 20
18.37092111339645
 30
0.0
  0
VERTEX
  5
152B
  8
REAR_LEG
 10
2.975314281293958
 20
18.35502965705266
 30
0.0
  0
VERTEX
  5
152C
  8
REAR_LEG
 10
2.96270623324655
 20
18.33894635214133
 30
0.0
  0
VERTEX
  5
152D
  8
REAR_LEG
 10
2.949070995993821
 20
18.32267119866248
 30
0.0
  0
VERTEX
  5
152E
  8
REAR_LEG
 10
2.934408569535772
 20
18.30620419661609
 30
0.0
  0
VERTEX
  5
152F
  8
REAR_LEG
 10
2.918718953872403
 20
18.28954534600218
 30
0.0
  0
VERTEX
  5
1530
  8
REAR_LEG
 10
2.902002149003712
 20
18.27269464682074
 30
0.0
  0
VERTEX
  5
1531
  8
REAR_LEG
 10
2.884258154929702
 20
18.25565209907176
 30
0.0
  0
VERTEX
  5
1532
  8
REAR_LEG
 10
2.86548697165037
 20
18.23841770275525
 30
0.0
  0
VERTEX
  5
1533
  8
REAR_LEG
 10
2.845688599165718
 20
18.22099145787121
 30
0.0
  0
VERTEX
  5
1534
  8
REAR_LEG
 10
2.824863037475746
 20
18.20337336441964
 30
0.0
  0
VERTEX
  5
1535
  8
REAR_LEG
 10
2.803010286580452
 20
18.18556342240054
 30
0.0
  0
VERTEX
  5
1536
  8
REAR_LEG
 10
2.780130346479838
 20
18.16756163181391
 30
0.0
  0
VERTEX
  5
1537
  8
REAR_LEG
 10
2.756223217173904
 20
18.14936799265975
 30
0.0
  0
VERTEX
  5
1538
  8
REAR_LEG
 10
2.731288898662648
 20
18.13098250493806
 30
0.0
  0
VERTEX
  5
1539
  8
REAR_LEG
 10
2.705327390946073
 20
18.11240516864884
 30
0.0
  0
VERTEX
  5
153A
  8
REAR_LEG
 10
2.647612946880589
 20
18.0721809189899
 30
0.0
  0
VERTEX
  5
153B
  8
REAR_LEG
 10
2.600322274984272
 20
18.03847952062701
 30
0.0
  0
VERTEX
  5
153C
  8
REAR_LEG
 10
2.563455375257123
 20
18.01130097356016
 30
0.0
  0
VERTEX
  5
153D
  8
REAR_LEG
 10
2.548930839956987
 20
18.00015776926275
 30
0.0
  0
VERTEX
  5
153E
  8
REAR_LEG
 10
2.537012247699142
 20
17.99064527778935
 30
0.0
  0
VERTEX
  5
153F
  8
REAR_LEG
 10
2.514853738149347
 20
17.97190806769386
 30
0.0
  0
VERTEX
  5
1540
  8
REAR_LEG
 10
2.490840692446755
 20
17.95048497765293
 30
0.0
  0
VERTEX
  5
1541
  8
REAR_LEG
 10
2.464973110591366
 20
17.92637600766658
 30
0.0
  0
VERTEX
  5
1542
  8
REAR_LEG
 10
2.437250992583181
 20
17.89958115773479
 30
0.0
  0
VERTEX
  5
1543
  8
REAR_LEG
 10
3.088001333647301
 20
17.89958115773479
 30
0.0
  0
SEQEND
  5
15BB
  8
REAR_LEG
  0
POLYLINE
  5
97
  8
REAR_LEG
 66
     1
 10
0.0
 20
0.0
 30
0.0
 70
     1
  0
VERTEX
  5
1544
  8
REAR_LEG
 10
0.4778376228696743
 20
19.05988129416043
 30
0.0
  0
VERTEX
  5
1545
  8
REAR_LEG
 10
1.694413339104327
 20
19.05988129416043
 30
0.0
  0
VERTEX
  5
1546
  8
REAR_LEG
 10
1.694413339104327
 20
18.77850339511541
 30
0.0
  0
VERTEX
  5
1547
  8
REAR_LEG
 10
1.674792826229156
 20
18.76050560137394
 30
0.0
  0
VERTEX
  5
1548
  8
REAR_LEG
 10
1.655579991559988
 20
18.74232395275525
 30
0.0
  0
VERTEX
  5
1549
  8
REAR_LEG
 10
1.636774835096823
 20
18.72395844925934
 30
0.0
  0
VERTEX
  5
154A
  8
REAR_LEG
 10
1.618377356839661
 20
18.70540909088622
 30
0.0
  0
VERTEX
  5
154B
  8
REAR_LEG
 10
1.600387556788501
 20
18.68667587763588
 30
0.0
  0
VERTEX
  5
154C
  8
REAR_LEG
 10
1.582805434943344
 20
18.66775880950832
 30
0.0
  0
VERTEX
  5
154D
  8
REAR_LEG
 10
1.56563099130419
 20
18.64865788650354
 30
0.0
  0
VERTEX
  5
154E
  8
REAR_LEG
 10
1.548864225871039
 20
18.62937310862155
 30
0.0
  0
VERTEX
  5
154F
  8
REAR_LEG
 10
1.53250513864389
 20
18.60990447586234
 30
0.0
  0
VERTEX
  5
1550
  8
REAR_LEG
 10
1.516553729622744
 20
18.59025198822592
 30
0.0
  0
VERTEX
  5
1551
  8
REAR_LEG
 10
1.501009998807601
 20
18.57041564571227
 30
0.0
  0
VERTEX
  5
1552
  8
REAR_LEG
 10
1.48587394619846
 20
18.55039544832142
 30
0.0
  0
VERTEX
  5
1553
  8
REAR_LEG
 10
1.471145571795322
 20
18.53019139605334
 30
0.0
  0
VERTEX
  5
1554
  8
REAR_LEG
 10
1.456824875598187
 20
18.50980348890804
 30
0.0
  0
VERTEX
  5
1555
  8
REAR_LEG
 10
1.442911857607055
 20
18.48923172688554
 30
0.0
  0
VERTEX
  5
1556
  8
REAR_LEG
 10
1.429406517821925
 20
18.46847610998581
 30
0.0
  0
VERTEX
  5
1557
  8
REAR_LEG
 10
1.413503070942662
 20
18.44297224103969
 30
0.0
  0
VERTEX
  5
1558
  8
REAR_LEG
 10
1.398023289650029
 20
18.41710865602946
 30
0.0
  0
VERTEX
  5
1559
  8
REAR_LEG
 10
1.382967173944026
 20
18.39088535495511
 30
0.0
  0
VERTEX
  5
155A
  8
REAR_LEG
 10
1.368334723824654
 20
18.36430233781664
 30
0.0
  0
VERTEX
  5
155B
  8
REAR_LEG
 10
1.354125939291912
 20
18.33735960461404
 30
0.0
  0
VERTEX
  5
155C
  8
REAR_LEG
 10
1.3403408203458
 20
18.31005715534733
 30
0.0
  0
VERTEX
  5
155D
  8
REAR_LEG
 10
1.326979366986318
 20
18.2823949900165
 30
0.0
  0
VERTEX
  5
155E
  8
REAR_LEG
 10
1.314041579213467
 20
18.25437310862155
 30
0.0
  0
VERTEX
  5
155F
  8
REAR_LEG
 10
1.301527457027246
 20
18.22599151116248
 30
0.0
  0
VERTEX
  5
1560
  8
REAR_LEG
 10
1.289437000427655
 20
18.19725019763929
 30
0.0
  0
VERTEX
  5
1561
  8
REAR_LEG
 10
1.277770209414695
 20
18.16814916805198
 30
0.0
  0
VERTEX
  5
1562
  8
REAR_LEG
 10
1.266527083988365
 20
18.13868842240054
 30
0.0
  0
VERTEX
  5
1563
  8
REAR_LEG
 10
1.255707624148665
 20
18.10886796068499
 30
0.0
  0
VERTEX
  5
1564
  8
REAR_LEG
 10
1.245311829895595
 20
18.07868778290532
 30
0.0
  0
VERTEX
  5
1565
  8
REAR_LEG
 10
1.235339701229156
 20
18.04814788906153
 30
0.0
  0
VERTEX
  5
1566
  8
REAR_LEG
 10
1.225791238149347
 20
18.01724827915361
 30
0.0
  0
VERTEX
  5
1567
  8
REAR_LEG
 10
1.218524973654122
 20
17.99279957732892
 30
0.0
  0
VERTEX
  5
1568
  8
REAR_LEG
 10
1.211562469390821
 20
17.96779931087257
 30
0.0
  0
VERTEX
  5
1569
  8
REAR_LEG
 10
1.204903725359443
 20
17.94224747978458
 30
0.0
  0
VERTEX
  5
156A
  8
REAR_LEG
 10
1.198548741559988
 20
17.91614408406494
 30
0.0
  0
VERTEX
  5
156B
  8
REAR_LEG
 10
1.192497517992458
 20
17.88948912371364
 30
0.0
  0
VERTEX
  5
156C
  8
REAR_LEG
 10
1.186750054656851
 20
17.86228259873069
 30
0.0
  0
VERTEX
  5
156D
  8
REAR_LEG
 10
1.181306351553167
 20
17.83452450911609
 30
0.0
  0
VERTEX
  5
156E
  8
REAR_LEG
 10
1.176166408681407
 20
17.80621485486985
 30
0.0
  0
VERTEX
  5
156F
  8
REAR_LEG
 10
1.171330226041571
 20
17.77735363599195
 30
0.0
  0
VERTEX
  5
1570
  8
REAR_LEG
 10
1.166797803633658
 20
17.7479408524824
 30
0.0
  0
VERTEX
  5
1571
  8
REAR_LEG
 10
1.162569141457669
 20
17.7179765043412
 30
0.0
  0
VERTEX
  5
1572
  8
REAR_LEG
 10
1.158644239513604
 20
17.68746059156835
 30
0.0
  0
VERTEX
  5
1573
  8
REAR_LEG
 10
1.155023097801462
 20
17.65639311416384
 30
0.0
  0
VERTEX
  5
1574
  8
REAR_LEG
 10
1.151705716321244
 20
17.62477407212769
 30
0.0
  0
VERTEX
  5
1575
  8
REAR_LEG
 10
1.148692095072949
 20
17.59260346545989
 30
0.0
  0
VERTEX
  5
1576
  8
REAR_LEG
 10
1.145982234056578
 20
17.55988129416043
 30
0.0
  0
VERTEX
  5
1577
  8
REAR_LEG
 10
0.730566135830111
 20
17.55988129416043
 30
0.0
  0
VERTEX
  5
1578
  8
REAR_LEG
 10
0.7369251164747221
 20
17.60533341728458
 30
0.0
  0
VERTEX
  5
1579
  8
REAR_LEG
 10
0.7437237500865912
 20
17.64985827233233
 30
0.0
  0
VERTEX
  5
157A
  8
REAR_LEG
 10
0.7509620366657181
 20
17.69345585930368
 30
0.0
  0
VERTEX
  5
157B
  8
REAR_LEG
 10
0.7586399762121028
 20
17.73612617819864
 30
0.0
  0
VERTEX
  5
157C
  8
REAR_LEG
 10
0.7667575687257453
 20
17.77786922901719
 30
0.0
  0
VERTEX
  5
157D
  8
REAR_LEG
 10
0.7753148142066457
 20
17.81868501175934
 30
0.0
  0
VERTEX
  5
157E
  8
REAR_LEG
 10
0.784311712654804
 20
17.8585735264251
 30
0.0
  0
VERTEX
  5
157F
  8
REAR_LEG
 10
0.79374826407022
 20
17.89753477301446
 30
0.0
  0
VERTEX
  5
1580
  8
REAR_LEG
 10
0.8036244684528939
 20
17.93556875152742
 30
0.0
  0
VERTEX
  5
1581
  8
REAR_LEG
 10
0.8139403258028258
 20
17.97267546196398
 30
0.0
  0
VERTEX
  5
1582
  8
REAR_LEG
 10
0.8246958361200154
 20
18.00885490432415
 30
0.0
  0
VERTEX
  5
1583
  8
REAR_LEG
 10
0.835890999404463
 20
18.04410707860791
 30
0.0
  0
VERTEX
  5
1584
  8
REAR_LEG
 10
0.8475258156561682
 20
18.07843198481528
 30
0.0
  0
VERTEX
  5
1585
  8
REAR_LEG
 10
0.8596002848751314
 20
18.11182962294625
 30
0.0
  0
VERTEX
  5
1586
  8
REAR_LEG
 10
0.8721144070613525
 20
18.14429999300081
 30
0.0
  0
VERTEX
  5
1587
  8
REAR_LEG
 10
0.8850681822148313
 20
18.17584309497899
 30
0.0
  0
VERTEX
  5
1588
  8
REAR_LEG
 10
0.8987214052707658
 20
18.20705845565429
 30
0.0
  0
VERTEX
  5
1589
  8
REAR_LEG
 10
0.9133338711643538
 20
18.23854560180027
 30
0.0
  0
VERTEX
  5
158A
  8
REAR_LEG
 10
0.9289055798955952
 20
18.27030453341692
 30
0.0
  0
VERTEX
  5
158B
  8
REAR_LEG
 10
0.9454365314644901
 20
18.30233525050422
 30
0.0
  0
VERTEX
  5
158C
  8
REAR_LEG
 10
0.9629267258710386
 20
18.3346377530622
 30
0.0
  0
VERTEX
  5
158D
  8
REAR_LEG
 10
0.9813761631152405
 20
18.36721204109086
 30
0.0
  0
VERTEX
  5
158E
  8
REAR_LEG
 10
1.000784843197096
 20
18.40005811459017
 30
0.0
  0
VERTEX
  5
158F
  8
REAR_LEG
 10
1.021152766116605
 20
18.43317597356016
 30
0.0
  0
VERTEX
  5
1590
  8
REAR_LEG
 10
1.042479931873767
 20
18.46656561800081
 30
0.0
  0
VERTEX
  5
1591
  8
REAR_LEG
 10
1.064766340468583
 20
18.50022704791214
 30
0.0
  0
VERTEX
  5
1592
  8
REAR_LEG
 10
1.088011991901052
 20
18.53416026329413
 30
0.0
  0
VERTEX
  5
1593
  8
REAR_LEG
 10
1.112216886171175
 20
18.56836526414679
 30
0.0
  0
VERTEX
  5
1594
  8
REAR_LEG
 10
1.137381023278951
 20
18.60284205047012
 30
0.0
  0
VERTEX
  5
1595
  8
REAR_LEG
 10
1.163504403224381
 20
18.63759062226412
 30
0.0
  0
VERTEX
  5
1596
  8
REAR_LEG
 10
1.190587026007464
 20
18.67261097952878
 30
0.0
  0
VERTEX
  5
1597
  8
REAR_LEG
 10
1.218628891628201
 20
18.70790312226412
 30
0.0
  0
VERTEX
  5
1598
  8
REAR_LEG
 10
0.4778376228696743
 20
18.70790312226412
 30
0.0
  0
SEQEND
  5
15BC
  8
REAR_LEG
  0
ENDSEC
  0
EOF
