  0
SECTION
  2
HEADER
  9
$ACADVER
  1
AC1009
  9
$DWGCODEPAGE
  3
ansi_1252
  9
$INSBASE
 10
0.0
 20
0.0
 30
0.0
  9
$EXTMIN
 10
0.0
 20
0.0
 30
0.0
  9
$EXTMAX
 10
3.503804596629536
 20
97.0
 30
0.0
  9
$LIMMIN
 10
0.0
 20
0.0
  9
$LIMMAX
 10
12.0
 20
9.0
  9
$ORTHOMODE
 70
     0
  9
$REGENMODE
 70
     1
  9
$FILLMODE
 70
     1
  9
$QTEXTMODE
 70
     0
  9
$MIRRTEXT
 70
     1
  9
$DRAGMODE
 70
     2
  9
$LTSCALE
 40
1.0
  9
$OSMODE
 70
    37
  9
$ATTMODE
 70
     1
  9
$TEXTSIZE
 40
0.2
  9
$TRACEWID
 40
0.05
  9
$TEXTSTYLE
  7
STANDARD
  9
$CLAYER
  8
0
  9
$CELTYPE
  6
BYLAYER
  9
$CECOLOR
 62
   256
  9
$DIMSCALE
 40
1.0
  9
$DIMASZ
 40
0.18
  9
$DIMEXO
 40
0.0625
  9
$DIMDLI
 40
0.38
  9
$DIMRND
 40
0.0
  9
$DIMDLE
 40
0.0
  9
$DIMEXE
 40
0.18
  9
$DIMTP
 40
0.0
  9
$DIMTM
 40
0.0
  9
$DIMTXT
 40
0.18
  9
$DIMCEN
 40
0.09
  9
$DIMTSZ
 40
0.0
  9
$DIMTOL
 70
     0
  9
$DIMLIM
 70
     0
  9
$DIMTIH
 70
     1
  9
$DIMTOH
 70
     1
  9
$DIMSE1
 70
     0
  9
$DIMSE2
 70
     0
  9
$DIMTAD
 70
     0
  9
$DIMZIN
 70
     0
  9
$DIMBLK
  1

  9
$DIMASO
 70
     1
  9
$DIMSHO
 70
     1
  9
$DIMPOST
  1

  9
$DIMAPOST
  1

  9
$DIMALT
 70
     0
  9
$DIMALTD
 70
     2
  9
$DIMALTF
 40
25.4
  9
$DIMLFAC
 40
1.0
  9
$DIMTOFL
 70
     0
  9
$DIMTVP
 40
0.0
  9
$DIMTIX
 70
     0
  9
$DIMSOXD
 70
     0
  9
$DIMSAH
 70
     0
  9
$DIMBLK1
  1

  9
$DIMBLK2
  1

  9
$DIMSTYLE
  2
STANDARD
  9
$DIMCLRD
 70
     0
  9
$DIMCLRE
 70
     0
  9
$DIMCLRT
 70
     0
  9
$DIMTFAC
 40
1.0
  9
$DIMGAP
 40
0.09
  9
$LUNITS
 70
     2
  9
$LUPREC
 70
     4
  9
$SKETCHINC
 40
0.1
  9
$FILLETRAD
 40
0.5
  9
$AUNITS
 70
     0
  9
$AUPREC
 70
     0
  9
$MENU
  1
.
  9
$ELEVATION
 40
0.0
  9
$PELEVATION
 40
0.0
  9
$THICKNESS
 40
0.0
  9
$LIMCHECK
 70
     0
  9
$CHAMFERA
 40
0.0
  9
$CHAMFERB
 40
0.0
  9
$SKPOLY
 70
     0
  9
$TDCREATE
 40
2454910.5
  9
$TDUPDATE
 40
2461172.447204236
  9
$TDINDWG
 40
0.0000000116
  9
$TDUSRTIMER
 40
0.0000000116
  9
$USRTIMER
 70
     1
  9
$ANGBASE
 50
0.0
  9
$ANGDIR
 70
     0
  9
$PDMODE
 70
     0
  9
$PDSIZE
 40
0.0
  9
$PLINEWID
 40
0.0
  9
$COORDS
 70
     1
  9
$SPLFRAME
 70
     0
  9
$SPLINETYPE
 70
     6
  9
$SPLINESEGS
 70
     8
  9
$ATTDIA
 70
     0
  9
$ATTREQ
 70
     1
  9
$HANDLING
 70
     1
  9
$HANDSEED
  5
F64
  9
$SURFTAB1
 70
     6
  9
$SURFTAB2
 70
     6
  9
$SURFTYPE
 70
     6
  9
$SURFU
 70
     6
  9
$SURFV
 70
     6
  9
$UCSNAME
  2

  9
$UCSORG
 10
0.0
 20
0.0
 30
0.0
  9
$UCSXDIR
 10
1.0
 20
0.0
 30
0.0
  9
$UCSYDIR
 10
0.0
 20
1.0
 30
0.0
  9
$PUCSNAME
  2

  9
$PUCSORG
 10
0.0
 20
0.0
 30
0.0
  9
$PUCSXDIR
 10
1.0
 20
0.0
 30
0.0
  9
$PUCSYDIR
 10
0.0
 20
1.0
 30
0.0
  9
$USERI1
 70
     0
  9
$USERI2
 70
     0
  9
$USERI3
 70
     0
  9
$USERI4
 70
     0
  9
$USERI5
 70
     0
  9
$USERR1
 40
0.0
  9
$USERR2
 40
0.0
  9
$USERR3
 40
0.0
  9
$USERR4
 40
0.0
  9
$USERR5
 40
0.0
  9
$WORLDVIEW
 70
     1
  9
$SHADEDGE
 70
     3
  9
$SHADEDIF
 70
    70
  9
$TILEMODE
 70
     1
  9
$MAXACTVP
 70
    64
  9
$PLIMCHECK
 70
     0
  9
$PEXTMIN
 10
1.000000000000000E+20
 20
1.000000000000000E+20
 30
1.000000000000000E+20
  9
$PEXTMAX
 10
-1.000000000000000E+20
 20
-1.000000000000000E+20
 30
-1.000000000000000E+20
  9
$PLIMMIN
 10
0.0
 20
0.0
  9
$PLIMMAX
 10
12.0
 20
9.0
  9
$UNITMODE
 70
     0
  9
$VISRETAIN
 70
     1
  9
$PLINEGEN
 70
     0
  9
$PSLTSCALE
 70
     1
  0
ENDSEC
  0
SECTION
  2
TABLES
  0
TABLE
  2
VPORT
 70
     1
  0
VPORT
  2
*ACTIVE
 70
     0
 10
0.0
 20
0.0
 11
1.0
 21
1.0
 12
10.42990654205607
 22
4.5
 13
0.0
 23
0.0
 14
0.5
 24
0.5
 15
0.5
 25
0.5
 16
0.0
 26
0.0
 36
1.0
 17
0.0
 27
0.0
 37
0.0
 40
9.0
 41
1.972972972850329
 42
50.0
 43
0.0
 44
0.0
 50
0.0
 51
0.0
 71
     0
 72
   100
 73
     1
 74
     3
 75
     0
 76
     0
 77
     0
 78
     0
  0
ENDTAB
  0
TABLE
  2
LTYPE
 70
     2
  0
LTYPE
  2
CONTINUOUS
 70
     0
  3
Solid line
 72
    65
 73
     0
 40
0.0
  0
LTYPE
  2
CONTINUOUS2
 70
     0
  3
Solid Line
 72
    65
 73
     0
 40
0.0
  0
ENDTAB
  0
TABLE
  2
LAYER
 70
     7
  0
LAYER
  2
0
 70
     0
 62
     7
  6
CONTINUOUS
  0
LAYER
  2
REAR_LEG
 70
     0
 62
    18
  6
CONTINUOUS
  0
LAYER
  2
T9_COUNTERSINK_0_6
 70
     0
 62
    18
  6
CONTINUOUS
  0
LAYER
  2
TOP_STEP_4
 70
     0
 62
    18
  6
CONTINUOUS
  0
LAYER
  2
BOTTOM_STEP_1
 70
     0
 62
    18
  6
CONTINUOUS
  0
LAYER
  2
FRONT_LEG
 70
     0
 62
    18
  6
CONTINUOUS
  0
LAYER
  2
T3_PROFILE_INSIDE_2
 70
     0
 62
    18
  6
CONTINUOUS
  0
ENDTAB
  0
TABLE
  2
STYLE
 70
     1
  0
STYLE
  2
STANDARD
 70
     0
 40
0.0
 41
1.0
 50
0.0
 71
     0
 42
0.2
  3
txt
  4

  0
ENDTAB
  0
TABLE
  2
VIEW
 70
     0
  0
ENDTAB
  0
TABLE
  2
UCS
 70
     0
  0
ENDTAB
  0
TABLE
  2
APPID
 70
     1
  0
APPID
  2
ACAD
 70
     0
  0
ENDTAB
  0
TABLE
  2
DIMSTYLE
 70
     1
  0
DIMSTYLE
  2
STANDARD
 70
     0
  3

  4

  5

  6

  7

 40
1.0
 41
0.18
 42
0.0625
 43
0.38
 44
0.18
 45
0.0
 46
0.0
 47
0.0
 48
0.0
140
0.18
141
0.09
142
0.0
143
25.4
144
1.0
145
0.0
146
1.0
147
0.09
 71
     0
 72
     0
 73
     1
 74
     1
 75
     0
 76
     0
 77
     0
 78
     0
170
     0
171
     2
172
     0
173
     0
174
     0
175
     0
176
     0
177
     0
178
     0
  0
ENDTAB
  0
ENDSEC
  0
SECTION
  2
BLOCKS
  0
BLOCK
  8
0
  2
$MODEL_SPACE
 70
     0
 10
0.0
 20
0.0
 30
0.0
  3
$MODEL_SPACE
  1

  0
ENDBLK
  5
21
  8
0
  0
BLOCK
 67
     1
  8
0
  2
$PAPER_SPACE
 70
     0
 10
0.0
 20
0.0
 30
0.0
  3
$PAPER_SPACE
  1

  0
ENDBLK
  5
1D
 67
     1
  8
0
  0
ENDSEC
  0
SECTION
  2
ENTITIES
  0
POLYLINE
  5
70
  8
REAR_LEG
 66
     1
 10
0.0
 20
0.0
 30
0.0
 70
     1
  0
VERTEX
  5
97
  8
REAR_LEG
 10
1.751902298314768
 20
55.80796865619534
 30
0.0
 42
0.4142135623730951
  0
VERTEX
  5
98
  8
REAR_LEG
 10
1.939402298314768
 20
55.99546865619534
 30
0.0
 42
0.4142135623730951
  0
VERTEX
  5
99
  8
REAR_LEG
 10
1.751902298314768
 20
56.18296865619534
 30
0.0
 42
0.4142135623730951
  0
VERTEX
  5
9A
  8
REAR_LEG
 10
1.564402298314768
 20
55.99546865619534
 30
0.0
 42
0.4142135623730951
  0
SEQEND
  5
F49
  8
REAR_LEG
  0
POLYLINE
  5
72
  8
T9_COUNTERSINK_0_6
 66
     1
 10
0.0
 20
0.0
 30
0.0
 70
     1
  0
VERTEX
  5
9B
  8
T9_COUNTERSINK_0_6
 10
1.986690292857739
 20
15.81098819916942
 30
0.0
  0
VERTEX
  5
9C
  8
T9_COUNTERSINK_0_6
 10
1.961128696677658
 20
16.21902701226628
 30
0.0
  0
VERTEX
  5
9D
  8
T9_COUNTERSINK_0_6
 10
1.985240619000304
 20
16.22276953763292
 30
0.0
  0
VERTEX
  5
9E
  8
T9_COUNTERSINK_0_6
 10
2.007873282284752
 20
16.22737003324172
 30
0.0
  0
VERTEX
  5
9F
  8
T9_COUNTERSINK_0_6
 10
2.01863489178765
 20
16.22999201988694
 30
0.0
  0
VERTEX
  5
A0
  8
T9_COUNTERSINK_0_6
 10
2.029026686531
 20
16.23282849909268
 30
0.0
  0
VERTEX
  5
A1
  8
T9_COUNTERSINK_0_6
 10
2.039048666514799
 20
16.23587947085897
 30
0.0
  0
VERTEX
  5
A2
  8
T9_COUNTERSINK_0_6
 10
2.048700831739049
 20
16.23914493518579
 30
0.0
  0
VERTEX
  5
A3
  8
T9_COUNTERSINK_0_6
 10
2.057983182203749
 20
16.24262489207315
 30
0.0
  0
VERTEX
  5
A4
  8
T9_COUNTERSINK_0_6
 10
2.066895717908899
 20
16.24631934152105
 30
0.0
  0
VERTEX
  5
A5
  8
T9_COUNTERSINK_0_6
 10
2.075438438854499
 20
16.25022828352949
 30
0.0
  0
VERTEX
  5
A6
  8
T9_COUNTERSINK_0_6
 10
2.083611345040549
 20
16.25435171809848
 30
0.0
  0
VERTEX
  5
A7
  8
T9_COUNTERSINK_0_6
 10
2.091414436467049
 20
16.258689645228
 30
0.0
  0
VERTEX
  5
A8
  8
T9_COUNTERSINK_0_6
 10
2.098847713134001
 20
16.26324206491805
 30
0.0
  0
VERTEX
  5
A9
  8
T9_COUNTERSINK_0_6
 10
2.105911175041402
 20
16.26800897716865
 30
0.0
  0
VERTEX
  5
AA
  8
T9_COUNTERSINK_0_6
 10
2.112604822189254
 20
16.27299038197978
 30
0.0
  0
VERTEX
  5
AB
  8
T9_COUNTERSINK_0_6
 10
2.122808011405233
 20
16.28149612144943
 30
0.0
  0
VERTEX
  5
AC
  8
T9_COUNTERSINK_0_6
 10
2.132352930349213
 20
16.29044563863054
 30
0.0
  0
VERTEX
  5
AD
  8
T9_COUNTERSINK_0_6
 10
2.141239579021195
 20
16.2998389335231
 30
0.0
  0
VERTEX
  5
AE
  8
T9_COUNTERSINK_0_6
 10
2.149467957421177
 20
16.30967600612712
 30
0.0
  0
VERTEX
  5
AF
  8
T9_COUNTERSINK_0_6
 10
2.157038065549162
 20
16.31995685644261
 30
0.0
  0
VERTEX
  5
B0
  8
T9_COUNTERSINK_0_6
 10
2.163949903405147
 20
16.33068148446955
 30
0.0
  0
VERTEX
  5
B1
  8
T9_COUNTERSINK_0_6
 10
2.170203470989134
 20
16.34184989020795
 30
0.0
  0
VERTEX
  5
B2
  8
T9_COUNTERSINK_0_6
 10
2.175798768301123
 20
16.35346207365782
 30
0.0
  0
VERTEX
  5
B3
  8
T9_COUNTERSINK_0_6
 10
2.180735795341112
 20
16.36551803481914
 30
0.0
  0
VERTEX
  5
B4
  8
T9_COUNTERSINK_0_6
 10
2.185014552109104
 20
16.37801777369192
 30
0.0
  0
VERTEX
  5
B5
  8
T9_COUNTERSINK_0_6
 10
2.188635038605097
 20
16.39096129027617
 30
0.0
  0
VERTEX
  5
B6
  8
T9_COUNTERSINK_0_6
 10
2.19159725482909
 20
16.40434858457187
 30
0.0
  0
VERTEX
  5
B7
  8
T9_COUNTERSINK_0_6
 10
2.193901200781085
 20
16.41817965657903
 30
0.0
  0
VERTEX
  5
B8
  8
T9_COUNTERSINK_0_6
 10
2.195546876461082
 20
16.43245450629766
 30
0.0
  0
VERTEX
  5
B9
  8
T9_COUNTERSINK_0_6
 10
2.19653428186908
 20
16.44717313372774
 30
0.0
  0
VERTEX
  5
BA
  8
T9_COUNTERSINK_0_6
 10
2.196863417005079
 20
16.46233553886928
 30
0.0
  0
VERTEX
  5
BB
  8
T9_COUNTERSINK_0_6
 10
2.196695151289484
 20
16.4736500214377
 30
0.0
  0
VERTEX
  5
BC
  8
T9_COUNTERSINK_0_6
 10
2.196190354142698
 20
16.48463536887013
 30
0.0
  0
VERTEX
  5
BD
  8
T9_COUNTERSINK_0_6
 10
2.195349025564722
 20
16.49529158116656
 30
0.0
  0
VERTEX
  5
BE
  8
T9_COUNTERSINK_0_6
 10
2.194171165555556
 20
16.50561865832699
 30
0.0
  0
VERTEX
  5
BF
  8
T9_COUNTERSINK_0_6
 10
2.1926567741152
 20
16.51561660035141
 30
0.0
  0
VERTEX
  5
C0
  8
T9_COUNTERSINK_0_6
 10
2.190805851243653
 20
16.52528540723984
 30
0.0
  0
VERTEX
  5
C1
  8
T9_COUNTERSINK_0_6
 10
2.188618396940917
 20
16.53462507899227
 30
0.0
  0
VERTEX
  5
C2
  8
T9_COUNTERSINK_0_6
 10
2.186094411206989
 20
16.54363561560871
 30
0.0
  0
VERTEX
  5
C3
  8
T9_COUNTERSINK_0_6
 10
2.183233894041871
 20
16.55231701708914
 30
0.0
  0
VERTEX
  5
C4
  8
T9_COUNTERSINK_0_6
 10
2.180036845445564
 20
16.56066928343357
 30
0.0
  0
VERTEX
  5
C5
  8
T9_COUNTERSINK_0_6
 10
2.176503265418065
 20
16.568692414642
 30
0.0
  0
VERTEX
  5
C6
  8
T9_COUNTERSINK_0_6
 10
2.172633153959376
 20
16.57638641071443
 30
0.0
  0
VERTEX
  5
C7
  8
T9_COUNTERSINK_0_6
 10
2.168426511069497
 20
16.58375127165087
 30
0.0
  0
VERTEX
  5
C8
  8
T9_COUNTERSINK_0_6
 10
2.163883336748428
 20
16.5907869974513
 30
0.0
  0
VERTEX
  5
C9
  8
T9_COUNTERSINK_0_6
 10
2.159003630996168
 20
16.59749358811574
 30
0.0
  0
VERTEX
  5
CA
  8
T9_COUNTERSINK_0_6
 10
2.153787393812719
 20
16.60387104364418
 30
0.0
  0
VERTEX
  5
CB
  8
T9_COUNTERSINK_0_6
 10
2.148349267773539
 20
16.60988977885584
 30
0.0
  0
VERTEX
  5
CC
  8
T9_COUNTERSINK_0_6
 10
2.14280389545409
 20
16.61552020856999
 30
0.0
  0
VERTEX
  5
CD
  8
T9_COUNTERSINK_0_6
 10
2.137151276854371
 20
16.62076233278661
 30
0.0
  0
VERTEX
  5
CE
  8
T9_COUNTERSINK_0_6
 10
2.131391411974383
 20
16.6256161515057
 30
0.0
  0
VERTEX
  5
CF
  8
T9_COUNTERSINK_0_6
 10
2.125524300814126
 20
16.63008166472726
 30
0.0
  0
VERTEX
  5
D0
  8
T9_COUNTERSINK_0_6
 10
2.119549943373598
 20
16.6341588724513
 30
0.0
  0
VERTEX
  5
D1
  8
T9_COUNTERSINK_0_6
 10
2.113468339652802
 20
16.63784777467781
 30
0.0
  0
VERTEX
  5
D2
  8
T9_COUNTERSINK_0_6
 10
2.107279489651737
 20
16.64114837140679
 30
0.0
  0
VERTEX
  5
D3
  8
T9_COUNTERSINK_0_6
 10
2.100983393370401
 20
16.64406066263825
 30
0.0
  0
VERTEX
  5
D4
  8
T9_COUNTERSINK_0_6
 10
2.094580050808796
 20
16.64658464837218
 30
0.0
  0
VERTEX
  5
D5
  8
T9_COUNTERSINK_0_6
 10
2.088069461966922
 20
16.64872032860858
 30
0.0
  0
VERTEX
  5
D6
  8
T9_COUNTERSINK_0_6
 10
2.081451626844779
 20
16.65046770334745
 30
0.0
  0
VERTEX
  5
D7
  8
T9_COUNTERSINK_0_6
 10
2.074726545442366
 20
16.65182677258879
 30
0.0
  0
VERTEX
  5
D8
  8
T9_COUNTERSINK_0_6
 10
2.067894217759683
 20
16.65279753633261
 30
0.0
  0
VERTEX
  5
D9
  8
T9_COUNTERSINK_0_6
 10
2.060954643796732
 20
16.6533799945789
 30
0.0
  0
VERTEX
  5
DA
  8
T9_COUNTERSINK_0_6
 10
2.05390782355351
 20
16.65357414732767
 30
0.0
  0
VERTEX
  5
DB
  8
T9_COUNTERSINK_0_6
 10
2.047206780110468
 20
16.65338923994789
 30
0.0
  0
VERTEX
  5
DC
  8
T9_COUNTERSINK_0_6
 10
2.040594492209717
 20
16.65283451780856
 30
0.0
  0
VERTEX
  5
DD
  8
T9_COUNTERSINK_0_6
 10
2.034070959851259
 20
16.65190998090969
 30
0.0
  0
VERTEX
  5
DE
  8
T9_COUNTERSINK_0_6
 10
2.027636183035093
 20
16.65061562925127
 30
0.0
  0
VERTEX
  5
DF
  8
T9_COUNTERSINK_0_6
 10
2.021290161761219
 20
16.6489514628333
 30
0.0
  0
VERTEX
  5
E0
  8
T9_COUNTERSINK_0_6
 10
2.015032896029636
 20
16.64691748165577
 30
0.0
  0
VERTEX
  5
E1
  8
T9_COUNTERSINK_0_6
 10
2.008864385840345
 20
16.6445136857187
 30
0.0
  0
VERTEX
  5
E2
  8
T9_COUNTERSINK_0_6
 10
2.002784631193347
 20
16.64174007502207
 30
0.0
  0
VERTEX
  5
E3
  8
T9_COUNTERSINK_0_6
 10
1.99679363208864
 20
16.6385966495659
 30
0.0
  0
VERTEX
  5
E4
  8
T9_COUNTERSINK_0_6
 10
1.990891388526225
 20
16.63508340935018
 30
0.0
  0
VERTEX
  5
E5
  8
T9_COUNTERSINK_0_6
 10
1.985077900506102
 20
16.6312003543749
 30
0.0
  0
VERTEX
  5
E6
  8
T9_COUNTERSINK_0_6
 10
1.979353168028271
 20
16.62694748464008
 30
0.0
  0
VERTEX
  5
E7
  8
T9_COUNTERSINK_0_6
 10
1.973717191092733
 20
16.62232480014571
 30
0.0
  0
VERTEX
  5
E8
  8
T9_COUNTERSINK_0_6
 10
1.968169969699486
 20
16.61733230089179
 30
0.0
  0
VERTEX
  5
E9
  8
T9_COUNTERSINK_0_6
 10
1.962711503848531
 20
16.61196998687831
 30
0.0
  0
VERTEX
  5
EA
  8
T9_COUNTERSINK_0_6
 10
1.957341793539868
 20
16.6062378581053
 30
0.0
  0
VERTEX
  5
EB
  8
T9_COUNTERSINK_0_6
 10
1.952034951740328
 20
16.59983266646989
 30
0.0
  0
VERTEX
  5
EC
  8
T9_COUNTERSINK_0_6
 10
1.946765091416743
 20
16.59245116386928
 30
0.0
  0
VERTEX
  5
ED
  8
T9_COUNTERSINK_0_6
 10
1.941532212569114
 20
16.58409335030345
 30
0.0
  0
VERTEX
  5
EE
  8
T9_COUNTERSINK_0_6
 10
1.936336315197439
 20
16.57475922577242
 30
0.0
  0
VERTEX
  5
EF
  8
T9_COUNTERSINK_0_6
 10
1.93117739930172
 20
16.56444879027617
 30
0.0
  0
VERTEX
  5
F0
  8
T9_COUNTERSINK_0_6
 10
1.926055464881955
 20
16.55316204381471
 30
0.0
  0
VERTEX
  5
F1
  8
T9_COUNTERSINK_0_6
 10
1.920970511938145
 20
16.54089898638804
 30
0.0
  0
VERTEX
  5
F2
  8
T9_COUNTERSINK_0_6
 10
1.91592254047029
 20
16.52765961799616
 30
0.0
  0
VERTEX
  5
F3
  8
T9_COUNTERSINK_0_6
 10
1.910911550478391
 20
16.51344393863906
 30
0.0
  0
VERTEX
  5
F4
  8
T9_COUNTERSINK_0_6
 10
1.905937541962446
 20
16.49825194831676
 30
0.0
  0
VERTEX
  5
F5
  8
T9_COUNTERSINK_0_6
 10
1.901000514922456
 20
16.48208364702924
 30
0.0
  0
VERTEX
  5
F6
  8
T9_COUNTERSINK_0_6
 10
1.896100469358422
 20
16.46493903477651
 30
0.0
  0
VERTEX
  5
F7
  8
T9_COUNTERSINK_0_6
 10
1.886411322658217
 20
16.42772087737541
 30
0.0
  0
VERTEX
  5
F8
  8
T9_COUNTERSINK_0_6
 10
1.876870101861832
 20
16.38659747611348
 30
0.0
  0
VERTEX
  5
F9
  8
T9_COUNTERSINK_0_6
 10
1.868778554922883
 20
16.35196432388164
 30
0.0
  0
VERTEX
  5
FA
  8
T9_COUNTERSINK_0_6
 10
1.860361570995529
 20
16.31859593812747
 30
0.0
  0
VERTEX
  5
FB
  8
T9_COUNTERSINK_0_6
 10
1.851619150079772
 20
16.28649231885095
 30
0.0
  0
VERTEX
  5
FC
  8
T9_COUNTERSINK_0_6
 10
1.842551292175611
 20
16.25565346605209
 30
0.0
  0
VERTEX
  5
FD
  8
T9_COUNTERSINK_0_6
 10
1.833157997283046
 20
16.22607937973089
 30
0.0
  0
VERTEX
  5
FE
  8
T9_COUNTERSINK_0_6
 10
1.823439265402078
 20
16.19777005988736
 30
0.0
  0
VERTEX
  5
FF
  8
T9_COUNTERSINK_0_6
 10
1.813395096532705
 20
16.17072550652148
 30
0.0
  0
VERTEX
  5
100
  8
T9_COUNTERSINK_0_6
 10
1.803025490674929
 20
16.14494571963326
 30
0.0
  0
VERTEX
  5
101
  8
T9_COUNTERSINK_0_6
 10
1.792330447828749
 20
16.12043069922271
 30
0.0
  0
VERTEX
  5
102
  8
T9_COUNTERSINK_0_6
 10
1.781309967994165
 20
16.09718044528981
 30
0.0
  0
VERTEX
  5
103
  8
T9_COUNTERSINK_0_6
 10
1.769964051171177
 20
16.07519495783458
 30
0.0
  0
VERTEX
  5
104
  8
T9_COUNTERSINK_0_6
 10
1.758292697359786
 20
16.054474236857
 30
0.0
  0
VERTEX
  5
105
  8
T9_COUNTERSINK_0_6
 10
1.746295906559991
 20
16.03501828235709
 30
0.0
  0
VERTEX
  5
106
  8
T9_COUNTERSINK_0_6
 10
1.733973678771791
 20
16.01682709433483
 30
0.0
  0
VERTEX
  5
107
  8
T9_COUNTERSINK_0_6
 10
1.721326013995188
 20
15.99990067279023
 30
0.0
  0
VERTEX
  5
108
  8
T9_COUNTERSINK_0_6
 10
1.708352912230181
 20
15.9842390177233
 30
0.0
  0
VERTEX
  5
109
  8
T9_COUNTERSINK_0_6
 10
1.694991504967647
 20
15.96956476806437
 30
0.0
  0
VERTEX
  5
10A
  8
T9_COUNTERSINK_0_6
 10
1.681178923698462
 20
15.95583724418988
 30
0.0
  0
VERTEX
  5
10B
  8
T9_COUNTERSINK_0_6
 10
1.666915168422627
 20
15.94305644609984
 30
0.0
  0
VERTEX
  5
10C
  8
T9_COUNTERSINK_0_6
 10
1.65220023914014
 20
15.93122237379425
 30
0.0
  0
VERTEX
  5
10D
  8
T9_COUNTERSINK_0_6
 10
1.637034135851003
 20
15.9203350272731
 30
0.0
  0
VERTEX
  5
10E
  8
T9_COUNTERSINK_0_6
 10
1.621416858555215
 20
15.9103944065364
 30
0.0
  0
VERTEX
  5
10F
  8
T9_COUNTERSINK_0_6
 10
1.605348407252777
 20
15.90140051158415
 30
0.0
  0
VERTEX
  5
110
  8
T9_COUNTERSINK_0_6
 10
1.588828781943687
 20
15.89335334241635
 30
0.0
  0
VERTEX
  5
111
  8
T9_COUNTERSINK_0_6
 10
1.571857982627947
 20
15.88625289903299
 30
0.0
  0
VERTEX
  5
112
  8
T9_COUNTERSINK_0_6
 10
1.554436009305556
 20
15.88009918143408
 30
0.0
  0
VERTEX
  5
113
  8
T9_COUNTERSINK_0_6
 10
1.536562861976515
 20
15.87489218961962
 30
0.0
  0
VERTEX
  5
114
  8
T9_COUNTERSINK_0_6
 10
1.518238540640823
 20
15.87063192358961
 30
0.0
  0
VERTEX
  5
115
  8
T9_COUNTERSINK_0_6
 10
1.49946304529848
 20
15.86731838334404
 30
0.0
  0
VERTEX
  5
116
  8
T9_COUNTERSINK_0_6
 10
1.480236375949485
 20
15.86495156888292
 30
0.0
  0
VERTEX
  5
117
  8
T9_COUNTERSINK_0_6
 10
1.460558532593841
 20
15.86353148020625
 30
0.0
  0
VERTEX
  5
118
  8
T9_COUNTERSINK_0_6
 10
1.440429515231546
 20
15.86305811731403
 30
0.0
  0
VERTEX
  5
119
  8
T9_COUNTERSINK_0_6
 10
1.427103240371169
 20
15.86330034598153
 30
0.0
  0
VERTEX
  5
11A
  8
T9_COUNTERSINK_0_6
 10
1.413869419200679
 20
15.86402703198405
 30
0.0
  0
VERTEX
  5
11B
  8
T9_COUNTERSINK_0_6
 10
1.400728051720078
 20
15.86523817532157
 30
0.0
  0
VERTEX
  5
11C
  8
T9_COUNTERSINK_0_6
 10
1.387679137929363
 20
15.86693377599411
 30
0.0
  0
VERTEX
  5
11D
  8
T9_COUNTERSINK_0_6
 10
1.374722677828536
 20
15.86911383400165
 30
0.0
  0
VERTEX
  5
11E
  8
T9_COUNTERSINK_0_6
 10
1.361858671417596
 20
15.87177834934421
 30
0.0
  0
VERTEX
  5
11F
  8
T9_COUNTERSINK_0_6
 10
1.349087118696544
 20
15.87492732202178
 30
0.0
  0
VERTEX
  5
120
  8
T9_COUNTERSINK_0_6
 10
1.336408019665379
 20
15.87856075203435
 30
0.0
  0
VERTEX
  5
121
  8
T9_COUNTERSINK_0_6
 10
1.323821374324102
 20
15.88267863938194
 30
0.0
  0
VERTEX
  5
122
  8
T9_COUNTERSINK_0_6
 10
1.311327182672712
 20
15.88728098406454
 30
0.0
  0
VERTEX
  5
123
  8
T9_COUNTERSINK_0_6
 10
1.29892544471121
 20
15.89236778608214
 30
0.0
  0
VERTEX
  5
124
  8
T9_COUNTERSINK_0_6
 10
1.286616160439595
 20
15.89793904543476
 30
0.0
  0
VERTEX
  5
125
  8
T9_COUNTERSINK_0_6
 10
1.274399329857867
 20
15.90399476212239
 30
0.0
  0
VERTEX
  5
126
  8
T9_COUNTERSINK_0_6
 10
1.262274952966027
 20
15.91053493614503
 30
0.0
  0
VERTEX
  5
127
  8
T9_COUNTERSINK_0_6
 10
1.250243029764075
 20
15.91755956750268
 30
0.0
  0
VERTEX
  5
128
  8
T9_COUNTERSINK_0_6
 10
1.23830356025201
 20
15.92506865619534
 30
0.0
  0
VERTEX
  5
129
  8
T9_COUNTERSINK_0_6
 10
1.226569337931495
 20
15.9330640512968
 30
0.0
  0
VERTEX
  5
12A
  8
T9_COUNTERSINK_0_6
 10
1.215153156304192
 20
15.94154760188088
 30
0.0
  0
VERTEX
  5
12B
  8
T9_COUNTERSINK_0_6
 10
1.204055015370103
 20
15.95051930794755
 30
0.0
  0
VERTEX
  5
12C
  8
T9_COUNTERSINK_0_6
 10
1.193274915129227
 20
15.95997916949684
 30
0.0
  0
VERTEX
  5
12D
  8
T9_COUNTERSINK_0_6
 10
1.182812855581563
 20
15.96992718652873
 30
0.0
  0
VERTEX
  5
12E
  8
T9_COUNTERSINK_0_6
 10
1.172668836727112
 20
15.98036335904322
 30
0.0
  0
VERTEX
  5
12F
  8
T9_COUNTERSINK_0_6
 10
1.162842858565874
 20
15.99128768704032
 30
0.0
  0
VERTEX
  5
130
  8
T9_COUNTERSINK_0_6
 10
1.153334921097849
 20
16.00270017052003
 30
0.0
  0
VERTEX
  5
131
  8
T9_COUNTERSINK_0_6
 10
1.144145024323036
 20
16.01460080948234
 30
0.0
  0
VERTEX
  5
132
  8
T9_COUNTERSINK_0_6
 10
1.135273168241437
 20
16.02698960392726
 30
0.0
  0
VERTEX
  5
133
  8
T9_COUNTERSINK_0_6
 10
1.12671935285305
 20
16.03986655385479
 30
0.0
  0
VERTEX
  5
134
  8
T9_COUNTERSINK_0_6
 10
1.118483578157876
 20
16.05323165926491
 30
0.0
  0
VERTEX
  5
135
  8
T9_COUNTERSINK_0_6
 10
1.110565844155915
 20
16.06708492015765
 30
0.0
  0
VERTEX
  5
136
  8
T9_COUNTERSINK_0_6
 10
1.102966150847166
 20
16.08142633653299
 30
0.0
  0
VERTEX
  5
137
  8
T9_COUNTERSINK_0_6
 10
1.095684498231631
 20
16.09625590839094
 30
0.0
  0
VERTEX
  5
138
  8
T9_COUNTERSINK_0_6
 10
1.088720886309308
 20
16.11157363573149
 30
0.0
  0
VERTEX
  5
139
  8
T9_COUNTERSINK_0_6
 10
1.082128938220333
 20
16.12749601020391
 30
0.0
  0
VERTEX
  5
13A
  8
T9_COUNTERSINK_0_6
 10
1.07596227710484
 20
16.14413952345744
 30
0.0
  0
VERTEX
  5
13B
  8
T9_COUNTERSINK_0_6
 10
1.07022090296283
 20
16.16150417549211
 30
0.0
  0
VERTEX
  5
13C
  8
T9_COUNTERSINK_0_6
 10
1.064904815794302
 20
16.17958996630789
 30
0.0
  0
VERTEX
  5
13D
  8
T9_COUNTERSINK_0_6
 10
1.060014015599255
 20
16.19839689590479
 30
0.0
  0
VERTEX
  5
13E
  8
T9_COUNTERSINK_0_6
 10
1.055548502377692
 20
16.21792496428282
 30
0.0
  0
VERTEX
  5
13F
  8
T9_COUNTERSINK_0_6
 10
1.05150827612961
 20
16.23817417144197
 30
0.0
  0
VERTEX
  5
140
  8
T9_COUNTERSINK_0_6
 10
1.047893336855011
 20
16.25914451738224
 30
0.0
  0
VERTEX
  5
141
  8
T9_COUNTERSINK_0_6
 10
1.044703684553894
 20
16.28083600210363
 30
0.0
  0
VERTEX
  5
142
  8
T9_COUNTERSINK_0_6
 10
1.041939319226259
 20
16.30324862560615
 30
0.0
  0
VERTEX
  5
143
  8
T9_COUNTERSINK_0_6
 10
1.039600240872107
 20
16.32638238788979
 30
0.0
  0
VERTEX
  5
144
  8
T9_COUNTERSINK_0_6
 10
1.037686449491437
 20
16.35023728895455
 30
0.0
  0
VERTEX
  5
145
  8
T9_COUNTERSINK_0_6
 10
1.036197945084249
 20
16.37481332880043
 30
0.0
  0
VERTEX
  5
146
  8
T9_COUNTERSINK_0_6
 10
1.035134727650543
 20
16.40011050742743
 30
0.0
  0
VERTEX
  5
147
  8
T9_COUNTERSINK_0_6
 10
1.03449679719032
 20
16.42612882483556
 30
0.0
  0
VERTEX
  5
148
  8
T9_COUNTERSINK_0_6
 10
1.034284153703579
 20
16.4528682810248
 30
0.0
  0
VERTEX
  5
149
  8
T9_COUNTERSINK_0_6
 10
1.034670610127308
 20
16.48562832149952
 30
0.0
  0
VERTEX
  5
14A
  8
T9_COUNTERSINK_0_6
 10
1.035829979398497
 20
16.51740095656625
 30
0.0
  0
VERTEX
  5
14B
  8
T9_COUNTERSINK_0_6
 10
1.037762261517144
 20
16.54818618622497
 30
0.0
  0
VERTEX
  5
14C
  8
T9_COUNTERSINK_0_6
 10
1.040467456483251
 20
16.57798401047569
 30
0.0
  0
VERTEX
  5
14D
  8
T9_COUNTERSINK_0_6
 10
1.043945564296817
 20
16.60679442931842
 30
0.0
  0
VERTEX
  5
14E
  8
T9_COUNTERSINK_0_6
 10
1.048196584957842
 20
16.63461744275315
 30
0.0
  0
VERTEX
  5
14F
  8
T9_COUNTERSINK_0_6
 10
1.053220518466326
 20
16.66145305077988
 30
0.0
  0
VERTEX
  5
150
  8
T9_COUNTERSINK_0_6
 10
1.059017364822269
 20
16.68730125339861
 30
0.0
  0
VERTEX
  5
151
  8
T9_COUNTERSINK_0_6
 10
1.065587124025671
 20
16.71216205060934
 30
0.0
  0
VERTEX
  5
152
  8
T9_COUNTERSINK_0_6
 10
1.072929796076532
 20
16.73603544241208
 30
0.0
  0
VERTEX
  5
153
  8
T9_COUNTERSINK_0_6
 10
1.081045380974852
 20
16.75892142880682
 30
0.0
  0
VERTEX
  5
154
  8
T9_COUNTERSINK_0_6
 10
1.089933878720632
 20
16.78082000979356
 30
0.0
  0
VERTEX
  5
155
  8
T9_COUNTERSINK_0_6
 10
1.09959528931387
 20
16.8017311853723
 30
0.0
  0
VERTEX
  5
156
  8
T9_COUNTERSINK_0_6
 10
1.110029612754567
 20
16.82165495554305
 30
0.0
  0
VERTEX
  5
157
  8
T9_COUNTERSINK_0_6
 10
1.121236849042724
 20
16.8405913203058
 30
0.0
  0
VERTEX
  5
158
  8
T9_COUNTERSINK_0_6
 10
1.13321699817834
 20
16.85854027966055
 30
0.0
  0
VERTEX
  5
159
  8
T9_COUNTERSINK_0_6
 10
1.139514481265023
 20
16.86715742582651
 30
0.0
  0
VERTEX
  5
15A
  8
T9_COUNTERSINK_0_6
 10
1.146040324965729
 20
16.87555360767364
 30
0.0
  0
VERTEX
  5
15B
  8
T9_COUNTERSINK_0_6
 10
1.152794529280456
 20
16.88372882520193
 30
0.0
  0
VERTEX
  5
15C
  8
T9_COUNTERSINK_0_6
 10
1.159777094209206
 20
16.8916830784114
 30
0.0
  0
VERTEX
  5
15D
  8
T9_COUNTERSINK_0_6
 10
1.166988019751978
 20
16.89941636730203
 30
0.0
  0
VERTEX
  5
15E
  8
T9_COUNTERSINK_0_6
 10
1.174427305908771
 20
16.90692869187384
 30
0.0
  0
VERTEX
  5
15F
  8
T9_COUNTERSINK_0_6
 10
1.182094952679587
 20
16.91422005212682
 30
0.0
  0
VERTEX
  5
160
  8
T9_COUNTERSINK_0_6
 10
1.189990960064424
 20
16.92129044806096
 30
0.0
  0
VERTEX
  5
161
  8
T9_COUNTERSINK_0_6
 10
1.198115328063284
 20
16.92813987967627
 30
0.0
  0
VERTEX
  5
162
  8
T9_COUNTERSINK_0_6
 10
1.206468056676165
 20
16.93476834697275
 30
0.0
  0
VERTEX
  5
163
  8
T9_COUNTERSINK_0_6
 10
1.215049145903069
 20
16.9411758499504
 30
0.0
  0
VERTEX
  5
164
  8
T9_COUNTERSINK_0_6
 10
1.223858595743995
 20
16.94736238860921
 30
0.0
  0
VERTEX
  5
165
  8
T9_COUNTERSINK_0_6
 10
1.232896406198942
 20
16.9533279629492
 30
0.0
  0
VERTEX
  5
166
  8
T9_COUNTERSINK_0_6
 10
1.242162577267912
 20
16.95907257297036
 30
0.0
  0
VERTEX
  5
167
  8
T9_COUNTERSINK_0_6
 10
1.251657108950903
 20
16.96459621867269
 30
0.0
  0
VERTEX
  5
168
  8
T9_COUNTERSINK_0_6
 10
1.261380001247917
 20
16.96989890005618
 30
0.0
  0
VERTEX
  5
169
  8
T9_COUNTERSINK_0_6
 10
1.28151086768401
 20
16.97984136986668
 30
0.0
  0
VERTEX
  5
16A
  8
T9_COUNTERSINK_0_6
 10
1.302555176576191
 20
16.98889998240185
 30
0.0
  0
VERTEX
  5
16B
  8
T9_COUNTERSINK_0_6
 10
1.32451292792446
 20
16.9970747376617
 30
0.0
  0
VERTEX
  5
16C
  8
T9_COUNTERSINK_0_6
 10
1.347384121728817
 20
17.00436563564622
 30
0.0
  0
VERTEX
  5
16D
  8
T9_COUNTERSINK_0_6
 10
1.371168757989262
 20
17.01077267635542
 30
0.0
  0
VERTEX
  5
16E
  8
T9_COUNTERSINK_0_6
 10
1.395866836705795
 20
17.0162958597893
 30
0.0
  0
VERTEX
  5
16F
  8
T9_COUNTERSINK_0_6
 10
1.421478357878416
 20
17.02093518594785
 30
0.0
  0
VERTEX
  5
170
  8
T9_COUNTERSINK_0_6
 10
1.448003321507126
 20
17.02469065483108
 30
0.0
  0
VERTEX
  5
171
  8
T9_COUNTERSINK_0_6
 10
1.471671466118313
 20
16.62043874487201
 30
0.0
  0
VERTEX
  5
172
  8
T9_COUNTERSINK_0_6
 10
1.460155434505932
 20
16.61828827204523
 30
0.0
  0
VERTEX
  5
173
  8
T9_COUNTERSINK_0_6
 10
1.449038802833865
 20
16.61586043814878
 30
0.0
  0
VERTEX
  5
174
  8
T9_COUNTERSINK_0_6
 10
1.438321571102112
 20
16.61315524318267
 30
0.0
  0
VERTEX
  5
175
  8
T9_COUNTERSINK_0_6
 10
1.428003739310673
 20
16.61017268714691
 30
0.0
  0
VERTEX
  5
176
  8
T9_COUNTERSINK_0_6
 10
1.418085307459547
 20
16.60691277004148
 30
0.0
  0
VERTEX
  5
177
  8
T9_COUNTERSINK_0_6
 10
1.408566275548735
 20
16.60337549186638
 30
0.0
  0
VERTEX
  5
178
  8
T9_COUNTERSINK_0_6
 10
1.399446643578238
 20
16.59956085262162
 30
0.0
  0
VERTEX
  5
179
  8
T9_COUNTERSINK_0_6
 10
1.390726411548053
 20
16.59546885230721
 30
0.0
  0
VERTEX
  5
17A
  8
T9_COUNTERSINK_0_6
 10
1.382405579458183
 20
16.59109949092313
 30
0.0
  0
VERTEX
  5
17B
  8
T9_COUNTERSINK_0_6
 10
1.374484147308626
 20
16.58645276846938
 30
0.0
  0
VERTEX
  5
17C
  8
T9_COUNTERSINK_0_6
 10
1.366962115099383
 20
16.58152868494598
 30
0.0
  0
VERTEX
  5
17D
  8
T9_COUNTERSINK_0_6
 10
1.359839482830454
 20
16.57632724035291
 30
0.0
  0
VERTEX
  5
17E
  8
T9_COUNTERSINK_0_6
 10
1.353116250501839
 20
16.57084843469018
 30
0.0
  0
VERTEX
  5
17F
  8
T9_COUNTERSINK_0_6
 10
1.346792418113538
 20
16.56509226795779
 30
0.0
  0
VERTEX
  5
180
  8
T9_COUNTERSINK_0_6
 10
1.34086798566555
 20
16.55905874015573
 30
0.0
  0
VERTEX
  5
181
  8
T9_COUNTERSINK_0_6
 10
1.335342953157876
 20
16.55274785128401
 30
0.0
  0
VERTEX
  5
182
  8
T9_COUNTERSINK_0_6
 10
1.330184037262157
 20
16.54614480875225
 30
0.0
  0
VERTEX
  5
183
  8
T9_COUNTERSINK_0_6
 10
1.325357954650031
 20
16.53923481997007
 30
0.0
  0
VERTEX
  5
184
  8
T9_COUNTERSINK_0_6
 10
1.320864705321501
 20
16.53201788493745
 30
0.0
  0
VERTEX
  5
185
  8
T9_COUNTERSINK_0_6
 10
1.316704289276566
 20
16.52449400365441
 30
0.0
  0
VERTEX
  5
186
  8
T9_COUNTERSINK_0_6
 10
1.312876706515226
 20
16.51666317612094
 30
0.0
  0
VERTEX
  5
187
  8
T9_COUNTERSINK_0_6
 10
1.30938195703748
 20
16.50852540233705
 30
0.0
  0
VERTEX
  5
188
  8
T9_COUNTERSINK_0_6
 10
1.306220040843329
 20
16.50008068230273
 30
0.0
  0
VERTEX
  5
189
  8
T9_COUNTERSINK_0_6
 10
1.303390957932773
 20
16.49132901601799
 30
0.0
  0
VERTEX
  5
18A
  8
T9_COUNTERSINK_0_6
 10
1.300894708305812
 20
16.48227040348281
 30
0.0
  0
VERTEX
  5
18B
  8
T9_COUNTERSINK_0_6
 10
1.298731291962446
 20
16.47290484469721
 30
0.0
  0
VERTEX
  5
18C
  8
T9_COUNTERSINK_0_6
 10
1.296900708902675
 20
16.46323233966119
 30
0.0
  0
VERTEX
  5
18D
  8
T9_COUNTERSINK_0_6
 10
1.295402959126498
 20
16.45325288837473
 30
0.0
  0
VERTEX
  5
18E
  8
T9_COUNTERSINK_0_6
 10
1.294238042633916
 20
16.44296649083786
 30
0.0
  0
VERTEX
  5
18F
  8
T9_COUNTERSINK_0_6
 10
1.293405959424929
 20
16.43237314705055
 30
0.0
  0
VERTEX
  5
190
  8
T9_COUNTERSINK_0_6
 10
1.292906709499537
 20
16.42147285701282
 30
0.0
  0
VERTEX
  5
191
  8
T9_COUNTERSINK_0_6
 10
1.292740292857739
 20
16.41026562072467
 30
0.0
  0
VERTEX
  5
192
  8
T9_COUNTERSINK_0_6
 10
1.293235844635536
 20
16.39214469750673
 30
0.0
  0
VERTEX
  5
193
  8
T9_COUNTERSINK_0_6
 10
1.294722499968926
 20
16.37517759633859
 30
0.0
  0
VERTEX
  5
194
  8
T9_COUNTERSINK_0_6
 10
1.29720025885791
 20
16.35936431722023
 30
0.0
  0
VERTEX
  5
195
  8
T9_COUNTERSINK_0_6
 10
1.298810802135749
 20
16.35189036092973
 30
0.0
  0
VERTEX
  5
196
  8
T9_COUNTERSINK_0_6
 10
1.300669121302487
 20
16.34470486015168
 30
0.0
  0
VERTEX
  5
197
  8
T9_COUNTERSINK_0_6
 10
1.302775216358123
 20
16.33780781488608
 30
0.0
  0
VERTEX
  5
198
  8
T9_COUNTERSINK_0_6
 10
1.305129087302658
 20
16.33119922513292
 30
0.0
  0
VERTEX
  5
199
  8
T9_COUNTERSINK_0_6
 10
1.30773073413609
 20
16.32487909089222
 30
0.0
  0
VERTEX
  5
19A
  8
T9_COUNTERSINK_0_6
 10
1.310580156858421
 20
16.31884741216396
 30
0.0
  0
VERTEX
  5
19B
  8
T9_COUNTERSINK_0_6
 10
1.313677355469651
 20
16.31310418894815
 30
0.0
  0
VERTEX
  5
19C
  8
T9_COUNTERSINK_0_6
 10
1.317022329969779
 20
16.30764942124479
 30
0.0
  0
VERTEX
  5
19D
  8
T9_COUNTERSINK_0_6
 10
1.320615080358805
 20
16.30248310905388
 30
0.0
  0
VERTEX
  5
19E
  8
T9_COUNTERSINK_0_6
 10
1.32445560663673
 20
16.29760525237542
 30
0.0
  0
VERTEX
  5
19F
  8
T9_COUNTERSINK_0_6
 10
1.332598927642016
 20
16.28872969814622
 30
0.0
  0
VERTEX
  5
1A0
  8
T9_COUNTERSINK_0_6
 10
1.341171233768381
 20
16.28103755114758
 30
0.0
  0
VERTEX
  5
1A1
  8
T9_COUNTERSINK_0_6
 10
1.345618256251967
 20
16.27763525535973
 30
0.0
  0
VERTEX
  5
1A2
  8
T9_COUNTERSINK_0_6
 10
1.350172525015823
 20
16.27452881137951
 30
0.0
  0
VERTEX
  5
1A3
  8
T9_COUNTERSINK_0_6
 10
1.354834040059948
 20
16.27171821920693
 30
0.0
  0
VERTEX
  5
1A4
  8
T9_COUNTERSINK_0_6
 10
1.359602801384342
 20
16.26920347884199
 30
0.0
  0
VERTEX
  5
1A5
  8
T9_COUNTERSINK_0_6
 10
1.364478808989007
 20
16.26698459028469
 30
0.0
  0
VERTEX
  5
1A6
  8
T9_COUNTERSINK_0_6
 10
1.36946206287394
 20
16.26506155353503
 30
0.0
  0
VERTEX
  5
1A7
  8
T9_COUNTERSINK_0_6
 10
1.374552563039143
 20
16.26343436859301
 30
0.0
  0
VERTEX
  5
1A8
  8
T9_COUNTERSINK_0_6
 10
1.379750309484615
 20
16.26210303545863
 30
0.0
  0
VERTEX
  5
1A9
  8
T9_COUNTERSINK_0_6
 10
1.385055302210357
 20
16.26106755413189
 30
0.0
  0
VERTEX
  5
1AA
  8
T9_COUNTERSINK_0_6
 10
1.390467541216368
 20
16.2603279246128
 30
0.0
  0
VERTEX
  5
1AB
  8
T9_COUNTERSINK_0_6
 10
1.395987026502649
 20
16.25988414690134
 30
0.0
  0
VERTEX
  5
1AC
  8
T9_COUNTERSINK_0_6
 10
1.401613758069199
 20
16.25973622099752
 30
0.0
  0
VERTEX
  5
1AD
  8
T9_COUNTERSINK_0_6
 10
1.409794060550441
 20
16.26022437648012
 30
0.0
  0
VERTEX
  5
1AE
  8
T9_COUNTERSINK_0_6
 10
1.417767266766334
 20
16.26168884292794
 30
0.0
  0
VERTEX
  5
1AF
  8
T9_COUNTERSINK_0_6
 10
1.42553337671688
 20
16.26412962034097
 30
0.0
  0
VERTEX
  5
1B0
  8
T9_COUNTERSINK_0_6
 10
1.433092390402078
 20
16.26754670871921
 30
0.0
  0
VERTEX
  5
1B1
  8
T9_COUNTERSINK_0_6
 10
1.440444307821928
 20
16.27194010806266
 30
0.0
  0
VERTEX
  5
1B2
  8
T9_COUNTERSINK_0_6
 10
1.44758912897643
 20
16.27730981837133
 30
0.0
  0
VERTEX
  5
1B3
  8
T9_COUNTERSINK_0_6
 10
1.454526853865584
 20
16.2836558396452
 30
0.0
  0
VERTEX
  5
1B4
  8
T9_COUNTERSINK_0_6
 10
1.46125748248939
 20
16.29097817188429
 30
0.0
  0
VERTEX
  5
1B5
  8
T9_COUNTERSINK_0_6
 10
1.464674570867631
 20
16.29509051201047
 30
0.0
  0
VERTEX
  5
1B6
  8
T9_COUNTERSINK_0_6
 10
1.468062074065107
 20
16.29985372611348
 30
0.0
  0
VERTEX
  5
1B7
  8
T9_COUNTERSINK_0_6
 10
1.471419992081819
 20
16.30526781419329
 30
0.0
  0
VERTEX
  5
1B8
  8
T9_COUNTERSINK_0_6
 10
1.474748324917767
 20
16.31133277624991
 30
0.0
  0
VERTEX
  5
1B9
  8
T9_COUNTERSINK_0_6
 10
1.478047072572951
 20
16.31804861228333
 30
0.0
  0
VERTEX
  5
1BA
  8
T9_COUNTERSINK_0_6
 10
1.481316235047371
 20
16.32541532229356
 30
0.0
  0
VERTEX
  5
1BB
  8
T9_COUNTERSINK_0_6
 10
1.487765804453919
 20
16.34210136424445
 30
0.0
  0
VERTEX
  5
1BC
  8
T9_COUNTERSINK_0_6
 10
1.494097033137412
 20
16.36139090210256
 30
0.0
  0
VERTEX
  5
1BD
  8
T9_COUNTERSINK_0_6
 10
1.500309921097849
 20
16.38328393586792
 30
0.0
  0
VERTEX
  5
1BE
  8
T9_COUNTERSINK_0_6
 10
1.506404468335229
 20
16.40778046554049
 30
0.0
  0
VERTEX
  5
1BF
  8
T9_COUNTERSINK_0_6
 10
1.512380674849554
 20
16.4348804911203
 30
0.0
  0
VERTEX
  5
1C0
  8
T9_COUNTERSINK_0_6
 10
1.527550476286287
 20
16.50268232913616
 30
0.0
  0
VERTEX
  5
1C1
  8
T9_COUNTERSINK_0_6
 10
1.535152018668832
 20
16.53471383453457
 30
0.0
  0
VERTEX
  5
1C2
  8
T9_COUNTERSINK_0_6
 10
1.542764655494165
 20
16.56549906419329
 30
0.0
  0
VERTEX
  5
1C3
  8
T9_COUNTERSINK_0_6
 10
1.550388386762284
 20
16.59503801811233
 30
0.0
  0
VERTEX
  5
1C4
  8
T9_COUNTERSINK_0_6
 10
1.55802321247319
 20
16.62333069629168
 30
0.0
  0
VERTEX
  5
1C5
  8
T9_COUNTERSINK_0_6
 10
1.565669132626882
 20
16.65037709873136
 30
0.0
  0
VERTEX
  5
1C6
  8
T9_COUNTERSINK_0_6
 10
1.57332614722336
 20
16.67617722543135
 30
0.0
  0
VERTEX
  5
1C7
  8
T9_COUNTERSINK_0_6
 10
1.580994256262625
 20
16.70073107639166
 30
0.0
  0
VERTEX
  5
1C8
  8
T9_COUNTERSINK_0_6
 10
1.588673459744677
 20
16.72403865161229
 30
0.0
  0
VERTEX
  5
1C9
  8
T9_COUNTERSINK_0_6
 10
1.596363757669514
 20
16.74609995109323
 30
0.0
  0
VERTEX
  5
1CA
  8
T9_COUNTERSINK_0_6
 10
1.604065150037139
 20
16.76691497483449
 30
0.0
  0
VERTEX
  5
1CB
  8
T9_COUNTERSINK_0_6
 10
1.61177763684755
 20
16.78648372283607
 30
0.0
  0
VERTEX
  5
1CC
  8
T9_COUNTERSINK_0_6
 10
1.619501218100747
 20
16.80480619509796
 30
0.0
  0
VERTEX
  5
1CD
  8
T9_COUNTERSINK_0_6
 10
1.627235893796731
 20
16.82188239162018
 30
0.0
  0
VERTEX
  5
1CE
  8
T9_COUNTERSINK_0_6
 10
1.634981663935502
 20
16.8377123124027
 30
0.0
  0
VERTEX
  5
1CF
  8
T9_COUNTERSINK_0_6
 10
1.642849472944924
 20
16.85266022498371
 30
0.0
  0
VERTEX
  5
1D0
  8
T9_COUNTERSINK_0_6
 10
1.650950265252862
 20
16.86709039690134
 30
0.0
  0
VERTEX
  5
1D1
  8
T9_COUNTERSINK_0_6
 10
1.659284040859317
 20
16.8810028281556
 30
0.0
  0
VERTEX
  5
1D2
  8
T9_COUNTERSINK_0_6
 10
1.667850799764288
 20
16.89439751874649
 30
0.0
  0
VERTEX
  5
1D3
  8
T9_COUNTERSINK_0_6
 10
1.676650541967775
 20
16.90727446867402
 30
0.0
  0
VERTEX
  5
1D4
  8
T9_COUNTERSINK_0_6
 10
1.685683267469779
 20
16.91963367793817
 30
0.0
  0
VERTEX
  5
1D5
  8
T9_COUNTERSINK_0_6
 10
1.694948976270299
 20
16.93147514653896
 30
0.0
  0
VERTEX
  5
1D6
  8
T9_COUNTERSINK_0_6
 10
1.704447668369335
 20
16.94279887447637
 30
0.0
  0
VERTEX
  5
1D7
  8
T9_COUNTERSINK_0_6
 10
1.714179343766888
 20
16.95360486175042
 30
0.0
  0
VERTEX
  5
1D8
  8
T9_COUNTERSINK_0_6
 10
1.724144002462958
 20
16.96389310836109
 30
0.0
  0
VERTEX
  5
1D9
  8
T9_COUNTERSINK_0_6
 10
1.734341644457543
 20
16.9736636143084
 30
0.0
  0
VERTEX
  5
1DA
  8
T9_COUNTERSINK_0_6
 10
1.744772269750645
 20
16.98291637959234
 30
0.0
  0
VERTEX
  5
1DB
  8
T9_COUNTERSINK_0_6
 10
1.755435878342263
 20
16.99165140421291
 30
0.0
  0
VERTEX
  5
1DC
  8
T9_COUNTERSINK_0_6
 10
1.766332470232398
 20
16.9998686881701
 30
0.0
  0
VERTEX
  5
1DD
  8
T9_COUNTERSINK_0_6
 10
1.777462045421049
 20
17.00756823146392
 30
0.0
  0
VERTEX
  5
1DE
  8
T9_COUNTERSINK_0_6
 10
1.788824603908217
 20
17.01475003409438
 30
0.0
  0
VERTEX
  5
1DF
  8
T9_COUNTERSINK_0_6
 10
1.800388711439339
 20
17.02145662475881
 30
0.0
  0
VERTEX
  5
1E0
  8
T9_COUNTERSINK_0_6
 10
1.812122933759854
 20
17.02773053215458
 30
0.0
  0
VERTEX
  5
1E1
  8
T9_COUNTERSINK_0_6
 10
1.824027270869762
 20
17.03357175628167
 30
0.0
  0
VERTEX
  5
1E2
  8
T9_COUNTERSINK_0_6
 10
1.836101722769063
 20
17.03898029714009
 30
0.0
  0
VERTEX
  5
1E3
  8
T9_COUNTERSINK_0_6
 10
1.848346289457756
 20
17.04395615472983
 30
0.0
  0
VERTEX
  5
1E4
  8
T9_COUNTERSINK_0_6
 10
1.860760970935843
 20
17.0484993290509
 30
0.0
  0
VERTEX
  5
1E5
  8
T9_COUNTERSINK_0_6
 10
1.873345767203322
 20
17.05260982010329
 30
0.0
  0
VERTEX
  5
1E6
  8
T9_COUNTERSINK_0_6
 10
1.886100678260195
 20
17.05628762788701
 30
0.0
  0
VERTEX
  5
1E7
  8
T9_COUNTERSINK_0_6
 10
1.89902570410646
 20
17.05953275240206
 30
0.0
  0
VERTEX
  5
1E8
  8
T9_COUNTERSINK_0_6
 10
1.912120844742119
 20
17.06234519364844
 30
0.0
  0
VERTEX
  5
1E9
  8
T9_COUNTERSINK_0_6
 10
1.92538610016717
 20
17.06472495162614
 30
0.0
  0
VERTEX
  5
1EA
  8
T9_COUNTERSINK_0_6
 10
1.938821470381614
 20
17.06667202633517
 30
0.0
  0
VERTEX
  5
1EB
  8
T9_COUNTERSINK_0_6
 10
1.952426955385451
 20
17.06818641777553
 30
0.0
  0
VERTEX
  5
1EC
  8
T9_COUNTERSINK_0_6
 10
1.966202555178681
 20
17.06926812594721
 30
0.0
  0
VERTEX
  5
1ED
  8
T9_COUNTERSINK_0_6
 10
1.980148269761304
 20
17.06991715085022
 30
0.0
  0
VERTEX
  5
1EE
  8
T9_COUNTERSINK_0_6
 10
1.994264099133319
 20
17.07013349248456
 30
0.0
  0
VERTEX
  5
1EF
  8
T9_COUNTERSINK_0_6
 10
2.010868781837105
 20
17.06984503697211
 30
0.0
  0
VERTEX
  5
1F0
  8
T9_COUNTERSINK_0_6
 10
2.027310746046689
 20
17.06897967043476
 30
0.0
  0
VERTEX
  5
1F1
  8
T9_COUNTERSINK_0_6
 10
2.043589991762071
 20
17.06753739287252
 30
0.0
  0
VERTEX
  5
1F2
  8
T9_COUNTERSINK_0_6
 10
2.059706518983251
 20
17.06551820428538
 30
0.0
  0
VERTEX
  5
1F3
  8
T9_COUNTERSINK_0_6
 10
2.075660327710229
 20
17.06292210467333
 30
0.0
  0
VERTEX
  5
1F4
  8
T9_COUNTERSINK_0_6
 10
2.091451417943006
 20
17.0597490940364
 30
0.0
  0
VERTEX
  5
1F5
  8
T9_COUNTERSINK_0_6
 10
2.10707978968158
 20
17.05599917237457
 30
0.0
  0
VERTEX
  5
1F6
  8
T9_COUNTERSINK_0_6
 10
2.122545442925952
 20
17.05167233968783
 30
0.0
  0
VERTEX
  5
1F7
  8
T9_COUNTERSINK_0_6
 10
2.137848377676123
 20
17.0467685959762
 30
0.0
  0
VERTEX
  5
1F8
  8
T9_COUNTERSINK_0_6
 10
2.152988593932092
 20
17.04128794123967
 30
0.0
  0
VERTEX
  5
1F9
  8
T9_COUNTERSINK_0_6
 10
2.167966091693858
 20
17.03523037547825
 30
0.0
  0
VERTEX
  5
1FA
  8
T9_COUNTERSINK_0_6
 10
2.182780870961423
 20
17.02859589869193
 30
0.0
  0
VERTEX
  5
1FB
  8
T9_COUNTERSINK_0_6
 10
2.197432931734786
 20
17.0213845108807
 30
0.0
  0
VERTEX
  5
1FC
  8
T9_COUNTERSINK_0_6
 10
2.211922274013947
 20
17.01359621204459
 30
0.0
  0
VERTEX
  5
1FD
  8
T9_COUNTERSINK_0_6
 10
2.226248897798906
 20
17.00523100218357
 30
0.0
  0
VERTEX
  5
1FE
  8
T9_COUNTERSINK_0_6
 10
2.240412803089663
 20
16.99628888129766
 30
0.0
  0
VERTEX
  5
1FF
  8
T9_COUNTERSINK_0_6
 10
2.254282705646578
 20
16.98682901974837
 30
0.0
  0
VERTEX
  5
200
  8
T9_COUNTERSINK_0_6
 10
2.267727321230011
 20
16.97691058789725
 30
0.0
  0
VERTEX
  5
201
  8
T9_COUNTERSINK_0_6
 10
2.280746649839961
 20
16.96653358574428
 30
0.0
  0
VERTEX
  5
202
  8
T9_COUNTERSINK_0_6
 10
2.29334069147643
 20
16.95569801328947
 30
0.0
  0
VERTEX
  5
203
  8
T9_COUNTERSINK_0_6
 10
2.305509446139416
 20
16.94440387053282
 30
0.0
  0
VERTEX
  5
204
  8
T9_COUNTERSINK_0_6
 10
2.31725291382892
 20
16.93265115747433
 30
0.0
  0
VERTEX
  5
205
  8
T9_COUNTERSINK_0_6
 10
2.328571094544941
 20
16.92043987411399
 30
0.0
  0
VERTEX
  5
206
  8
T9_COUNTERSINK_0_6
 10
2.33946398828748
 20
16.90777002045181
 30
0.0
  0
VERTEX
  5
207
  8
T9_COUNTERSINK_0_6
 10
2.349931595056537
 20
16.89464159648779
 30
0.0
  0
VERTEX
  5
208
  8
T9_COUNTERSINK_0_6
 10
2.359973914852112
 20
16.88105460222194
 30
0.0
  0
VERTEX
  5
209
  8
T9_COUNTERSINK_0_6
 10
2.369590947674205
 20
16.86700903765423
 30
0.0
  0
VERTEX
  5
20A
  8
T9_COUNTERSINK_0_6
 10
2.378782693522814
 20
16.85250490278469
 30
0.0
  0
VERTEX
  5
20B
  8
T9_COUNTERSINK_0_6
 10
2.387549152397942
 20
16.83754219761331
 30
0.0
  0
VERTEX
  5
20C
  8
T9_COUNTERSINK_0_6
 10
2.395890324299588
 20
16.82212092214008
 30
0.0
  0
VERTEX
  5
20D
  8
T9_COUNTERSINK_0_6
 10
2.403806209227751
 20
16.80624107636502
 30
0.0
  0
VERTEX
  5
20E
  8
T9_COUNTERSINK_0_6
 10
2.411296807182433
 20
16.78990266028811
 30
0.0
  0
VERTEX
  5
20F
  8
T9_COUNTERSINK_0_6
 10
2.418347325573249
 20
16.7730649942858
 30
0.0
  0
VERTEX
  5
210
  8
T9_COUNTERSINK_0_6
 10
2.424942971809819
 20
16.75568739873456
 30
0.0
  0
VERTEX
  5
211
  8
T9_COUNTERSINK_0_6
 10
2.431083745892144
 20
16.73776987363437
 30
0.0
  0
VERTEX
  5
212
  8
T9_COUNTERSINK_0_6
 10
2.436769647820222
 20
16.71931241898524
 30
0.0
  0
VERTEX
  5
213
  8
T9_COUNTERSINK_0_6
 10
2.442000677594054
 20
16.70031503478717
 30
0.0
  0
VERTEX
  5
214
  8
T9_COUNTERSINK_0_6
 10
2.446776835213639
 20
16.68077772104015
 30
0.0
  0
VERTEX
  5
215
  8
T9_COUNTERSINK_0_6
 10
2.451098120678979
 20
16.66070047774419
 30
0.0
  0
VERTEX
  5
216
  8
T9_COUNTERSINK_0_6
 10
2.454964533990072
 20
16.64008330489929
 30
0.0
  0
VERTEX
  5
217
  8
T9_COUNTERSINK_0_6
 10
2.458376075146919
 20
16.61892620250545
 30
0.0
  0
VERTEX
  5
218
  8
T9_COUNTERSINK_0_6
 10
2.461332744149519
 20
16.59722917056266
 30
0.0
  0
VERTEX
  5
219
  8
T9_COUNTERSINK_0_6
 10
2.463834540997874
 20
16.57499220907093
 30
0.0
  0
VERTEX
  5
21A
  8
T9_COUNTERSINK_0_6
 10
2.465881465691982
 20
16.55221531803026
 30
0.0
  0
VERTEX
  5
21B
  8
T9_COUNTERSINK_0_6
 10
2.467473518231843
 20
16.52889849744065
 30
0.0
  0
VERTEX
  5
21C
  8
T9_COUNTERSINK_0_6
 10
2.468610698617459
 20
16.50504174730209
 30
0.0
  0
VERTEX
  5
21D
  8
T9_COUNTERSINK_0_6
 10
2.469293006848829
 20
16.48064506761459
 30
0.0
  0
VERTEX
  5
21E
  8
T9_COUNTERSINK_0_6
 10
2.469520442925952
 20
16.45570845837815
 30
0.0
  0
VERTEX
  5
21F
  8
T9_COUNTERSINK_0_6
 10
2.4689879096722
 20
16.41229960190219
 30
0.0
  0
VERTEX
  5
220
  8
T9_COUNTERSINK_0_6
 10
2.467390309910945
 20
16.37059189332017
 30
0.0
  0
VERTEX
  5
221
  8
T9_COUNTERSINK_0_6
 10
2.464727643642187
 20
16.33058533263207
 30
0.0
  0
VERTEX
  5
222
  8
T9_COUNTERSINK_0_6
 10
2.462996910567494
 20
16.31121998274824
 30
0.0
  0
VERTEX
  5
223
  8
T9_COUNTERSINK_0_6
 10
2.460999910865925
 20
16.2922799198379
 30
0.0
  0
VERTEX
  5
224
  8
T9_COUNTERSINK_0_6
 10
2.45873664453748
 20
16.27376514390104
 30
0.0
  0
VERTEX
  5
225
  8
T9_COUNTERSINK_0_6
 10
2.45620711158216
 20
16.25567565493766
 30
0.0
  0
VERTEX
  5
226
  8
T9_COUNTERSINK_0_6
 10
2.453411311999963
 20
16.23801145294777
 30
0.0
  0
VERTEX
  5
227
  8
T9_COUNTERSINK_0_6
 10
2.450349245790891
 20
16.22077253793135
 30
0.0
  0
VERTEX
  5
228
  8
T9_COUNTERSINK_0_6
 10
2.447020912954943
 20
16.20395890988842
 30
0.0
  0
VERTEX
  5
229
  8
T9_COUNTERSINK_0_6
 10
2.443426313492119
 20
16.18757056881897
 30
0.0
  0
VERTEX
  5
22A
  8
T9_COUNTERSINK_0_6
 10
2.439565447402419
 20
16.171607514723
 30
0.0
  0
VERTEX
  5
22B
  8
T9_COUNTERSINK_0_6
 10
2.435438314685843
 20
16.15606974760052
 30
0.0
  0
VERTEX
  5
22C
  8
T9_COUNTERSINK_0_6
 10
2.431044915342392
 20
16.14095726745152
 30
0.0
  0
VERTEX
  5
22D
  8
T9_COUNTERSINK_0_6
 10
2.426385249372064
 20
16.126270074276
 30
0.0
  0
VERTEX
  5
22E
  8
T9_COUNTERSINK_0_6
 10
2.421459316774861
 20
16.11200816807396
 30
0.0
  0
VERTEX
  5
22F
  8
T9_COUNTERSINK_0_6
 10
2.416267117550782
 20
16.0981715488454
 30
0.0
  0
VERTEX
  5
230
  8
T9_COUNTERSINK_0_6
 10
2.410808651699827
 20
16.08476021659033
 30
0.0
  0
VERTEX
  5
231
  8
T9_COUNTERSINK_0_6
 10
2.405083919221996
 20
16.07177417130874
 30
0.0
  0
VERTEX
  5
232
  8
T9_COUNTERSINK_0_6
 10
2.399092920117289
 20
16.05921341300063
 30
0.0
  0
VERTEX
  5
233
  8
T9_COUNTERSINK_0_6
 10
2.392835654385706
 20
16.047077941666
 30
0.0
  0
VERTEX
  5
234
  8
T9_COUNTERSINK_0_6
 10
2.386312122027248
 20
16.03536775730486
 30
0.0
  0
VERTEX
  5
235
  8
T9_COUNTERSINK_0_6
 10
2.379522323041914
 20
16.0240828599172
 30
0.0
  0
VERTEX
  5
236
  8
T9_COUNTERSINK_0_6
 10
2.372466257429704
 20
16.01322324950302
 30
0.0
  0
VERTEX
  5
237
  8
T9_COUNTERSINK_0_6
 10
2.365143925190618
 20
16.00278892606232
 30
0.0
  0
VERTEX
  5
238
  8
T9_COUNTERSINK_0_6
 10
2.357555326324656
 20
15.99277988959511
 30
0.0
  0
VERTEX
  5
239
  8
T9_COUNTERSINK_0_6
 10
2.349700460831818
 20
15.98319614010137
 30
0.0
  0
VERTEX
  5
23A
  8
T9_COUNTERSINK_0_6
 10
2.341579328712105
 20
15.97403767758112
 30
0.0
  0
VERTEX
  5
23B
  8
T9_COUNTERSINK_0_6
 10
2.333191929965515
 20
15.96530450203435
 30
0.0
  0
VERTEX
  5
23C
  8
T9_COUNTERSINK_0_6
 10
2.315862410333012
 20
15.94872570636374
 30
0.0
  0
VERTEX
  5
23D
  8
T9_COUNTERSINK_0_6
 10
2.297955979675611
 20
15.93307144759199
 30
0.0
  0
VERTEX
  5
23E
  8
T9_COUNTERSINK_0_6
 10
2.279472637993312
 20
15.91834172571913
 30
0.0
  0
VERTEX
  5
23F
  8
T9_COUNTERSINK_0_6
 10
2.260412385286116
 20
15.90453654074513
 30
0.0
  0
VERTEX
  5
240
  8
T9_COUNTERSINK_0_6
 10
2.240775221554021
 20
15.89165589267001
 30
0.0
  0
VERTEX
  5
241
  8
T9_COUNTERSINK_0_6
 10
2.22056114679703
 20
15.87969978149377
 30
0.0
  0
VERTEX
  5
242
  8
T9_COUNTERSINK_0_6
 10
2.19977016101514
 20
15.8686682072164
 30
0.0
  0
VERTEX
  5
243
  8
T9_COUNTERSINK_0_6
 10
2.178402264208353
 20
15.8585611698379
 30
0.0
  0
VERTEX
  5
244
  8
T9_COUNTERSINK_0_6
 10
2.156457456376669
 20
15.84937866935828
 30
0.0
  0
VERTEX
  5
245
  8
T9_COUNTERSINK_0_6
 10
2.133935737520086
 20
15.84112070577753
 30
0.0
  0
VERTEX
  5
246
  8
T9_COUNTERSINK_0_6
 10
2.110837107638606
 20
15.83378727909566
 30
0.0
  0
VERTEX
  5
247
  8
T9_COUNTERSINK_0_6
 10
2.087161566732227
 20
15.82737838931266
 30
0.0
  0
VERTEX
  5
248
  8
T9_COUNTERSINK_0_6
 10
2.062909114800952
 20
15.82189403642854
 30
0.0
  0
VERTEX
  5
249
  8
T9_COUNTERSINK_0_6
 10
2.038079751844779
 20
15.81733422044329
 30
0.0
  0
VERTEX
  5
24A
  8
T9_COUNTERSINK_0_6
 10
2.012673477863708
 20
15.81369894135691
 30
0.0
  0
SEQEND
  5
F4A
  8
T9_COUNTERSINK_0_6
  0
POLYLINE
  5
73
  8
T9_COUNTERSINK_0_6
 66
     1
 10
0.0
 20
0.0
 30
0.0
 70
     1
  0
VERTEX
  5
24B
  8
T9_COUNTERSINK_0_6
 10
1.459364030920495
 20
17.5974597544218
 30
0.0
  0
VERTEX
  5
24C
  8
T9_COUNTERSINK_0_6
 10
1.394039951793619
 20
17.23297032740953
 30
0.0
  0
VERTEX
  5
24D
  8
T9_COUNTERSINK_0_6
 10
1.37258329944454
 20
17.23897796817841
 30
0.0
  0
VERTEX
  5
24E
  8
T9_COUNTERSINK_0_6
 10
1.351762728481887
 20
17.2456401810717
 30
0.0
  0
VERTEX
  5
24F
  8
T9_COUNTERSINK_0_6
 10
1.331578238905659
 20
17.2529569660894
 30
0.0
  0
VERTEX
  5
250
  8
T9_COUNTERSINK_0_6
 10
1.312029830715857
 20
17.26092832323149
 30
0.0
  0
VERTEX
  5
251
  8
T9_COUNTERSINK_0_6
 10
1.29311750391248
 20
17.26955425249799
 30
0.0
  0
VERTEX
  5
252
  8
T9_COUNTERSINK_0_6
 10
1.274841258495529
 20
17.27883475388889
 30
0.0
  0
VERTEX
  5
253
  8
T9_COUNTERSINK_0_6
 10
1.257201094465004
 20
17.2887698274042
 30
0.0
  0
VERTEX
  5
254
  8
T9_COUNTERSINK_0_6
 10
1.240197011820904
 20
17.29935947304391
 30
0.0
  0
VERTEX
  5
255
  8
T9_COUNTERSINK_0_6
 10
1.223829010563231
 20
17.31060369080802
 30
0.0
  0
VERTEX
  5
256
  8
T9_COUNTERSINK_0_6
 10
1.208097090691982
 20
17.32250248069653
 30
0.0
  0
VERTEX
  5
257
  8
T9_COUNTERSINK_0_6
 10
1.19300125220716
 20
17.33505584270945
 30
0.0
  0
VERTEX
  5
258
  8
T9_COUNTERSINK_0_6
 10
1.178541495108762
 20
17.34826377684677
 30
0.0
  0
VERTEX
  5
259
  8
T9_COUNTERSINK_0_6
 10
1.164717819396791
 20
17.36212628310849
 30
0.0
  0
VERTEX
  5
25A
  8
T9_COUNTERSINK_0_6
 10
1.151530225071246
 20
17.37664336149462
 30
0.0
  0
VERTEX
  5
25B
  8
T9_COUNTERSINK_0_6
 10
1.138978712132126
 20
17.39181501200515
 30
0.0
  0
VERTEX
  5
25C
  8
T9_COUNTERSINK_0_6
 10
1.127063280579431
 20
17.40764123464008
 30
0.0
  0
VERTEX
  5
25D
  8
T9_COUNTERSINK_0_6
 10
1.115828308184309
 20
17.42421448308931
 30
0.0
  0
VERTEX
  5
25E
  8
T9_COUNTERSINK_0_6
 10
1.105318172717903
 20
17.44162721104271
 30
0.0
  0
VERTEX
  5
25F
  8
T9_COUNTERSINK_0_6
 10
1.095532874180216
 20
17.45987941850029
 30
0.0
  0
VERTEX
  5
260
  8
T9_COUNTERSINK_0_6
 10
1.086472412571246
 20
17.47897110546205
 30
0.0
  0
VERTEX
  5
261
  8
T9_COUNTERSINK_0_6
 10
1.078136787890993
 20
17.49890227192799
 30
0.0
  0
VERTEX
  5
262
  8
T9_COUNTERSINK_0_6
 10
1.070526000139458
 20
17.5196729178981
 30
0.0
  0
VERTEX
  5
263
  8
T9_COUNTERSINK_0_6
 10
1.063640049316641
 20
17.54128304337239
 30
0.0
  0
VERTEX
  5
264
  8
T9_COUNTERSINK_0_6
 10
1.057478935422542
 20
17.56373264835086
 30
0.0
  0
VERTEX
  5
265
  8
T9_COUNTERSINK_0_6
 10
1.05204265845716
 20
17.58702173283351
 30
0.0
  0
VERTEX
  5
266
  8
T9_COUNTERSINK_0_6
 10
1.047331218420495
 20
17.61115029682033
 30
0.0
  0
VERTEX
  5
267
  8
T9_COUNTERSINK_0_6
 10
1.043344615312549
 20
17.63611834031134
 30
0.0
  0
VERTEX
  5
268
  8
T9_COUNTERSINK_0_6
 10
1.040082849133319
 20
17.66192586330652
 30
0.0
  0
VERTEX
  5
269
  8
T9_COUNTERSINK_0_6
 10
1.037545919882808
 20
17.68857286580588
 30
0.0
  0
VERTEX
  5
26A
  8
T9_COUNTERSINK_0_6
 10
1.035733827561014
 20
17.71605934780942
 30
0.0
  0
VERTEX
  5
26B
  8
T9_COUNTERSINK_0_6
 10
1.034646572167937
 20
17.74438530931714
 30
0.0
  0
VERTEX
  5
26C
  8
T9_COUNTERSINK_0_6
 10
1.034284153703579
 20
17.77355075032903
 30
0.0
  0
VERTEX
  5
26D
  8
T9_COUNTERSINK_0_6
 10
1.034679855496297
 20
17.8069265323784
 30
0.0
  0
VERTEX
  5
26E
  8
T9_COUNTERSINK_0_6
 10
1.035866960874452
 20
17.8391263034924
 30
0.0
  0
VERTEX
  5
26F
  8
T9_COUNTERSINK_0_6
 10
1.037845469838043
 20
17.87015006367104
 30
0.0
  0
VERTEX
  5
270
  8
T9_COUNTERSINK_0_6
 10
1.040615382387071
 20
17.8999978129143
 30
0.0
  0
VERTEX
  5
271
  8
T9_COUNTERSINK_0_6
 10
1.044176698521535
 20
17.9286695512222
 30
0.0
  0
VERTEX
  5
272
  8
T9_COUNTERSINK_0_6
 10
1.048529418241437
 20
17.95616527859472
 30
0.0
  0
VERTEX
  5
273
  8
T9_COUNTERSINK_0_6
 10
1.053673541546774
 20
17.98248499503188
 30
0.0
  0
VERTEX
  5
274
  8
T9_COUNTERSINK_0_6
 10
1.059609068437549
 20
18.00762870053367
 30
0.0
  0
VERTEX
  5
275
  8
T9_COUNTERSINK_0_6
 10
1.066335998913759
 20
18.0315963951001
 30
0.0
  0
VERTEX
  5
276
  8
T9_COUNTERSINK_0_6
 10
1.073854332975406
 20
18.05438807873115
 30
0.0
  0
VERTEX
  5
277
  8
T9_COUNTERSINK_0_6
 10
1.08216407062249
 20
18.07600375142683
 30
0.0
  0
VERTEX
  5
278
  8
T9_COUNTERSINK_0_6
 10
1.086615715790571
 20
18.08637058367391
 30
0.0
  0
VERTEX
  5
279
  8
T9_COUNTERSINK_0_6
 10
1.091265211855011
 20
18.09644341318715
 30
0.0
  0
VERTEX
  5
27A
  8
T9_COUNTERSINK_0_6
 10
1.09611255881581
 20
18.10622223996654
 30
0.0
  0
VERTEX
  5
27B
  8
T9_COUNTERSINK_0_6
 10
1.101157756672968
 20
18.1157070640121
 30
0.0
  0
VERTEX
  5
27C
  8
T9_COUNTERSINK_0_6
 10
1.106400805426485
 20
18.12489788532381
 30
0.0
  0
VERTEX
  5
27D
  8
T9_COUNTERSINK_0_6
 10
1.111841705076361
 20
18.13379470390168
 30
0.0
  0
VERTEX
  5
27E
  8
T9_COUNTERSINK_0_6
 10
1.117480455622597
 20
18.1423975197457
 30
0.0
  0
VERTEX
  5
27F
  8
T9_COUNTERSINK_0_6
 10
1.123317057065192
 20
18.15070633285589
 30
0.0
  0
VERTEX
  5
280
  8
T9_COUNTERSINK_0_6
 10
1.129351509404146
 20
18.15872114323223
 30
0.0
  0
VERTEX
  5
281
  8
T9_COUNTERSINK_0_6
 10
1.135583812639458
 20
18.16644195087473
 30
0.0
  0
VERTEX
  5
282
  8
T9_COUNTERSINK_0_6
 10
1.148449668124196
 20
18.18111620053367
 30
0.0
  0
VERTEX
  5
283
  8
T9_COUNTERSINK_0_6
 10
1.161722319844438
 20
18.19484372440816
 30
0.0
  0
VERTEX
  5
284
  8
T9_COUNTERSINK_0_6
 10
1.175401767800185
 20
18.2076245224982
 30
0.0
  0
VERTEX
  5
285
  8
T9_COUNTERSINK_0_6
 10
1.189488011991437
 20
18.2194585948038
 30
0.0
  0
VERTEX
  5
286
  8
T9_COUNTERSINK_0_6
 10
1.203981052418193
 20
18.23034594132494
 30
0.0
  0
VERTEX
  5
287
  8
T9_COUNTERSINK_0_6
 10
1.218880889080455
 20
18.24028656206164
 30
0.0
  0
VERTEX
  5
288
  8
T9_COUNTERSINK_0_6
 10
1.234187521978221
 20
18.24928045701389
 30
0.0
  0
VERTEX
  5
289
  8
T9_COUNTERSINK_0_6
 10
1.249900951111491
 20
18.25732762618169
 30
0.0
  0
VERTEX
  5
28A
  8
T9_COUNTERSINK_0_6
 10
1.266021176480267
 20
18.26442806956505
 30
0.0
  0
VERTEX
  5
28B
  8
T9_COUNTERSINK_0_6
 10
1.282548198084547
 20
18.27058178716396
 30
0.0
  0
VERTEX
  5
28C
  8
T9_COUNTERSINK_0_6
 10
1.299482015924332
 20
18.27578877897842
 30
0.0
  0
VERTEX
  5
28D
  8
T9_COUNTERSINK_0_6
 10
1.316822629999622
 20
18.28004904500843
 30
0.0
  0
VERTEX
  5
28E
  8
T9_COUNTERSINK_0_6
 10
1.334570040310417
 20
18.283362585254
 30
0.0
  0
VERTEX
  5
28F
  8
T9_COUNTERSINK_0_6
 10
1.352724246856716
 20
18.28572939971512
 30
0.0
  0
VERTEX
  5
290
  8
T9_COUNTERSINK_0_6
 10
1.371285249638521
 20
18.28714948839179
 30
0.0
  0
VERTEX
  5
291
  8
T9_COUNTERSINK_0_6
 10
1.390253048655829
 20
18.28762285128401
 30
0.0
  0
VERTEX
  5
292
  8
T9_COUNTERSINK_0_6
 10
1.401428850689424
 20
18.28743054760905
 30
0.0
  0
VERTEX
  5
293
  8
T9_COUNTERSINK_0_6
 10
1.412471519409581
 20
18.28685363658415
 30
0.0
  0
VERTEX
  5
294
  8
T9_COUNTERSINK_0_6
 10
1.4233810548163
 20
18.28589211820932
 30
0.0
  0
VERTEX
  5
295
  8
T9_COUNTERSINK_0_6
 10
1.434157456909581
 20
18.28454599248456
 30
0.0
  0
VERTEX
  5
296
  8
T9_COUNTERSINK_0_6
 10
1.444800725689424
 20
18.28281525940987
 30
0.0
  0
VERTEX
  5
297
  8
T9_COUNTERSINK_0_6
 10
1.455310861155829
 20
18.28069991898524
 30
0.0
  0
VERTEX
  5
298
  8
T9_COUNTERSINK_0_6
 10
1.465687863308797
 20
18.27819997121068
 30
0.0
  0
VERTEX
  5
299
  8
T9_COUNTERSINK_0_6
 10
1.475931732148326
 20
18.27531541608619
 30
0.0
  0
VERTEX
  5
29A
  8
T9_COUNTERSINK_0_6
 10
1.486042467674417
 20
18.27204625361178
 30
0.0
  0
VERTEX
  5
29B
  8
T9_COUNTERSINK_0_6
 10
1.496020069887071
 20
18.26839248378742
 30
0.0
  0
VERTEX
  5
29C
  8
T9_COUNTERSINK_0_6
 10
1.505864538786287
 20
18.26435410661314
 30
0.0
  0
VERTEX
  5
29D
  8
T9_COUNTERSINK_0_6
 10
1.515575874372064
 20
18.25993112208892
 30
0.0
  0
VERTEX
  5
29E
  8
T9_COUNTERSINK_0_6
 10
1.525154076644404
 20
18.25512353021477
 30
0.0
  0
VERTEX
  5
29F
  8
T9_COUNTERSINK_0_6
 10
1.534599145603305
 20
18.2499313309907
 30
0.0
  0
VERTEX
  5
2A0
  8
T9_COUNTERSINK_0_6
 10
1.54391108124877
 20
18.24435452441669
 30
0.0
  0
VERTEX
  5
2A1
  8
T9_COUNTERSINK_0_6
 10
1.553089883580795
 20
18.23839311049274
 30
0.0
  0
VERTEX
  5
2A2
  8
T9_COUNTERSINK_0_6
 10
1.562131854451788
 20
18.23204339107127
 30
0.0
  0
VERTEX
  5
2A3
  8
T9_COUNTERSINK_0_6
 10
1.571033295714151
 20
18.22530166800468
 30
0.0
  0
VERTEX
  5
2A4
  8
T9_COUNTERSINK_0_6
 10
1.579794207367886
 20
18.21816794129297
 30
0.0
  0
VERTEX
  5
2A5
  8
T9_COUNTERSINK_0_6
 10
1.588414589412992
 20
18.21064221093613
 30
0.0
  0
VERTEX
  5
2A6
  8
T9_COUNTERSINK_0_6
 10
1.596894441849469
 20
18.20272447693416
 30
0.0
  0
VERTEX
  5
2A7
  8
T9_COUNTERSINK_0_6
 10
1.605233764677316
 20
18.19441473928708
 30
0.0
  0
VERTEX
  5
2A8
  8
T9_COUNTERSINK_0_6
 10
1.613432557896535
 20
18.18571299799488
 30
0.0
  0
VERTEX
  5
2A9
  8
T9_COUNTERSINK_0_6
 10
1.621490821507126
 20
18.17661925305755
 30
0.0
  0
VERTEX
  5
2AA
  8
T9_COUNTERSINK_0_6
 10
1.629408555509086
 20
18.16713350447509
 30
0.0
  0
VERTEX
  5
2AB
  8
T9_COUNTERSINK_0_6
 10
1.637185759902419
 20
18.15725575224752
 30
0.0
  0
VERTEX
  5
2AC
  8
T9_COUNTERSINK_0_6
 10
1.644822434687122
 20
18.14698599637482
 30
0.0
  0
VERTEX
  5
2AD
  8
T9_COUNTERSINK_0_6
 10
1.652318579863197
 20
18.136324236857
 30
0.0
  0
VERTEX
  5
2AE
  8
T9_COUNTERSINK_0_6
 10
1.659674195430642
 20
18.12527047369405
 30
0.0
  0
VERTEX
  5
2AF
  8
T9_COUNTERSINK_0_6
 10
1.666889281389458
 20
18.11382470688599
 30
0.0
  0
VERTEX
  5
2B0
  8
T9_COUNTERSINK_0_6
 10
1.673963837739646
 20
18.1019869364328
 30
0.0
  0
VERTEX
  5
2B1
  8
T9_COUNTERSINK_0_6
 10
1.680897864481204
 20
18.08975716233449
 30
0.0
  0
VERTEX
  5
2B2
  8
T9_COUNTERSINK_0_6
 10
1.685971722982228
 20
18.10928338163872
 30
0.0
  0
VERTEX
  5
2B3
  8
T9_COUNTERSINK_0_6
 10
1.691252677748599
 20
18.12762619371239
 30
0.0
  0
VERTEX
  5
2B4
  8
T9_COUNTERSINK_0_6
 10
1.696740728780318
 20
18.1447855985555
 30
0.0
  0
VERTEX
  5
2B5
  8
T9_COUNTERSINK_0_6
 10
1.702435876077385
 20
18.16076159616805
 30
0.0
  0
VERTEX
  5
2B6
  8
T9_COUNTERSINK_0_6
 10
1.708338119639799
 20
18.17555418655004
 30
0.0
  0
VERTEX
  5
2B7
  8
T9_COUNTERSINK_0_6
 10
1.714447459467562
 20
18.18916336970148
 30
0.0
  0
VERTEX
  5
2B8
  8
T9_COUNTERSINK_0_6
 10
1.720763895560673
 20
18.20158914562235
 30
0.0
  0
VERTEX
  5
2B9
  8
T9_COUNTERSINK_0_6
 10
1.727287427919131
 20
18.21283151431266
 30
0.0
  0
VERTEX
  5
2BA
  8
T9_COUNTERSINK_0_6
 10
1.73271815766312
 20
18.22135019729889
 30
0.0
  0
VERTEX
  5
2BB
  8
T9_COUNTERSINK_0_6
 10
1.738359681820052
 20
18.22962850069141
 30
0.0
  0
VERTEX
  5
2BC
  8
T9_COUNTERSINK_0_6
 10
1.744212000389927
 20
18.23766642449023
 30
0.0
  0
VERTEX
  5
2BD
  8
T9_COUNTERSINK_0_6
 10
1.750275113372746
 20
18.24546396869534
 30
0.0
  0
VERTEX
  5
2BE
  8
T9_COUNTERSINK_0_6
 10
1.756549020768509
 20
18.25302113330674
 30
0.0
  0
VERTEX
  5
2BF
  8
T9_COUNTERSINK_0_6
 10
1.763033722577215
 20
18.26033791832443
 30
0.0
  0
VERTEX
  5
2C0
  8
T9_COUNTERSINK_0_6
 10
1.769729218798864
 20
18.26741432374842
 30
0.0
  0
VERTEX
  5
2C1
  8
T9_COUNTERSINK_0_6
 10
1.776635509433456
 20
18.27425034957869
 30
0.0
  0
VERTEX
  5
2C2
  8
T9_COUNTERSINK_0_6
 10
1.783752594480992
 20
18.28084599581526
 30
0.0
  0
VERTEX
  5
2C3
  8
T9_COUNTERSINK_0_6
 10
1.791080473941471
 20
18.28720126245813
 30
0.0
  0
VERTEX
  5
2C4
  8
T9_COUNTERSINK_0_6
 10
1.798619147814893
 20
18.29331614950728
 30
0.0
  0
VERTEX
  5
2C5
  8
T9_COUNTERSINK_0_6
 10
1.806368616101259
 20
18.29919065696273
 30
0.0
  0
VERTEX
  5
2C6
  8
T9_COUNTERSINK_0_6
 10
1.814328878800568
 20
18.30482478482447
 30
0.0
  0
VERTEX
  5
2C7
  8
T9_COUNTERSINK_0_6
 10
1.822499935912821
 20
18.3102185330925
 30
0.0
  0
VERTEX
  5
2C8
  8
T9_COUNTERSINK_0_6
 10
1.830881787438017
 20
18.31537190176683
 30
0.0
  0
VERTEX
  5
2C9
  8
T9_COUNTERSINK_0_6
 10
1.839474433376157
 20
18.32028489084745
 30
0.0
  0
VERTEX
  5
2CA
  8
T9_COUNTERSINK_0_6
 10
1.84827787372724
 20
18.3249279151536
 30
0.0
  0
VERTEX
  5
2CB
  8
T9_COUNTERSINK_0_6
 10
1.857292108491266
 20
18.32927138950451
 30
0.0
  0
VERTEX
  5
2CC
  8
T9_COUNTERSINK_0_6
 10
1.866517137668235
 20
18.33331531390019
 30
0.0
  0
VERTEX
  5
2CD
  8
T9_COUNTERSINK_0_6
 10
1.875952961258149
 20
18.33705968834063
 30
0.0
  0
VERTEX
  5
2CE
  8
T9_COUNTERSINK_0_6
 10
1.885599579261005
 20
18.34050451282584
 30
0.0
  0
VERTEX
  5
2CF
  8
T9_COUNTERSINK_0_6
 10
1.895456991676805
 20
18.3436497873558
 30
0.0
  0
VERTEX
  5
2D0
  8
T9_COUNTERSINK_0_6
 10
1.905525198505548
 20
18.34649551193054
 30
0.0
  0
VERTEX
  5
2D1
  8
T9_COUNTERSINK_0_6
 10
1.915804199747235
 20
18.34904168655004
 30
0.0
  0
VERTEX
  5
2D2
  8
T9_COUNTERSINK_0_6
 10
1.926293995401865
 20
18.35128831121431
 30
0.0
  0
VERTEX
  5
2D3
  8
T9_COUNTERSINK_0_6
 10
1.936994585469438
 20
18.35323538592334
 30
0.0
  0
VERTEX
  5
2D4
  8
T9_COUNTERSINK_0_6
 10
1.947905969949955
 20
18.35488291067713
 30
0.0
  0
VERTEX
  5
2D5
  8
T9_COUNTERSINK_0_6
 10
1.959028148843415
 20
18.35623088547569
 30
0.0
  0
VERTEX
  5
2D6
  8
T9_COUNTERSINK_0_6
 10
1.970361122149818
 20
18.35727931031902
 30
0.0
  0
VERTEX
  5
2D7
  8
T9_COUNTERSINK_0_6
 10
1.981904889869165
 20
18.3580281852071
 30
0.0
  0
VERTEX
  5
2D8
  8
T9_COUNTERSINK_0_6
 10
1.993659452001455
 20
18.35847751013996
 30
0.0
  0
VERTEX
  5
2D9
  8
T9_COUNTERSINK_0_6
 10
2.005624808546689
 20
18.35862728511757
 30
0.0
  0
VERTEX
  5
2DA
  8
T9_COUNTERSINK_0_6
 10
2.020733590548096
 20
18.35837950922868
 30
0.0
  0
VERTEX
  5
2DB
  8
T9_COUNTERSINK_0_6
 10
2.035764711449997
 20
18.35763618156198
 30
0.0
  0
VERTEX
  5
2DC
  8
T9_COUNTERSINK_0_6
 10
2.050718171252393
 20
18.35639730211749
 30
0.0
  0
VERTEX
  5
2DD
  8
T9_COUNTERSINK_0_6
 10
2.065593969955283
 20
18.3546628708952
 30
0.0
  0
VERTEX
  5
2DE
  8
T9_COUNTERSINK_0_6
 10
2.080392107558668
 20
18.35243288789511
 30
0.0
  0
VERTEX
  5
2DF
  8
T9_COUNTERSINK_0_6
 10
2.095112584062548
 20
18.34970735311723
 30
0.0
  0
VERTEX
  5
2E0
  8
T9_COUNTERSINK_0_6
 10
2.109755399466922
 20
18.34648626656155
 30
0.0
  0
VERTEX
  5
2E1
  8
T9_COUNTERSINK_0_6
 10
2.124320553771791
 20
18.34276962822808
 30
0.0
  0
VERTEX
  5
2E2
  8
T9_COUNTERSINK_0_6
 10
2.138808046977154
 20
18.3385574381168
 30
0.0
  0
VERTEX
  5
2E3
  8
T9_COUNTERSINK_0_6
 10
2.153217879083012
 20
18.33384969622773
 30
0.0
  0
VERTEX
  5
2E4
  8
T9_COUNTERSINK_0_6
 10
2.167550050089365
 20
18.32864640256087
 30
0.0
  0
VERTEX
  5
2E5
  8
T9_COUNTERSINK_0_6
 10
2.181804559996211
 20
18.32294755711621
 30
0.0
  0
VERTEX
  5
2E6
  8
T9_COUNTERSINK_0_6
 10
2.195981408803553
 20
18.31675315989375
 30
0.0
  0
VERTEX
  5
2E7
  8
T9_COUNTERSINK_0_6
 10
2.210080596511389
 20
18.31006321089349
 30
0.0
  0
VERTEX
  5
2E8
  8
T9_COUNTERSINK_0_6
 10
2.224102123119719
 20
18.30287771011544
 30
0.0
  0
VERTEX
  5
2E9
  8
T9_COUNTERSINK_0_6
 10
2.238045988628544
 20
18.29519665755959
 30
0.0
  0
VERTEX
  5
2EA
  8
T9_COUNTERSINK_0_6
 10
2.25175132361746
 20
18.28704963840671
 30
0.0
  0
VERTEX
  5
2EB
  8
T9_COUNTERSINK_0_6
 10
2.265057258666062
 20
18.27846623783756
 30
0.0
  0
VERTEX
  5
2EC
  8
T9_COUNTERSINK_0_6
 10
2.277963793774349
 20
18.26944645585214
 30
0.0
  0
VERTEX
  5
2ED
  8
T9_COUNTERSINK_0_6
 10
2.290470928942324
 20
18.25999029245045
 30
0.0
  0
VERTEX
  5
2EE
  8
T9_COUNTERSINK_0_6
 10
2.302578664169983
 20
18.25009774763249
 30
0.0
  0
VERTEX
  5
2EF
  8
T9_COUNTERSINK_0_6
 10
2.31428699945733
 20
18.23976882139827
 30
0.0
  0
VERTEX
  5
2F0
  8
T9_COUNTERSINK_0_6
 10
2.325595934804362
 20
18.22900351374777
 30
0.0
  0
VERTEX
  5
2F1
  8
T9_COUNTERSINK_0_6
 10
2.336505470211081
 20
18.21780182468101
 30
0.0
  0
VERTEX
  5
2F2
  8
T9_COUNTERSINK_0_6
 10
2.347015605677486
 20
18.20616375419798
 30
0.0
  0
VERTEX
  5
2F3
  8
T9_COUNTERSINK_0_6
 10
2.357126341203578
 20
18.19408930229868
 30
0.0
  0
VERTEX
  5
2F4
  8
T9_COUNTERSINK_0_6
 10
2.366837676789356
 20
18.18157846898311
 30
0.0
  0
VERTEX
  5
2F5
  8
T9_COUNTERSINK_0_6
 10
2.37614961243482
 20
18.16863125425127
 30
0.0
  0
VERTEX
  5
2F6
  8
T9_COUNTERSINK_0_6
 10
2.385062148139969
 20
18.15524765810316
 30
0.0
  0
VERTEX
  5
2F7
  8
T9_COUNTERSINK_0_6
 10
2.393575283904806
 20
18.14142768053879
 30
0.0
  0
VERTEX
  5
2F8
  8
T9_COUNTERSINK_0_6
 10
2.401689019729329
 20
18.12717132155814
 30
0.0
  0
VERTEX
  5
2F9
  8
T9_COUNTERSINK_0_6
 10
2.409403355613537
 20
18.11247858116123
 30
0.0
  0
VERTEX
  5
2FA
  8
T9_COUNTERSINK_0_6
 10
2.416683159155275
 20
18.09727549639614
 30
0.0
  0
VERTEX
  5
2FB
  8
T9_COUNTERSINK_0_6
 10
2.423493297952384
 20
18.08148810431096
 30
0.0
  0
VERTEX
  5
2FC
  8
T9_COUNTERSINK_0_6
 10
2.429833772004865
 20
18.06511640490569
 30
0.0
  0
VERTEX
  5
2FD
  8
T9_COUNTERSINK_0_6
 10
2.435704581312718
 20
18.04816039818033
 30
0.0
  0
VERTEX
  5
2FE
  8
T9_COUNTERSINK_0_6
 10
2.441105725875944
 20
18.03062008413488
 30
0.0
  0
VERTEX
  5
2FF
  8
T9_COUNTERSINK_0_6
 10
2.44603720569454
 20
18.01249546276935
 30
0.0
  0
VERTEX
  5
300
  8
T9_COUNTERSINK_0_6
 10
2.450499020768508
 20
17.99378653408372
 30
0.0
  0
VERTEX
  5
301
  8
T9_COUNTERSINK_0_6
 10
2.454491171097848
 20
17.97449329807801
 30
0.0
  0
VERTEX
  5
302
  8
T9_COUNTERSINK_0_6
 10
2.45801365668256
 20
17.9546157547522
 30
0.0
  0
VERTEX
  5
303
  8
T9_COUNTERSINK_0_6
 10
2.461066477522643
 20
17.93415390410632
 30
0.0
  0
VERTEX
  5
304
  8
T9_COUNTERSINK_0_6
 10
2.463649633618099
 20
17.91310774614033
 30
0.0
  0
VERTEX
  5
305
  8
T9_COUNTERSINK_0_6
 10
2.465763124968926
 20
17.89147728085427
 30
0.0
  0
VERTEX
  5
306
  8
T9_COUNTERSINK_0_6
 10
2.467406951575125
 20
17.86926250824811
 30
0.0
  0
VERTEX
  5
307
  8
T9_COUNTERSINK_0_6
 10
2.468581113436696
 20
17.84646342832187
 30
0.0
  0
VERTEX
  5
308
  8
T9_COUNTERSINK_0_6
 10
2.469285610553638
 20
17.82308004107554
 30
0.0
  0
VERTEX
  5
309
  8
T9_COUNTERSINK_0_6
 10
2.469520442925952
 20
17.79911234650912
 30
0.0
  0
VERTEX
  5
30A
  8
T9_COUNTERSINK_0_6
 10
2.469346629988963
 20
17.77575669536975
 30
0.0
  0
VERTEX
  5
30B
  8
T9_COUNTERSINK_0_6
 10
2.468825191177998
 20
17.75302603117402
 30
0.0
  0
VERTEX
  5
30C
  8
T9_COUNTERSINK_0_6
 10
2.467956126493056
 20
17.73092035392193
 30
0.0
  0
VERTEX
  5
30D
  8
T9_COUNTERSINK_0_6
 10
2.466739435934137
 20
17.70943966361348
 30
0.0
  0
VERTEX
  5
30E
  8
T9_COUNTERSINK_0_6
 10
2.465175119501242
 20
17.68858396024867
 30
0.0
  0
VERTEX
  5
30F
  8
T9_COUNTERSINK_0_6
 10
2.463263177194369
 20
17.6683532438275
 30
0.0
  0
VERTEX
  5
310
  8
T9_COUNTERSINK_0_6
 10
2.46100360901352
 20
17.64874751434996
 30
0.0
  0
VERTEX
  5
311
  8
T9_COUNTERSINK_0_6
 10
2.458396414958695
 20
17.62976677181607
 30
0.0
  0
VERTEX
  5
312
  8
T9_COUNTERSINK_0_6
 10
2.455441595029892
 20
17.61141101622582
 30
0.0
  0
VERTEX
  5
313
  8
T9_COUNTERSINK_0_6
 10
2.452139149227111
 20
17.5936802475792
 30
0.0
  0
VERTEX
  5
314
  8
T9_COUNTERSINK_0_6
 10
2.448489077550355
 20
17.57657446587623
 30
0.0
  0
VERTEX
  5
315
  8
T9_COUNTERSINK_0_6
 10
2.444491379999622
 20
17.56009367111689
 30
0.0
  0
VERTEX
  5
316
  8
T9_COUNTERSINK_0_6
 10
2.440146056574912
 20
17.54423786330119
 30
0.0
  0
VERTEX
  5
317
  8
T9_COUNTERSINK_0_6
 10
2.435453107276225
 20
17.52900704242914
 30
0.0
  0
VERTEX
  5
318
  8
T9_COUNTERSINK_0_6
 10
2.430412532103561
 20
17.51440120850071
 30
0.0
  0
VERTEX
  5
319
  8
T9_COUNTERSINK_0_6
 10
2.425024331056921
 20
17.50042036151594
 30
0.0
  0
VERTEX
  5
31A
  8
T9_COUNTERSINK_0_6
 10
2.419301447652888
 20
17.48690363205439
 30
0.0
  0
VERTEX
  5
31B
  8
T9_COUNTERSINK_0_6
 10
2.413256825408046
 20
17.47369015069568
 30
0.0
  0
VERTEX
  5
31C
  8
T9_COUNTERSINK_0_6
 10
2.406890464322397
 20
17.46077991743979
 30
0.0
  0
VERTEX
  5
31D
  8
T9_COUNTERSINK_0_6
 10
2.400202364395938
 20
17.44817293228674
 30
0.0
  0
VERTEX
  5
31E
  8
T9_COUNTERSINK_0_6
 10
2.393192525628673
 20
17.43586919523652
 30
0.0
  0
VERTEX
  5
31F
  8
T9_COUNTERSINK_0_6
 10
2.385860948020598
 20
17.42386870628913
 30
0.0
  0
VERTEX
  5
320
  8
T9_COUNTERSINK_0_6
 10
2.378207631571715
 20
17.41217146544457
 30
0.0
  0
VERTEX
  5
321
  8
T9_COUNTERSINK_0_6
 10
2.370232576282023
 20
17.40077747270284
 30
0.0
  0
VERTEX
  5
322
  8
T9_COUNTERSINK_0_6
 10
2.361935782151524
 20
17.38968672806394
 30
0.0
  0
VERTEX
  5
323
  8
T9_COUNTERSINK_0_6
 10
2.353317249180216
 20
17.37889923152787
 30
0.0
  0
VERTEX
  5
324
  8
T9_COUNTERSINK_0_6
 10
2.3443769773681
 20
17.36841498309464
 30
0.0
  0
VERTEX
  5
325
  8
T9_COUNTERSINK_0_6
 10
2.335114966715174
 20
17.35823398276423
 30
0.0
  0
VERTEX
  5
326
  8
T9_COUNTERSINK_0_6
 10
2.325531217221442
 20
17.34835623053666
 30
0.0
  0
VERTEX
  5
327
  8
T9_COUNTERSINK_0_6
 10
2.315625728886901
 20
17.33878172641191
 30
0.0
  0
VERTEX
  5
328
  8
T9_COUNTERSINK_0_6
 10
2.305398501711551
 20
17.32951047039
 30
0.0
  0
VERTEX
  5
329
  8
T9_COUNTERSINK_0_6
 10
2.294849535695393
 20
17.32054246247091
 30
0.0
  0
VERTEX
  5
32A
  8
T9_COUNTERSINK_0_6
 10
2.28396773639564
 20
17.31185366469529
 30
0.0
  0
VERTEX
  5
32B
  8
T9_COUNTERSINK_0_6
 10
2.272742009369506
 20
17.30342003910376
 30
0.0
  0
VERTEX
  5
32C
  8
T9_COUNTERSINK_0_6
 10
2.261172354616991
 20
17.29524158569632
 30
0.0
  0
VERTEX
  5
32D
  8
T9_COUNTERSINK_0_6
 10
2.249258772138094
 20
17.28731830447296
 30
0.0
  0
VERTEX
  5
32E
  8
T9_COUNTERSINK_0_6
 10
2.237001261932816
 20
17.2796501954337
 30
0.0
  0
VERTEX
  5
32F
  8
T9_COUNTERSINK_0_6
 10
2.224399824001157
 20
17.27223725857852
 30
0.0
  0
VERTEX
  5
330
  8
T9_COUNTERSINK_0_6
 10
2.211454458343116
 20
17.26507949390744
 30
0.0
  0
VERTEX
  5
331
  8
T9_COUNTERSINK_0_6
 10
2.198165164958694
 20
17.25817690142044
 30
0.0
  0
VERTEX
  5
332
  8
T9_COUNTERSINK_0_6
 10
2.184531943847891
 20
17.25152948111753
 30
0.0
  0
VERTEX
  5
333
  8
T9_COUNTERSINK_0_6
 10
2.170554795010706
 20
17.24513723299871
 30
0.0
  0
VERTEX
  5
334
  8
T9_COUNTERSINK_0_6
 10
2.15623371844714
 20
17.23900015706398
 30
0.0
  0
VERTEX
  5
335
  8
T9_COUNTERSINK_0_6
 10
2.141568714157193
 20
17.23311825331334
 30
0.0
  0
VERTEX
  5
336
  8
T9_COUNTERSINK_0_6
 10
2.126559782140865
 20
17.2274915217468
 30
0.0
  0
VERTEX
  5
337
  8
T9_COUNTERSINK_0_6
 10
2.111206922398155
 20
17.22211996236433
 30
0.0
  0
VERTEX
  5
338
  8
T9_COUNTERSINK_0_6
 10
2.095510134929064
 20
17.21700357516596
 30
0.0
  0
VERTEX
  5
339
  8
T9_COUNTERSINK_0_6
 10
2.079469419733592
 20
17.21214236015168
 30
0.0
  0
VERTEX
  5
33A
  8
T9_COUNTERSINK_0_6
 10
2.028346227373429
 20
17.5974597544218
 30
0.0
  0
VERTEX
  5
33B
  8
T9_COUNTERSINK_0_6
 10
2.042622926165849
 20
17.60039793268642
 30
0.0
  0
VERTEX
  5
33C
  8
T9_COUNTERSINK_0_6
 10
2.056341204671348
 20
17.60353211277361
 30
0.0
  0
VERTEX
  5
33D
  8
T9_COUNTERSINK_0_6
 10
2.069501062889927
 20
17.60686229468335
 30
0.0
  0
VERTEX
  5
33E
  8
T9_COUNTERSINK_0_6
 10
2.082102500821587
 20
17.61038847841566
 30
0.0
  0
VERTEX
  5
33F
  8
T9_COUNTERSINK_0_6
 10
2.094145518466326
 20
17.61411066397053
 30
0.0
  0
VERTEX
  5
340
  8
T9_COUNTERSINK_0_6
 10
2.105630115824145
 20
17.61802885134796
 30
0.0
  0
VERTEX
  5
341
  8
T9_COUNTERSINK_0_6
 10
2.116556292895043
 20
17.62214304054795
 30
0.0
  0
VERTEX
  5
342
  8
T9_COUNTERSINK_0_6
 10
2.126924049679022
 20
17.6264532315705
 30
0.0
  0
VERTEX
  5
343
  8
T9_COUNTERSINK_0_6
 10
2.13673338617608
 20
17.63095942441562
 30
0.0
  0
VERTEX
  5
344
  8
T9_COUNTERSINK_0_6
 10
2.145984302386218
 20
17.63566161908329
 30
0.0
  0
VERTEX
  5
345
  8
T9_COUNTERSINK_0_6
 10
2.154676798309436
 20
17.64055981557353
 30
0.0
  0
VERTEX
  5
346
  8
T9_COUNTERSINK_0_6
 10
2.162810873945734
 20
17.64565401388633
 30
0.0
  0
VERTEX
  5
347
  8
T9_COUNTERSINK_0_6
 10
2.170386529295111
 20
17.65094421402168
 30
0.0
  0
VERTEX
  5
348
  8
T9_COUNTERSINK_0_6
 10
2.177403764357568
 20
17.65643041597961
 30
0.0
  0
VERTEX
  5
349
  8
T9_COUNTERSINK_0_6
 10
2.183862579133106
 20
17.66211261976009
 30
0.0
  0
VERTEX
  5
34A
  8
T9_COUNTERSINK_0_6
 10
2.189762973621723
 20
17.66799082536314
 30
0.0
  0
VERTEX
  5
34B
  8
T9_COUNTERSINK_0_6
 10
2.195208495956094
 20
17.67406873093634
 30
0.0
  0
VERTEX
  5
34C
  8
T9_COUNTERSINK_0_6
 10
2.200302694268892
 20
17.6803500346273
 30
0.0
  0
VERTEX
  5
34D
  8
T9_COUNTERSINK_0_6
 10
2.205045568560118
 20
17.686834736436
 30
0.0
  0
VERTEX
  5
34E
  8
T9_COUNTERSINK_0_6
 10
2.209437118829772
 20
17.69352283636246
 30
0.0
  0
VERTEX
  5
34F
  8
T9_COUNTERSINK_0_6
 10
2.213477345077854
 20
17.70041433440667
 30
0.0
  0
VERTEX
  5
350
  8
T9_COUNTERSINK_0_6
 10
2.217166247304363
 20
17.70750923056863
 30
0.0
  0
VERTEX
  5
351
  8
T9_COUNTERSINK_0_6
 10
2.220503825509299
 20
17.71480752484835
 30
0.0
  0
VERTEX
  5
352
  8
T9_COUNTERSINK_0_6
 10
2.223490079692664
 20
17.72230921724582
 30
0.0
  0
VERTEX
  5
353
  8
T9_COUNTERSINK_0_6
 10
2.226125009854456
 20
17.73001430776104
 30
0.0
  0
VERTEX
  5
354
  8
T9_COUNTERSINK_0_6
 10
2.228408615994677
 20
17.73792279639401
 30
0.0
  0
VERTEX
  5
355
  8
T9_COUNTERSINK_0_6
 10
2.230340898113324
 20
17.74603468314473
 30
0.0
  0
VERTEX
  5
356
  8
T9_COUNTERSINK_0_6
 10
2.231921856210399
 20
17.75434996801321
 30
0.0
  0
VERTEX
  5
357
  8
T9_COUNTERSINK_0_6
 10
2.233151490285903
 20
17.76286865099944
 30
0.0
  0
VERTEX
  5
358
  8
T9_COUNTERSINK_0_6
 10
2.234029800339834
 20
17.77159073210342
 30
0.0
  0
VERTEX
  5
359
  8
T9_COUNTERSINK_0_6
 10
2.234556786372192
 20
17.78051621132515
 30
0.0
  0
VERTEX
  5
35A
  8
T9_COUNTERSINK_0_6
 10
2.234732448382978
 20
17.78964508866464
 30
0.0
  0
VERTEX
  5
35B
  8
T9_COUNTERSINK_0_6
 10
2.234510559527248
 20
17.79924732889635
 30
0.0
  0
VERTEX
  5
35C
  8
T9_COUNTERSINK_0_6
 10
2.233844892960058
 20
17.80864617101031
 30
0.0
  0
VERTEX
  5
35D
  8
T9_COUNTERSINK_0_6
 10
2.232735448681409
 20
17.81784161500651
 30
0.0
  0
VERTEX
  5
35E
  8
T9_COUNTERSINK_0_6
 10
2.2311822266913
 20
17.82683366088497
 30
0.0
  0
VERTEX
  5
35F
  8
T9_COUNTERSINK_0_6
 10
2.229185226989731
 20
17.83562230864566
 30
0.0
  0
VERTEX
  5
360
  8
T9_COUNTERSINK_0_6
 10
2.226744449576703
 20
17.84420755828862
 30
0.0
  0
VERTEX
  5
361
  8
T9_COUNTERSINK_0_6
 10
2.223859894452215
 20
17.85258940981381
 30
0.0
  0
VERTEX
  5
362
  8
T9_COUNTERSINK_0_6
 10
2.220531561616266
 20
17.86076786322126
 30
0.0
  0
VERTEX
  5
363
  8
T9_COUNTERSINK_0_6
 10
2.216759451068858
 20
17.86874291851095
 30
0.0
  0
VERTEX
  5
364
  8
T9_COUNTERSINK_0_6
 10
2.21254356280999
 20
17.87651457568289
 30
0.0
  0
VERTEX
  5
365
  8
T9_COUNTERSINK_0_6
 10
2.207883896839663
 20
17.88408283473707
 30
0.0
  0
VERTEX
  5
366
  8
T9_COUNTERSINK_0_6
 10
2.202780453157875
 20
17.89144769567351
 30
0.0
  0
VERTEX
  5
367
  8
T9_COUNTERSINK_0_6
 10
2.197233231764629
 20
17.89860915849219
 30
0.0
  0
VERTEX
  5
368
  8
T9_COUNTERSINK_0_6
 10
2.191242232659922
 20
17.90556722319312
 30
0.0
  0
VERTEX
  5
369
  8
T9_COUNTERSINK_0_6
 10
2.184807455843756
 20
17.91232188977629
 30
0.0
  0
VERTEX
  5
36A
  8
T9_COUNTERSINK_0_6
 10
2.177928901316129
 20
17.91887315824172
 30
0.0
  0
VERTEX
  5
36B
  8
T9_COUNTERSINK_0_6
 10
2.170680532028953
 20
17.92512117860431
 30
0.0
  0
VERTEX
  5
36C
  8
T9_COUNTERSINK_0_6
 10
2.163136310934138
 20
17.930966100879
 30
0.0
  0
VERTEX
  5
36D
  8
T9_COUNTERSINK_0_6
 10
2.155296238031682
 20
17.93640792506577
 30
0.0
  0
VERTEX
  5
36E
  8
T9_COUNTERSINK_0_6
 10
2.147160313321586
 20
17.94144665116464
 30
0.0
  0
VERTEX
  5
36F
  8
T9_COUNTERSINK_0_6
 10
2.138728536803852
 20
17.9460822791756
 30
0.0
  0
VERTEX
  5
370
  8
T9_COUNTERSINK_0_6
 10
2.130000908478476
 20
17.95031480909864
 30
0.0
  0
VERTEX
  5
371
  8
T9_COUNTERSINK_0_6
 10
2.120977428345461
 20
17.95414424093378
 30
0.0
  0
VERTEX
  5
372
  8
T9_COUNTERSINK_0_6
 10
2.111658096404806
 20
17.95757057468101
 30
0.0
  0
VERTEX
  5
373
  8
T9_COUNTERSINK_0_6
 10
2.102042912656511
 20
17.96059381034033
 30
0.0
  0
VERTEX
  5
374
  8
T9_COUNTERSINK_0_6
 10
2.092131877100577
 20
17.96321394791174
 30
0.0
  0
VERTEX
  5
375
  8
T9_COUNTERSINK_0_6
 10
2.081924989737003
 20
17.96543098739524
 30
0.0
  0
VERTEX
  5
376
  8
T9_COUNTERSINK_0_6
 10
2.071422250565789
 20
17.96724492879083
 30
0.0
  0
VERTEX
  5
377
  8
T9_COUNTERSINK_0_6
 10
2.060623659586935
 20
17.96865577209851
 30
0.0
  0
VERTEX
  5
378
  8
T9_COUNTERSINK_0_6
 10
2.04952921680044
 20
17.96966351731829
 30
0.0
  0
VERTEX
  5
379
  8
T9_COUNTERSINK_0_6
 10
2.038138922206307
 20
17.97026816445015
 30
0.0
  0
VERTEX
  5
37A
  8
T9_COUNTERSINK_0_6
 10
2.026452775804533
 20
17.97046971349411
 30
0.0
  0
VERTEX
  5
37B
  8
T9_COUNTERSINK_0_6
 10
2.014552136842221
 20
17.97027556074534
 30
0.0
  0
VERTEX
  5
37C
  8
T9_COUNTERSINK_0_6
 10
2.002991727458694
 20
17.96969310249905
 30
0.0
  0
VERTEX
  5
37D
  8
T9_COUNTERSINK_0_6
 10
1.991771547653953
 20
17.96872233875523
 30
0.0
  0
VERTEX
  5
37E
  8
T9_COUNTERSINK_0_6
 10
1.980891597427998
 20
17.96736326951389
 30
0.0
  0
VERTEX
  5
37F
  8
T9_COUNTERSINK_0_6
 10
1.970351876780829
 20
17.96561589477502
 30
0.0
  0
VERTEX
  5
380
  8
T9_COUNTERSINK_0_6
 10
1.960152385712446
 20
17.96348021453862
 30
0.0
  0
VERTEX
  5
381
  8
T9_COUNTERSINK_0_6
 10
1.950293124222848
 20
17.96095622880469
 30
0.0
  0
VERTEX
  5
382
  8
T9_COUNTERSINK_0_6
 10
1.940774092312037
 20
17.95804393757324
 30
0.0
  0
VERTEX
  5
383
  8
T9_COUNTERSINK_0_6
 10
1.931595289980011
 20
17.95474334084425
 30
0.0
  0
VERTEX
  5
384
  8
T9_COUNTERSINK_0_6
 10
1.922756717226771
 20
17.95105443861775
 30
0.0
  0
VERTEX
  5
385
  8
T9_COUNTERSINK_0_6
 10
1.914258374052316
 20
17.94697723089371
 30
0.0
  0
VERTEX
  5
386
  8
T9_COUNTERSINK_0_6
 10
1.906100260456648
 20
17.94251171767215
 30
0.0
  0
VERTEX
  5
387
  8
T9_COUNTERSINK_0_6
 10
1.898282376439765
 20
17.93765789895306
 30
0.0
  0
VERTEX
  5
388
  8
T9_COUNTERSINK_0_6
 10
1.890804722001668
 20
17.93241577473644
 30
0.0
  0
VERTEX
  5
389
  8
T9_COUNTERSINK_0_6
 10
1.883667297142357
 20
17.92678534502229
 30
0.0
  0
VERTEX
  5
38A
  8
T9_COUNTERSINK_0_6
 10
1.876870101861832
 20
17.92076660981062
 30
0.0
  0
VERTEX
  5
38B
  8
T9_COUNTERSINK_0_6
 10
1.870450117636048
 20
17.91441504131535
 30
0.0
  0
VERTEX
  5
38C
  8
T9_COUNTERSINK_0_6
 10
1.864444325940959
 20
17.90778611175042
 30
0.0
  0
VERTEX
  5
38D
  8
T9_COUNTERSINK_0_6
 10
1.858852726776566
 20
17.90087982111582
 30
0.0
  0
VERTEX
  5
38E
  8
T9_COUNTERSINK_0_6
 10
1.853675320142869
 20
17.89369616941157
 30
0.0
  0
VERTEX
  5
38F
  8
T9_COUNTERSINK_0_6
 10
1.848912106039868
 20
17.88623515663765
 30
0.0
  0
VERTEX
  5
390
  8
T9_COUNTERSINK_0_6
 10
1.844563084467562
 20
17.87849678279407
 30
0.0
  0
VERTEX
  5
391
  8
T9_COUNTERSINK_0_6
 10
1.840628255425952
 20
17.87048104788083
 30
0.0
  0
VERTEX
  5
392
  8
T9_COUNTERSINK_0_6
 10
1.837107618915038
 20
17.86218795189793
 30
0.0
  0
VERTEX
  5
393
  8
T9_COUNTERSINK_0_6
 10
1.83400117493482
 20
17.85361749484536
 30
0.0
  0
VERTEX
  5
394
  8
T9_COUNTERSINK_0_6
 10
1.831308923485298
 20
17.84476967672313
 30
0.0
  0
VERTEX
  5
395
  8
T9_COUNTERSINK_0_6
 10
1.829030864566471
 20
17.83564449753124
 30
0.0
  0
VERTEX
  5
396
  8
T9_COUNTERSINK_0_6
 10
1.82716699817834
 20
17.82624195726969
 30
0.0
  0
VERTEX
  5
397
  8
T9_COUNTERSINK_0_6
 10
1.825717324320905
 20
17.81656205593847
 30
0.0
  0
VERTEX
  5
398
  8
T9_COUNTERSINK_0_6
 10
1.824681842994165
 20
17.80660479353759
 30
0.0
  0
VERTEX
  5
399
  8
T9_COUNTERSINK_0_6
 10
1.824060554198122
 20
17.79637017006705
 30
0.0
  0
VERTEX
  5
39A
  8
T9_COUNTERSINK_0_6
 10
1.823853457932774
 20
17.78585818552685
 30
0.0
  0
VERTEX
  5
39B
  8
T9_COUNTERSINK_0_6
 10
1.824208480101942
 20
17.77396494285973
 30
0.0
  0
VERTEX
  5
39C
  8
T9_COUNTERSINK_0_6
 10
1.825273546609445
 20
17.7610066336851
 30
0.0
  0
VERTEX
  5
39D
  8
T9_COUNTERSINK_0_6
 10
1.827048657455284
 20
17.74698325800297
 30
0.0
  0
VERTEX
  5
39E
  8
T9_COUNTERSINK_0_6
 10
1.829533812639458
 20
17.73189481581334
 30
0.0
  0
VERTEX
  5
39F
  8
T9_COUNTERSINK_0_6
 10
1.832729012161969
 20
17.71574130711621
 30
0.0
  0
VERTEX
  5
3A0
  8
T9_COUNTERSINK_0_6
 10
1.836634256022814
 20
17.69852273191157
 30
0.0
  0
VERTEX
  5
3A1
  8
T9_COUNTERSINK_0_6
 10
1.841249544221996
 20
17.68023909019943
 30
0.0
  0
VERTEX
  5
3A2
  8
T9_COUNTERSINK_0_6
 10
1.846574876759513
 20
17.66089038197978
 30
0.0
  0
VERTEX
  5
3A3
  8
T9_COUNTERSINK_0_6
 10
1.571077673485297
 20
17.68077162345318
 30
0.0
  0
VERTEX
  5
3A4
  8
T9_COUNTERSINK_0_6
 10
1.573148636138776
 20
17.69597840636587
 30
0.0
  0
VERTEX
  5
3A5
  8
T9_COUNTERSINK_0_6
 10
1.574627895176975
 20
17.70941007843272
 30
0.0
  0
VERTEX
  5
3A6
  8
T9_COUNTERSINK_0_6
 10
1.575515450599895
 20
17.72106663965373
 30
0.0
  0
VERTEX
  5
3A7
  8
T9_COUNTERSINK_0_6
 10
1.575811302407535
 20
17.7309480900289
 30
0.0
  0
VERTEX
  5
3A8
  8
T9_COUNTERSINK_0_6
 10
1.575622696880164
 20
17.74031734696209
 30
0.0
  0
VERTEX
  5
3A9
  8
T9_COUNTERSINK_0_6
 10
1.575056880298053
 20
17.74949060207273
 30
0.0
  0
VERTEX
  5
3AA
  8
T9_COUNTERSINK_0_6
 10
1.574113852661201
 20
17.7584678553608
 30
0.0
  0
VERTEX
  5
3AB
  8
T9_COUNTERSINK_0_6
 10
1.572793613969609
 20
17.76724910682631
 30
0.0
  0
VERTEX
  5
3AC
  8
T9_COUNTERSINK_0_6
 10
1.571096164223275
 20
17.77583435646925
 30
0.0
  0
VERTEX
  5
3AD
  8
T9_COUNTERSINK_0_6
 10
1.569021503422201
 20
17.78422360428964
 30
0.0
  0
VERTEX
  5
3AE
  8
T9_COUNTERSINK_0_6
 10
1.566569631566385
 20
17.79241685028747
 30
0.0
  0
VERTEX
  5
3AF
  8
T9_COUNTERSINK_0_6
 10
1.563740548655829
 20
17.80041409446273
 30
0.0
  0
VERTEX
  5
3B0
  8
T9_COUNTERSINK_0_6
 10
1.560534254690533
 20
17.80821533681544
 30
0.0
  0
VERTEX
  5
3B1
  8
T9_COUNTERSINK_0_6
 10
1.556950749670495
 20
17.81582057734558
 30
0.0
  0
VERTEX
  5
3B2
  8
T9_COUNTERSINK_0_6
 10
1.552990033595717
 20
17.82322981605316
 30
0.0
  0
VERTEX
  5
3B3
  8
T9_COUNTERSINK_0_6
 10
1.548652106466198
 20
17.83044305293817
 30
0.0
  0
VERTEX
  5
3B4
  8
T9_COUNTERSINK_0_6
 10
1.543936968281938
 20
17.83746028800063
 30
0.0
  0
VERTEX
  5
3B5
  8
T9_COUNTERSINK_0_6
 10
1.538844619042937
 20
17.84428152124053
 30
0.0
  0
VERTEX
  5
3B6
  8
T9_COUNTERSINK_0_6
 10
1.533375058749196
 20
17.85090675265786
 30
0.0
  0
VERTEX
  5
3B7
  8
T9_COUNTERSINK_0_6
 10
1.527528287400713
 20
17.85733598225264
 30
0.0
  0
VERTEX
  5
3B8
  8
T9_COUNTERSINK_0_6
 10
1.521422645720546
 20
17.86346936003977
 30
0.0
  0
VERTEX
  5
3B9
  8
T9_COUNTERSINK_0_6
 10
1.51517647443175
 20
17.86920703603418
 30
0.0
  0
VERTEX
  5
3BA
  8
T9_COUNTERSINK_0_6
 10
1.508789773534325
 20
17.87454901023588
 30
0.0
  0
VERTEX
  5
3BB
  8
T9_COUNTERSINK_0_6
 10
1.502262543028272
 20
17.87949528264486
 30
0.0
  0
VERTEX
  5
3BC
  8
T9_COUNTERSINK_0_6
 10
1.495594782913589
 20
17.88404585326112
 30
0.0
  0
VERTEX
  5
3BD
  8
T9_COUNTERSINK_0_6
 10
1.488786493190277
 20
17.88820072208466
 30
0.0
  0
VERTEX
  5
3BE
  8
T9_COUNTERSINK_0_6
 10
1.481837673858336
 20
17.89195988911548
 30
0.0
  0
VERTEX
  5
3BF
  8
T9_COUNTERSINK_0_6
 10
1.474748324917767
 20
17.89532335435359
 30
0.0
  0
VERTEX
  5
3C0
  8
T9_COUNTERSINK_0_6
 10
1.467518446368568
 20
17.89829111779898
 30
0.0
  0
VERTEX
  5
3C1
  8
T9_COUNTERSINK_0_6
 10
1.460148038210741
 20
17.90086317945164
 30
0.0
  0
VERTEX
  5
3C2
  8
T9_COUNTERSINK_0_6
 10
1.452637100444284
 20
17.9030395393116
 30
0.0
  0
VERTEX
  5
3C3
  8
T9_COUNTERSINK_0_6
 10
1.444985633069199
 20
17.90482019737883
 30
0.0
  0
VERTEX
  5
3C4
  8
T9_COUNTERSINK_0_6
 10
1.437193636085485
 20
17.90620515365334
 30
0.0
  0
VERTEX
  5
3C5
  8
T9_COUNTERSINK_0_6
 10
1.429261109493142
 20
17.90719440813514
 30
0.0
  0
VERTEX
  5
3C6
  8
T9_COUNTERSINK_0_6
 10
1.42118805329217
 20
17.90778796082422
 30
0.0
  0
VERTEX
  5
3C7
  8
T9_COUNTERSINK_0_6
 10
1.412974467482569
 20
17.90798581172058
 30
0.0
  0
VERTEX
  5
3C8
  8
T9_COUNTERSINK_0_6
 10
1.4051454890229
 20
17.90783788581675
 30
0.0
  0
VERTEX
  5
3C9
  8
T9_COUNTERSINK_0_6
 10
1.397516210533388
 20
17.90739410810529
 30
0.0
  0
VERTEX
  5
3CA
  8
T9_COUNTERSINK_0_6
 10
1.390086632014032
 20
17.90665447858619
 30
0.0
  0
VERTEX
  5
3CB
  8
T9_COUNTERSINK_0_6
 10
1.382856753464833
 20
17.90561899725946
 30
0.0
  0
VERTEX
  5
3CC
  8
T9_COUNTERSINK_0_6
 10
1.375826574885792
 20
17.90428766412507
 30
0.0
  0
VERTEX
  5
3CD
  8
T9_COUNTERSINK_0_6
 10
1.368996096276907
 20
17.90266047918306
 30
0.0
  0
VERTEX
  5
3CE
  8
T9_COUNTERSINK_0_6
 10
1.36236531763818
 20
17.9007374424334
 30
0.0
  0
VERTEX
  5
3CF
  8
T9_COUNTERSINK_0_6
 10
1.355934238969609
 20
17.8985185538761
 30
0.0
  0
VERTEX
  5
3D0
  8
T9_COUNTERSINK_0_6
 10
1.349702860271195
 20
17.89600381351116
 30
0.0
  0
VERTEX
  5
3D1
  8
T9_COUNTERSINK_0_6
 10
1.343671181542937
 20
17.89319322133858
 30
0.0
  0
VERTEX
  5
3D2
  8
T9_COUNTERSINK_0_6
 10
1.337839202784837
 20
17.89008677735836
 30
0.0
  0
VERTEX
  5
3D3
  8
T9_COUNTERSINK_0_6
 10
1.332206923996894
 20
17.88668448157051
 30
0.0
  0
VERTEX
  5
3D4
  8
T9_COUNTERSINK_0_6
 10
1.326774345179107
 20
17.882986333975
 30
0.0
  0
VERTEX
  5
3D5
  8
T9_COUNTERSINK_0_6
 10
1.321541466331478
 20
17.87899233457187
 30
0.0
  0
VERTEX
  5
3D6
  8
T9_COUNTERSINK_0_6
 10
1.316508287454005
 20
17.87470248336109
 30
0.0
  0
VERTEX
  5
3D7
  8
T9_COUNTERSINK_0_6
 10
1.311674808546689
 20
17.87011678034267
 30
0.0
  0
VERTEX
  5
3D8
  8
T9_COUNTERSINK_0_6
 10
1.307089105528271
 20
17.86527220699257
 30
0.0
  0
VERTEX
  5
3D9
  8
T9_COUNTERSINK_0_6
 10
1.302799254317494
 20
17.86020574478674
 30
0.0
  0
VERTEX
  5
3DA
  8
T9_COUNTERSINK_0_6
 10
1.298805254914356
 20
17.85491739372518
 30
0.0
  0
VERTEX
  5
3DB
  8
T9_COUNTERSINK_0_6
 10
1.295107107318858
 20
17.84940715380789
 30
0.0
  0
VERTEX
  5
3DC
  8
T9_COUNTERSINK_0_6
 10
1.291704811531
 20
17.84367502503487
 30
0.0
  0
VERTEX
  5
3DD
  8
T9_COUNTERSINK_0_6
 10
1.288598367550782
 20
17.83772100740612
 30
0.0
  0
VERTEX
  5
3DE
  8
T9_COUNTERSINK_0_6
 10
1.285787775378203
 20
17.83154510092163
 30
0.0
  0
VERTEX
  5
3DF
  8
T9_COUNTERSINK_0_6
 10
1.283273035013265
 20
17.82514730558142
 30
0.0
  0
VERTEX
  5
3E0
  8
T9_COUNTERSINK_0_6
 10
1.281054146455966
 20
17.81852762138548
 30
0.0
  0
VERTEX
  5
3E1
  8
T9_COUNTERSINK_0_6
 10
1.279131109706307
 20
17.81168604833381
 30
0.0
  0
VERTEX
  5
3E2
  8
T9_COUNTERSINK_0_6
 10
1.277503924764288
 20
17.80462258642641
 30
0.0
  0
VERTEX
  5
3E3
  8
T9_COUNTERSINK_0_6
 10
1.276172591629908
 20
17.79733723566328
 30
0.0
  0
VERTEX
  5
3E4
  8
T9_COUNTERSINK_0_6
 10
1.275137110303169
 20
17.78982999604442
 30
0.0
  0
VERTEX
  5
3E5
  8
T9_COUNTERSINK_0_6
 10
1.274397480784069
 20
17.78210086756983
 30
0.0
  0
VERTEX
  5
3E6
  8
T9_COUNTERSINK_0_6
 10
1.27395370307261
 20
17.77414985023951
 30
0.0
  0
VERTEX
  5
3E7
  8
T9_COUNTERSINK_0_6
 10
1.27380577716879
 20
17.76597694405345
 30
0.0
  0
VERTEX
  5
3E8
  8
T9_COUNTERSINK_0_6
 10
1.273966646589194
 20
17.7575562619785
 30
0.0
  0
VERTEX
  5
3E9
  8
T9_COUNTERSINK_0_6
 10
1.274449254850406
 20
17.74933527987371
 30
0.0
  0
VERTEX
  5
3EA
  8
T9_COUNTERSINK_0_6
 10
1.275253601952427
 20
17.74131399773908
 30
0.0
  0
VERTEX
  5
3EB
  8
T9_COUNTERSINK_0_6
 10
1.276379687895256
 20
17.7334924155746
 30
0.0
  0
VERTEX
  5
3EC
  8
T9_COUNTERSINK_0_6
 10
1.277827512678894
 20
17.72587053338028
 30
0.0
  0
VERTEX
  5
3ED
  8
T9_COUNTERSINK_0_6
 10
1.27959707630334
 20
17.71844835115612
 30
0.0
  0
VERTEX
  5
3EE
  8
T9_COUNTERSINK_0_6
 10
1.281688378768594
 20
17.71122586890211
 30
0.0
  0
VERTEX
  5
3EF
  8
T9_COUNTERSINK_0_6
 10
1.284101420074656
 20
17.70420308661826
 30
0.0
  0
VERTEX
  5
3F0
  8
T9_COUNTERSINK_0_6
 10
1.286836200221527
 20
17.69738000430456
 30
0.0
  0
VERTEX
  5
3F1
  8
T9_COUNTERSINK_0_6
 10
1.289892719209206
 20
17.69075662196103
 30
0.0
  0
VERTEX
  5
3F2
  8
T9_COUNTERSINK_0_6
 10
1.293270977037693
 20
17.68433293958764
 30
0.0
  0
VERTEX
  5
3F3
  8
T9_COUNTERSINK_0_6
 10
1.296970973706989
 20
17.67810895718442
 30
0.0
  0
VERTEX
  5
3F4
  8
T9_COUNTERSINK_0_6
 10
1.300992709217093
 20
17.67208467475135
 30
0.0
  0
VERTEX
  5
3F5
  8
T9_COUNTERSINK_0_6
 10
1.305336183568005
 20
17.66626009228845
 30
0.0
  0
VERTEX
  5
3F6
  8
T9_COUNTERSINK_0_6
 10
1.310001396759726
 20
17.66063520979569
 30
0.0
  0
VERTEX
  5
3F7
  8
T9_COUNTERSINK_0_6
 10
1.314988348792255
 20
17.6552100272731
 30
0.0
  0
VERTEX
  5
3F8
  8
T9_COUNTERSINK_0_6
 10
1.320378398912693
 20
17.64999194101585
 30
0.0
  0
VERTEX
  5
3F9
  8
T9_COUNTERSINK_0_6
 10
1.326252906368142
 20
17.64498834731914
 30
0.0
  0
VERTEX
  5
3FA
  8
T9_COUNTERSINK_0_6
 10
1.332611871158601
 20
17.64019924618297
 30
0.0
  0
VERTEX
  5
3FB
  8
T9_COUNTERSINK_0_6
 10
1.33945529328407
 20
17.63562463760734
 30
0.0
  0
VERTEX
  5
3FC
  8
T9_COUNTERSINK_0_6
 10
1.346783172744549
 20
17.63126452159225
 30
0.0
  0
VERTEX
  5
3FD
  8
T9_COUNTERSINK_0_6
 10
1.354595509540038
 20
17.6271188981377
 30
0.0
  0
VERTEX
  5
3FE
  8
T9_COUNTERSINK_0_6
 10
1.362892303670538
 20
17.62318776724369
 30
0.0
  0
VERTEX
  5
3FF
  8
T9_COUNTERSINK_0_6
 10
1.371673555136048
 20
17.61947112891021
 30
0.0
  0
VERTEX
  5
400
  8
T9_COUNTERSINK_0_6
 10
1.380939263936568
 20
17.61596898313727
 30
0.0
  0
VERTEX
  5
401
  8
T9_COUNTERSINK_0_6
 10
1.390689430072098
 20
17.61268132992487
 30
0.0
  0
VERTEX
  5
402
  8
T9_COUNTERSINK_0_6
 10
1.400924053542639
 20
17.60960816927302
 30
0.0
  0
VERTEX
  5
403
  8
T9_COUNTERSINK_0_6
 10
1.41164313434819
 20
17.60674950118169
 30
0.0
  0
VERTEX
  5
404
  8
T9_COUNTERSINK_0_6
 10
1.422846672488751
 20
17.60410532565091
 30
0.0
  0
VERTEX
  5
405
  8
T9_COUNTERSINK_0_6
 10
1.434534667964322
 20
17.60167564268067
 30
0.0
  0
SEQEND
  5
F4B
  8
T9_COUNTERSINK_0_6
  0
POLYLINE
  5
74
  8
T9_COUNTERSINK_0_6
 66
     1
 10
0.0
 20
0.0
 30
0.0
 70
     1
  0
VERTEX
  5
406
  8
T9_COUNTERSINK_0_6
 10
1.057952298314765
 20
19.31955395633177
 30
0.0
  0
VERTEX
  5
407
  8
T9_COUNTERSINK_0_6
 10
1.057952298314765
 20
20.23503778989247
 30
0.0
  0
VERTEX
  5
408
  8
T9_COUNTERSINK_0_6
 10
1.365638178260195
 20
20.23503778989247
 30
0.0
  0
VERTEX
  5
409
  8
T9_COUNTERSINK_0_6
 10
1.365638178260195
 20
19.61493240107938
 30
0.0
  0
VERTEX
  5
40A
  8
T9_COUNTERSINK_0_6
 10
1.57391785083864
 20
19.58179699862372
 30
0.0
  0
VERTEX
  5
40B
  8
T9_COUNTERSINK_0_6
 10
1.566580726009172
 20
19.59786914807375
 30
0.0
  0
VERTEX
  5
40C
  8
T9_COUNTERSINK_0_6
 10
1.559716964071928
 20
19.61389691975264
 30
0.0
  0
VERTEX
  5
40D
  8
T9_COUNTERSINK_0_6
 10
1.553326565026907
 20
19.62988031366039
 30
0.0
  0
VERTEX
  5
40E
  8
T9_COUNTERSINK_0_6
 10
1.54740952887411
 20
19.64581932979698
 30
0.0
  0
VERTEX
  5
40F
  8
T9_COUNTERSINK_0_6
 10
1.541965855613537
 20
19.66171396816243
 30
0.0
  0
VERTEX
  5
410
  8
T9_COUNTERSINK_0_6
 10
1.536995545245188
 20
19.67756422875673
 30
0.0
  0
VERTEX
  5
411
  8
T9_COUNTERSINK_0_6
 10
1.532498597769063
 20
19.69337011157989
 30
0.0
  0
VERTEX
  5
412
  8
T9_COUNTERSINK_0_6
 10
1.528475013185161
 20
19.7091316166319
 30
0.0
  0
VERTEX
  5
413
  8
T9_COUNTERSINK_0_6
 10
1.524924791493483
 20
19.72484874391277
 30
0.0
  0
VERTEX
  5
414
  8
T9_COUNTERSINK_0_6
 10
1.521847932694029
 20
19.74052149342249
 30
0.0
  0
VERTEX
  5
415
  8
T9_COUNTERSINK_0_6
 10
1.519244436786798
 20
19.75614986516106
 30
0.0
  0
VERTEX
  5
416
  8
T9_COUNTERSINK_0_6
 10
1.517114303771791
 20
19.77173385912849
 30
0.0
  0
VERTEX
  5
417
  8
T9_COUNTERSINK_0_6
 10
1.515457533649008
 20
19.78727347532477
 30
0.0
  0
VERTEX
  5
418
  8
T9_COUNTERSINK_0_6
 10
1.514274126418449
 20
19.80276871374991
 30
0.0
  0
VERTEX
  5
419
  8
T9_COUNTERSINK_0_6
 10
1.513564082080113
 20
19.8182195744039
 30
0.0
  0
VERTEX
  5
41A
  8
T9_COUNTERSINK_0_6
 10
1.513327400634001
 20
19.83362605728674
 30
0.0
  0
VERTEX
  5
41B
  8
T9_COUNTERSINK_0_6
 10
1.513819254264203
 20
19.85935407010862
 30
0.0
  0
VERTEX
  5
41C
  8
T9_COUNTERSINK_0_6
 10
1.515294815154806
 20
19.88446819042965
 30
0.0
  0
VERTEX
  5
41D
  8
T9_COUNTERSINK_0_6
 10
1.517754083305812
 20
19.90896841824982
 30
0.0
  0
VERTEX
  5
41E
  8
T9_COUNTERSINK_0_6
 10
1.521197058717221
 20
19.93285475356915
 30
0.0
  0
VERTEX
  5
41F
  8
T9_COUNTERSINK_0_6
 10
1.525623741389032
 20
19.95612719638761
 30
0.0
  0
VERTEX
  5
420
  8
T9_COUNTERSINK_0_6
 10
1.531034131321246
 20
19.97878574670523
 30
0.0
  0
VERTEX
  5
421
  8
T9_COUNTERSINK_0_6
 10
1.537428228513862
 20
20.00083040452199
 30
0.0
  0
VERTEX
  5
422
  8
T9_COUNTERSINK_0_6
 10
1.54480603296688
 20
20.0222611698379
 30
0.0
  0
VERTEX
  5
423
  8
T9_COUNTERSINK_0_6
 10
1.553167544680301
 20
20.04307804265296
 30
0.0
  0
VERTEX
  5
424
  8
T9_COUNTERSINK_0_6
 10
1.562512763654124
 20
20.06328102296717
 30
0.0
  0
VERTEX
  5
425
  8
T9_COUNTERSINK_0_6
 10
1.57284168988835
 20
20.08287011078052
 30
0.0
  0
VERTEX
  5
426
  8
T9_COUNTERSINK_0_6
 10
1.584154323382978
 20
20.10184530609302
 30
0.0
  0
VERTEX
  5
427
  8
T9_COUNTERSINK_0_6
 10
1.596450664138009
 20
20.12020660890467
 30
0.0
  0
VERTEX
  5
428
  8
T9_COUNTERSINK_0_6
 10
1.609730712153442
 20
20.13795401921546
 30
0.0
  0
VERTEX
  5
429
  8
T9_COUNTERSINK_0_6
 10
1.623994467429278
 20
20.1550875370254
 30
0.0
  0
VERTEX
  5
42A
  8
T9_COUNTERSINK_0_6
 10
1.639241929965516
 20
20.17160716233449
 30
0.0
  0
VERTEX
  5
42B
  8
T9_COUNTERSINK_0_6
 10
1.655236418316044
 20
20.18731319517257
 30
0.0
  0
VERTEX
  5
42C
  8
T9_COUNTERSINK_0_6
 10
1.671741251034752
 20
20.20200593556949
 30
0.0
  0
VERTEX
  5
42D
  8
T9_COUNTERSINK_0_6
 10
1.688756428121638
 20
20.21568538352523
 30
0.0
  0
VERTEX
  5
42E
  8
T9_COUNTERSINK_0_6
 10
1.706281949576703
 20
20.22835153903981
 30
0.0
  0
VERTEX
  5
42F
  8
T9_COUNTERSINK_0_6
 10
1.724317815399946
 20
20.24000440211323
 30
0.0
  0
VERTEX
  5
430
  8
T9_COUNTERSINK_0_6
 10
1.742864025591368
 20
20.25064397274548
 30
0.0
  0
VERTEX
  5
431
  8
T9_COUNTERSINK_0_6
 10
1.761920580150969
 20
20.26027025093656
 30
0.0
  0
VERTEX
  5
432
  8
T9_COUNTERSINK_0_6
 10
1.781487479078749
 20
20.26888323668647
 30
0.0
  0
VERTEX
  5
433
  8
T9_COUNTERSINK_0_6
 10
1.801564722374708
 20
20.27648292999522
 30
0.0
  0
VERTEX
  5
434
  8
T9_COUNTERSINK_0_6
 10
1.822152310038845
 20
20.2830693308628
 30
0.0
  0
VERTEX
  5
435
  8
T9_COUNTERSINK_0_6
 10
1.843250242071161
 20
20.28864243928922
 30
0.0
  0
VERTEX
  5
436
  8
T9_COUNTERSINK_0_6
 10
1.864858518471655
 20
20.29320225527447
 30
0.0
  0
VERTEX
  5
437
  8
T9_COUNTERSINK_0_6
 10
1.886977139240329
 20
20.29674877881855
 30
0.0
  0
VERTEX
  5
438
  8
T9_COUNTERSINK_0_6
 10
1.90960610437718
 20
20.29928200992146
 30
0.0
  0
VERTEX
  5
439
  8
T9_COUNTERSINK_0_6
 10
1.932745413882211
 20
20.30080194858321
 30
0.0
  0
VERTEX
  5
43A
  8
T9_COUNTERSINK_0_6
 10
1.95639506775542
 20
20.3013085948038
 30
0.0
  0
VERTEX
  5
43B
  8
T9_COUNTERSINK_0_6
 10
1.973158770805812
 20
20.30104787539831
 30
0.0
  0
VERTEX
  5
43C
  8
T9_COUNTERSINK_0_6
 10
1.989841114609104
 20
20.30026571718187
 30
0.0
  0
VERTEX
  5
43D
  8
T9_COUNTERSINK_0_6
 10
2.006442099165294
 20
20.29896212015445
 30
0.0
  0
VERTEX
  5
43E
  8
T9_COUNTERSINK_0_6
 10
2.022961724474383
 20
20.29713708431607
 30
0.0
  0
VERTEX
  5
43F
  8
T9_COUNTERSINK_0_6
 10
2.039399990536372
 20
20.29479060966673
 30
0.0
  0
VERTEX
  5
440
  8
T9_COUNTERSINK_0_6
 10
2.05575689735126
 20
20.29192269620642
 30
0.0
  0
VERTEX
  5
441
  8
T9_COUNTERSINK_0_6
 10
2.072032444919047
 20
20.28853334393514
 30
0.0
  0
VERTEX
  5
442
  8
T9_COUNTERSINK_0_6
 10
2.088226633239731
 20
20.28462255285291
 30
0.0
  0
VERTEX
  5
443
  8
T9_COUNTERSINK_0_6
 10
2.104339462313316
 20
20.2801903229597
 30
0.0
  0
VERTEX
  5
444
  8
T9_COUNTERSINK_0_6
 10
2.120370932139799
 20
20.27523665425554
 30
0.0
  0
VERTEX
  5
445
  8
T9_COUNTERSINK_0_6
 10
2.136321042719183
 20
20.2697615467404
 30
0.0
  0
VERTEX
  5
446
  8
T9_COUNTERSINK_0_6
 10
2.152189794051464
 20
20.2637650004143
 30
0.0
  0
VERTEX
  5
447
  8
T9_COUNTERSINK_0_6
 10
2.167977186136645
 20
20.25724701527723
 30
0.0
  0
VERTEX
  5
448
  8
T9_COUNTERSINK_0_6
 10
2.183683218974725
 20
20.2502075913292
 30
0.0
  0
VERTEX
  5
449
  8
T9_COUNTERSINK_0_6
 10
2.199307892565704
 20
20.24264672857021
 30
0.0
  0
VERTEX
  5
44A
  8
T9_COUNTERSINK_0_6
 10
2.214851206909581
 20
20.23456442700025
 30
0.0
  0
VERTEX
  5
44B
  8
T9_COUNTERSINK_0_6
 10
2.230124556478987
 20
20.22600321531667
 30
0.0
  0
VERTEX
  5
44C
  8
T9_COUNTERSINK_0_6
 10
2.244939335746552
 20
20.21700562221682
 30
0.0
  0
VERTEX
  5
44D
  8
T9_COUNTERSINK_0_6
 10
2.259295544712275
 20
20.20757164770071
 30
0.0
  0
VERTEX
  5
44E
  8
T9_COUNTERSINK_0_6
 10
2.273193183376157
 20
20.19770129176833
 30
0.0
  0
VERTEX
  5
44F
  8
T9_COUNTERSINK_0_6
 10
2.286632251738196
 20
20.18739455441967
 30
0.0
  0
VERTEX
  5
450
  8
T9_COUNTERSINK_0_6
 10
2.299612749798394
 20
20.17665143565475
 30
0.0
  0
VERTEX
  5
451
  8
T9_COUNTERSINK_0_6
 10
2.31213467755675
 20
20.16547193547356
 30
0.0
  0
VERTEX
  5
452
  8
T9_COUNTERSINK_0_6
 10
2.324198035013265
 20
20.1538560538761
 30
0.0
  0
VERTEX
  5
453
  8
T9_COUNTERSINK_0_6
 10
2.335802822167937
 20
20.14180379086238
 30
0.0
  0
VERTEX
  5
454
  8
T9_COUNTERSINK_0_6
 10
2.346949039020768
 20
20.12931514643238
 30
0.0
  0
VERTEX
  5
455
  8
T9_COUNTERSINK_0_6
 10
2.357636685571757
 20
20.11639012058611
 30
0.0
  0
VERTEX
  5
456
  8
T9_COUNTERSINK_0_6
 10
2.367865761820904
 20
20.10302871332358
 30
0.0
  0
VERTEX
  5
457
  8
T9_COUNTERSINK_0_6
 10
2.37763626776821
 20
20.08923092464478
 30
0.0
  0
VERTEX
  5
458
  8
T9_COUNTERSINK_0_6
 10
2.386948203413674
 20
20.07499675454971
 30
0.0
  0
VERTEX
  5
459
  8
T9_COUNTERSINK_0_6
 10
2.395801568757296
 20
20.06032620303836
 30
0.0
  0
VERTEX
  5
45A
  8
T9_COUNTERSINK_0_6
 10
2.404196363799076
 20
20.04521927011076
 30
0.0
  0
VERTEX
  5
45B
  8
T9_COUNTERSINK_0_6
 10
2.412106701505846
 20
20.02962603077434
 30
0.0
  0
VERTEX
  5
45C
  8
T9_COUNTERSINK_0_6
 10
2.419506694844438
 20
20.01349656003658
 30
0.0
  0
VERTEX
  5
45D
  8
T9_COUNTERSINK_0_6
 10
2.426396343814851
 20
19.99683085789746
 30
0.0
  0
VERTEX
  5
45E
  8
T9_COUNTERSINK_0_6
 10
2.432775648417085
 20
19.97962892435701
 30
0.0
  0
VERTEX
  5
45F
  8
T9_COUNTERSINK_0_6
 10
2.43864460865114
 20
19.9618907594152
 30
0.0
  0
VERTEX
  5
460
  8
T9_COUNTERSINK_0_6
 10
2.444003224517016
 20
19.94361636307205
 30
0.0
  0
VERTEX
  5
461
  8
T9_COUNTERSINK_0_6
 10
2.448851496014714
 20
19.92480573532755
 30
0.0
  0
VERTEX
  5
462
  8
T9_COUNTERSINK_0_6
 10
2.453189423144233
 20
19.9054588761817
 30
0.0
  0
VERTEX
  5
463
  8
T9_COUNTERSINK_0_6
 10
2.457017005905573
 20
19.8855757856345
 30
0.0
  0
VERTEX
  5
464
  8
T9_COUNTERSINK_0_6
 10
2.460334244298735
 20
19.86515646368596
 30
0.0
  0
VERTEX
  5
465
  8
T9_COUNTERSINK_0_6
 10
2.463141138323718
 20
19.84420091033607
 30
0.0
  0
VERTEX
  5
466
  8
T9_COUNTERSINK_0_6
 10
2.465437687980522
 20
19.82270912558484
 30
0.0
  0
VERTEX
  5
467
  8
T9_COUNTERSINK_0_6
 10
2.467223893269148
 20
19.80068110943225
 30
0.0
  0
VERTEX
  5
468
  8
T9_COUNTERSINK_0_6
 10
2.468499754189595
 20
19.77811686187832
 30
0.0
  0
VERTEX
  5
469
  8
T9_COUNTERSINK_0_6
 10
2.469265270741863
 20
19.75501638292305
 30
0.0
  0
VERTEX
  5
46A
  8
T9_COUNTERSINK_0_6
 10
2.469520442925952
 20
19.73137967256642
 30
0.0
  0
VERTEX
  5
46B
  8
T9_COUNTERSINK_0_6
 10
2.469113646690447
 20
19.69767475538105
 30
0.0
  0
VERTEX
  5
46C
  8
T9_COUNTERSINK_0_6
 10
2.467893257983933
 20
19.66519762319739
 30
0.0
  0
VERTEX
  5
46D
  8
T9_COUNTERSINK_0_6
 10
2.465859276806409
 20
19.63394827601542
 30
0.0
  0
VERTEX
  5
46E
  8
T9_COUNTERSINK_0_6
 10
2.463011703157876
 20
19.60392671383517
 30
0.0
  0
VERTEX
  5
46F
  8
T9_COUNTERSINK_0_6
 10
2.459350537038333
 20
19.57513293665663
 30
0.0
  0
VERTEX
  5
470
  8
T9_COUNTERSINK_0_6
 10
2.45487577844778
 20
19.54756694447979
 30
0.0
  0
VERTEX
  5
471
  8
T9_COUNTERSINK_0_6
 10
2.449587427386218
 20
19.52122873730465
 30
0.0
  0
VERTEX
  5
472
  8
T9_COUNTERSINK_0_6
 10
2.443485483853646
 20
19.49611831513122
 30
0.0
  0
VERTEX
  5
473
  8
T9_COUNTERSINK_0_6
 10
2.436577344145257
 20
19.47208035576048
 30
0.0
  0
VERTEX
  5
474
  8
T9_COUNTERSINK_0_6
 10
2.428870404556239
 20
19.44895953699343
 30
0.0
  0
VERTEX
  5
475
  8
T9_COUNTERSINK_0_6
 10
2.420364665086593
 20
19.42675585883006
 30
0.0
  0
VERTEX
  5
476
  8
T9_COUNTERSINK_0_6
 10
2.41106012573632
 20
19.40546932127037
 30
0.0
  0
VERTEX
  5
477
  8
T9_COUNTERSINK_0_6
 10
2.40095678650542
 20
19.38509992431437
 30
0.0
  0
VERTEX
  5
478
  8
T9_COUNTERSINK_0_6
 10
2.390054647393892
 20
19.36564766796205
 30
0.0
  0
VERTEX
  5
479
  8
T9_COUNTERSINK_0_6
 10
2.378353708401737
 20
19.34711255221341
 30
0.0
  0
VERTEX
  5
47A
  8
T9_COUNTERSINK_0_6
 10
2.365853969528954
 20
19.32949457706846
 30
0.0
  0
VERTEX
  5
47B
  8
T9_COUNTERSINK_0_6
 10
2.352740338155318
 20
19.31274196846086
 30
0.0
  0
VERTEX
  5
47C
  8
T9_COUNTERSINK_0_6
 10
2.339197721660604
 20
19.29680295232426
 30
0.0
  0
VERTEX
  5
47D
  8
T9_COUNTERSINK_0_6
 10
2.325226120044813
 20
19.28167752865868
 30
0.0
  0
VERTEX
  5
47E
  8
T9_COUNTERSINK_0_6
 10
2.310825533307944
 20
19.2673656974641
 30
0.0
  0
VERTEX
  5
47F
  8
T9_COUNTERSINK_0_6
 10
2.295995961449997
 20
19.25386745874053
 30
0.0
  0
VERTEX
  5
480
  8
T9_COUNTERSINK_0_6
 10
2.280737404470973
 20
19.24118281248797
 30
0.0
  0
VERTEX
  5
481
  8
T9_COUNTERSINK_0_6
 10
2.26504986237087
 20
19.22931175870642
 30
0.0
  0
VERTEX
  5
482
  8
T9_COUNTERSINK_0_6
 10
2.24893333514969
 20
19.21825429739588
 30
0.0
  0
VERTEX
  5
483
  8
T9_COUNTERSINK_0_6
 10
2.232099367294984
 20
19.20782552117658
 30
0.0
  0
VERTEX
  5
484
  8
T9_COUNTERSINK_0_6
 10
2.214259503294302
 20
19.19784052266874
 30
0.0
  0
VERTEX
  5
485
  8
T9_COUNTERSINK_0_6
 10
2.195413743147644
 20
19.18829930187235
 30
0.0
  0
VERTEX
  5
486
  8
T9_COUNTERSINK_0_6
 10
2.175562086855011
 20
19.17920185878743
 30
0.0
  0
VERTEX
  5
487
  8
T9_COUNTERSINK_0_6
 10
2.154704534416403
 20
19.17054819341396
 30
0.0
  0
VERTEX
  5
488
  8
T9_COUNTERSINK_0_6
 10
2.132841085831819
 20
19.16233830575196
 30
0.0
  0
VERTEX
  5
489
  8
T9_COUNTERSINK_0_6
 10
2.109971741101259
 20
19.15457219580141
 30
0.0
  0
VERTEX
  5
48A
  8
T9_COUNTERSINK_0_6
 10
2.086096500224724
 20
19.14724986356233
 30
0.0
  0
VERTEX
  5
48B
  8
T9_COUNTERSINK_0_6
 10
2.043493839924588
 20
19.53730088675469
 30
0.0
  0
VERTEX
  5
48C
  8
T9_COUNTERSINK_0_6
 10
2.05503390949634
 20
19.53922392350434
 30
0.0
  0
VERTEX
  5
48D
  8
T9_COUNTERSINK_0_6
 10
2.066222655046519
 20
19.54144281206164
 30
0.0
  0
VERTEX
  5
48E
  8
T9_COUNTERSINK_0_6
 10
2.077060076575125
 20
19.54395755242658
 30
0.0
  0
VERTEX
  5
48F
  8
T9_COUNTERSINK_0_6
 10
2.087546174082159
 20
19.54676814459916
 30
0.0
  0
VERTEX
  5
490
  8
T9_COUNTERSINK_0_6
 10
2.097680947567622
 20
19.54987458857938
 30
0.0
  0
VERTEX
  5
491
  8
T9_COUNTERSINK_0_6
 10
2.107464397031512
 20
19.55327688436724
 30
0.0
  0
VERTEX
  5
492
  8
T9_COUNTERSINK_0_6
 10
2.116896522473829
 20
19.55697503196274
 30
0.0
  0
VERTEX
  5
493
  8
T9_COUNTERSINK_0_6
 10
2.125977323894574
 20
19.56096903136587
 30
0.0
  0
VERTEX
  5
494
  8
T9_COUNTERSINK_0_6
 10
2.134706801293747
 20
19.56525888257665
 30
0.0
  0
VERTEX
  5
495
  8
T9_COUNTERSINK_0_6
 10
2.143084954671348
 20
19.56984458559506
 30
0.0
  0
VERTEX
  5
496
  8
T9_COUNTERSINK_0_6
 10
2.151111784027377
 20
19.57472614042113
 30
0.0
  0
VERTEX
  5
497
  8
T9_COUNTERSINK_0_6
 10
2.158787289361832
 20
19.57990354705482
 30
0.0
  0
VERTEX
  5
498
  8
T9_COUNTERSINK_0_6
 10
2.166111470674716
 20
19.58537680549616
 30
0.0
  0
VERTEX
  5
499
  8
T9_COUNTERSINK_0_6
 10
2.173084327966027
 20
19.59114591574513
 30
0.0
  0
VERTEX
  5
49A
  8
T9_COUNTERSINK_0_6
 10
2.179705861235766
 20
19.59721087780175
 30
0.0
  0
VERTEX
  5
49B
  8
T9_COUNTERSINK_0_6
 10
2.185976070483933
 20
19.60357169166601
 30
0.0
  0
VERTEX
  5
49C
  8
T9_COUNTERSINK_0_6
 10
2.191880163120146
 20
19.61015809253359
 30
0.0
  0
VERTEX
  5
49D
  8
T9_COUNTERSINK_0_6
 10
2.197403346554022
 20
19.61689981560018
 30
0.0
  0
VERTEX
  5
49E
  8
T9_COUNTERSINK_0_6
 10
2.202545620785562
 20
19.62379686086578
 30
0.0
  0
VERTEX
  5
49F
  8
T9_COUNTERSINK_0_6
 10
2.207306985814766
 20
19.6308492283304
 30
0.0
  0
VERTEX
  5
4A0
  8
T9_COUNTERSINK_0_6
 10
2.211687441641633
 20
19.63805691799403
 30
0.0
  0
VERTEX
  5
4A1
  8
T9_COUNTERSINK_0_6
 10
2.215686988266164
 20
19.64541992985666
 30
0.0
  0
VERTEX
  5
4A2
  8
T9_COUNTERSINK_0_6
 10
2.219305625688358
 20
19.65293826391831
 30
0.0
  0
VERTEX
  5
4A3
  8
T9_COUNTERSINK_0_6
 10
2.222543353908217
 20
19.66061192017897
 30
0.0
  0
VERTEX
  5
4A4
  8
T9_COUNTERSINK_0_6
 10
2.22540017292574
 20
19.66844089863864
 30
0.0
  0
VERTEX
  5
4A5
  8
T9_COUNTERSINK_0_6
 10
2.227876082740925
 20
19.67642519929732
 30
0.0
  0
VERTEX
  5
4A6
  8
T9_COUNTERSINK_0_6
 10
2.229971083353775
 20
19.68456482215501
 30
0.0
  0
VERTEX
  5
4A7
  8
T9_COUNTERSINK_0_6
 10
2.231685174764288
 20
19.69285976721171
 30
0.0
  0
VERTEX
  5
4A8
  8
T9_COUNTERSINK_0_6
 10
2.233018356972465
 20
19.70131003446742
 30
0.0
  0
VERTEX
  5
4A9
  8
T9_COUNTERSINK_0_6
 10
2.233970629978306
 20
19.70991562392215
 30
0.0
  0
VERTEX
  5
4AA
  8
T9_COUNTERSINK_0_6
 10
2.23454199378181
 20
19.71867653557588
 30
0.0
  0
VERTEX
  5
4AB
  8
T9_COUNTERSINK_0_6
 10
2.234732448382978
 20
19.72759276942863
 30
0.0
  0
VERTEX
  5
4AC
  8
T9_COUNTERSINK_0_6
 10
2.234493917863069
 20
19.73754263553432
 30
0.0
  0
VERTEX
  5
4AD
  8
T9_COUNTERSINK_0_6
 10
2.23377832630334
 20
19.74727431093187
 30
0.0
  0
VERTEX
  5
4AE
  8
T9_COUNTERSINK_0_6
 10
2.232585673703792
 20
19.75678779562129
 30
0.0
  0
VERTEX
  5
4AF
  8
T9_COUNTERSINK_0_6
 10
2.230915960064424
 20
19.76608308960257
 30
0.0
  0
VERTEX
  5
4B0
  8
T9_COUNTERSINK_0_6
 10
2.228769185385238
 20
19.77516019287572
 30
0.0
  0
VERTEX
  5
4B1
  8
T9_COUNTERSINK_0_6
 10
2.226145349666231
 20
19.78401910544073
 30
0.0
  0
VERTEX
  5
4B2
  8
T9_COUNTERSINK_0_6
 10
2.223044452907406
 20
19.79265982729762
 30
0.0
  0
VERTEX
  5
4B3
  8
T9_COUNTERSINK_0_6
 10
2.219466495108762
 20
19.80108235844636
 30
0.0
  0
VERTEX
  5
4B4
  8
T9_COUNTERSINK_0_6
 10
2.215411476270299
 20
19.80928669888698
 30
0.0
  0
VERTEX
  5
4B5
  8
T9_COUNTERSINK_0_6
 10
2.210879396392016
 20
19.81727284861945
 30
0.0
  0
VERTEX
  5
4B6
  8
T9_COUNTERSINK_0_6
 10
2.205870255473914
 20
19.8250408076438
 30
0.0
  0
VERTEX
  5
4B7
  8
T9_COUNTERSINK_0_6
 10
2.200384053515993
 20
19.83259057596
 30
0.0
  0
VERTEX
  5
4B8
  8
T9_COUNTERSINK_0_6
 10
2.194420790518253
 20
19.83992215356808
 30
0.0
  0
VERTEX
  5
4B9
  8
T9_COUNTERSINK_0_6
 10
2.187980466480693
 20
19.84703554046802
 30
0.0
  0
VERTEX
  5
4BA
  8
T9_COUNTERSINK_0_6
 10
2.181063081403314
 20
19.85393073665983
 30
0.0
  0
VERTEX
  5
4BB
  8
T9_COUNTERSINK_0_6
 10
2.173668635286116
 20
19.8606077421435
 30
0.0
  0
VERTEX
  5
4BC
  8
T9_COUNTERSINK_0_6
 10
2.165800826276694
 20
19.86697040508155
 30
0.0
  0
VERTEX
  5
4BD
  8
T9_COUNTERSINK_0_6
 10
2.157463352522644
 20
19.8729225736365
 30
0.0
  0
VERTEX
  5
4BE
  8
T9_COUNTERSINK_0_6
 10
2.148656214023966
 20
19.87846424780836
 30
0.0
  0
VERTEX
  5
4BF
  8
T9_COUNTERSINK_0_6
 10
2.139379410780659
 20
19.88359542759711
 30
0.0
  0
VERTEX
  5
4C0
  8
T9_COUNTERSINK_0_6
 10
2.129632942792724
 20
19.88831611300277
 30
0.0
  0
VERTEX
  5
4C1
  8
T9_COUNTERSINK_0_6
 10
2.119416810060161
 20
19.89262630402532
 30
0.0
  0
VERTEX
  5
4C2
  8
T9_COUNTERSINK_0_6
 10
2.10873101258297
 20
19.89652600066477
 30
0.0
  0
VERTEX
  5
4C3
  8
T9_COUNTERSINK_0_6
 10
2.09757555036115
 20
19.90001520292112
 30
0.0
  0
VERTEX
  5
4C4
  8
T9_COUNTERSINK_0_6
 10
2.085950423394702
 20
19.90309391079438
 30
0.0
  0
VERTEX
  5
4C5
  8
T9_COUNTERSINK_0_6
 10
2.073855631683626
 20
19.90576212428453
 30
0.0
  0
VERTEX
  5
4C6
  8
T9_COUNTERSINK_0_6
 10
2.061291175227922
 20
19.90801984339158
 30
0.0
  0
VERTEX
  5
4C7
  8
T9_COUNTERSINK_0_6
 10
2.048257054027589
 20
19.90986706811553
 30
0.0
  0
VERTEX
  5
4C8
  8
T9_COUNTERSINK_0_6
 10
2.034753268082628
 20
19.91130379845638
 30
0.0
  0
VERTEX
  5
4C9
  8
T9_COUNTERSINK_0_6
 10
2.02077981739304
 20
19.91233003441413
 30
0.0
  0
VERTEX
  5
4CA
  8
T9_COUNTERSINK_0_6
 10
2.006336701958823
 20
19.91294577598878
 30
0.0
  0
VERTEX
  5
4CB
  8
T9_COUNTERSINK_0_6
 10
1.991423921779977
 20
19.91315102318033
 30
0.0
  0
VERTEX
  5
4CC
  8
T9_COUNTERSINK_0_6
 10
1.976180157391334
 20
19.91294392691499
 30
0.0
  0
VERTEX
  5
4CD
  8
T9_COUNTERSINK_0_6
 10
1.961454133666061
 20
19.91232263811894
 30
0.0
  0
VERTEX
  5
4CE
  8
T9_COUNTERSINK_0_6
 10
1.947245850604158
 20
19.91128715679221
 30
0.0
  0
VERTEX
  5
4CF
  8
T9_COUNTERSINK_0_6
 10
1.933555308205625
 20
19.90983748293477
 30
0.0
  0
VERTEX
  5
4D0
  8
T9_COUNTERSINK_0_6
 10
1.920382506470461
 20
19.90797361654663
 30
0.0
  0
VERTEX
  5
4D1
  8
T9_COUNTERSINK_0_6
 10
1.907727445398667
 20
19.90569555762781
 30
0.0
  0
VERTEX
  5
4D2
  8
T9_COUNTERSINK_0_6
 10
1.895590124990243
 20
19.90300330617828
 30
0.0
  0
VERTEX
  5
4D3
  8
T9_COUNTERSINK_0_6
 10
1.883970545245188
 20
19.89989686219807
 30
0.0
  0
VERTEX
  5
4D4
  8
T9_COUNTERSINK_0_6
 10
1.872868706163503
 20
19.89637622568716
 30
0.0
  0
VERTEX
  5
4D5
  8
T9_COUNTERSINK_0_6
 10
1.862284607745188
 20
19.89244139664554
 30
0.0
  0
VERTEX
  5
4D6
  8
T9_COUNTERSINK_0_6
 10
1.852218249990243
 20
19.88809237507324
 30
0.0
  0
VERTEX
  5
4D7
  8
T9_COUNTERSINK_0_6
 10
1.842669632898667
 20
19.88332916097024
 30
0.0
  0
VERTEX
  5
4D8
  8
T9_COUNTERSINK_0_6
 10
1.833638756470461
 20
19.87815175433654
 30
0.0
  0
VERTEX
  5
4D9
  8
T9_COUNTERSINK_0_6
 10
1.825125620705625
 20
19.87256015517215
 30
0.0
  0
VERTEX
  5
4DA
  8
T9_COUNTERSINK_0_6
 10
1.817130225604158
 20
19.86655436347706
 30
0.0
  0
VERTEX
  5
4DB
  8
T9_COUNTERSINK_0_6
 10
1.809652571166061
 20
19.86013437925127
 30
0.0
  0
VERTEX
  5
4DC
  8
T9_COUNTERSINK_0_6
 10
1.802659374062975
 20
19.85337046729911
 30
0.0
  0
VERTEX
  5
4DD
  8
T9_COUNTERSINK_0_6
 10
1.796117350966539
 20
19.84633289242488
 30
0.0
  0
VERTEX
  5
4DE
  8
T9_COUNTERSINK_0_6
 10
1.790026501876754
 20
19.83902165462858
 30
0.0
  0
VERTEX
  5
4DF
  8
T9_COUNTERSINK_0_6
 10
1.784386826793619
 20
19.83143675391021
 30
0.0
  0
VERTEX
  5
4E0
  8
T9_COUNTERSINK_0_6
 10
1.779198325717136
 20
19.82357819026978
 30
0.0
  0
VERTEX
  5
4E1
  8
T9_COUNTERSINK_0_6
 10
1.774460998647303
 20
19.81544596370728
 30
0.0
  0
VERTEX
  5
4E2
  8
T9_COUNTERSINK_0_6
 10
1.770174845584121
 20
19.80704007422271
 30
0.0
  0
VERTEX
  5
4E3
  8
T9_COUNTERSINK_0_6
 10
1.766339866527589
 20
19.79836052181608
 30
0.0
  0
VERTEX
  5
4E4
  8
T9_COUNTERSINK_0_6
 10
1.762956061477709
 20
19.78940730648738
 30
0.0
  0
VERTEX
  5
4E5
  8
T9_COUNTERSINK_0_6
 10
1.760023430434479
 20
19.78018042823661
 30
0.0
  0
VERTEX
  5
4E6
  8
T9_COUNTERSINK_0_6
 10
1.7575419733979
 20
19.77067988706377
 30
0.0
  0
VERTEX
  5
4E7
  8
T9_COUNTERSINK_0_6
 10
1.755511690367971
 20
19.76090568296887
 30
0.0
  0
VERTEX
  5
4E8
  8
T9_COUNTERSINK_0_6
 10
1.753932581344694
 20
19.7508578159519
 30
0.0
  0
VERTEX
  5
4E9
  8
T9_COUNTERSINK_0_6
 10
1.752804646328067
 20
19.74053628601287
 30
0.0
  0
VERTEX
  5
4EA
  8
T9_COUNTERSINK_0_6
 10
1.752127885318091
 20
19.72994109315177
 30
0.0
  0
VERTEX
  5
4EB
  8
T9_COUNTERSINK_0_6
 10
1.751902298314765
 20
19.7190722373686
 30
0.0
  0
VERTEX
  5
4EC
  8
T9_COUNTERSINK_0_6
 10
1.752331283435843
 20
19.70516720240953
 30
0.0
  0
VERTEX
  5
4ED
  8
T9_COUNTERSINK_0_6
 10
1.753618238799076
 20
19.69138050817351
 30
0.0
  0
VERTEX
  5
4EE
  8
T9_COUNTERSINK_0_6
 10
1.755763164404465
 20
19.67771215466055
 30
0.0
  0
VERTEX
  5
4EF
  8
T9_COUNTERSINK_0_6
 10
1.758766060252009
 20
19.66416214187065
 30
0.0
  0
VERTEX
  5
4F0
  8
T9_COUNTERSINK_0_6
 10
1.76262692634171
 20
19.6507304698038
 30
0.0
  0
VERTEX
  5
4F1
  8
T9_COUNTERSINK_0_6
 10
1.767345762673565
 20
19.63741713846001
 30
0.0
  0
VERTEX
  5
4F2
  8
T9_COUNTERSINK_0_6
 10
1.772922569247576
 20
19.62422214783927
 30
0.0
  0
VERTEX
  5
4F3
  8
T9_COUNTERSINK_0_6
 10
1.779357346063742
 20
19.61114549794159
 30
0.0
  0
VERTEX
  5
4F4
  8
T9_COUNTERSINK_0_6
 10
1.784830604505079
 20
19.60132321792795
 30
0.0
  0
VERTEX
  5
4F5
  8
T9_COUNTERSINK_0_6
 10
1.791309759092392
 20
19.59126425646819
 30
0.0
  0
VERTEX
  5
4F6
  8
T9_COUNTERSINK_0_6
 10
1.798794809825679
 20
19.58096861356232
 30
0.0
  0
VERTEX
  5
4F7
  8
T9_COUNTERSINK_0_6
 10
1.807285756704943
 20
19.57043628921035
 30
0.0
  0
VERTEX
  5
4F8
  8
T9_COUNTERSINK_0_6
 10
1.816782599730181
 20
19.55966728341226
 30
0.0
  0
VERTEX
  5
4F9
  8
T9_COUNTERSINK_0_6
 10
1.827285338901396
 20
19.54866159616805
 30
0.0
  0
VERTEX
  5
4FA
  8
T9_COUNTERSINK_0_6
 10
1.838793974218585
 20
19.53741922747774
 30
0.0
  0
VERTEX
  5
4FB
  8
T9_COUNTERSINK_0_6
 10
1.85130850568175
 20
19.52594017734132
 30
0.0
  0
VERTEX
  5
4FC
  8
T9_COUNTERSINK_0_6
 10
1.803972216459377
 20
19.19742633013804
 30
0.0
  0
SEQEND
  5
F4C
  8
T9_COUNTERSINK_0_6
  0
POLYLINE
  5
75
  8
T9_COUNTERSINK_0_6
 66
     1
 10
0.0
 20
0.0
 30
0.0
 70
     1
  0
VERTEX
  5
4FD
  8
T9_COUNTERSINK_0_6
 10
1.74622194360808
 20
20.45657162345318
 30
0.0
  0
VERTEX
  5
4FE
  8
T9_COUNTERSINK_0_6
 10
1.69768375641717
 20
20.4571281946663
 30
0.0
  0
VERTEX
  5
4FF
  8
T9_COUNTERSINK_0_6
 10
1.651002039319199
 20
20.45879790830567
 30
0.0
  0
VERTEX
  5
500
  8
T9_COUNTERSINK_0_6
 10
1.628357357055066
 20
20.4600501935352
 30
0.0
  0
VERTEX
  5
501
  8
T9_COUNTERSINK_0_6
 10
1.606176792314168
 20
20.46158076437128
 30
0.0
  0
VERTEX
  5
502
  8
T9_COUNTERSINK_0_6
 10
1.584460345096506
 20
20.46338962081393
 30
0.0
  0
VERTEX
  5
503
  8
T9_COUNTERSINK_0_6
 10
1.563208015402078
 20
20.46547676286314
 30
0.0
  0
VERTEX
  5
504
  8
T9_COUNTERSINK_0_6
 10
1.542419803230885
 20
20.46784219051891
 30
0.0
  0
VERTEX
  5
505
  8
T9_COUNTERSINK_0_6
 10
1.522095708582927
 20
20.47048590378124
 30
0.0
  0
VERTEX
  5
506
  8
T9_COUNTERSINK_0_6
 10
1.502235731458204
 20
20.47340790265013
 30
0.0
  0
VERTEX
  5
507
  8
T9_COUNTERSINK_0_6
 10
1.482839871856716
 20
20.47660818712558
 30
0.0
  0
VERTEX
  5
508
  8
T9_COUNTERSINK_0_6
 10
1.463908129778464
 20
20.4800867572076
 30
0.0
  0
VERTEX
  5
509
  8
T9_COUNTERSINK_0_6
 10
1.445440505223445
 20
20.48384361289618
 30
0.0
  0
VERTEX
  5
50A
  8
T9_COUNTERSINK_0_6
 10
1.427436998191662
 20
20.48787875419132
 30
0.0
  0
VERTEX
  5
50B
  8
T9_COUNTERSINK_0_6
 10
1.409897608683115
 20
20.49219218109302
 30
0.0
  0
VERTEX
  5
50C
  8
T9_COUNTERSINK_0_6
 10
1.392822336697802
 20
20.49678389360128
 30
0.0
  0
VERTEX
  5
50D
  8
T9_COUNTERSINK_0_6
 10
1.376211182235724
 20
20.5016538917161
 30
0.0
  0
VERTEX
  5
50E
  8
T9_COUNTERSINK_0_6
 10
1.360064145296881
 20
20.50680217543748
 30
0.0
  0
VERTEX
  5
50F
  8
T9_COUNTERSINK_0_6
 10
1.344381225881273
 20
20.51222874476542
 30
0.0
  0
VERTEX
  5
510
  8
T9_COUNTERSINK_0_6
 10
1.3291624239889
 20
20.51793359969993
 30
0.0
  0
VERTEX
  5
511
  8
T9_COUNTERSINK_0_6
 10
1.314407739619762
 20
20.523916740241
 30
0.0
  0
VERTEX
  5
512
  8
T9_COUNTERSINK_0_6
 10
1.300117172773859
 20
20.53017816638863
 30
0.0
  0
VERTEX
  5
513
  8
T9_COUNTERSINK_0_6
 10
1.286290723451191
 20
20.53671787814281
 30
0.0
  0
VERTEX
  5
514
  8
T9_COUNTERSINK_0_6
 10
1.272928391651758
 20
20.54353587550356
 30
0.0
  0
VERTEX
  5
515
  8
T9_COUNTERSINK_0_6
 10
1.26003017737556
 20
20.55063215847087
 30
0.0
  0
VERTEX
  5
516
  8
T9_COUNTERSINK_0_6
 10
1.247596080622597
 20
20.55800672704475
 30
0.0
  0
VERTEX
  5
517
  8
T9_COUNTERSINK_0_6
 10
1.235626101392869
 20
20.56565958122518
 30
0.0
  0
VERTEX
  5
518
  8
T9_COUNTERSINK_0_6
 10
1.224120239686376
 20
20.57359072101217
 30
0.0
  0
VERTEX
  5
519
  8
T9_COUNTERSINK_0_6
 10
1.213078495503118
 20
20.58180014640573
 30
0.0
  0
VERTEX
  5
51A
  8
T9_COUNTERSINK_0_6
 10
1.202500868843095
 20
20.59028785740585
 30
0.0
  0
VERTEX
  5
51B
  8
T9_COUNTERSINK_0_6
 10
1.192387359706307
 20
20.59905385401252
 30
0.0
  0
VERTEX
  5
51C
  8
T9_COUNTERSINK_0_6
 10
1.182660306993248
 20
20.60810460798406
 30
0.0
  0
VERTEX
  5
51D
  8
T9_COUNTERSINK_0_6
 10
1.173242049604414
 20
20.61744659107873
 30
0.0
  0
VERTEX
  5
51E
  8
T9_COUNTERSINK_0_6
 10
1.164132587539804
 20
20.62707980329656
 30
0.0
  0
VERTEX
  5
51F
  8
T9_COUNTERSINK_0_6
 10
1.155331920799417
 20
20.63700424463752
 30
0.0
  0
VERTEX
  5
520
  8
T9_COUNTERSINK_0_6
 10
1.146840049383255
 20
20.64721991510164
 30
0.0
  0
VERTEX
  5
521
  8
T9_COUNTERSINK_0_6
 10
1.138656973291317
 20
20.6577268146889
 30
0.0
  0
VERTEX
  5
522
  8
T9_COUNTERSINK_0_6
 10
1.130782692523603
 20
20.6685249433993
 30
0.0
  0
VERTEX
  5
523
  8
T9_COUNTERSINK_0_6
 10
1.123217207080113
 20
20.67961430123285
 30
0.0
  0
VERTEX
  5
524
  8
T9_COUNTERSINK_0_6
 10
1.115960516960847
 20
20.69099488818955
 30
0.0
  0
VERTEX
  5
525
  8
T9_COUNTERSINK_0_6
 10
1.109012622165806
 20
20.70266670426939
 30
0.0
  0
VERTEX
  5
526
  8
T9_COUNTERSINK_0_6
 10
1.102373522694988
 20
20.71462974947238
 30
0.0
  0
VERTEX
  5
527
  8
T9_COUNTERSINK_0_6
 10
1.096043218548394
 20
20.72688402379851
 30
0.0
  0
VERTEX
  5
528
  8
T9_COUNTERSINK_0_6
 10
1.090021709726025
 20
20.73942952724779
 30
0.0
  0
VERTEX
  5
529
  8
T9_COUNTERSINK_0_6
 10
1.084308996227879
 20
20.75226625982021
 30
0.0
  0
VERTEX
  5
52A
  8
T9_COUNTERSINK_0_6
 10
1.078905078053958
 20
20.76539422151578
 30
0.0
  0
VERTEX
  5
52B
  8
T9_COUNTERSINK_0_6
 10
1.073809955204261
 20
20.77881341233449
 30
0.0
  0
VERTEX
  5
52C
  8
T9_COUNTERSINK_0_6
 10
1.069023627678787
 20
20.79252383227635
 30
0.0
  0
VERTEX
  5
52D
  8
T9_COUNTERSINK_0_6
 10
1.064546095477538
 20
20.80652548134135
 30
0.0
  0
VERTEX
  5
52E
  8
T9_COUNTERSINK_0_6
 10
1.060377358600513
 20
20.8208183595295
 30
0.0
  0
VERTEX
  5
52F
  8
T9_COUNTERSINK_0_6
 10
1.056517417047712
 20
20.8354024668408
 30
0.0
  0
VERTEX
  5
530
  8
T9_COUNTERSINK_0_6
 10
1.052966270819135
 20
20.85027780327524
 30
0.0
  0
VERTEX
  5
531
  8
T9_COUNTERSINK_0_6
 10
1.049723919914783
 20
20.86544436883283
 30
0.0
  0
VERTEX
  5
532
  8
T9_COUNTERSINK_0_6
 10
1.046790364334654
 20
20.88090216351356
 30
0.0
  0
VERTEX
  5
533
  8
T9_COUNTERSINK_0_6
 10
1.044165604078749
 20
20.89665118731744
 30
0.0
  0
VERTEX
  5
534
  8
T9_COUNTERSINK_0_6
 10
1.041849639147068
 20
20.91269144024446
 30
0.0
  0
VERTEX
  5
535
  8
T9_COUNTERSINK_0_6
 10
1.039842469539612
 20
20.92902292229463
 30
0.0
  0
VERTEX
  5
536
  8
T9_COUNTERSINK_0_6
 10
1.03814409525638
 20
20.94564563346794
 30
0.0
  0
VERTEX
  5
537
  8
T9_COUNTERSINK_0_6
 10
1.036754516297371
 20
20.9625595737644
 30
0.0
  0
VERTEX
  5
538
  8
T9_COUNTERSINK_0_6
 10
1.035673732662587
 20
20.97976474318401
 30
0.0
  0
VERTEX
  5
539
  8
T9_COUNTERSINK_0_6
 10
1.034901744352027
 20
20.99726114172675
 30
0.0
  0
VERTEX
  5
53A
  8
T9_COUNTERSINK_0_6
 10
1.034438551365691
 20
21.01504876939265
 30
0.0
  0
VERTEX
  5
53B
  8
T9_COUNTERSINK_0_6
 10
1.034284153703579
 20
21.03312762618169
 30
0.0
  0
VERTEX
  5
53C
  8
T9_COUNTERSINK_0_6
 10
1.034824083252521
 20
21.067372472916
 30
0.0
  0
VERTEX
  5
53D
  8
T9_COUNTERSINK_0_6
 10
1.036443871899349
 20
21.10004930506982
 30
0.0
  0
VERTEX
  5
53E
  8
T9_COUNTERSINK_0_6
 10
1.03765871338447
 20
21.11579971567905
 30
0.0
  0
VERTEX
  5
53F
  8
T9_COUNTERSINK_0_6
 10
1.039143519644063
 20
21.13115812264315
 30
0.0
  0
VERTEX
  5
540
  8
T9_COUNTERSINK_0_6
 10
1.040898290678127
 20
21.14612452596213
 30
0.0
  0
VERTEX
  5
541
  8
T9_COUNTERSINK_0_6
 10
1.042923026486662
 20
21.16069892563599
 30
0.0
  0
VERTEX
  5
542
  8
T9_COUNTERSINK_0_6
 10
1.045217727069668
 20
21.17488132166473
 30
0.0
  0
VERTEX
  5
543
  8
T9_COUNTERSINK_0_6
 10
1.047782392427146
 20
21.18867171404834
 30
0.0
  0
VERTEX
  5
544
  8
T9_COUNTERSINK_0_6
 10
1.050617022559095
 20
21.20207010278683
 30
0.0
  0
VERTEX
  5
545
  8
T9_COUNTERSINK_0_6
 10
1.053721617465516
 20
21.21507648788019
 30
0.0
  0
VERTEX
  5
546
  8
T9_COUNTERSINK_0_6
 10
1.057096177146408
 20
21.22769086932843
 30
0.0
  0
VERTEX
  5
547
  8
T9_COUNTERSINK_0_6
 10
1.060740701601771
 20
21.23991324713156
 30
0.0
  0
VERTEX
  5
548
  8
T9_COUNTERSINK_0_6
 10
1.064655190831605
 20
21.25174362128956
 30
0.0
  0
VERTEX
  5
549
  8
T9_COUNTERSINK_0_6
 10
1.068839644835911
 20
21.26318199180243
 30
0.0
  0
VERTEX
  5
54A
  8
T9_COUNTERSINK_0_6
 10
1.077803954607399
 20
21.28514898851968
 30
0.0
  0
VERTEX
  5
54B
  8
T9_COUNTERSINK_0_6
 10
1.087419138355693
 20
21.3060805039102
 30
0.0
  0
VERTEX
  5
54C
  8
T9_COUNTERSINK_0_6
 10
1.097685196080795
 20
21.32597653797398
 30
0.0
  0
VERTEX
  5
54D
  8
T9_COUNTERSINK_0_6
 10
1.108602127782705
 20
21.34483709071102
 30
0.0
  0
VERTEX
  5
54E
  8
T9_COUNTERSINK_0_6
 10
1.120169933461423
 20
21.36266216212132
 30
0.0
  0
VERTEX
  5
54F
  8
T9_COUNTERSINK_0_6
 10
1.132388613116948
 20
21.37945175220489
 30
0.0
  0
VERTEX
  5
550
  8
T9_COUNTERSINK_0_6
 10
1.145258166749281
 20
21.3952058609617
 30
0.0
  0
VERTEX
  5
551
  8
T9_COUNTERSINK_0_6
 10
1.158778594358421
 20
21.40992448839179
 30
0.0
  0
VERTEX
  5
552
  8
T9_COUNTERSINK_0_6
 10
1.172713214498258
 20
21.42374816410376
 30
0.0
  0
VERTEX
  5
553
  8
T9_COUNTERSINK_0_6
 10
1.186825345722678
 20
21.43681741770625
 30
0.0
  0
VERTEX
  5
554
  8
T9_COUNTERSINK_0_6
 10
1.201114988031682
 20
21.44913224919926
 30
0.0
  0
VERTEX
  5
555
  8
T9_COUNTERSINK_0_6
 10
1.21558214142527
 20
21.46069265858278
 30
0.0
  0
VERTEX
  5
556
  8
T9_COUNTERSINK_0_6
 10
1.230226805903442
 20
21.47149864585683
 30
0.0
  0
VERTEX
  5
557
  8
T9_COUNTERSINK_0_6
 10
1.245048981466198
 20
21.48155021102139
 30
0.0
  0
VERTEX
  5
558
  8
T9_COUNTERSINK_0_6
 10
1.260048668113538
 20
21.49084735407647
 30
0.0
  0
VERTEX
  5
559
  8
T9_COUNTERSINK_0_6
 10
1.275225865845461
 20
21.49939007502207
 30
0.0
  0
VERTEX
  5
55A
  8
T9_COUNTERSINK_0_6
 10
1.290809859812889
 20
21.50735588494278
 30
0.0
  0
VERTEX
  5
55B
  8
T9_COUNTERSINK_0_6
 10
1.307029935166743
 20
21.51492229492317
 30
0.0
  0
VERTEX
  5
55C
  8
T9_COUNTERSINK_0_6
 10
1.323886091907023
 20
21.52208930496325
 30
0.0
  0
VERTEX
  5
55D
  8
T9_COUNTERSINK_0_6
 10
1.341378330033728
 20
21.528856915063
 30
0.0
  0
VERTEX
  5
55E
  8
T9_COUNTERSINK_0_6
 10
1.359506649546859
 20
21.53522512522245
 30
0.0
  0
VERTEX
  5
55F
  8
T9_COUNTERSINK_0_6
 10
1.378271050446416
 20
21.54119393544158
 30
0.0
  0
VERTEX
  5
560
  8
T9_COUNTERSINK_0_6
 10
1.397671532732398
 20
21.5467633457204
 30
0.0
  0
VERTEX
  5
561
  8
T9_COUNTERSINK_0_6
 10
1.417708096404806
 20
21.55193335605891
 30
0.0
  0
VERTEX
  5
562
  8
T9_COUNTERSINK_0_6
 10
1.437167749052316
 20
21.55663370165279
 30
0.0
  0
VERTEX
  5
563
  8
T9_COUNTERSINK_0_6
 10
1.456730949832501
 20
21.56103079914384
 30
0.0
  0
VERTEX
  5
564
  8
T9_COUNTERSINK_0_6
 10
1.476397698745359
 20
21.56512464853205
 30
0.0
  0
VERTEX
  5
565
  8
T9_COUNTERSINK_0_6
 10
1.496167995790891
 20
21.56891524981744
 30
0.0
  0
VERTEX
  5
566
  8
T9_COUNTERSINK_0_6
 10
1.516041840969097
 20
21.57240260299999
 30
0.0
  0
VERTEX
  5
567
  8
T9_COUNTERSINK_0_6
 10
1.536019234279977
 20
21.57558670807972
 30
0.0
  0
VERTEX
  5
568
  8
T9_COUNTERSINK_0_6
 10
1.556100175723531
 20
21.57846756505661
 30
0.0
  0
VERTEX
  5
569
  8
T9_COUNTERSINK_0_6
 10
1.576284665299759
 20
21.58104517393067
 30
0.0
  0
VERTEX
  5
56A
  8
T9_COUNTERSINK_0_6
 10
1.59657270300866
 20
21.5833195347019
 30
0.0
  0
VERTEX
  5
56B
  8
T9_COUNTERSINK_0_6
 10
1.616964288850236
 20
21.5852906473703
 30
0.0
  0
VERTEX
  5
56C
  8
T9_COUNTERSINK_0_6
 10
1.637459422824486
 20
21.58695851193587
 30
0.0
  0
VERTEX
  5
56D
  8
T9_COUNTERSINK_0_6
 10
1.658058104931409
 20
21.58832312839861
 30
0.0
  0
VERTEX
  5
56E
  8
T9_COUNTERSINK_0_6
 10
1.678760335171007
 20
21.58938449675852
 30
0.0
  0
VERTEX
  5
56F
  8
T9_COUNTERSINK_0_6
 10
1.699566113543278
 20
21.59014261701559
 30
0.0
  0
VERTEX
  5
570
  8
T9_COUNTERSINK_0_6
 10
1.720475440048224
 20
21.59059748916984
 30
0.0
  0
VERTEX
  5
571
  8
T9_COUNTERSINK_0_6
 10
1.741488314685843
 20
21.59074911322126
 30
0.0
  0
VERTEX
  5
572
  8
T9_COUNTERSINK_0_6
 10
1.787914859599725
 20
21.59024986329587
 30
0.0
  0
VERTEX
  5
573
  8
T9_COUNTERSINK_0_6
 10
1.832758597342733
 20
21.58875211351969
 30
0.0
  0
VERTEX
  5
574
  8
T9_COUNTERSINK_0_6
 10
1.876019527914868
 20
21.58625586389273
 30
0.0
  0
VERTEX
  5
575
  8
T9_COUNTERSINK_0_6
 10
1.91769765131613
 20
21.58276111441498
 30
0.0
  0
VERTEX
  5
576
  8
T9_COUNTERSINK_0_6
 10
1.957792967546519
 20
21.57826786508645
 30
0.0
  0
VERTEX
  5
577
  8
T9_COUNTERSINK_0_6
 10
1.977247072972636
 20
21.57564680297814
 30
0.0
  0
VERTEX
  5
578
  8
T9_COUNTERSINK_0_6
 10
1.996305476606034
 20
21.57277611590714
 30
0.0
  0
VERTEX
  5
579
  8
T9_COUNTERSINK_0_6
 10
2.014968178446715
 20
21.56965580387344
 30
0.0
  0
VERTEX
  5
57A
  8
T9_COUNTERSINK_0_6
 10
2.033235178494677
 20
21.56628586687704
 30
0.0
  0
VERTEX
  5
57B
  8
T9_COUNTERSINK_0_6
 10
2.051106476749921
 20
21.56266630491795
 30
0.0
  0
VERTEX
  5
57C
  8
T9_COUNTERSINK_0_6
 10
2.068582073212446
 20
21.55879711799616
 30
0.0
  0
VERTEX
  5
57D
  8
T9_COUNTERSINK_0_6
 10
2.085661967882253
 20
21.55467830611167
 30
0.0
  0
VERTEX
  5
57E
  8
T9_COUNTERSINK_0_6
 10
2.102346160759343
 20
21.55030986926449
 30
0.0
  0
VERTEX
  5
57F
  8
T9_COUNTERSINK_0_6
 10
2.118634651843713
 20
21.54569180745461
 30
0.0
  0
VERTEX
  5
580
  8
T9_COUNTERSINK_0_6
 10
2.134527441135366
 20
21.54082412068204
 30
0.0
  0
VERTEX
  5
581
  8
T9_COUNTERSINK_0_6
 10
2.1500245286343
 20
21.53570680894677
 30
0.0
  0
VERTEX
  5
582
  8
T9_COUNTERSINK_0_6
 10
2.165125914340516
 20
21.5303398722488
 30
0.0
  0
VERTEX
  5
583
  8
T9_COUNTERSINK_0_6
 10
2.179831598254014
 20
21.52472331058814
 30
0.0
  0
VERTEX
  5
584
  8
T9_COUNTERSINK_0_6
 10
2.194141580374793
 20
21.51885712396478
 30
0.0
  0
VERTEX
  5
585
  8
T9_COUNTERSINK_0_6
 10
2.208055860702854
 20
21.51274131237872
 30
0.0
  0
VERTEX
  5
586
  8
T9_COUNTERSINK_0_6
 10
2.221574439238197
 20
21.50637587582997
 30
0.0
  0
VERTEX
  5
587
  8
T9_COUNTERSINK_0_6
 10
2.234697315980821
 20
21.49976081431852
 30
0.0
  0
VERTEX
  5
588
  8
T9_COUNTERSINK_0_6
 10
2.247424490930727
 20
21.49289612784438
 30
0.0
  0
VERTEX
  5
589
  8
T9_COUNTERSINK_0_6
 10
2.259755964087915
 20
21.48578181640754
 30
0.0
  0
VERTEX
  5
58A
  8
T9_COUNTERSINK_0_6
 10
2.271691735452385
 20
21.47841788000801
 30
0.0
  0
VERTEX
  5
58B
  8
T9_COUNTERSINK_0_6
 10
2.283231805024136
 20
21.47080431864578
 30
0.0
  0
VERTEX
  5
58C
  8
T9_COUNTERSINK_0_6
 10
2.294376172803169
 20
21.46294113232085
 30
0.0
  0
VERTEX
  5
58D
  8
T9_COUNTERSINK_0_6
 10
2.305151650359551
 20
21.45477284881929
 30
0.0
  0
VERTEX
  5
58E
  8
T9_COUNTERSINK_0_6
 10
2.31558504926335
 20
21.44624399592717
 30
0.0
  0
VERTEX
  5
58F
  8
T9_COUNTERSINK_0_6
 10
2.325676369514566
 20
21.43735457364449
 30
0.0
  0
VERTEX
  5
590
  8
T9_COUNTERSINK_0_6
 10
2.335425611113197
 20
21.42810458197125
 30
0.0
  0
VERTEX
  5
591
  8
T9_COUNTERSINK_0_6
 10
2.344832774059245
 20
21.41849402090746
 30
0.0
  0
VERTEX
  5
592
  8
T9_COUNTERSINK_0_6
 10
2.353897858352709
 20
21.4085228904531
 30
0.0
  0
VERTEX
  5
593
  8
T9_COUNTERSINK_0_6
 10
2.36262086399359
 20
21.39819119060817
 30
0.0
  0
VERTEX
  5
594
  8
T9_COUNTERSINK_0_6
 10
2.371001790981887
 20
21.38749892137269
 30
0.0
  0
VERTEX
  5
595
  8
T9_COUNTERSINK_0_6
 10
2.3790406393176
 20
21.37644608274664
 30
0.0
  0
VERTEX
  5
596
  8
T9_COUNTERSINK_0_6
 10
2.386737409000731
 20
21.36503267473004
 30
0.0
  0
VERTEX
  5
597
  8
T9_COUNTERSINK_0_6
 10
2.394092100031277
 20
21.35325869732287
 30
0.0
  0
VERTEX
  5
598
  8
T9_COUNTERSINK_0_6
 10
2.40110471240924
 20
21.34112415052514
 30
0.0
  0
VERTEX
  5
599
  8
T9_COUNTERSINK_0_6
 10
2.407775246134619
 20
21.32862903433685
 30
0.0
  0
VERTEX
  5
59A
  8
T9_COUNTERSINK_0_6
 10
2.414103701207416
 20
21.315773348758
 30
0.0
  0
VERTEX
  5
59B
  8
T9_COUNTERSINK_0_6
 10
2.420090077627628
 20
21.30255709378859
 30
0.0
  0
VERTEX
  5
59C
  8
T9_COUNTERSINK_0_6
 10
2.425734375395256
 20
21.28898026942862
 30
0.0
  0
VERTEX
  5
59D
  8
T9_COUNTERSINK_0_6
 10
2.431036594510302
 20
21.27504287567809
 30
0.0
  0
VERTEX
  5
59E
  8
T9_COUNTERSINK_0_6
 10
2.435996734972763
 20
21.260744912537
 30
0.0
  0
VERTEX
  5
59F
  8
T9_COUNTERSINK_0_6
 10
2.440614796782642
 20
21.24608638000534
 30
0.0
  0
VERTEX
  5
5A0
  8
T9_COUNTERSINK_0_6
 10
2.444890779939936
 20
21.23106727808312
 30
0.0
  0
VERTEX
  5
5A1
  8
T9_COUNTERSINK_0_6
 10
2.448824684444647
 20
21.21568760677035
 30
0.0
  0
VERTEX
  5
5A2
  8
T9_COUNTERSINK_0_6
 10
2.452416510296774
 20
21.19994736606701
 30
0.0
  0
VERTEX
  5
5A3
  8
T9_COUNTERSINK_0_6
 10
2.455666257496318
 20
21.18384655597311
 30
0.0
  0
VERTEX
  5
5A4
  8
T9_COUNTERSINK_0_6
 10
2.458573926043278
 20
21.16738517648865
 30
0.0
  0
VERTEX
  5
5A5
  8
T9_COUNTERSINK_0_6
 10
2.461139515937655
 20
21.15056322761363
 30
0.0
  0
VERTEX
  5
5A6
  8
T9_COUNTERSINK_0_6
 10
2.463363027179448
 20
21.13338070934805
 30
0.0
  0
VERTEX
  5
5A7
  8
T9_COUNTERSINK_0_6
 10
2.465244459768658
 20
21.11583762169191
 30
0.0
  0
VERTEX
  5
5A8
  8
T9_COUNTERSINK_0_6
 10
2.466783813705284
 20
21.0979339646452
 30
0.0
  0
VERTEX
  5
5A9
  8
T9_COUNTERSINK_0_6
 10
2.467981088989326
 20
21.07966973820794
 30
0.0
  0
VERTEX
  5
5AA
  8
T9_COUNTERSINK_0_6
 10
2.468836285620785
 20
21.06104494238011
 30
0.0
  0
VERTEX
  5
5AB
  8
T9_COUNTERSINK_0_6
 10
2.469349403599661
 20
21.04205957716172
 30
0.0
  0
VERTEX
  5
5AC
  8
T9_COUNTERSINK_0_6
 10
2.469520442925952
 20
21.02271364255277
 30
0.0
  0
VERTEX
  5
5AD
  8
T9_COUNTERSINK_0_6
 10
2.469302252217818
 20
21.0010831772667
 30
0.0
  0
VERTEX
  5
5AE
  8
T9_COUNTERSINK_0_6
 10
2.468647680093414
 20
20.97997784893919
 30
0.0
  0
VERTEX
  5
5AF
  8
T9_COUNTERSINK_0_6
 10
2.467556726552742
 20
20.95939765757025
 30
0.0
  0
VERTEX
  5
5B0
  8
T9_COUNTERSINK_0_6
 10
2.466029391595802
 20
20.93934260315987
 30
0.0
  0
VERTEX
  5
5B1
  8
T9_COUNTERSINK_0_6
 10
2.464065675222592
 20
20.91981268570804
 30
0.0
  0
VERTEX
  5
5B2
  8
T9_COUNTERSINK_0_6
 10
2.461665577433114
 20
20.90080790521477
 30
0.0
  0
VERTEX
  5
5B3
  8
T9_COUNTERSINK_0_6
 10
2.458829098227367
 20
20.88232826168007
 30
0.0
  0
VERTEX
  5
5B4
  8
T9_COUNTERSINK_0_6
 10
2.455556237605352
 20
20.86437375510393
 30
0.0
  0
VERTEX
  5
5B5
  8
T9_COUNTERSINK_0_6
 10
2.451846995567068
 20
20.84694438548635
 30
0.0
  0
VERTEX
  5
5B6
  8
T9_COUNTERSINK_0_6
 10
2.447701372112514
 20
20.83004015282732
 30
0.0
  0
VERTEX
  5
5B7
  8
T9_COUNTERSINK_0_6
 10
2.443119367241692
 20
20.81366105712686
 30
0.0
  0
VERTEX
  5
5B8
  8
T9_COUNTERSINK_0_6
 10
2.438100980954601
 20
20.79780709838496
 30
0.0
  0
VERTEX
  5
5B9
  8
T9_COUNTERSINK_0_6
 10
2.432646213251242
 20
20.78247827660162
 30
0.0
  0
VERTEX
  5
5BA
  8
T9_COUNTERSINK_0_6
 10
2.426755064131613
 20
20.76767459177685
 30
0.0
  0
VERTEX
  5
5BB
  8
T9_COUNTERSINK_0_6
 10
2.420427533595717
 20
20.75339604391063
 30
0.0
  0
VERTEX
  5
5BC
  8
T9_COUNTERSINK_0_6
 10
2.413663621643551
 20
20.73964263300298
 30
0.0
  0
VERTEX
  5
5BD
  8
T9_COUNTERSINK_0_6
 10
2.406478120865498
 20
20.72630341462602
 30
0.0
  0
VERTEX
  5
5BE
  8
T9_COUNTERSINK_0_6
 10
2.398885823851941
 20
20.71326744435189
 30
0.0
  0
VERTEX
  5
5BF
  8
T9_COUNTERSINK_0_6
 10
2.390886730602879
 20
20.70053472218058
 30
0.0
  0
VERTEX
  5
5C0
  8
T9_COUNTERSINK_0_6
 10
2.382480841118312
 20
20.68810524811212
 30
0.0
  0
VERTEX
  5
5C1
  8
T9_COUNTERSINK_0_6
 10
2.373668155398241
 20
20.67597902214648
 30
0.0
  0
VERTEX
  5
5C2
  8
T9_COUNTERSINK_0_6
 10
2.364448673442664
 20
20.66415604428367
 30
0.0
  0
VERTEX
  5
5C3
  8
T9_COUNTERSINK_0_6
 10
2.354822395251583
 20
20.65263631452369
 30
0.0
  0
VERTEX
  5
5C4
  8
T9_COUNTERSINK_0_6
 10
2.344789320824997
 20
20.64141983286655
 30
0.0
  0
VERTEX
  5
5C5
  8
T9_COUNTERSINK_0_6
 10
2.334349450162907
 20
20.63050659931224
 30
0.0
  0
VERTEX
  5
5C6
  8
T9_COUNTERSINK_0_6
 10
2.323502783265311
 20
20.61989661386075
 30
0.0
  0
VERTEX
  5
5C7
  8
T9_COUNTERSINK_0_6
 10
2.312249320132211
 20
20.6095898765121
 30
0.0
  0
VERTEX
  5
5C8
  8
T9_COUNTERSINK_0_6
 10
2.300589060763606
 20
20.59958638726628
 30
0.0
  0
VERTEX
  5
5C9
  8
T9_COUNTERSINK_0_6
 10
2.288522005159496
 20
20.58988614612329
 30
0.0
  0
VERTEX
  5
5CA
  8
T9_COUNTERSINK_0_6
 10
2.276048153319882
 20
20.58048915308313
 30
0.0
  0
VERTEX
  5
5CB
  8
T9_COUNTERSINK_0_6
 10
2.263167505244762
 20
20.5713954081458
 30
0.0
  0
VERTEX
  5
5CC
  8
T9_COUNTERSINK_0_6
 10
2.249880060934138
 20
20.5626049113113
 30
0.0
  0
VERTEX
  5
5CD
  8
T9_COUNTERSINK_0_6
 10
2.240074422584675
 20
20.55641975945782
 30
0.0
  0
VERTEX
  5
5CE
  8
T9_COUNTERSINK_0_6
 10
2.229828704671348
 20
20.55040842054134
 30
0.0
  0
VERTEX
  5
5CF
  8
T9_COUNTERSINK_0_6
 10
2.219142907194156
 20
20.54457089456185
 30
0.0
  0
VERTEX
  5
5D0
  8
T9_COUNTERSINK_0_6
 10
2.208017030153101
 20
20.53890718151935
 30
0.0
  0
VERTEX
  5
5D1
  8
T9_COUNTERSINK_0_6
 10
2.196451073548181
 20
20.53341728141383
 30
0.0
  0
VERTEX
  5
5D2
  8
T9_COUNTERSINK_0_6
 10
2.184445037379397
 20
20.5281011942453
 30
0.0
  0
VERTEX
  5
5D3
  8
T9_COUNTERSINK_0_6
 10
2.171998921646749
 20
20.52295892001376
 30
0.0
  0
VERTEX
  5
5D4
  8
T9_COUNTERSINK_0_6
 10
2.159112726350236
 20
20.51799045871921
 30
0.0
  0
VERTEX
  5
5D5
  8
T9_COUNTERSINK_0_6
 10
2.145786451489859
 20
20.51319581036165
 30
0.0
  0
VERTEX
  5
5D6
  8
T9_COUNTERSINK_0_6
 10
2.132020097065618
 20
20.50857497494107
 30
0.0
  0
VERTEX
  5
5D7
  8
T9_COUNTERSINK_0_6
 10
2.103167149525543
 20
20.49985474291089
 30
0.0
  0
VERTEX
  5
5D8
  8
T9_COUNTERSINK_0_6
 10
2.072553883730011
 20
20.49182976262866
 30
0.0
  0
VERTEX
  5
5D9
  8
T9_COUNTERSINK_0_6
 10
2.040180299679021
 20
20.48450003409438
 30
0.0
  0
VERTEX
  5
5DA
  8
T9_COUNTERSINK_0_6
 10
2.006490175084036
 20
20.47795431285035
 30
0.0
  0
VERTEX
  5
5DB
  8
T9_COUNTERSINK_0_6
 10
1.971927287656511
 20
20.47228135443886
 30
0.0
  0
VERTEX
  5
5DC
  8
T9_COUNTERSINK_0_6
 10
1.93649163739645
 20
20.4674811588599
 30
0.0
  0
VERTEX
  5
5DD
  8
T9_COUNTERSINK_0_6
 10
1.900183224303851
 20
20.46355372611348
 30
0.0
  0
VERTEX
  5
5DE
  8
T9_COUNTERSINK_0_6
 10
1.863002048378715
 20
20.4604990561996
 30
0.0
  0
VERTEX
  5
5DF
  8
T9_COUNTERSINK_0_6
 10
1.824948109621041
 20
20.45831714911825
 30
0.0
  0
VERTEX
  5
5E0
  8
T9_COUNTERSINK_0_6
 10
1.786021408030829
 20
20.45700800486945
 30
0.0
  0
SEQEND
  5
F4D
  8
T9_COUNTERSINK_0_6
  0
POLYLINE
  5
76
  8
T9_COUNTERSINK_0_6
 66
     1
 10
0.0
 20
0.0
 30
0.0
 70
     1
  0
VERTEX
  5
5E1
  8
T9_COUNTERSINK_0_6
 10
1.747168669392528
 20
20.83904884036996
 30
0.0
  0
VERTEX
  5
5E2
  8
T9_COUNTERSINK_0_6
 10
1.779647650649989
 20
20.83923189867594
 30
0.0
  0
VERTEX
  5
5E3
  8
T9_COUNTERSINK_0_6
 10
1.810813789511048
 20
20.83978107359387
 30
0.0
  0
VERTEX
  5
5E4
  8
T9_COUNTERSINK_0_6
 10
1.840667085975705
 20
20.84069636512375
 30
0.0
  0
VERTEX
  5
5E5
  8
T9_COUNTERSINK_0_6
 10
1.86920754004396
 20
20.8419777732656
 30
0.0
  0
VERTEX
  5
5E6
  8
T9_COUNTERSINK_0_6
 10
1.896435151715814
 20
20.84362529801939
 30
0.0
  0
VERTEX
  5
5E7
  8
T9_COUNTERSINK_0_6
 10
1.922349920991266
 20
20.84563893938514
 30
0.0
  0
VERTEX
  5
5E8
  8
T9_COUNTERSINK_0_6
 10
1.946951847870316
 20
20.84801869736284
 30
0.0
  0
VERTEX
  5
5E9
  8
T9_COUNTERSINK_0_6
 10
1.970240932352965
 20
20.8507645719525
 30
0.0
  0
VERTEX
  5
5EA
  8
T9_COUNTERSINK_0_6
 10
1.992217174439211
 20
20.85387656315411
 30
0.0
  0
VERTEX
  5
5EB
  8
T9_COUNTERSINK_0_6
 10
2.012880574129056
 20
20.85735467096768
 30
0.0
  0
VERTEX
  5
5EC
  8
T9_COUNTERSINK_0_6
 10
2.032231131422499
 20
20.8611988953932
 30
0.0
  0
VERTEX
  5
5ED
  8
T9_COUNTERSINK_0_6
 10
2.05026884631954
 20
20.86540923643067
 30
0.0
  0
VERTEX
  5
5EE
  8
T9_COUNTERSINK_0_6
 10
2.06699371882018
 20
20.8699856940801
 30
0.0
  0
VERTEX
  5
5EF
  8
T9_COUNTERSINK_0_6
 10
2.082405748924418
 20
20.87492826834148
 30
0.0
  0
VERTEX
  5
5F0
  8
T9_COUNTERSINK_0_6
 10
2.096504936632254
 20
20.88023695921482
 30
0.0
  0
VERTEX
  5
5F1
  8
T9_COUNTERSINK_0_6
 10
2.109291281943688
 20
20.88591176670011
 30
0.0
  0
VERTEX
  5
5F2
  8
T9_COUNTERSINK_0_6
 10
2.121042145928382
 20
20.89193420005938
 30
0.0
  0
VERTEX
  5
5F3
  8
T9_COUNTERSINK_0_6
 10
2.132034889656
 20
20.89828576855465
 30
0.0
  0
VERTEX
  5
5F4
  8
T9_COUNTERSINK_0_6
 10
2.142269513126541
 20
20.90496647218591
 30
0.0
  0
VERTEX
  5
5F5
  8
T9_COUNTERSINK_0_6
 10
2.151746016340005
 20
20.91197631095318
 30
0.0
  0
VERTEX
  5
5F6
  8
T9_COUNTERSINK_0_6
 10
2.160464399296391
 20
20.91931528485645
 30
0.0
  0
VERTEX
  5
5F7
  8
T9_COUNTERSINK_0_6
 10
2.1684246619957
 20
20.92698339389571
 30
0.0
  0
VERTEX
  5
5F8
  8
T9_COUNTERSINK_0_6
 10
2.175626804437933
 20
20.93498063807098
 30
0.0
  0
VERTEX
  5
5F9
  8
T9_COUNTERSINK_0_6
 10
2.182070826623088
 20
20.94330701738224
 30
0.0
  0
VERTEX
  5
5FA
  8
T9_COUNTERSINK_0_6
 10
2.187756728551165
 20
20.9519625318295
 30
0.0
  0
VERTEX
  5
5FB
  8
T9_COUNTERSINK_0_6
 10
2.192684510222167
 20
20.96094718141276
 30
0.0
  0
VERTEX
  5
5FC
  8
T9_COUNTERSINK_0_6
 10
2.19685417163609
 20
20.97026096613203
 30
0.0
  0
VERTEX
  5
5FD
  8
T9_COUNTERSINK_0_6
 10
2.200265712792937
 20
20.97990388598729
 30
0.0
  0
VERTEX
  5
5FE
  8
T9_COUNTERSINK_0_6
 10
2.202919133692707
 20
20.98987594097855
 30
0.0
  0
VERTEX
  5
5FF
  8
T9_COUNTERSINK_0_6
 10
2.204814434335399
 20
21.00017713110581
 30
0.0
  0
VERTEX
  5
600
  8
T9_COUNTERSINK_0_6
 10
2.205951614721015
 20
21.01080745636907
 30
0.0
  0
VERTEX
  5
601
  8
T9_COUNTERSINK_0_6
 10
2.206330674849554
 20
21.02176691676832
 30
0.0
  0
VERTEX
  5
602
  8
T9_COUNTERSINK_0_6
 10
2.20616980542915
 20
21.02904302216246
 30
0.0
  0
VERTEX
  5
603
  8
T9_COUNTERSINK_0_6
 10
2.205687197167937
 20
21.03619708868596
 30
0.0
  0
VERTEX
  5
604
  8
T9_COUNTERSINK_0_6
 10
2.204882850065917
 20
21.04322911633879
 30
0.0
  0
VERTEX
  5
605
  8
T9_COUNTERSINK_0_6
 10
2.203756764123087
 20
21.05013910512098
 30
0.0
  0
VERTEX
  5
606
  8
T9_COUNTERSINK_0_6
 10
2.20230893933945
 20
21.05692705503252
 30
0.0
  0
VERTEX
  5
607
  8
T9_COUNTERSINK_0_6
 10
2.200539375715004
 20
21.0635929660734
 30
0.0
  0
VERTEX
  5
608
  8
T9_COUNTERSINK_0_6
 10
2.19844807324975
 20
21.07013683824363
 30
0.0
  0
VERTEX
  5
609
  8
T9_COUNTERSINK_0_6
 10
2.196035031943687
 20
21.07655867154322
 30
0.0
  0
VERTEX
  5
60A
  8
T9_COUNTERSINK_0_6
 10
2.193300251796817
 20
21.08285846597215
 30
0.0
  0
VERTEX
  5
60B
  8
T9_COUNTERSINK_0_6
 10
2.190243732809138
 20
21.08903622153043
 30
0.0
  0
VERTEX
  5
60C
  8
T9_COUNTERSINK_0_6
 10
2.18686547498065
 20
21.09509193821805
 30
0.0
  0
VERTEX
  5
60D
  8
T9_COUNTERSINK_0_6
 10
2.183165478311354
 20
21.10102561603503
 30
0.0
  0
VERTEX
  5
60E
  8
T9_COUNTERSINK_0_6
 10
2.17914374280125
 20
21.10683725498136
 30
0.0
  0
VERTEX
  5
60F
  8
T9_COUNTERSINK_0_6
 10
2.174800268450338
 20
21.11252685505703
 30
0.0
  0
VERTEX
  5
610
  8
T9_COUNTERSINK_0_6
 10
2.170135055258617
 20
21.11809441626205
 30
0.0
  0
VERTEX
  5
611
  8
T9_COUNTERSINK_0_6
 10
2.165148103226088
 20
21.12353993859643
 30
0.0
  0
VERTEX
  5
612
  8
T9_COUNTERSINK_0_6
 10
2.159813525319583
 20
21.12883568595318
 30
0.0
  0
VERTEX
  5
613
  8
T9_COUNTERSINK_0_6
 10
2.154105434505932
 20
21.13395392222535
 30
0.0
  0
VERTEX
  5
614
  8
T9_COUNTERSINK_0_6
 10
2.148023830785135
 20
21.13889464741294
 30
0.0
  0
VERTEX
  5
615
  8
T9_COUNTERSINK_0_6
 10
2.141568714157194
 20
21.14365786151594
 30
0.0
  0
VERTEX
  5
616
  8
T9_COUNTERSINK_0_6
 10
2.134740084622107
 20
21.14824356453436
 30
0.0
  0
VERTEX
  5
617
  8
T9_COUNTERSINK_0_6
 10
2.127537942179875
 20
21.15265175646819
 30
0.0
  0
VERTEX
  5
618
  8
T9_COUNTERSINK_0_6
 10
2.119962286830497
 20
21.15688243731744
 30
0.0
  0
VERTEX
  5
619
  8
T9_COUNTERSINK_0_6
 10
2.112013118573974
 20
21.1609356070821
 30
0.0
  0
VERTEX
  5
61A
  8
T9_COUNTERSINK_0_6
 10
2.103690437410306
 20
21.16481126576219
 30
0.0
  0
VERTEX
  5
61B
  8
T9_COUNTERSINK_0_6
 10
2.094994243339492
 20
21.16850941335768
 30
0.0
  0
VERTEX
  5
61C
  8
T9_COUNTERSINK_0_6
 10
2.07648131647643
 20
21.17537317529493
 30
0.0
  0
VERTEX
  5
61D
  8
T9_COUNTERSINK_0_6
 10
2.056474337984786
 20
21.18152689289384
 30
0.0
  0
VERTEX
  5
61E
  8
T9_COUNTERSINK_0_6
 10
2.03497330786456
 20
21.18697056615441
 30
0.0
  0
VERTEX
  5
61F
  8
T9_COUNTERSINK_0_6
 10
2.023460974399775
 20
21.18943538152681
 30
0.0
  0
VERTEX
  5
620
  8
T9_COUNTERSINK_0_6
 10
2.011172029939936
 20
21.1917411765526
 30
0.0
  0
VERTEX
  5
621
  8
T9_COUNTERSINK_0_6
 10
1.984264308035093
 20
21.19587570556437
 30
0.0
  0
VERTEX
  5
622
  8
T9_COUNTERSINK_0_6
 10
1.954250142150031
 20
21.19937415318971
 30
0.0
  0
VERTEX
  5
623
  8
T9_COUNTERSINK_0_6
 10
1.921129532284752
 20
21.20223651942862
 30
0.0
  0
VERTEX
  5
624
  8
T9_COUNTERSINK_0_6
 10
1.884902478439254
 20
21.20446280428111
 30
0.0
  0
VERTEX
  5
625
  8
T9_COUNTERSINK_0_6
 10
1.845568980613537
 20
21.20605300774718
 30
0.0
  0
VERTEX
  5
626
  8
T9_COUNTERSINK_0_6
 10
1.803129038807603
 20
21.20700712982681
 30
0.0
  0
VERTEX
  5
627
  8
T9_COUNTERSINK_0_6
 10
1.75758265302145
 20
21.20732517052003
 30
0.0
  0
VERTEX
  5
628
  8
T9_COUNTERSINK_0_6
 10
1.723735357153655
 20
21.20714211221405
 30
0.0
  0
VERTEX
  5
629
  8
T9_COUNTERSINK_0_6
 10
1.691304451814936
 20
21.20659293729612
 30
0.0
  0
VERTEX
  5
62A
  8
T9_COUNTERSINK_0_6
 10
1.660289937005292
 20
21.20567764576624
 30
0.0
  0
VERTEX
  5
62B
  8
T9_COUNTERSINK_0_6
 10
1.630691812724724
 20
21.20439623762439
 30
0.0
  0
VERTEX
  5
62C
  8
T9_COUNTERSINK_0_6
 10
1.602510078973232
 20
21.2027487128706
 30
0.0
  0
VERTEX
  5
62D
  8
T9_COUNTERSINK_0_6
 10
1.575744735750816
 20
21.20073507150485
 30
0.0
  0
VERTEX
  5
62E
  8
T9_COUNTERSINK_0_6
 10
1.550395783057475
 20
21.19835531352715
 30
0.0
  0
VERTEX
  5
62F
  8
T9_COUNTERSINK_0_6
 10
1.52646322089321
 20
21.19560943893749
 30
0.0
  0
VERTEX
  5
630
  8
T9_COUNTERSINK_0_6
 10
1.503947049258021
 20
21.19249744773588
 30
0.0
  0
VERTEX
  5
631
  8
T9_COUNTERSINK_0_6
 10
1.482847268151907
 20
21.18901933992231
 30
0.0
  0
VERTEX
  5
632
  8
T9_COUNTERSINK_0_6
 10
1.463163877574869
 20
21.18517511549679
 30
0.0
  0
VERTEX
  5
633
  8
T9_COUNTERSINK_0_6
 10
1.444896877526907
 20
21.18096477445932
 30
0.0
  0
VERTEX
  5
634
  8
T9_COUNTERSINK_0_6
 10
1.428046268008021
 20
21.17638831680989
 30
0.0
  0
VERTEX
  5
635
  8
T9_COUNTERSINK_0_6
 10
1.41261204901821
 20
21.17144574254851
 30
0.0
  0
VERTEX
  5
636
  8
T9_COUNTERSINK_0_6
 10
1.398594220557475
 20
21.16613705167517
 30
0.0
  0
VERTEX
  5
637
  8
T9_COUNTERSINK_0_6
 10
1.385992782625816
 20
21.16046224418988
 30
0.0
  0
VERTEX
  5
638
  8
T9_COUNTERSINK_0_6
 10
1.374471203792042
 20
21.15442132009263
 30
0.0
  0
VERTEX
  5
639
  8
T9_COUNTERSINK_0_6
 10
1.363692952624963
 20
21.14801427938344
 30
0.0
  0
VERTEX
  5
63A
  8
T9_COUNTERSINK_0_6
 10
1.353658029124579
 20
21.14124112206228
 30
0.0
  0
VERTEX
  5
63B
  8
T9_COUNTERSINK_0_6
 10
1.344366433290891
 20
21.13410184812917
 30
0.0
  0
VERTEX
  5
63C
  8
T9_COUNTERSINK_0_6
 10
1.335818165123897
 20
21.12659645758411
 30
0.0
  0
VERTEX
  5
63D
  8
T9_COUNTERSINK_0_6
 10
1.328013224623599
 20
21.11872495042709
 30
0.0
  0
VERTEX
  5
63E
  8
T9_COUNTERSINK_0_6
 10
1.320951611789996
 20
21.11048732665812
 30
0.0
  0
VERTEX
  5
63F
  8
T9_COUNTERSINK_0_6
 10
1.314633326623087
 20
21.10188358627719
 30
0.0
  0
VERTEX
  5
640
  8
T9_COUNTERSINK_0_6
 10
1.309058369122874
 20
21.09291372928431
 30
0.0
  0
VERTEX
  5
641
  8
T9_COUNTERSINK_0_6
 10
1.304226739289356
 20
21.08357775567947
 30
0.0
  0
VERTEX
  5
642
  8
T9_COUNTERSINK_0_6
 10
1.300138437122533
 20
21.07387566546268
 30
0.0
  0
VERTEX
  5
643
  8
T9_COUNTERSINK_0_6
 10
1.296793462622405
 20
21.06380745863394
 30
0.0
  0
VERTEX
  5
644
  8
T9_COUNTERSINK_0_6
 10
1.294191815788972
 20
21.05337313519324
 30
0.0
  0
VERTEX
  5
645
  8
T9_COUNTERSINK_0_6
 10
1.292333496622235
 20
21.04257269514059
 30
0.0
  0
VERTEX
  5
646
  8
T9_COUNTERSINK_0_6
 10
1.291218505122192
 20
21.03140613847599
 30
0.0
  0
VERTEX
  5
647
  8
T9_COUNTERSINK_0_6
 10
1.290846841288844
 20
21.01987346519943
 30
0.0
  0
VERTEX
  5
648
  8
T9_COUNTERSINK_0_6
 10
1.291225901417383
 20
21.00812814843612
 30
0.0
  0
VERTEX
  5
649
  8
T9_COUNTERSINK_0_6
 10
1.292363081802999
 20
20.99679702420352
 30
0.0
  0
VERTEX
  5
64A
  8
T9_COUNTERSINK_0_6
 10
1.294258382445691
 20
20.98588009250161
 30
0.0
  0
VERTEX
  5
64B
  8
T9_COUNTERSINK_0_6
 10
1.296911803345461
 20
20.97537735333039
 30
0.0
  0
VERTEX
  5
64C
  8
T9_COUNTERSINK_0_6
 10
1.300323344502308
 20
20.96528880668988
 30
0.0
  0
VERTEX
  5
64D
  8
T9_COUNTERSINK_0_6
 10
1.304493005916232
 20
20.95561445258005
 30
0.0
  0
VERTEX
  5
64E
  8
T9_COUNTERSINK_0_6
 10
1.309420787587233
 20
20.94635429100093
 30
0.0
  0
VERTEX
  5
64F
  8
T9_COUNTERSINK_0_6
 10
1.315106689515311
 20
20.9375083219525
 30
0.0
  0
VERTEX
  5
650
  8
T9_COUNTERSINK_0_6
 10
1.321550711700466
 20
20.92907654543476
 30
0.0
  0
VERTEX
  5
651
  8
T9_COUNTERSINK_0_6
 10
1.328752854142698
 20
20.92105896144772
 30
0.0
  0
VERTEX
  5
652
  8
T9_COUNTERSINK_0_6
 10
1.336713116842008
 20
20.91345556999137
 30
0.0
  0
VERTEX
  5
653
  8
T9_COUNTERSINK_0_6
 10
1.345431499798394
 20
20.90626637106573
 30
0.0
  0
VERTEX
  5
654
  8
T9_COUNTERSINK_0_6
 10
1.354908003011857
 20
20.89949136467078
 30
0.0
  0
VERTEX
  5
655
  8
T9_COUNTERSINK_0_6
 10
1.365142626482398
 20
20.89313055080652
 30
0.0
  0
VERTEX
  5
656
  8
T9_COUNTERSINK_0_6
 10
1.376135370210016
 20
20.88718392947296
 30
0.0
  0
VERTEX
  5
657
  8
T9_COUNTERSINK_0_6
 10
1.387886234194711
 20
20.8816515006701
 30
0.0
  0
VERTEX
  5
658
  8
T9_COUNTERSINK_0_6
 10
1.400661485063358
 20
20.87649258477438
 30
0.0
  0
VERTEX
  5
659
  8
T9_COUNTERSINK_0_6
 10
1.414727389442835
 20
20.87166650216225
 30
0.0
  0
VERTEX
  5
65A
  8
T9_COUNTERSINK_0_6
 10
1.43008394733314
 20
20.86717325283372
 30
0.0
  0
VERTEX
  5
65B
  8
T9_COUNTERSINK_0_6
 10
1.446731158734274
 20
20.86301283678878
 30
0.0
  0
VERTEX
  5
65C
  8
T9_COUNTERSINK_0_6
 10
1.464669023646237
 20
20.85918525402744
 30
0.0
  0
VERTEX
  5
65D
  8
T9_COUNTERSINK_0_6
 10
1.483897542069028
 20
20.8556905045497
 30
0.0
  0
VERTEX
  5
65E
  8
T9_COUNTERSINK_0_6
 10
1.504416714002649
 20
20.85252858835555
 30
0.0
  0
VERTEX
  5
65F
  8
T9_COUNTERSINK_0_6
 10
1.526226539447098
 20
20.849699505445
 30
0.0
  0
VERTEX
  5
660
  8
T9_COUNTERSINK_0_6
 10
1.549327018402376
 20
20.84720325581803
 30
0.0
  0
VERTEX
  5
661
  8
T9_COUNTERSINK_0_6
 10
1.573718150868483
 20
20.84503983947467
 30
0.0
  0
VERTEX
  5
662
  8
T9_COUNTERSINK_0_6
 10
1.599399936845418
 20
20.84320925641489
 30
0.0
  0
VERTEX
  5
663
  8
T9_COUNTERSINK_0_6
 10
1.626372376333183
 20
20.84171150663872
 30
0.0
  0
VERTEX
  5
664
  8
T9_COUNTERSINK_0_6
 10
1.654635469331776
 20
20.84054659014614
 30
0.0
  0
VERTEX
  5
665
  8
T9_COUNTERSINK_0_6
 10
1.684189215841198
 20
20.83971450693715
 30
0.0
  0
VERTEX
  5
666
  8
T9_COUNTERSINK_0_6
 10
1.715033615861448
 20
20.83921525701176
 30
0.0
  0
SEQEND
  5
F4E
  8
T9_COUNTERSINK_0_6
  0
POLYLINE
  5
77
  8
T9_COUNTERSINK_0_6
 66
     1
 10
0.0
 20
0.0
 30
0.0
 70
     1
  0
VERTEX
  5
667
  8
T9_COUNTERSINK_0_6
 10
1.564402298314768
 20
2.6066295115747
 30
0.0
 42
0.4142135623730951
  0
VERTEX
  5
668
  8
T9_COUNTERSINK_0_6
 10
1.751902298314768
 20
2.4191295115747
 30
0.0
 42
0.4142135623730951
  0
VERTEX
  5
669
  8
T9_COUNTERSINK_0_6
 10
1.939402298314768
 20
2.6066295115747
 30
0.0
 42
0.4142135623730951
  0
VERTEX
  5
66A
  8
T9_COUNTERSINK_0_6
 10
1.751902298314768
 20
2.7941295115747
 30
0.0
 42
0.4142135623730951
  0
SEQEND
  5
F4F
  8
T9_COUNTERSINK_0_6
  0
POLYLINE
  5
78
  8
T9_COUNTERSINK_0_6
 66
     1
 10
0.0
 20
0.0
 30
0.0
 70
     1
  0
VERTEX
  5
66B
  8
T9_COUNTERSINK_0_6
 10
1.564402298314768
 20
33.88842951157473
 30
0.0
 42
0.4142135623730951
  0
VERTEX
  5
66C
  8
T9_COUNTERSINK_0_6
 10
1.751902298314768
 20
33.70092951157473
 30
0.0
 42
0.4142135623730951
  0
VERTEX
  5
66D
  8
T9_COUNTERSINK_0_6
 10
1.939402298314768
 20
33.88842951157473
 30
0.0
 42
0.4142135623730951
  0
VERTEX
  5
66E
  8
T9_COUNTERSINK_0_6
 10
1.751902298314768
 20
34.07592951157473
 30
0.0
 42
0.4142135623730951
  0
SEQEND
  5
F50
  8
T9_COUNTERSINK_0_6
  0
POLYLINE
  5
79
  8
T9_COUNTERSINK_0_6
 66
     1
 10
0.0
 20
0.0
 30
0.0
  0
VERTEX
  5
66F
  8
T9_COUNTERSINK_0_6
 10
0.0062253324726385
 20
1.282537312390673
 30
0.0
  0
VERTEX
  5
670
  8
T9_COUNTERSINK_0_6
 10
3.497579264156897
 20
1.0
 30
0.0
  0
SEQEND
  5
F51
  8
T9_COUNTERSINK_0_6
  0
POLYLINE
  5
7A
  8
T9_COUNTERSINK_0_6
 66
     1
 10
0.0
 20
0.0
 30
0.0
 70
     1
  0
VERTEX
  5
671
  8
T9_COUNTERSINK_0_6
 10
1.98669029285775
 20
61.83110654841907
 30
0.0
  0
VERTEX
  5
672
  8
T9_COUNTERSINK_0_6
 10
1.961128696677668
 20
62.23914536151593
 30
0.0
  0
VERTEX
  5
673
  8
T9_COUNTERSINK_0_6
 10
1.985240619000315
 20
62.24288788688258
 30
0.0
  0
VERTEX
  5
674
  8
T9_COUNTERSINK_0_6
 10
2.007873282284763
 20
62.24748838249138
 30
0.0
  0
VERTEX
  5
675
  8
T9_COUNTERSINK_0_6
 10
2.018634891787661
 20
62.25011036913659
 30
0.0
  0
VERTEX
  5
676
  8
T9_COUNTERSINK_0_6
 10
2.029026686531011
 20
62.25294684834234
 30
0.0
  0
VERTEX
  5
677
  8
T9_COUNTERSINK_0_6
 10
2.03904866651481
 20
62.25599782010863
 30
0.0
  0
VERTEX
  5
678
  8
T9_COUNTERSINK_0_6
 10
2.04870083173906
 20
62.25926328443544
 30
0.0
  0
VERTEX
  5
679
  8
T9_COUNTERSINK_0_6
 10
2.05798318220376
 20
62.2627432413228
 30
0.0
  0
VERTEX
  5
67A
  8
T9_COUNTERSINK_0_6
 10
2.06689571790891
 20
62.26643769077071
 30
0.0
  0
VERTEX
  5
67B
  8
T9_COUNTERSINK_0_6
 10
2.07543843885451
 20
62.27034663277915
 30
0.0
  0
VERTEX
  5
67C
  8
T9_COUNTERSINK_0_6
 10
2.08361134504056
 20
62.27447006734813
 30
0.0
  0
VERTEX
  5
67D
  8
T9_COUNTERSINK_0_6
 10
2.09141443646706
 20
62.27880799447765
 30
0.0
  0
VERTEX
  5
67E
  8
T9_COUNTERSINK_0_6
 10
2.098847713134012
 20
62.28336041416772
 30
0.0
  0
VERTEX
  5
67F
  8
T9_COUNTERSINK_0_6
 10
2.105911175041412
 20
62.28812732641831
 30
0.0
  0
VERTEX
  5
680
  8
T9_COUNTERSINK_0_6
 10
2.112604822189264
 20
62.29310873122944
 30
0.0
  0
VERTEX
  5
681
  8
T9_COUNTERSINK_0_6
 10
2.122808011405243
 20
62.30161447069909
 30
0.0
  0
VERTEX
  5
682
  8
T9_COUNTERSINK_0_6
 10
2.132352930349223
 20
62.31056398788019
 30
0.0
  0
VERTEX
  5
683
  8
T9_COUNTERSINK_0_6
 10
2.141239579021205
 20
62.31995728277276
 30
0.0
  0
VERTEX
  5
684
  8
T9_COUNTERSINK_0_6
 10
2.149467957421188
 20
62.32979435537678
 30
0.0
  0
VERTEX
  5
685
  8
T9_COUNTERSINK_0_6
 10
2.157038065549172
 20
62.34007520569227
 30
0.0
  0
VERTEX
  5
686
  8
T9_COUNTERSINK_0_6
 10
2.163949903405158
 20
62.35079983371921
 30
0.0
  0
VERTEX
  5
687
  8
T9_COUNTERSINK_0_6
 10
2.170203470989145
 20
62.36196823945762
 30
0.0
  0
VERTEX
  5
688
  8
T9_COUNTERSINK_0_6
 10
2.175798768301133
 20
62.37358042290748
 30
0.0
  0
VERTEX
  5
689
  8
T9_COUNTERSINK_0_6
 10
2.180735795341123
 20
62.3856363840688
 30
0.0
  0
VERTEX
  5
68A
  8
T9_COUNTERSINK_0_6
 10
2.185014552109115
 20
62.39813612294158
 30
0.0
  0
VERTEX
  5
68B
  8
T9_COUNTERSINK_0_6
 10
2.188635038605107
 20
62.41107963952582
 30
0.0
  0
VERTEX
  5
68C
  8
T9_COUNTERSINK_0_6
 10
2.191597254829101
 20
62.42446693382153
 30
0.0
  0
VERTEX
  5
68D
  8
T9_COUNTERSINK_0_6
 10
2.193901200781096
 20
62.43829800582869
 30
0.0
  0
VERTEX
  5
68E
  8
T9_COUNTERSINK_0_6
 10
2.195546876461092
 20
62.45257285554731
 30
0.0
  0
VERTEX
  5
68F
  8
T9_COUNTERSINK_0_6
 10
2.19653428186909
 20
62.46729148297739
 30
0.0
  0
VERTEX
  5
690
  8
T9_COUNTERSINK_0_6
 10
2.19686341700509
 20
62.48245388811893
 30
0.0
  0
VERTEX
  5
691
  8
T9_COUNTERSINK_0_6
 10
2.196695151289494
 20
62.49376837068736
 30
0.0
  0
VERTEX
  5
692
  8
T9_COUNTERSINK_0_6
 10
2.196190354142709
 20
62.50475371811979
 30
0.0
  0
VERTEX
  5
693
  8
T9_COUNTERSINK_0_6
 10
2.195349025564733
 20
62.51540993041621
 30
0.0
  0
VERTEX
  5
694
  8
T9_COUNTERSINK_0_6
 10
2.194171165555567
 20
62.52573700757664
 30
0.0
  0
VERTEX
  5
695
  8
T9_COUNTERSINK_0_6
 10
2.192656774115211
 20
62.53573494960106
 30
0.0
  0
VERTEX
  5
696
  8
T9_COUNTERSINK_0_6
 10
2.190805851243664
 20
62.5454037564895
 30
0.0
  0
VERTEX
  5
697
  8
T9_COUNTERSINK_0_6
 10
2.188618396940927
 20
62.55474342824193
 30
0.0
  0
VERTEX
  5
698
  8
T9_COUNTERSINK_0_6
 10
2.186094411207
 20
62.56375396485836
 30
0.0
  0
VERTEX
  5
699
  8
T9_COUNTERSINK_0_6
 10
2.183233894041882
 20
62.57243536633879
 30
0.0
  0
VERTEX
  5
69A
  8
T9_COUNTERSINK_0_6
 10
2.180036845445574
 20
62.58078763268323
 30
0.0
  0
VERTEX
  5
69B
  8
T9_COUNTERSINK_0_6
 10
2.176503265418075
 20
62.58881076389166
 30
0.0
  0
VERTEX
  5
69C
  8
T9_COUNTERSINK_0_6
 10
2.172633153959387
 20
62.59650475996409
 30
0.0
  0
VERTEX
  5
69D
  8
T9_COUNTERSINK_0_6
 10
2.168426511069508
 20
62.60386962090053
 30
0.0
  0
VERTEX
  5
69E
  8
T9_COUNTERSINK_0_6
 10
2.163883336748439
 20
62.61090534670096
 30
0.0
  0
VERTEX
  5
69F
  8
T9_COUNTERSINK_0_6
 10
2.159003630996179
 20
62.6176119373654
 30
0.0
  0
VERTEX
  5
6A0
  8
T9_COUNTERSINK_0_6
 10
2.153787393812729
 20
62.62398939289383
 30
0.0
  0
VERTEX
  5
6A1
  8
T9_COUNTERSINK_0_6
 10
2.14834926777355
 20
62.6300081281055
 30
0.0
  0
VERTEX
  5
6A2
  8
T9_COUNTERSINK_0_6
 10
2.1428038954541
 20
62.63563855781965
 30
0.0
  0
VERTEX
  5
6A3
  8
T9_COUNTERSINK_0_6
 10
2.137151276854382
 20
62.64088068203627
 30
0.0
  0
VERTEX
  5
6A4
  8
T9_COUNTERSINK_0_6
 10
2.131391411974394
 20
62.64573450075536
 30
0.0
  0
VERTEX
  5
6A5
  8
T9_COUNTERSINK_0_6
 10
2.125524300814136
 20
62.65020001397693
 30
0.0
  0
VERTEX
  5
6A6
  8
T9_COUNTERSINK_0_6
 10
2.119549943373609
 20
62.65427722170096
 30
0.0
  0
VERTEX
  5
6A7
  8
T9_COUNTERSINK_0_6
 10
2.113468339652813
 20
62.65796612392747
 30
0.0
  0
VERTEX
  5
6A8
  8
T9_COUNTERSINK_0_6
 10
2.107279489651747
 20
62.66126672065645
 30
0.0
  0
VERTEX
  5
6A9
  8
T9_COUNTERSINK_0_6
 10
2.100983393370412
 20
62.66417901188791
 30
0.0
  0
VERTEX
  5
6AA
  8
T9_COUNTERSINK_0_6
 10
2.094580050808807
 20
62.66670299762183
 30
0.0
  0
VERTEX
  5
6AB
  8
T9_COUNTERSINK_0_6
 10
2.088069461966933
 20
62.66883867785823
 30
0.0
  0
VERTEX
  5
6AC
  8
T9_COUNTERSINK_0_6
 10
2.081451626844789
 20
62.6705860525971
 30
0.0
  0
VERTEX
  5
6AD
  8
T9_COUNTERSINK_0_6
 10
2.074726545442377
 20
62.67194512183845
 30
0.0
  0
VERTEX
  5
6AE
  8
T9_COUNTERSINK_0_6
 10
2.067894217759694
 20
62.67291588558227
 30
0.0
  0
VERTEX
  5
6AF
  8
T9_COUNTERSINK_0_6
 10
2.060954643796742
 20
62.67349834382856
 30
0.0
  0
VERTEX
  5
6B0
  8
T9_COUNTERSINK_0_6
 10
2.053907823553521
 20
62.67369249657732
 30
0.0
  0
VERTEX
  5
6B1
  8
T9_COUNTERSINK_0_6
 10
2.047206780110479
 20
62.67350758919756
 30
0.0
  0
VERTEX
  5
6B2
  8
T9_COUNTERSINK_0_6
 10
2.040594492209728
 20
62.67295286705823
 30
0.0
  0
VERTEX
  5
6B3
  8
T9_COUNTERSINK_0_6
 10
2.03407095985127
 20
62.67202833015935
 30
0.0
  0
VERTEX
  5
6B4
  8
T9_COUNTERSINK_0_6
 10
2.027636183035104
 20
62.67073397850093
 30
0.0
  0
VERTEX
  5
6B5
  8
T9_COUNTERSINK_0_6
 10
2.021290161761229
 20
62.66906981208295
 30
0.0
  0
VERTEX
  5
6B6
  8
T9_COUNTERSINK_0_6
 10
2.015032896029647
 20
62.66703583090543
 30
0.0
  0
VERTEX
  5
6B7
  8
T9_COUNTERSINK_0_6
 10
2.008864385840356
 20
62.66463203496836
 30
0.0
  0
VERTEX
  5
6B8
  8
T9_COUNTERSINK_0_6
 10
2.002784631193357
 20
62.66185842427173
 30
0.0
  0
VERTEX
  5
6B9
  8
T9_COUNTERSINK_0_6
 10
1.996793632088651
 20
62.65871499881556
 30
0.0
  0
VERTEX
  5
6BA
  8
T9_COUNTERSINK_0_6
 10
1.990891388526236
 20
62.65520175859984
 30
0.0
  0
VERTEX
  5
6BB
  8
T9_COUNTERSINK_0_6
 10
1.985077900506113
 20
62.65131870362457
 30
0.0
  0
VERTEX
  5
6BC
  8
T9_COUNTERSINK_0_6
 10
1.979353168028282
 20
62.64706583388974
 30
0.0
  0
VERTEX
  5
6BD
  8
T9_COUNTERSINK_0_6
 10
1.973717191092743
 20
62.64244314939537
 30
0.0
  0
VERTEX
  5
6BE
  8
T9_COUNTERSINK_0_6
 10
1.968169969699496
 20
62.63745065014145
 30
0.0
  0
VERTEX
  5
6BF
  8
T9_COUNTERSINK_0_6
 10
1.962711503848541
 20
62.63208833612797
 30
0.0
  0
VERTEX
  5
6C0
  8
T9_COUNTERSINK_0_6
 10
1.957341793539878
 20
62.62635620735495
 30
0.0
  0
VERTEX
  5
6C1
  8
T9_COUNTERSINK_0_6
 10
1.952034951740339
 20
62.61995101571955
 30
0.0
  0
VERTEX
  5
6C2
  8
T9_COUNTERSINK_0_6
 10
1.946765091416754
 20
62.61256951311893
 30
0.0
  0
VERTEX
  5
6C3
  8
T9_COUNTERSINK_0_6
 10
1.941532212569125
 20
62.60421169955311
 30
0.0
  0
VERTEX
  5
6C4
  8
T9_COUNTERSINK_0_6
 10
1.93633631519745
 20
62.59487757502207
 30
0.0
  0
VERTEX
  5
6C5
  8
T9_COUNTERSINK_0_6
 10
1.93117739930173
 20
62.58456713952582
 30
0.0
  0
VERTEX
  5
6C6
  8
T9_COUNTERSINK_0_6
 10
1.926055464881966
 20
62.57328039306437
 30
0.0
  0
VERTEX
  5
6C7
  8
T9_COUNTERSINK_0_6
 10
1.920970511938156
 20
62.56101733563769
 30
0.0
  0
VERTEX
  5
6C8
  8
T9_COUNTERSINK_0_6
 10
1.915922540470301
 20
62.54777796724581
 30
0.0
  0
VERTEX
  5
6C9
  8
T9_COUNTERSINK_0_6
 10
1.910911550478402
 20
62.53356228788871
 30
0.0
  0
VERTEX
  5
6CA
  8
T9_COUNTERSINK_0_6
 10
1.905937541962457
 20
62.51837029756641
 30
0.0
  0
VERTEX
  5
6CB
  8
T9_COUNTERSINK_0_6
 10
1.901000514922467
 20
62.50220199627889
 30
0.0
  0
VERTEX
  5
6CC
  8
T9_COUNTERSINK_0_6
 10
1.896100469358432
 20
62.48505738402616
 30
0.0
  0
VERTEX
  5
6CD
  8
T9_COUNTERSINK_0_6
 10
1.886411322658228
 20
62.44783922662508
 30
0.0
  0
VERTEX
  5
6CE
  8
T9_COUNTERSINK_0_6
 10
1.876870101861843
 20
62.40671582536314
 30
0.0
  0
VERTEX
  5
6CF
  8
T9_COUNTERSINK_0_6
 10
1.868778554922893
 20
62.3720826731313
 30
0.0
  0
VERTEX
  5
6D0
  8
T9_COUNTERSINK_0_6
 10
1.86036157099554
 20
62.33871428737712
 30
0.0
  0
VERTEX
  5
6D1
  8
T9_COUNTERSINK_0_6
 10
1.851619150079783
 20
62.3066106681006
 30
0.0
  0
VERTEX
  5
6D2
  8
T9_COUNTERSINK_0_6
 10
1.842551292175622
 20
62.27577181530175
 30
0.0
  0
VERTEX
  5
6D3
  8
T9_COUNTERSINK_0_6
 10
1.833157997283057
 20
62.24619772898055
 30
0.0
  0
VERTEX
  5
6D4
  8
T9_COUNTERSINK_0_6
 10
1.823439265402088
 20
62.21788840913702
 30
0.0
  0
VERTEX
  5
6D5
  8
T9_COUNTERSINK_0_6
 10
1.813395096532716
 20
62.19084385577113
 30
0.0
  0
VERTEX
  5
6D6
  8
T9_COUNTERSINK_0_6
 10
1.80302549067494
 20
62.16506406888292
 30
0.0
  0
VERTEX
  5
6D7
  8
T9_COUNTERSINK_0_6
 10
1.79233044782876
 20
62.14054904847237
 30
0.0
  0
VERTEX
  5
6D8
  8
T9_COUNTERSINK_0_6
 10
1.781309967994176
 20
62.11729879453947
 30
0.0
  0
VERTEX
  5
6D9
  8
T9_COUNTERSINK_0_6
 10
1.769964051171188
 20
62.09531330708423
 30
0.0
  0
VERTEX
  5
6DA
  8
T9_COUNTERSINK_0_6
 10
1.758292697359797
 20
62.07459258610666
 30
0.0
  0
VERTEX
  5
6DB
  8
T9_COUNTERSINK_0_6
 10
1.746295906560001
 20
62.05513663160674
 30
0.0
  0
VERTEX
  5
6DC
  8
T9_COUNTERSINK_0_6
 10
1.733973678771802
 20
62.03694544358449
 30
0.0
  0
VERTEX
  5
6DD
  8
T9_COUNTERSINK_0_6
 10
1.721326013995199
 20
62.02001902203989
 30
0.0
  0
VERTEX
  5
6DE
  8
T9_COUNTERSINK_0_6
 10
1.708352912230192
 20
62.00435736697296
 30
0.0
  0
VERTEX
  5
6DF
  8
T9_COUNTERSINK_0_6
 10
1.694991504967658
 20
61.98968311731403
 30
0.0
  0
VERTEX
  5
6E0
  8
T9_COUNTERSINK_0_6
 10
1.681178923698473
 20
61.97595559343954
 30
0.0
  0
VERTEX
  5
6E1
  8
T9_COUNTERSINK_0_6
 10
1.666915168422638
 20
61.9631747953495
 30
0.0
  0
VERTEX
  5
6E2
  8
T9_COUNTERSINK_0_6
 10
1.652200239140151
 20
61.95134072304391
 30
0.0
  0
VERTEX
  5
6E3
  8
T9_COUNTERSINK_0_6
 10
1.637034135851014
 20
61.94045337652275
 30
0.0
  0
VERTEX
  5
6E4
  8
T9_COUNTERSINK_0_6
 10
1.621416858555226
 20
61.93051275578605
 30
0.0
  0
VERTEX
  5
6E5
  8
T9_COUNTERSINK_0_6
 10
1.605348407252787
 20
61.92151886083381
 30
0.0
  0
VERTEX
  5
6E6
  8
T9_COUNTERSINK_0_6
 10
1.588828781943698
 20
61.913471691666
 30
0.0
  0
VERTEX
  5
6E7
  8
T9_COUNTERSINK_0_6
 10
1.571857982627958
 20
61.90637124828265
 30
0.0
  0
VERTEX
  5
6E8
  8
T9_COUNTERSINK_0_6
 10
1.554436009305567
 20
61.90021753068373
 30
0.0
  0
VERTEX
  5
6E9
  8
T9_COUNTERSINK_0_6
 10
1.536562861976526
 20
61.89501053886927
 30
0.0
  0
VERTEX
  5
6EA
  8
T9_COUNTERSINK_0_6
 10
1.518238540640833
 20
61.89075027283926
 30
0.0
  0
VERTEX
  5
6EB
  8
T9_COUNTERSINK_0_6
 10
1.49946304529849
 20
61.8874367325937
 30
0.0
  0
VERTEX
  5
6EC
  8
T9_COUNTERSINK_0_6
 10
1.480236375949496
 20
61.88506991813257
 30
0.0
  0
VERTEX
  5
6ED
  8
T9_COUNTERSINK_0_6
 10
1.460558532593851
 20
61.8836498294559
 30
0.0
  0
VERTEX
  5
6EE
  8
T9_COUNTERSINK_0_6
 10
1.440429515231556
 20
61.88317646656368
 30
0.0
  0
VERTEX
  5
6EF
  8
T9_COUNTERSINK_0_6
 10
1.42710324037118
 20
61.88341869523119
 30
0.0
  0
VERTEX
  5
6F0
  8
T9_COUNTERSINK_0_6
 10
1.41386941920069
 20
61.8841453812337
 30
0.0
  0
VERTEX
  5
6F1
  8
T9_COUNTERSINK_0_6
 10
1.400728051720088
 20
61.88535652457123
 30
0.0
  0
VERTEX
  5
6F2
  8
T9_COUNTERSINK_0_6
 10
1.387679137929374
 20
61.88705212524377
 30
0.0
  0
VERTEX
  5
6F3
  8
T9_COUNTERSINK_0_6
 10
1.374722677828546
 20
61.88923218325132
 30
0.0
  0
VERTEX
  5
6F4
  8
T9_COUNTERSINK_0_6
 10
1.361858671417607
 20
61.89189669859387
 30
0.0
  0
VERTEX
  5
6F5
  8
T9_COUNTERSINK_0_6
 10
1.349087118696555
 20
61.89504567127143
 30
0.0
  0
VERTEX
  5
6F6
  8
T9_COUNTERSINK_0_6
 10
1.33640801966539
 20
61.89867910128401
 30
0.0
  0
VERTEX
  5
6F7
  8
T9_COUNTERSINK_0_6
 10
1.323821374324113
 20
61.90279698863159
 30
0.0
  0
VERTEX
  5
6F8
  8
T9_COUNTERSINK_0_6
 10
1.311327182672723
 20
61.90739933331419
 30
0.0
  0
VERTEX
  5
6F9
  8
T9_COUNTERSINK_0_6
 10
1.29892544471122
 20
61.9124861353318
 30
0.0
  0
VERTEX
  5
6FA
  8
T9_COUNTERSINK_0_6
 10
1.286616160439605
 20
61.91805739468442
 30
0.0
  0
VERTEX
  5
6FB
  8
T9_COUNTERSINK_0_6
 10
1.274399329857878
 20
61.92411311137205
 30
0.0
  0
VERTEX
  5
6FC
  8
T9_COUNTERSINK_0_6
 10
1.262274952966038
 20
61.93065328539468
 30
0.0
  0
VERTEX
  5
6FD
  8
T9_COUNTERSINK_0_6
 10
1.250243029764085
 20
61.93767791675234
 30
0.0
  0
VERTEX
  5
6FE
  8
T9_COUNTERSINK_0_6
 10
1.23830356025202
 20
61.94518700544499
 30
0.0
  0
VERTEX
  5
6FF
  8
T9_COUNTERSINK_0_6
 10
1.226569337931505
 20
61.95318240054647
 30
0.0
  0
VERTEX
  5
700
  8
T9_COUNTERSINK_0_6
 10
1.215153156304203
 20
61.96166595113053
 30
0.0
  0
VERTEX
  5
701
  8
T9_COUNTERSINK_0_6
 10
1.204055015370114
 20
61.97063765719722
 30
0.0
  0
VERTEX
  5
702
  8
T9_COUNTERSINK_0_6
 10
1.193274915129237
 20
61.9800975187465
 30
0.0
  0
VERTEX
  5
703
  8
T9_COUNTERSINK_0_6
 10
1.182812855581574
 20
61.99004553577839
 30
0.0
  0
VERTEX
  5
704
  8
T9_COUNTERSINK_0_6
 10
1.172668836727123
 20
62.00048170829288
 30
0.0
  0
VERTEX
  5
705
  8
T9_COUNTERSINK_0_6
 10
1.162842858565885
 20
62.01140603628998
 30
0.0
  0
VERTEX
  5
706
  8
T9_COUNTERSINK_0_6
 10
1.153334921097859
 20
62.02281851976969
 30
0.0
  0
VERTEX
  5
707
  8
T9_COUNTERSINK_0_6
 10
1.144145024323047
 20
62.034719158732
 30
0.0
  0
VERTEX
  5
708
  8
T9_COUNTERSINK_0_6
 10
1.135273168241447
 20
62.04710795317692
 30
0.0
  0
VERTEX
  5
709
  8
T9_COUNTERSINK_0_6
 10
1.126719352853061
 20
62.05998490310445
 30
0.0
  0
VERTEX
  5
70A
  8
T9_COUNTERSINK_0_6
 10
1.118483578157887
 20
62.07335000851457
 30
0.0
  0
VERTEX
  5
70B
  8
T9_COUNTERSINK_0_6
 10
1.110565844155925
 20
62.08720326940731
 30
0.0
  0
VERTEX
  5
70C
  8
T9_COUNTERSINK_0_6
 10
1.102966150847177
 20
62.10154468578265
 30
0.0
  0
VERTEX
  5
70D
  8
T9_COUNTERSINK_0_6
 10
1.095684498231642
 20
62.1163742576406
 30
0.0
  0
VERTEX
  5
70E
  8
T9_COUNTERSINK_0_6
 10
1.088720886309319
 20
62.13169198498115
 30
0.0
  0
VERTEX
  5
70F
  8
T9_COUNTERSINK_0_6
 10
1.082128938220344
 20
62.14761435945356
 30
0.0
  0
VERTEX
  5
710
  8
T9_COUNTERSINK_0_6
 10
1.075962277104851
 20
62.1642578727071
 30
0.0
  0
VERTEX
  5
711
  8
T9_COUNTERSINK_0_6
 10
1.07022090296284
 20
62.18162252474176
 30
0.0
  0
VERTEX
  5
712
  8
T9_COUNTERSINK_0_6
 10
1.064904815794312
 20
62.19970831555754
 30
0.0
  0
VERTEX
  5
713
  8
T9_COUNTERSINK_0_6
 10
1.060014015599266
 20
62.21851524515445
 30
0.0
  0
VERTEX
  5
714
  8
T9_COUNTERSINK_0_6
 10
1.055548502377702
 20
62.23804331353247
 30
0.0
  0
VERTEX
  5
715
  8
T9_COUNTERSINK_0_6
 10
1.051508276129621
 20
62.25829252069163
 30
0.0
  0
VERTEX
  5
716
  8
T9_COUNTERSINK_0_6
 10
1.047893336855022
 20
62.2792628666319
 30
0.0
  0
VERTEX
  5
717
  8
T9_COUNTERSINK_0_6
 10
1.044703684553905
 20
62.30095435135329
 30
0.0
  0
VERTEX
  5
718
  8
T9_COUNTERSINK_0_6
 10
1.04193931922627
 20
62.3233669748558
 30
0.0
  0
VERTEX
  5
719
  8
T9_COUNTERSINK_0_6
 10
1.039600240872117
 20
62.34650073713944
 30
0.0
  0
VERTEX
  5
71A
  8
T9_COUNTERSINK_0_6
 10
1.037686449491447
 20
62.3703556382042
 30
0.0
  0
VERTEX
  5
71B
  8
T9_COUNTERSINK_0_6
 10
1.036197945084259
 20
62.39493167805009
 30
0.0
  0
VERTEX
  5
71C
  8
T9_COUNTERSINK_0_6
 10
1.035134727650554
 20
62.42022885667708
 30
0.0
  0
VERTEX
  5
71D
  8
T9_COUNTERSINK_0_6
 10
1.03449679719033
 20
62.44624717408522
 30
0.0
  0
VERTEX
  5
71E
  8
T9_COUNTERSINK_0_6
 10
1.034284153703589
 20
62.47298663027446
 30
0.0
  0
VERTEX
  5
71F
  8
T9_COUNTERSINK_0_6
 10
1.034670610127319
 20
62.50574667074918
 30
0.0
  0
VERTEX
  5
720
  8
T9_COUNTERSINK_0_6
 10
1.035829979398507
 20
62.53751930581591
 30
0.0
  0
VERTEX
  5
721
  8
T9_COUNTERSINK_0_6
 10
1.037762261517155
 20
62.56830453547462
 30
0.0
  0
VERTEX
  5
722
  8
T9_COUNTERSINK_0_6
 10
1.040467456483262
 20
62.59810235972535
 30
0.0
  0
VERTEX
  5
723
  8
T9_COUNTERSINK_0_6
 10
1.043945564296827
 20
62.62691277856807
 30
0.0
  0
VERTEX
  5
724
  8
T9_COUNTERSINK_0_6
 10
1.048196584957852
 20
62.6547357920028
 30
0.0
  0
VERTEX
  5
725
  8
T9_COUNTERSINK_0_6
 10
1.053220518466336
 20
62.68157140002953
 30
0.0
  0
VERTEX
  5
726
  8
T9_COUNTERSINK_0_6
 10
1.059017364822279
 20
62.70741960264827
 30
0.0
  0
VERTEX
  5
727
  8
T9_COUNTERSINK_0_6
 10
1.065587124025682
 20
62.732280399859
 30
0.0
  0
VERTEX
  5
728
  8
T9_COUNTERSINK_0_6
 10
1.072929796076543
 20
62.75615379166173
 30
0.0
  0
VERTEX
  5
729
  8
T9_COUNTERSINK_0_6
 10
1.081045380974863
 20
62.77903977805647
 30
0.0
  0
VERTEX
  5
72A
  8
T9_COUNTERSINK_0_6
 10
1.089933878720642
 20
62.80093835904322
 30
0.0
  0
VERTEX
  5
72B
  8
T9_COUNTERSINK_0_6
 10
1.099595289313881
 20
62.82184953462196
 30
0.0
  0
VERTEX
  5
72C
  8
T9_COUNTERSINK_0_6
 10
1.110029612754578
 20
62.84177330479271
 30
0.0
  0
VERTEX
  5
72D
  8
T9_COUNTERSINK_0_6
 10
1.121236849042734
 20
62.86070966955545
 30
0.0
  0
VERTEX
  5
72E
  8
T9_COUNTERSINK_0_6
 10
1.13321699817835
 20
62.8786586289102
 30
0.0
  0
VERTEX
  5
72F
  8
T9_COUNTERSINK_0_6
 10
1.139514481265034
 20
62.88727577507616
 30
0.0
  0
VERTEX
  5
730
  8
T9_COUNTERSINK_0_6
 10
1.146040324965739
 20
62.89567195692329
 30
0.0
  0
VERTEX
  5
731
  8
T9_COUNTERSINK_0_6
 10
1.152794529280467
 20
62.90384717445159
 30
0.0
  0
VERTEX
  5
732
  8
T9_COUNTERSINK_0_6
 10
1.159777094209217
 20
62.91180142766106
 30
0.0
  0
VERTEX
  5
733
  8
T9_COUNTERSINK_0_6
 10
1.166988019751988
 20
62.91953471655169
 30
0.0
  0
VERTEX
  5
734
  8
T9_COUNTERSINK_0_6
 10
1.174427305908782
 20
62.9270470411235
 30
0.0
  0
VERTEX
  5
735
  8
T9_COUNTERSINK_0_6
 10
1.182094952679597
 20
62.93433840137647
 30
0.0
  0
VERTEX
  5
736
  8
T9_COUNTERSINK_0_6
 10
1.189990960064435
 20
62.94140879731061
 30
0.0
  0
VERTEX
  5
737
  8
T9_COUNTERSINK_0_6
 10
1.198115328063294
 20
62.94825822892592
 30
0.0
  0
VERTEX
  5
738
  8
T9_COUNTERSINK_0_6
 10
1.206468056676176
 20
62.9548866962224
 30
0.0
  0
VERTEX
  5
739
  8
T9_COUNTERSINK_0_6
 10
1.21504914590308
 20
62.96129419920005
 30
0.0
  0
VERTEX
  5
73A
  8
T9_COUNTERSINK_0_6
 10
1.223858595744005
 20
62.96748073785887
 30
0.0
  0
VERTEX
  5
73B
  8
T9_COUNTERSINK_0_6
 10
1.232896406198953
 20
62.97344631219886
 30
0.0
  0
VERTEX
  5
73C
  8
T9_COUNTERSINK_0_6
 10
1.242162577267922
 20
62.97919092222001
 30
0.0
  0
VERTEX
  5
73D
  8
T9_COUNTERSINK_0_6
 10
1.251657108950914
 20
62.98471456792234
 30
0.0
  0
VERTEX
  5
73E
  8
T9_COUNTERSINK_0_6
 10
1.261380001247927
 20
62.99001724930584
 30
0.0
  0
VERTEX
  5
73F
  8
T9_COUNTERSINK_0_6
 10
1.281510867684021
 20
62.99995971911633
 30
0.0
  0
VERTEX
  5
740
  8
T9_COUNTERSINK_0_6
 10
1.302555176576202
 20
63.0090183316515
 30
0.0
  0
VERTEX
  5
741
  8
T9_COUNTERSINK_0_6
 10
1.324512927924471
 20
63.01719308691136
 30
0.0
  0
VERTEX
  5
742
  8
T9_COUNTERSINK_0_6
 10
1.347384121728828
 20
63.02448398489588
 30
0.0
  0
VERTEX
  5
743
  8
T9_COUNTERSINK_0_6
 10
1.371168757989273
 20
63.03089102560508
 30
0.0
  0
VERTEX
  5
744
  8
T9_COUNTERSINK_0_6
 10
1.395866836705806
 20
63.03641420903895
 30
0.0
  0
VERTEX
  5
745
  8
T9_COUNTERSINK_0_6
 10
1.421478357878427
 20
63.04105353519751
 30
0.0
  0
VERTEX
  5
746
  8
T9_COUNTERSINK_0_6
 10
1.448003321507136
 20
63.04480900408073
 30
0.0
  0
VERTEX
  5
747
  8
T9_COUNTERSINK_0_6
 10
1.471671466118323
 20
62.64055709412166
 30
0.0
  0
VERTEX
  5
748
  8
T9_COUNTERSINK_0_6
 10
1.460155434505943
 20
62.63840662129488
 30
0.0
  0
VERTEX
  5
749
  8
T9_COUNTERSINK_0_6
 10
1.449038802833876
 20
62.63597878739843
 30
0.0
  0
VERTEX
  5
74A
  8
T9_COUNTERSINK_0_6
 10
1.438321571102123
 20
62.63327359243232
 30
0.0
  0
VERTEX
  5
74B
  8
T9_COUNTERSINK_0_6
 10
1.428003739310683
 20
62.63029103639656
 30
0.0
  0
VERTEX
  5
74C
  8
T9_COUNTERSINK_0_6
 10
1.418085307459558
 20
62.62703111929113
 30
0.0
  0
VERTEX
  5
74D
  8
T9_COUNTERSINK_0_6
 10
1.408566275548746
 20
62.62349384111603
 30
0.0
  0
VERTEX
  5
74E
  8
T9_COUNTERSINK_0_6
 10
1.399446643578248
 20
62.61967920187128
 30
0.0
  0
VERTEX
  5
74F
  8
T9_COUNTERSINK_0_6
 10
1.390726411548064
 20
62.61558720155686
 30
0.0
  0
VERTEX
  5
750
  8
T9_COUNTERSINK_0_6
 10
1.382405579458194
 20
62.61121784017278
 30
0.0
  0
VERTEX
  5
751
  8
T9_COUNTERSINK_0_6
 10
1.374484147308637
 20
62.60657111771904
 30
0.0
  0
VERTEX
  5
752
  8
T9_COUNTERSINK_0_6
 10
1.366962115099394
 20
62.60164703419564
 30
0.0
  0
VERTEX
  5
753
  8
T9_COUNTERSINK_0_6
 10
1.359839482830465
 20
62.59644558960257
 30
0.0
  0
VERTEX
  5
754
  8
T9_COUNTERSINK_0_6
 10
1.35311625050185
 20
62.59096678393983
 30
0.0
  0
VERTEX
  5
755
  8
T9_COUNTERSINK_0_6
 10
1.346792418113548
 20
62.58521061720744
 30
0.0
  0
VERTEX
  5
756
  8
T9_COUNTERSINK_0_6
 10
1.340867985665561
 20
62.57917708940539
 30
0.0
  0
VERTEX
  5
757
  8
T9_COUNTERSINK_0_6
 10
1.335342953157887
 20
62.57286620053367
 30
0.0
  0
VERTEX
  5
758
  8
T9_COUNTERSINK_0_6
 10
1.330184037262167
 20
62.56626315800191
 30
0.0
  0
VERTEX
  5
759
  8
T9_COUNTERSINK_0_6
 10
1.325357954650042
 20
62.55935316921972
 30
0.0
  0
VERTEX
  5
75A
  8
T9_COUNTERSINK_0_6
 10
1.320864705321512
 20
62.55213623418711
 30
0.0
  0
VERTEX
  5
75B
  8
T9_COUNTERSINK_0_6
 10
1.316704289276577
 20
62.54461235290407
 30
0.0
  0
VERTEX
  5
75C
  8
T9_COUNTERSINK_0_6
 10
1.312876706515236
 20
62.5367815253706
 30
0.0
  0
VERTEX
  5
75D
  8
T9_COUNTERSINK_0_6
 10
1.309381957037491
 20
62.52864375158671
 30
0.0
  0
VERTEX
  5
75E
  8
T9_COUNTERSINK_0_6
 10
1.30622004084334
 20
62.52019903155239
 30
0.0
  0
VERTEX
  5
75F
  8
T9_COUNTERSINK_0_6
 10
1.303390957932784
 20
62.51144736526764
 30
0.0
  0
VERTEX
  5
760
  8
T9_COUNTERSINK_0_6
 10
1.300894708305823
 20
62.50238875273247
 30
0.0
  0
VERTEX
  5
761
  8
T9_COUNTERSINK_0_6
 10
1.298731291962457
 20
62.49302319394687
 30
0.0
  0
VERTEX
  5
762
  8
T9_COUNTERSINK_0_6
 10
1.296900708902685
 20
62.48335068891085
 30
0.0
  0
VERTEX
  5
763
  8
T9_COUNTERSINK_0_6
 10
1.295402959126509
 20
62.47337123762439
 30
0.0
  0
VERTEX
  5
764
  8
T9_COUNTERSINK_0_6
 10
1.294238042633927
 20
62.46308484008752
 30
0.0
  0
VERTEX
  5
765
  8
T9_COUNTERSINK_0_6
 10
1.29340595942494
 20
62.45249149630021
 30
0.0
  0
VERTEX
  5
766
  8
T9_COUNTERSINK_0_6
 10
1.292906709499547
 20
62.44159120626248
 30
0.0
  0
VERTEX
  5
767
  8
T9_COUNTERSINK_0_6
 10
1.29274029285775
 20
62.43038396997432
 30
0.0
  0
VERTEX
  5
768
  8
T9_COUNTERSINK_0_6
 10
1.293235844635547
 20
62.41226304675638
 30
0.0
  0
VERTEX
  5
769
  8
T9_COUNTERSINK_0_6
 10
1.294722499968937
 20
62.39529594558824
 30
0.0
  0
VERTEX
  5
76A
  8
T9_COUNTERSINK_0_6
 10
1.297200258857921
 20
62.37948266646989
 30
0.0
  0
VERTEX
  5
76B
  8
T9_COUNTERSINK_0_6
 10
1.29881080213576
 20
62.37200871017939
 30
0.0
  0
VERTEX
  5
76C
  8
T9_COUNTERSINK_0_6
 10
1.300669121302498
 20
62.36482320940134
 30
0.0
  0
VERTEX
  5
76D
  8
T9_COUNTERSINK_0_6
 10
1.302775216358134
 20
62.35792616413573
 30
0.0
  0
VERTEX
  5
76E
  8
T9_COUNTERSINK_0_6
 10
1.305129087302668
 20
62.35131757438258
 30
0.0
  0
VERTEX
  5
76F
  8
T9_COUNTERSINK_0_6
 10
1.307730734136101
 20
62.34499744014187
 30
0.0
  0
VERTEX
  5
770
  8
T9_COUNTERSINK_0_6
 10
1.310580156858432
 20
62.33896576141362
 30
0.0
  0
VERTEX
  5
771
  8
T9_COUNTERSINK_0_6
 10
1.313677355469662
 20
62.33322253819781
 30
0.0
  0
VERTEX
  5
772
  8
T9_COUNTERSINK_0_6
 10
1.31702232996979
 20
62.32776777049445
 30
0.0
  0
VERTEX
  5
773
  8
T9_COUNTERSINK_0_6
 10
1.320615080358816
 20
62.32260145830354
 30
0.0
  0
VERTEX
  5
774
  8
T9_COUNTERSINK_0_6
 10
1.324455606636741
 20
62.31772360162508
 30
0.0
  0
VERTEX
  5
775
  8
T9_COUNTERSINK_0_6
 10
1.332598927642027
 20
62.30884804739588
 30
0.0
  0
VERTEX
  5
776
  8
T9_COUNTERSINK_0_6
 10
1.341171233768391
 20
62.30115590039725
 30
0.0
  0
VERTEX
  5
777
  8
T9_COUNTERSINK_0_6
 10
1.345618256251978
 20
62.29775360460939
 30
0.0
  0
VERTEX
  5
778
  8
T9_COUNTERSINK_0_6
 10
1.350172525015833
 20
62.29464716062917
 30
0.0
  0
VERTEX
  5
779
  8
T9_COUNTERSINK_0_6
 10
1.354834040059958
 20
62.29183656845659
 30
0.0
  0
VERTEX
  5
77A
  8
T9_COUNTERSINK_0_6
 10
1.359602801384353
 20
62.28932182809165
 30
0.0
  0
VERTEX
  5
77B
  8
T9_COUNTERSINK_0_6
 10
1.364478808989017
 20
62.28710293953435
 30
0.0
  0
VERTEX
  5
77C
  8
T9_COUNTERSINK_0_6
 10
1.36946206287395
 20
62.28517990278469
 30
0.0
  0
VERTEX
  5
77D
  8
T9_COUNTERSINK_0_6
 10
1.374552563039154
 20
62.28355271784267
 30
0.0
  0
VERTEX
  5
77E
  8
T9_COUNTERSINK_0_6
 10
1.379750309484626
 20
62.28222138470829
 30
0.0
  0
VERTEX
  5
77F
  8
T9_COUNTERSINK_0_6
 10
1.385055302210368
 20
62.28118590338156
 30
0.0
  0
VERTEX
  5
780
  8
T9_COUNTERSINK_0_6
 10
1.390467541216379
 20
62.28044627386245
 30
0.0
  0
VERTEX
  5
781
  8
T9_COUNTERSINK_0_6
 10
1.395987026502659
 20
62.28000249615099
 30
0.0
  0
VERTEX
  5
782
  8
T9_COUNTERSINK_0_6
 10
1.40161375806921
 20
62.27985457024717
 30
0.0
  0
VERTEX
  5
783
  8
T9_COUNTERSINK_0_6
 10
1.409794060550451
 20
62.28034272572978
 30
0.0
  0
VERTEX
  5
784
  8
T9_COUNTERSINK_0_6
 10
1.417767266766345
 20
62.2818071921776
 30
0.0
  0
VERTEX
  5
785
  8
T9_COUNTERSINK_0_6
 10
1.425533376716891
 20
62.28424796959062
 30
0.0
  0
VERTEX
  5
786
  8
T9_COUNTERSINK_0_6
 10
1.433092390402088
 20
62.28766505796887
 30
0.0
  0
VERTEX
  5
787
  8
T9_COUNTERSINK_0_6
 10
1.440444307821938
 20
62.29205845731232
 30
0.0
  0
VERTEX
  5
788
  8
T9_COUNTERSINK_0_6
 10
1.44758912897644
 20
62.29742816762098
 30
0.0
  0
VERTEX
  5
789
  8
T9_COUNTERSINK_0_6
 10
1.454526853865595
 20
62.30377418889486
 30
0.0
  0
VERTEX
  5
78A
  8
T9_COUNTERSINK_0_6
 10
1.461257482489401
 20
62.31109652113394
 30
0.0
  0
VERTEX
  5
78B
  8
T9_COUNTERSINK_0_6
 10
1.464674570867641
 20
62.31520886126014
 30
0.0
  0
VERTEX
  5
78C
  8
T9_COUNTERSINK_0_6
 10
1.468062074065117
 20
62.31997207536314
 30
0.0
  0
VERTEX
  5
78D
  8
T9_COUNTERSINK_0_6
 10
1.471419992081829
 20
62.32538616344295
 30
0.0
  0
VERTEX
  5
78E
  8
T9_COUNTERSINK_0_6
 10
1.474748324917778
 20
62.33145112549956
 30
0.0
  0
VERTEX
  5
78F
  8
T9_COUNTERSINK_0_6
 10
1.478047072572962
 20
62.33816696153298
 30
0.0
  0
VERTEX
  5
790
  8
T9_COUNTERSINK_0_6
 10
1.481316235047382
 20
62.34553367154322
 30
0.0
  0
VERTEX
  5
791
  8
T9_COUNTERSINK_0_6
 10
1.48776580445393
 20
62.36221971349411
 30
0.0
  0
VERTEX
  5
792
  8
T9_COUNTERSINK_0_6
 10
1.494097033137423
 20
62.38150925135223
 30
0.0
  0
VERTEX
  5
793
  8
T9_COUNTERSINK_0_6
 10
1.500309921097859
 20
62.40340228511757
 30
0.0
  0
VERTEX
  5
794
  8
T9_COUNTERSINK_0_6
 10
1.50640446833524
 20
62.42789881479015
 30
0.0
  0
VERTEX
  5
795
  8
T9_COUNTERSINK_0_6
 10
1.512380674849565
 20
62.45499884036996
 30
0.0
  0
VERTEX
  5
796
  8
T9_COUNTERSINK_0_6
 10
1.527550476286297
 20
62.52280067838582
 30
0.0
  0
VERTEX
  5
797
  8
T9_COUNTERSINK_0_6
 10
1.535152018668843
 20
62.55483218378423
 30
0.0
  0
VERTEX
  5
798
  8
T9_COUNTERSINK_0_6
 10
1.542764655494176
 20
62.58561741344295
 30
0.0
  0
VERTEX
  5
799
  8
T9_COUNTERSINK_0_6
 10
1.550388386762295
 20
62.61515636736199
 30
0.0
  0
VERTEX
  5
79A
  8
T9_COUNTERSINK_0_6
 10
1.558023212473201
 20
62.64344904554135
 30
0.0
  0
VERTEX
  5
79B
  8
T9_COUNTERSINK_0_6
 10
1.565669132626892
 20
62.67049544798101
 30
0.0
  0
VERTEX
  5
79C
  8
T9_COUNTERSINK_0_6
 10
1.573326147223371
 20
62.696295574681
 30
0.0
  0
VERTEX
  5
79D
  8
T9_COUNTERSINK_0_6
 10
1.580994256262636
 20
62.72084942564132
 30
0.0
  0
VERTEX
  5
79E
  8
T9_COUNTERSINK_0_6
 10
1.588673459744687
 20
62.74415700086194
 30
0.0
  0
VERTEX
  5
79F
  8
T9_COUNTERSINK_0_6
 10
1.596363757669525
 20
62.76621830034289
 30
0.0
  0
VERTEX
  5
7A0
  8
T9_COUNTERSINK_0_6
 10
1.60406515003715
 20
62.78703332408414
 30
0.0
  0
VERTEX
  5
7A1
  8
T9_COUNTERSINK_0_6
 10
1.61177763684756
 20
62.80660207208572
 30
0.0
  0
VERTEX
  5
7A2
  8
T9_COUNTERSINK_0_6
 10
1.619501218100758
 20
62.82492454434762
 30
0.0
  0
VERTEX
  5
7A3
  8
T9_COUNTERSINK_0_6
 10
1.627235893796742
 20
62.84200074086984
 30
0.0
  0
VERTEX
  5
7A4
  8
T9_COUNTERSINK_0_6
 10
1.634981663935513
 20
62.85783066165236
 30
0.0
  0
VERTEX
  5
7A5
  8
T9_COUNTERSINK_0_6
 10
1.642849472944935
 20
62.87277857423337
 30
0.0
  0
VERTEX
  5
7A6
  8
T9_COUNTERSINK_0_6
 10
1.650950265252873
 20
62.88720874615099
 30
0.0
  0
VERTEX
  5
7A7
  8
T9_COUNTERSINK_0_6
 10
1.659284040859328
 20
62.90112117740526
 30
0.0
  0
VERTEX
  5
7A8
  8
T9_COUNTERSINK_0_6
 10
1.667850799764299
 20
62.91451586799615
 30
0.0
  0
VERTEX
  5
7A9
  8
T9_COUNTERSINK_0_6
 10
1.676650541967786
 20
62.92739281792367
 30
0.0
  0
VERTEX
  5
7AA
  8
T9_COUNTERSINK_0_6
 10
1.68568326746979
 20
62.93975202718783
 30
0.0
  0
VERTEX
  5
7AB
  8
T9_COUNTERSINK_0_6
 10
1.69494897627031
 20
62.95159349578862
 30
0.0
  0
VERTEX
  5
7AC
  8
T9_COUNTERSINK_0_6
 10
1.704447668369346
 20
62.96291722372603
 30
0.0
  0
VERTEX
  5
7AD
  8
T9_COUNTERSINK_0_6
 10
1.714179343766899
 20
62.97372321100007
 30
0.0
  0
VERTEX
  5
7AE
  8
T9_COUNTERSINK_0_6
 10
1.724144002462968
 20
62.98401145761074
 30
0.0
  0
VERTEX
  5
7AF
  8
T9_COUNTERSINK_0_6
 10
1.734341644457554
 20
62.99378196355805
 30
0.0
  0
VERTEX
  5
7B0
  8
T9_COUNTERSINK_0_6
 10
1.744772269750656
 20
63.00303472884199
 30
0.0
  0
VERTEX
  5
7B1
  8
T9_COUNTERSINK_0_6
 10
1.755435878342274
 20
63.01176975346256
 30
0.0
  0
VERTEX
  5
7B2
  8
T9_COUNTERSINK_0_6
 10
1.766332470232409
 20
63.01998703741975
 30
0.0
  0
VERTEX
  5
7B3
  8
T9_COUNTERSINK_0_6
 10
1.77746204542106
 20
63.02768658071358
 30
0.0
  0
VERTEX
  5
7B4
  8
T9_COUNTERSINK_0_6
 10
1.788824603908227
 20
63.03486838334404
 30
0.0
  0
VERTEX
  5
7B5
  8
T9_COUNTERSINK_0_6
 10
1.80038871143935
 20
63.04157497400848
 30
0.0
  0
VERTEX
  5
7B6
  8
T9_COUNTERSINK_0_6
 10
1.812122933759865
 20
63.04784888140424
 30
0.0
  0
VERTEX
  5
7B7
  8
T9_COUNTERSINK_0_6
 10
1.824027270869772
 20
63.05369010553132
 30
0.0
  0
VERTEX
  5
7B8
  8
T9_COUNTERSINK_0_6
 10
1.836101722769073
 20
63.05909864638974
 30
0.0
  0
VERTEX
  5
7B9
  8
T9_COUNTERSINK_0_6
 10
1.848346289457767
 20
63.06407450397948
 30
0.0
  0
VERTEX
  5
7BA
  8
T9_COUNTERSINK_0_6
 10
1.860760970935854
 20
63.06861767830055
 30
0.0
  0
VERTEX
  5
7BB
  8
T9_COUNTERSINK_0_6
 10
1.873345767203333
 20
63.07272816935295
 30
0.0
  0
VERTEX
  5
7BC
  8
T9_COUNTERSINK_0_6
 10
1.886100678260205
 20
63.07640597713667
 30
0.0
  0
VERTEX
  5
7BD
  8
T9_COUNTERSINK_0_6
 10
1.899025704106471
 20
63.07965110165172
 30
0.0
  0
VERTEX
  5
7BE
  8
T9_COUNTERSINK_0_6
 10
1.912120844742129
 20
63.0824635428981
 30
0.0
  0
VERTEX
  5
7BF
  8
T9_COUNTERSINK_0_6
 10
1.925386100167181
 20
63.0848433008758
 30
0.0
  0
VERTEX
  5
7C0
  8
T9_COUNTERSINK_0_6
 10
1.938821470381624
 20
63.08679037558483
 30
0.0
  0
VERTEX
  5
7C1
  8
T9_COUNTERSINK_0_6
 10
1.952426955385461
 20
63.08830476702519
 30
0.0
  0
VERTEX
  5
7C2
  8
T9_COUNTERSINK_0_6
 10
1.966202555178691
 20
63.08938647519687
 30
0.0
  0
VERTEX
  5
7C3
  8
T9_COUNTERSINK_0_6
 10
1.980148269761314
 20
63.09003550009988
 30
0.0
  0
VERTEX
  5
7C4
  8
T9_COUNTERSINK_0_6
 10
1.99426409913333
 20
63.09025184173422
 30
0.0
  0
VERTEX
  5
7C5
  8
T9_COUNTERSINK_0_6
 10
2.010868781837116
 20
63.08996338622177
 30
0.0
  0
VERTEX
  5
7C6
  8
T9_COUNTERSINK_0_6
 10
2.0273107460467
 20
63.08909801968442
 30
0.0
  0
VERTEX
  5
7C7
  8
T9_COUNTERSINK_0_6
 10
2.043589991762082
 20
63.08765574212217
 30
0.0
  0
VERTEX
  5
7C8
  8
T9_COUNTERSINK_0_6
 10
2.059706518983262
 20
63.08563655353503
 30
0.0
  0
VERTEX
  5
7C9
  8
T9_COUNTERSINK_0_6
 10
2.07566032771024
 20
63.083040453923
 30
0.0
  0
VERTEX
  5
7CA
  8
T9_COUNTERSINK_0_6
 10
2.091451417943016
 20
63.07986744328606
 30
0.0
  0
VERTEX
  5
7CB
  8
T9_COUNTERSINK_0_6
 10
2.10707978968159
 20
63.07611752162423
 30
0.0
  0
VERTEX
  5
7CC
  8
T9_COUNTERSINK_0_6
 10
2.122545442925963
 20
63.07179068893749
 30
0.0
  0
VERTEX
  5
7CD
  8
T9_COUNTERSINK_0_6
 10
2.137848377676133
 20
63.06688694522586
 30
0.0
  0
VERTEX
  5
7CE
  8
T9_COUNTERSINK_0_6
 10
2.152988593932102
 20
63.06140629048933
 30
0.0
  0
VERTEX
  5
7CF
  8
T9_COUNTERSINK_0_6
 10
2.167966091693869
 20
63.05534872472791
 30
0.0
  0
VERTEX
  5
7D0
  8
T9_COUNTERSINK_0_6
 10
2.182780870961434
 20
63.04871424794158
 30
0.0
  0
VERTEX
  5
7D1
  8
T9_COUNTERSINK_0_6
 10
2.197432931734796
 20
63.04150286013036
 30
0.0
  0
VERTEX
  5
7D2
  8
T9_COUNTERSINK_0_6
 10
2.211922274013958
 20
63.03371456129425
 30
0.0
  0
VERTEX
  5
7D3
  8
T9_COUNTERSINK_0_6
 10
2.226248897798917
 20
63.02534935143323
 30
0.0
  0
VERTEX
  5
7D4
  8
T9_COUNTERSINK_0_6
 10
2.240412803089673
 20
63.01640723054732
 30
0.0
  0
VERTEX
  5
7D5
  8
T9_COUNTERSINK_0_6
 10
2.254282705646588
 20
63.00694736899804
 30
0.0
  0
VERTEX
  5
7D6
  8
T9_COUNTERSINK_0_6
 10
2.267727321230022
 20
62.99702893714691
 30
0.0
  0
VERTEX
  5
7D7
  8
T9_COUNTERSINK_0_6
 10
2.280746649839972
 20
62.98665193499394
 30
0.0
  0
VERTEX
  5
7D8
  8
T9_COUNTERSINK_0_6
 10
2.29334069147644
 20
62.97581636253912
 30
0.0
  0
VERTEX
  5
7D9
  8
T9_COUNTERSINK_0_6
 10
2.305509446139427
 20
62.96452221978247
 30
0.0
  0
VERTEX
  5
7DA
  8
T9_COUNTERSINK_0_6
 10
2.31725291382893
 20
62.95276950672398
 30
0.0
  0
VERTEX
  5
7DB
  8
T9_COUNTERSINK_0_6
 10
2.328571094544952
 20
62.94055822336365
 30
0.0
  0
VERTEX
  5
7DC
  8
T9_COUNTERSINK_0_6
 10
2.339463988287491
 20
62.92788836970147
 30
0.0
  0
VERTEX
  5
7DD
  8
T9_COUNTERSINK_0_6
 10
2.349931595056548
 20
62.91475994573746
 30
0.0
  0
VERTEX
  5
7DE
  8
T9_COUNTERSINK_0_6
 10
2.359973914852123
 20
62.90117295147159
 30
0.0
  0
VERTEX
  5
7DF
  8
T9_COUNTERSINK_0_6
 10
2.369590947674215
 20
62.8871273869039
 30
0.0
  0
VERTEX
  5
7E0
  8
T9_COUNTERSINK_0_6
 10
2.378782693522825
 20
62.87262325203434
 30
0.0
  0
VERTEX
  5
7E1
  8
T9_COUNTERSINK_0_6
 10
2.387549152397953
 20
62.85766054686297
 30
0.0
  0
VERTEX
  5
7E2
  8
T9_COUNTERSINK_0_6
 10
2.395890324299599
 20
62.84223927138974
 30
0.0
  0
VERTEX
  5
7E3
  8
T9_COUNTERSINK_0_6
 10
2.403806209227762
 20
62.82635942561468
 30
0.0
  0
VERTEX
  5
7E4
  8
T9_COUNTERSINK_0_6
 10
2.411296807182443
 20
62.81002100953776
 30
0.0
  0
VERTEX
  5
7E5
  8
T9_COUNTERSINK_0_6
 10
2.41834732557326
 20
62.79318334353547
 30
0.0
  0
VERTEX
  5
7E6
  8
T9_COUNTERSINK_0_6
 10
2.42494297180983
 20
62.77580574798422
 30
0.0
  0
VERTEX
  5
7E7
  8
T9_COUNTERSINK_0_6
 10
2.431083745892154
 20
62.75788822288403
 30
0.0
  0
VERTEX
  5
7E8
  8
T9_COUNTERSINK_0_6
 10
2.436769647820233
 20
62.7394307682349
 30
0.0
  0
VERTEX
  5
7E9
  8
T9_COUNTERSINK_0_6
 10
2.442000677594065
 20
62.72043338403683
 30
0.0
  0
VERTEX
  5
7EA
  8
T9_COUNTERSINK_0_6
 10
2.44677683521365
 20
62.70089607028982
 30
0.0
  0
VERTEX
  5
7EB
  8
T9_COUNTERSINK_0_6
 10
2.451098120678989
 20
62.68081882699386
 30
0.0
  0
VERTEX
  5
7EC
  8
T9_COUNTERSINK_0_6
 10
2.454964533990083
 20
62.66020165414895
 30
0.0
  0
VERTEX
  5
7ED
  8
T9_COUNTERSINK_0_6
 10
2.45837607514693
 20
62.63904455175511
 30
0.0
  0
VERTEX
  5
7EE
  8
T9_COUNTERSINK_0_6
 10
2.46133274414953
 20
62.61734751981231
 30
0.0
  0
VERTEX
  5
7EF
  8
T9_COUNTERSINK_0_6
 10
2.463834540997885
 20
62.59511055832059
 30
0.0
  0
VERTEX
  5
7F0
  8
T9_COUNTERSINK_0_6
 10
2.465881465691993
 20
62.57233366727992
 30
0.0
  0
VERTEX
  5
7F1
  8
T9_COUNTERSINK_0_6
 10
2.467473518231854
 20
62.54901684669031
 30
0.0
  0
VERTEX
  5
7F2
  8
T9_COUNTERSINK_0_6
 10
2.46861069861747
 20
62.52516009655174
 30
0.0
  0
VERTEX
  5
7F3
  8
T9_COUNTERSINK_0_6
 10
2.469293006848839
 20
62.50076341686425
 30
0.0
  0
VERTEX
  5
7F4
  8
T9_COUNTERSINK_0_6
 10
2.469520442925963
 20
62.4758268076278
 30
0.0
  0
VERTEX
  5
7F5
  8
T9_COUNTERSINK_0_6
 10
2.468987909672211
 20
62.43241795115186
 30
0.0
  0
VERTEX
  5
7F6
  8
T9_COUNTERSINK_0_6
 10
2.467390309910956
 20
62.39071024256982
 30
0.0
  0
VERTEX
  5
7F7
  8
T9_COUNTERSINK_0_6
 10
2.464727643642197
 20
62.35070368188173
 30
0.0
  0
VERTEX
  5
7F8
  8
T9_COUNTERSINK_0_6
 10
2.462996910567504
 20
62.33133833199791
 30
0.0
  0
VERTEX
  5
7F9
  8
T9_COUNTERSINK_0_6
 10
2.460999910865935
 20
62.31239826908756
 30
0.0
  0
VERTEX
  5
7FA
  8
T9_COUNTERSINK_0_6
 10
2.458736644537491
 20
62.29388349315069
 30
0.0
  0
VERTEX
  5
7FB
  8
T9_COUNTERSINK_0_6
 10
2.45620711158217
 20
62.27579400418733
 30
0.0
  0
VERTEX
  5
7FC
  8
T9_COUNTERSINK_0_6
 10
2.453411311999973
 20
62.25812980219743
 30
0.0
  0
VERTEX
  5
7FD
  8
T9_COUNTERSINK_0_6
 10
2.450349245790902
 20
62.24089088718102
 30
0.0
  0
VERTEX
  5
7FE
  8
T9_COUNTERSINK_0_6
 10
2.447020912954954
 20
62.22407725913808
 30
0.0
  0
VERTEX
  5
7FF
  8
T9_COUNTERSINK_0_6
 10
2.443426313492129
 20
62.20768891806864
 30
0.0
  0
VERTEX
  5
800
  8
T9_COUNTERSINK_0_6
 10
2.43956544740243
 20
62.19172586397266
 30
0.0
  0
VERTEX
  5
801
  8
T9_COUNTERSINK_0_6
 10
2.435438314685854
 20
62.17618809685018
 30
0.0
  0
VERTEX
  5
802
  8
T9_COUNTERSINK_0_6
 10
2.431044915342402
 20
62.16107561670118
 30
0.0
  0
VERTEX
  5
803
  8
T9_COUNTERSINK_0_6
 10
2.426385249372075
 20
62.14638842352566
 30
0.0
  0
VERTEX
  5
804
  8
T9_COUNTERSINK_0_6
 10
2.421459316774872
 20
62.13212651732363
 30
0.0
  0
VERTEX
  5
805
  8
T9_COUNTERSINK_0_6
 10
2.416267117550793
 20
62.11828989809507
 30
0.0
  0
VERTEX
  5
806
  8
T9_COUNTERSINK_0_6
 10
2.410808651699837
 20
62.10487856583999
 30
0.0
  0
VERTEX
  5
807
  8
T9_COUNTERSINK_0_6
 10
2.405083919222006
 20
62.0918925205584
 30
0.0
  0
VERTEX
  5
808
  8
T9_COUNTERSINK_0_6
 10
2.3990929201173
 20
62.07933176225029
 30
0.0
  0
VERTEX
  5
809
  8
T9_COUNTERSINK_0_6
 10
2.392835654385717
 20
62.06719629091566
 30
0.0
  0
VERTEX
  5
80A
  8
T9_COUNTERSINK_0_6
 10
2.386312122027259
 20
62.05548610655451
 30
0.0
  0
VERTEX
  5
80B
  8
T9_COUNTERSINK_0_6
 10
2.379522323041924
 20
62.04420120916686
 30
0.0
  0
VERTEX
  5
80C
  8
T9_COUNTERSINK_0_6
 10
2.372466257429715
 20
62.03334159875267
 30
0.0
  0
VERTEX
  5
80D
  8
T9_COUNTERSINK_0_6
 10
2.365143925190629
 20
62.02290727531198
 30
0.0
  0
VERTEX
  5
80E
  8
T9_COUNTERSINK_0_6
 10
2.357555326324666
 20
62.01289823884476
 30
0.0
  0
VERTEX
  5
80F
  8
T9_COUNTERSINK_0_6
 10
2.349700460831829
 20
62.00331448935103
 30
0.0
  0
VERTEX
  5
810
  8
T9_COUNTERSINK_0_6
 10
2.341579328712116
 20
61.99415602683078
 30
0.0
  0
VERTEX
  5
811
  8
T9_COUNTERSINK_0_6
 10
2.333191929965526
 20
61.98542285128401
 30
0.0
  0
VERTEX
  5
812
  8
T9_COUNTERSINK_0_6
 10
2.315862410333023
 20
61.9688440556134
 30
0.0
  0
VERTEX
  5
813
  8
T9_COUNTERSINK_0_6
 10
2.297955979675622
 20
61.95318979684166
 30
0.0
  0
VERTEX
  5
814
  8
T9_COUNTERSINK_0_6
 10
2.279472637993323
 20
61.93846007496878
 30
0.0
  0
VERTEX
  5
815
  8
T9_COUNTERSINK_0_6
 10
2.260412385286126
 20
61.92465488999478
 30
0.0
  0
VERTEX
  5
816
  8
T9_COUNTERSINK_0_6
 10
2.240775221554032
 20
61.91177424191967
 30
0.0
  0
VERTEX
  5
817
  8
T9_COUNTERSINK_0_6
 10
2.22056114679704
 20
61.89981813074343
 30
0.0
  0
VERTEX
  5
818
  8
T9_COUNTERSINK_0_6
 10
2.199770161015151
 20
61.88878655646606
 30
0.0
  0
VERTEX
  5
819
  8
T9_COUNTERSINK_0_6
 10
2.178402264208364
 20
61.87867951908756
 30
0.0
  0
VERTEX
  5
81A
  8
T9_COUNTERSINK_0_6
 10
2.156457456376679
 20
61.86949701860793
 30
0.0
  0
VERTEX
  5
81B
  8
T9_COUNTERSINK_0_6
 10
2.133935737520097
 20
61.86123905502718
 30
0.0
  0
VERTEX
  5
81C
  8
T9_COUNTERSINK_0_6
 10
2.110837107638616
 20
61.85390562834532
 30
0.0
  0
VERTEX
  5
81D
  8
T9_COUNTERSINK_0_6
 10
2.087161566732238
 20
61.84749673856231
 30
0.0
  0
VERTEX
  5
81E
  8
T9_COUNTERSINK_0_6
 10
2.062909114800963
 20
61.84201238567819
 30
0.0
  0
VERTEX
  5
81F
  8
T9_COUNTERSINK_0_6
 10
2.03807975184479
 20
61.83745256969294
 30
0.0
  0
VERTEX
  5
820
  8
T9_COUNTERSINK_0_6
 10
2.012673477863718
 20
61.83381729060657
 30
0.0
  0
SEQEND
  5
F52
  8
T9_COUNTERSINK_0_6
  0
POLYLINE
  5
7B
  8
T9_COUNTERSINK_0_6
 66
     1
 10
0.0
 20
0.0
 30
0.0
 70
     1
  0
VERTEX
  5
821
  8
T9_COUNTERSINK_0_6
 10
1.034284153703589
 20
64.11744931785972
 30
0.0
  0
VERTEX
  5
822
  8
T9_COUNTERSINK_0_6
 10
2.445852298314776
 20
64.11744931785972
 30
0.0
  0
VERTEX
  5
823
  8
T9_COUNTERSINK_0_6
 10
2.445852298314776
 20
63.72739829466737
 30
0.0
  0
VERTEX
  5
824
  8
T9_COUNTERSINK_0_6
 10
1.520901206909592
 20
63.72739829466737
 30
0.0
  0
VERTEX
  5
825
  8
T9_COUNTERSINK_0_6
 10
1.538460011693016
 20
63.70382630189366
 30
0.0
  0
VERTEX
  5
826
  8
T9_COUNTERSINK_0_6
 10
1.555160846234285
 20
63.68044661279492
 30
0.0
  0
VERTEX
  5
827
  8
T9_COUNTERSINK_0_6
 10
1.571003710533398
 20
63.65725922737115
 30
0.0
  0
VERTEX
  5
828
  8
T9_COUNTERSINK_0_6
 10
1.585988604590356
 20
63.63426414562235
 30
0.0
  0
VERTEX
  5
829
  8
T9_COUNTERSINK_0_6
 10
1.600115528405158
 20
63.6114613675485
 30
0.0
  0
VERTEX
  5
82A
  8
T9_COUNTERSINK_0_6
 10
1.613384481977805
 20
63.58885089314963
 30
0.0
  0
VERTEX
  5
82B
  8
T9_COUNTERSINK_0_6
 10
1.625795465308296
 20
63.56643272242572
 30
0.0
  0
VERTEX
  5
82C
  8
T9_COUNTERSINK_0_6
 10
1.637348478396631
 20
63.54420685537678
 30
0.0
  0
VERTEX
  5
82D
  8
T9_COUNTERSINK_0_6
 10
1.648413336002361
 20
63.52137449212218
 30
0.0
  0
VERTEX
  5
82E
  8
T9_COUNTERSINK_0_6
 10
1.659359852885035
 20
63.49713683278129
 30
0.0
  0
VERTEX
  5
82F
  8
T9_COUNTERSINK_0_6
 10
1.670188029044653
 20
63.47149387735411
 30
0.0
  0
VERTEX
  5
830
  8
T9_COUNTERSINK_0_6
 10
1.680897864481215
 20
63.44444562584063
 30
0.0
  0
VERTEX
  5
831
  8
T9_COUNTERSINK_0_6
 10
1.691489359194722
 20
63.41599207824088
 30
0.0
  0
VERTEX
  5
832
  8
T9_COUNTERSINK_0_6
 10
1.701962513185172
 20
63.38613323455482
 30
0.0
  0
VERTEX
  5
833
  8
T9_COUNTERSINK_0_6
 10
1.712317326452566
 20
63.35486909478248
 30
0.0
  0
VERTEX
  5
834
  8
T9_COUNTERSINK_0_6
 10
1.722553798996904
 20
63.32219965892385
 30
0.0
  0
VERTEX
  5
835
  8
T9_COUNTERSINK_0_6
 10
1.406347386991447
 20
63.32219965892385
 30
0.0
  0
VERTEX
  5
836
  8
T9_COUNTERSINK_0_6
 10
1.398318708561621
 20
63.3464706015931
 30
0.0
  0
VERTEX
  5
837
  8
T9_COUNTERSINK_0_6
 10
1.390090330161638
 20
63.37005368880959
 30
0.0
  0
VERTEX
  5
838
  8
T9_COUNTERSINK_0_6
 10
1.381662251791498
 20
63.39294892057332
 30
0.0
  0
VERTEX
  5
839
  8
T9_COUNTERSINK_0_6
 10
1.373034473451202
 20
63.41515629688429
 30
0.0
  0
VERTEX
  5
83A
  8
T9_COUNTERSINK_0_6
 10
1.364206995140748
 20
63.43667581774249
 30
0.0
  0
VERTEX
  5
83B
  8
T9_COUNTERSINK_0_6
 10
1.355179816860137
 20
63.45750748314793
 30
0.0
  0
VERTEX
  5
83C
  8
T9_COUNTERSINK_0_6
 10
1.34595293860937
 20
63.47765129310061
 30
0.0
  0
VERTEX
  5
83D
  8
T9_COUNTERSINK_0_6
 10
1.336526360388446
 20
63.49710724760052
 30
0.0
  0
VERTEX
  5
83E
  8
T9_COUNTERSINK_0_6
 10
1.326900082197365
 20
63.51587534664768
 30
0.0
  0
VERTEX
  5
83F
  8
T9_COUNTERSINK_0_6
 10
1.317074104036127
 20
63.53395559024206
 30
0.0
  0
VERTEX
  5
840
  8
T9_COUNTERSINK_0_6
 10
1.307048425904731
 20
63.55134797838369
 30
0.0
  0
VERTEX
  5
841
  8
T9_COUNTERSINK_0_6
 10
1.29682304780318
 20
63.56805251107255
 30
0.0
  0
VERTEX
  5
842
  8
T9_COUNTERSINK_0_6
 10
1.286397969731471
 20
63.58406918830865
 30
0.0
  0
VERTEX
  5
843
  8
T9_COUNTERSINK_0_6
 10
1.275773191689606
 20
63.59939801009199
 30
0.0
  0
VERTEX
  5
844
  8
T9_COUNTERSINK_0_6
 10
1.264948713677583
 20
63.61403897642257
 30
0.0
  0
VERTEX
  5
845
  8
T9_COUNTERSINK_0_6
 10
1.253924535695404
 20
63.62799208730038
 30
0.0
  0
VERTEX
  5
846
  8
T9_COUNTERSINK_0_6
 10
1.242637789233944
 20
63.64141636307204
 30
0.0
  0
VERTEX
  5
847
  8
T9_COUNTERSINK_0_6
 10
1.23102560578408
 20
63.65447082408414
 30
0.0
  0
VERTEX
  5
848
  8
T9_COUNTERSINK_0_6
 10
1.219087985345813
 20
63.6671554703367
 30
0.0
  0
VERTEX
  5
849
  8
T9_COUNTERSINK_0_6
 10
1.206824927919142
 20
63.67947030182971
 30
0.0
  0
VERTEX
  5
84A
  8
T9_COUNTERSINK_0_6
 10
1.194236433504067
 20
63.69141531856317
 30
0.0
  0
VERTEX
  5
84B
  8
T9_COUNTERSINK_0_6
 10
1.181322502100588
 20
63.70299052053709
 30
0.0
  0
VERTEX
  5
84C
  8
T9_COUNTERSINK_0_6
 10
1.168083133708705
 20
63.71419590775144
 30
0.0
  0
VERTEX
  5
84D
  8
T9_COUNTERSINK_0_6
 10
1.154518328328419
 20
63.72503148020625
 30
0.0
  0
VERTEX
  5
84E
  8
T9_COUNTERSINK_0_6
 10
1.140628085959729
 20
63.73549723790151
 30
0.0
  0
VERTEX
  5
84F
  8
T9_COUNTERSINK_0_6
 10
1.126412406602634
 20
63.74559318083721
 30
0.0
  0
VERTEX
  5
850
  8
T9_COUNTERSINK_0_6
 10
1.111871290257136
 20
63.75531930901337
 30
0.0
  0
VERTEX
  5
851
  8
T9_COUNTERSINK_0_6
 10
1.097004736923235
 20
63.76467562242998
 30
0.0
  0
VERTEX
  5
852
  8
T9_COUNTERSINK_0_6
 10
1.081812746600929
 20
63.77366212108704
 30
0.0
  0
VERTEX
  5
853
  8
T9_COUNTERSINK_0_6
 10
1.06629531929022
 20
63.78227880498456
 30
0.0
  0
VERTEX
  5
854
  8
T9_COUNTERSINK_0_6
 10
1.050452454991106
 20
63.79052567412252
 30
0.0
  0
VERTEX
  5
855
  8
T9_COUNTERSINK_0_6
 10
1.034284153703589
 20
63.79840272850092
 30
0.0
  0
SEQEND
  5
F53
  8
T9_COUNTERSINK_0_6
  0
POLYLINE
  5
7C
  8
T9_COUNTERSINK_0_6
 66
     1
 10
0.0
 20
0.0
 30
0.0
 70
     1
  0
VERTEX
  5
856
  8
T9_COUNTERSINK_0_6
 10
1.057952298314776
 20
65.33967230558142
 30
0.0
  0
VERTEX
  5
857
  8
T9_COUNTERSINK_0_6
 10
1.057952298314776
 20
66.25515613914213
 30
0.0
  0
VERTEX
  5
858
  8
T9_COUNTERSINK_0_6
 10
1.365638178260206
 20
66.25515613914213
 30
0.0
  0
VERTEX
  5
859
  8
T9_COUNTERSINK_0_6
 10
1.365638178260206
 20
65.63505075032903
 30
0.0
  0
VERTEX
  5
85A
  8
T9_COUNTERSINK_0_6
 10
1.57391785083865
 20
65.60191534787337
 30
0.0
  0
VERTEX
  5
85B
  8
T9_COUNTERSINK_0_6
 10
1.566580726009182
 20
65.61798749732341
 30
0.0
  0
VERTEX
  5
85C
  8
T9_COUNTERSINK_0_6
 10
1.559716964071938
 20
65.63401526900229
 30
0.0
  0
VERTEX
  5
85D
  8
T9_COUNTERSINK_0_6
 10
1.553326565026918
 20
65.64999866291004
 30
0.0
  0
VERTEX
  5
85E
  8
T9_COUNTERSINK_0_6
 10
1.547409528874121
 20
65.66593767904662
 30
0.0
  0
VERTEX
  5
85F
  8
T9_COUNTERSINK_0_6
 10
1.541965855613548
 20
65.68183231741207
 30
0.0
  0
VERTEX
  5
860
  8
T9_COUNTERSINK_0_6
 10
1.536995545245199
 20
65.69768257800638
 30
0.0
  0
VERTEX
  5
861
  8
T9_COUNTERSINK_0_6
 10
1.532498597769073
 20
65.71348846082954
 30
0.0
  0
VERTEX
  5
862
  8
T9_COUNTERSINK_0_6
 10
1.528475013185172
 20
65.72924996588155
 30
0.0
  0
VERTEX
  5
863
  8
T9_COUNTERSINK_0_6
 10
1.524924791493494
 20
65.74496709316242
 30
0.0
  0
VERTEX
  5
864
  8
T9_COUNTERSINK_0_6
 10
1.521847932694039
 20
65.76063984267213
 30
0.0
  0
VERTEX
  5
865
  8
T9_COUNTERSINK_0_6
 10
1.519244436786809
 20
65.77626821441069
 30
0.0
  0
VERTEX
  5
866
  8
T9_COUNTERSINK_0_6
 10
1.517114303771802
 20
65.79185220837813
 30
0.0
  0
VERTEX
  5
867
  8
T9_COUNTERSINK_0_6
 10
1.515457533649019
 20
65.80739182457442
 30
0.0
  0
VERTEX
  5
868
  8
T9_COUNTERSINK_0_6
 10
1.51427412641846
 20
65.82288706299956
 30
0.0
  0
VERTEX
  5
869
  8
T9_COUNTERSINK_0_6
 10
1.513564082080124
 20
65.83833792365354
 30
0.0
  0
VERTEX
  5
86A
  8
T9_COUNTERSINK_0_6
 10
1.513327400634012
 20
65.85374440653639
 30
0.0
  0
VERTEX
  5
86B
  8
T9_COUNTERSINK_0_6
 10
1.513819254264213
 20
65.87947241935827
 30
0.0
  0
VERTEX
  5
86C
  8
T9_COUNTERSINK_0_6
 10
1.515294815154817
 20
65.90458653967929
 30
0.0
  0
VERTEX
  5
86D
  8
T9_COUNTERSINK_0_6
 10
1.517754083305823
 20
65.92908676749947
 30
0.0
  0
VERTEX
  5
86E
  8
T9_COUNTERSINK_0_6
 10
1.521197058717232
 20
65.95297310281879
 30
0.0
  0
VERTEX
  5
86F
  8
T9_COUNTERSINK_0_6
 10
1.525623741389043
 20
65.97624554563725
 30
0.0
  0
VERTEX
  5
870
  8
T9_COUNTERSINK_0_6
 10
1.531034131321256
 20
65.99890409595487
 30
0.0
  0
VERTEX
  5
871
  8
T9_COUNTERSINK_0_6
 10
1.537428228513872
 20
66.02094875377163
 30
0.0
  0
VERTEX
  5
872
  8
T9_COUNTERSINK_0_6
 10
1.544806032966891
 20
66.04237951908756
 30
0.0
  0
VERTEX
  5
873
  8
T9_COUNTERSINK_0_6
 10
1.553167544680311
 20
66.06319639190262
 30
0.0
  0
VERTEX
  5
874
  8
T9_COUNTERSINK_0_6
 10
1.562512763654135
 20
66.08339937221682
 30
0.0
  0
VERTEX
  5
875
  8
T9_COUNTERSINK_0_6
 10
1.572841689888361
 20
66.10298846003018
 30
0.0
  0
VERTEX
  5
876
  8
T9_COUNTERSINK_0_6
 10
1.584154323382989
 20
66.12196365534267
 30
0.0
  0
VERTEX
  5
877
  8
T9_COUNTERSINK_0_6
 10
1.596450664138019
 20
66.14032495815431
 30
0.0
  0
VERTEX
  5
878
  8
T9_COUNTERSINK_0_6
 10
1.609730712153453
 20
66.1580723684651
 30
0.0
  0
VERTEX
  5
879
  8
T9_COUNTERSINK_0_6
 10
1.623994467429288
 20
66.17520588627505
 30
0.0
  0
VERTEX
  5
87A
  8
T9_COUNTERSINK_0_6
 10
1.639241929965526
 20
66.19172551158414
 30
0.0
  0
VERTEX
  5
87B
  8
T9_COUNTERSINK_0_6
 10
1.655236418316055
 20
66.2074315444222
 30
0.0
  0
VERTEX
  5
87C
  8
T9_COUNTERSINK_0_6
 10
1.671741251034762
 20
66.22212428481913
 30
0.0
  0
VERTEX
  5
87D
  8
T9_COUNTERSINK_0_6
 10
1.688756428121648
 20
66.23580373277488
 30
0.0
  0
VERTEX
  5
87E
  8
T9_COUNTERSINK_0_6
 10
1.706281949576713
 20
66.24846988828946
 30
0.0
  0
VERTEX
  5
87F
  8
T9_COUNTERSINK_0_6
 10
1.724317815399957
 20
66.26012275136287
 30
0.0
  0
VERTEX
  5
880
  8
T9_COUNTERSINK_0_6
 10
1.742864025591379
 20
66.27076232199512
 30
0.0
  0
VERTEX
  5
881
  8
T9_COUNTERSINK_0_6
 10
1.76192058015098
 20
66.28038860018621
 30
0.0
  0
VERTEX
  5
882
  8
T9_COUNTERSINK_0_6
 10
1.78148747907876
 20
66.28900158593612
 30
0.0
  0
VERTEX
  5
883
  8
T9_COUNTERSINK_0_6
 10
1.801564722374718
 20
66.29660127924487
 30
0.0
  0
VERTEX
  5
884
  8
T9_COUNTERSINK_0_6
 10
1.822152310038855
 20
66.30318768011244
 30
0.0
  0
VERTEX
  5
885
  8
T9_COUNTERSINK_0_6
 10
1.843250242071171
 20
66.30876078853888
 30
0.0
  0
VERTEX
  5
886
  8
T9_COUNTERSINK_0_6
 10
1.864858518471666
 20
66.31332060452411
 30
0.0
  0
VERTEX
  5
887
  8
T9_COUNTERSINK_0_6
 10
1.886977139240339
 20
66.3168671280682
 30
0.0
  0
VERTEX
  5
888
  8
T9_COUNTERSINK_0_6
 10
1.909606104377191
 20
66.31940035917111
 30
0.0
  0
VERTEX
  5
889
  8
T9_COUNTERSINK_0_6
 10
1.932745413882222
 20
66.32092029783286
 30
0.0
  0
VERTEX
  5
88A
  8
T9_COUNTERSINK_0_6
 10
1.956395067755431
 20
66.32142694405344
 30
0.0
  0
VERTEX
  5
88B
  8
T9_COUNTERSINK_0_6
 10
1.973158770805823
 20
66.32116622464795
 30
0.0
  0
VERTEX
  5
88C
  8
T9_COUNTERSINK_0_6
 10
1.989841114609114
 20
66.32038406643152
 30
0.0
  0
VERTEX
  5
88D
  8
T9_COUNTERSINK_0_6
 10
2.006442099165305
 20
66.3190804694041
 30
0.0
  0
VERTEX
  5
88E
  8
T9_COUNTERSINK_0_6
 10
2.022961724474394
 20
66.31725543356572
 30
0.0
  0
VERTEX
  5
88F
  8
T9_COUNTERSINK_0_6
 10
2.039399990536383
 20
66.31490895891638
 30
0.0
  0
VERTEX
  5
890
  8
T9_COUNTERSINK_0_6
 10
2.05575689735127
 20
66.31204104545606
 30
0.0
  0
VERTEX
  5
891
  8
T9_COUNTERSINK_0_6
 10
2.072032444919057
 20
66.30865169318479
 30
0.0
  0
VERTEX
  5
892
  8
T9_COUNTERSINK_0_6
 10
2.088226633239742
 20
66.30474090210255
 30
0.0
  0
VERTEX
  5
893
  8
T9_COUNTERSINK_0_6
 10
2.104339462313327
 20
66.30030867220935
 30
0.0
  0
VERTEX
  5
894
  8
T9_COUNTERSINK_0_6
 10
2.12037093213981
 20
66.29535500350516
 30
0.0
  0
VERTEX
  5
895
  8
T9_COUNTERSINK_0_6
 10
2.136321042719193
 20
66.28987989599004
 30
0.0
  0
VERTEX
  5
896
  8
T9_COUNTERSINK_0_6
 10
2.152189794051474
 20
66.28388334966394
 30
0.0
  0
VERTEX
  5
897
  8
T9_COUNTERSINK_0_6
 10
2.167977186136656
 20
66.27736536452687
 30
0.0
  0
VERTEX
  5
898
  8
T9_COUNTERSINK_0_6
 10
2.183683218974735
 20
66.27032594057883
 30
0.0
  0
VERTEX
  5
899
  8
T9_COUNTERSINK_0_6
 10
2.199307892565714
 20
66.26276507781985
 30
0.0
  0
VERTEX
  5
89A
  8
T9_COUNTERSINK_0_6
 10
2.214851206909592
 20
66.2546827762499
 30
0.0
  0
VERTEX
  5
89B
  8
T9_COUNTERSINK_0_6
 10
2.230124556478998
 20
66.24612156456632
 30
0.0
  0
VERTEX
  5
89C
  8
T9_COUNTERSINK_0_6
 10
2.244939335746563
 20
66.23712397146647
 30
0.0
  0
VERTEX
  5
89D
  8
T9_COUNTERSINK_0_6
 10
2.259295544712285
 20
66.22768999695035
 30
0.0
  0
VERTEX
  5
89E
  8
T9_COUNTERSINK_0_6
 10
2.273193183376167
 20
66.21781964101797
 30
0.0
  0
VERTEX
  5
89F
  8
T9_COUNTERSINK_0_6
 10
2.286632251738207
 20
66.20751290366931
 30
0.0
  0
VERTEX
  5
8A0
  8
T9_COUNTERSINK_0_6
 10
2.299612749798405
 20
66.1967697849044
 30
0.0
  0
VERTEX
  5
8A1
  8
T9_COUNTERSINK_0_6
 10
2.312134677556761
 20
66.18559028472322
 30
0.0
  0
VERTEX
  5
8A2
  8
T9_COUNTERSINK_0_6
 10
2.324198035013275
 20
66.17397440312575
 30
0.0
  0
VERTEX
  5
8A3
  8
T9_COUNTERSINK_0_6
 10
2.335802822167948
 20
66.16192214011203
 30
0.0
  0
VERTEX
  5
8A4
  8
T9_COUNTERSINK_0_6
 10
2.346949039020779
 20
66.14943349568203
 30
0.0
  0
VERTEX
  5
8A5
  8
T9_COUNTERSINK_0_6
 10
2.357636685571768
 20
66.13650846983577
 30
0.0
  0
VERTEX
  5
8A6
  8
T9_COUNTERSINK_0_6
 10
2.367865761820915
 20
66.12314706257322
 30
0.0
  0
VERTEX
  5
8A7
  8
T9_COUNTERSINK_0_6
 10
2.377636267768221
 20
66.10934927389442
 30
0.0
  0
VERTEX
  5
8A8
  8
T9_COUNTERSINK_0_6
 10
2.386948203413684
 20
66.09511510379936
 30
0.0
  0
VERTEX
  5
8A9
  8
T9_COUNTERSINK_0_6
 10
2.395801568757307
 20
66.08044455228801
 30
0.0
  0
VERTEX
  5
8AA
  8
T9_COUNTERSINK_0_6
 10
2.404196363799087
 20
66.0653376193604
 30
0.0
  0
VERTEX
  5
8AB
  8
T9_COUNTERSINK_0_6
 10
2.412106701505857
 20
66.04974438002398
 30
0.0
  0
VERTEX
  5
8AC
  8
T9_COUNTERSINK_0_6
 10
2.419506694844449
 20
66.03361490928623
 30
0.0
  0
VERTEX
  5
8AD
  8
T9_COUNTERSINK_0_6
 10
2.426396343814861
 20
66.01694920714712
 30
0.0
  0
VERTEX
  5
8AE
  8
T9_COUNTERSINK_0_6
 10
2.432775648417095
 20
65.99974727360666
 30
0.0
  0
VERTEX
  5
8AF
  8
T9_COUNTERSINK_0_6
 10
2.438644608651151
 20
65.98200910866484
 30
0.0
  0
VERTEX
  5
8B0
  8
T9_COUNTERSINK_0_6
 10
2.444003224517027
 20
65.9637347123217
 30
0.0
  0
VERTEX
  5
8B1
  8
T9_COUNTERSINK_0_6
 10
2.448851496014725
 20
65.9449240845772
 30
0.0
  0
VERTEX
  5
8B2
  8
T9_COUNTERSINK_0_6
 10
2.453189423144244
 20
65.92557722543135
 30
0.0
  0
VERTEX
  5
8B3
  8
T9_COUNTERSINK_0_6
 10
2.457017005905584
 20
65.90569413488416
 30
0.0
  0
VERTEX
  5
8B4
  8
T9_COUNTERSINK_0_6
 10
2.460334244298746
 20
65.88527481293562
 30
0.0
  0
VERTEX
  5
8B5
  8
T9_COUNTERSINK_0_6
 10
2.463141138323729
 20
65.86431925958573
 30
0.0
  0
VERTEX
  5
8B6
  8
T9_COUNTERSINK_0_6
 10
2.465437687980533
 20
65.8428274748345
 30
0.0
  0
VERTEX
  5
8B7
  8
T9_COUNTERSINK_0_6
 10
2.467223893269159
 20
65.8207994586819
 30
0.0
  0
VERTEX
  5
8B8
  8
T9_COUNTERSINK_0_6
 10
2.468499754189605
 20
65.79823521112797
 30
0.0
  0
VERTEX
  5
8B9
  8
T9_COUNTERSINK_0_6
 10
2.469265270741873
 20
65.77513473217269
 30
0.0
  0
VERTEX
  5
8BA
  8
T9_COUNTERSINK_0_6
 10
2.469520442925963
 20
65.75149802181606
 30
0.0
  0
VERTEX
  5
8BB
  8
T9_COUNTERSINK_0_6
 10
2.469113646690458
 20
65.71779310463069
 30
0.0
  0
VERTEX
  5
8BC
  8
T9_COUNTERSINK_0_6
 10
2.467893257983944
 20
65.68531597244703
 30
0.0
  0
VERTEX
  5
8BD
  8
T9_COUNTERSINK_0_6
 10
2.46585927680642
 20
65.65406662526509
 30
0.0
  0
VERTEX
  5
8BE
  8
T9_COUNTERSINK_0_6
 10
2.463011703157886
 20
65.62404506308482
 30
0.0
  0
VERTEX
  5
8BF
  8
T9_COUNTERSINK_0_6
 10
2.459350537038343
 20
65.59525128590627
 30
0.0
  0
VERTEX
  5
8C0
  8
T9_COUNTERSINK_0_6
 10
2.454875778447791
 20
65.56768529372943
 30
0.0
  0
VERTEX
  5
8C1
  8
T9_COUNTERSINK_0_6
 10
2.449587427386229
 20
65.54134708655431
 30
0.0
  0
VERTEX
  5
8C2
  8
T9_COUNTERSINK_0_6
 10
2.443485483853657
 20
65.51623666438087
 30
0.0
  0
VERTEX
  5
8C3
  8
T9_COUNTERSINK_0_6
 10
2.436577344145267
 20
65.49219870501013
 30
0.0
  0
VERTEX
  5
8C4
  8
T9_COUNTERSINK_0_6
 10
2.428870404556249
 20
65.46907788624307
 30
0.0
  0
VERTEX
  5
8C5
  8
T9_COUNTERSINK_0_6
 10
2.420364665086604
 20
65.44687420807969
 30
0.0
  0
VERTEX
  5
8C6
  8
T9_COUNTERSINK_0_6
 10
2.411060125736331
 20
65.42558767052003
 30
0.0
  0
VERTEX
  5
8C7
  8
T9_COUNTERSINK_0_6
 10
2.40095678650543
 20
65.405218273564
 30
0.0
  0
VERTEX
  5
8C8
  8
T9_COUNTERSINK_0_6
 10
2.390054647393903
 20
65.3857660172117
 30
0.0
  0
VERTEX
  5
8C9
  8
T9_COUNTERSINK_0_6
 10
2.378353708401747
 20
65.36723090146305
 30
0.0
  0
VERTEX
  5
8CA
  8
T9_COUNTERSINK_0_6
 10
2.365853969528964
 20
65.34961292631812
 30
0.0
  0
VERTEX
  5
8CB
  8
T9_COUNTERSINK_0_6
 10
2.352740338155328
 20
65.33286031771053
 30
0.0
  0
VERTEX
  5
8CC
  8
T9_COUNTERSINK_0_6
 10
2.339197721660615
 20
65.31692130157391
 30
0.0
  0
VERTEX
  5
8CD
  8
T9_COUNTERSINK_0_6
 10
2.325226120044823
 20
65.30179587790833
 30
0.0
  0
VERTEX
  5
8CE
  8
T9_COUNTERSINK_0_6
 10
2.310825533307955
 20
65.28748404671374
 30
0.0
  0
VERTEX
  5
8CF
  8
T9_COUNTERSINK_0_6
 10
2.295995961450008
 20
65.27398580799017
 30
0.0
  0
VERTEX
  5
8D0
  8
T9_COUNTERSINK_0_6
 10
2.280737404470983
 20
65.2613011617376
 30
0.0
  0
VERTEX
  5
8D1
  8
T9_COUNTERSINK_0_6
 10
2.265049862370881
 20
65.24943010795607
 30
0.0
  0
VERTEX
  5
8D2
  8
T9_COUNTERSINK_0_6
 10
2.248933335149701
 20
65.23837264664553
 30
0.0
  0
VERTEX
  5
8D3
  8
T9_COUNTERSINK_0_6
 10
2.232099367294994
 20
65.22794387042623
 30
0.0
  0
VERTEX
  5
8D4
  8
T9_COUNTERSINK_0_6
 10
2.214259503294312
 20
65.21795887191838
 30
0.0
  0
VERTEX
  5
8D5
  8
T9_COUNTERSINK_0_6
 10
2.195413743147655
 20
65.208417651122
 30
0.0
  0
VERTEX
  5
8D6
  8
T9_COUNTERSINK_0_6
 10
2.175562086855022
 20
65.19932020803708
 30
0.0
  0
VERTEX
  5
8D7
  8
T9_COUNTERSINK_0_6
 10
2.154704534416414
 20
65.19066654266362
 30
0.0
  0
VERTEX
  5
8D8
  8
T9_COUNTERSINK_0_6
 10
2.13284108583183
 20
65.1824566550016
 30
0.0
  0
VERTEX
  5
8D9
  8
T9_COUNTERSINK_0_6
 10
2.10997174110127
 20
65.17469054505108
 30
0.0
  0
VERTEX
  5
8DA
  8
T9_COUNTERSINK_0_6
 10
2.086096500224735
 20
65.16736821281198
 30
0.0
  0
VERTEX
  5
8DB
  8
T9_COUNTERSINK_0_6
 10
2.043493839924599
 20
65.55741923600434
 30
0.0
  0
VERTEX
  5
8DC
  8
T9_COUNTERSINK_0_6
 10
2.055033909496351
 20
65.55934227275398
 30
0.0
  0
VERTEX
  5
8DD
  8
T9_COUNTERSINK_0_6
 10
2.066222655046529
 20
65.56156116131129
 30
0.0
  0
VERTEX
  5
8DE
  8
T9_COUNTERSINK_0_6
 10
2.077060076575136
 20
65.56407590167622
 30
0.0
  0
VERTEX
  5
8DF
  8
T9_COUNTERSINK_0_6
 10
2.08754617408217
 20
65.56688649384881
 30
0.0
  0
VERTEX
  5
8E0
  8
T9_COUNTERSINK_0_6
 10
2.097680947567633
 20
65.56999293782903
 30
0.0
  0
VERTEX
  5
8E1
  8
T9_COUNTERSINK_0_6
 10
2.107464397031523
 20
65.57339523361688
 30
0.0
  0
VERTEX
  5
8E2
  8
T9_COUNTERSINK_0_6
 10
2.11689652247384
 20
65.57709338121236
 30
0.0
  0
VERTEX
  5
8E3
  8
T9_COUNTERSINK_0_6
 10
2.125977323894585
 20
65.58108738061551
 30
0.0
  0
VERTEX
  5
8E4
  8
T9_COUNTERSINK_0_6
 10
2.134706801293758
 20
65.5853772318263
 30
0.0
  0
VERTEX
  5
8E5
  8
T9_COUNTERSINK_0_6
 10
2.143084954671359
 20
65.58996293484472
 30
0.0
  0
VERTEX
  5
8E6
  8
T9_COUNTERSINK_0_6
 10
2.151111784027387
 20
65.59484448967076
 30
0.0
  0
VERTEX
  5
8E7
  8
T9_COUNTERSINK_0_6
 10
2.158787289361842
 20
65.60002189630447
 30
0.0
  0
VERTEX
  5
8E8
  8
T9_COUNTERSINK_0_6
 10
2.166111470674727
 20
65.60549515474581
 30
0.0
  0
VERTEX
  5
8E9
  8
T9_COUNTERSINK_0_6
 10
2.173084327966038
 20
65.6112642649948
 30
0.0
  0
VERTEX
  5
8EA
  8
T9_COUNTERSINK_0_6
 10
2.179705861235777
 20
65.61732922705141
 30
0.0
  0
VERTEX
  5
8EB
  8
T9_COUNTERSINK_0_6
 10
2.185976070483944
 20
65.62369004091566
 30
0.0
  0
VERTEX
  5
8EC
  8
T9_COUNTERSINK_0_6
 10
2.191880163120157
 20
65.63027644178322
 30
0.0
  0
VERTEX
  5
8ED
  8
T9_COUNTERSINK_0_6
 10
2.197403346554033
 20
65.63701816484982
 30
0.0
  0
VERTEX
  5
8EE
  8
T9_COUNTERSINK_0_6
 10
2.202545620785573
 20
65.64391521011541
 30
0.0
  0
VERTEX
  5
8EF
  8
T9_COUNTERSINK_0_6
 10
2.207306985814776
 20
65.65096757758005
 30
0.0
  0
VERTEX
  5
8F0
  8
T9_COUNTERSINK_0_6
 10
2.211687441641644
 20
65.65817526724365
 30
0.0
  0
VERTEX
  5
8F1
  8
T9_COUNTERSINK_0_6
 10
2.215686988266174
 20
65.6655382791063
 30
0.0
  0
VERTEX
  5
8F2
  8
T9_COUNTERSINK_0_6
 10
2.219305625688369
 20
65.67305661316794
 30
0.0
  0
VERTEX
  5
8F3
  8
T9_COUNTERSINK_0_6
 10
2.222543353908228
 20
65.68073026942861
 30
0.0
  0
VERTEX
  5
8F4
  8
T9_COUNTERSINK_0_6
 10
2.22540017292575
 20
65.68855924788828
 30
0.0
  0
VERTEX
  5
8F5
  8
T9_COUNTERSINK_0_6
 10
2.227876082740936
 20
65.69654354854697
 30
0.0
  0
VERTEX
  5
8F6
  8
T9_COUNTERSINK_0_6
 10
2.229971083353786
 20
65.70468317140465
 30
0.0
  0
VERTEX
  5
8F7
  8
T9_COUNTERSINK_0_6
 10
2.231685174764299
 20
65.71297811646136
 30
0.0
  0
VERTEX
  5
8F8
  8
T9_COUNTERSINK_0_6
 10
2.233018356972476
 20
65.72142838371705
 30
0.0
  0
VERTEX
  5
8F9
  8
T9_COUNTERSINK_0_6
 10
2.233970629978316
 20
65.73003397317179
 30
0.0
  0
VERTEX
  5
8FA
  8
T9_COUNTERSINK_0_6
 10
2.234541993781821
 20
65.73879488482552
 30
0.0
  0
VERTEX
  5
8FB
  8
T9_COUNTERSINK_0_6
 10
2.234732448382989
 20
65.74771111867828
 30
0.0
  0
VERTEX
  5
8FC
  8
T9_COUNTERSINK_0_6
 10
2.234493917863079
 20
65.75766098478398
 30
0.0
  0
VERTEX
  5
8FD
  8
T9_COUNTERSINK_0_6
 10
2.23377832630335
 20
65.76739266018153
 30
0.0
  0
VERTEX
  5
8FE
  8
T9_COUNTERSINK_0_6
 10
2.232585673703802
 20
65.77690614487094
 30
0.0
  0
VERTEX
  5
8FF
  8
T9_COUNTERSINK_0_6
 10
2.230915960064435
 20
65.78620143885222
 30
0.0
  0
VERTEX
  5
900
  8
T9_COUNTERSINK_0_6
 10
2.228769185385248
 20
65.79527854212537
 30
0.0
  0
VERTEX
  5
901
  8
T9_COUNTERSINK_0_6
 10
2.226145349666242
 20
65.80413745469039
 30
0.0
  0
VERTEX
  5
902
  8
T9_COUNTERSINK_0_6
 10
2.223044452907417
 20
65.81277817654725
 30
0.0
  0
VERTEX
  5
903
  8
T9_COUNTERSINK_0_6
 10
2.219466495108773
 20
65.82120070769601
 30
0.0
  0
VERTEX
  5
904
  8
T9_COUNTERSINK_0_6
 10
2.21541147627031
 20
65.82940504813662
 30
0.0
  0
VERTEX
  5
905
  8
T9_COUNTERSINK_0_6
 10
2.210879396392027
 20
65.8373911978691
 30
0.0
  0
VERTEX
  5
906
  8
T9_COUNTERSINK_0_6
 10
2.205870255473925
 20
65.84515915689343
 30
0.0
  0
VERTEX
  5
907
  8
T9_COUNTERSINK_0_6
 10
2.200384053516003
 20
65.85270892520964
 30
0.0
  0
VERTEX
  5
908
  8
T9_COUNTERSINK_0_6
 10
2.194420790518263
 20
65.86004050281772
 30
0.0
  0
VERTEX
  5
909
  8
T9_COUNTERSINK_0_6
 10
2.187980466480703
 20
65.86715388971768
 30
0.0
  0
VERTEX
  5
90A
  8
T9_COUNTERSINK_0_6
 10
2.181063081403324
 20
65.87404908590948
 30
0.0
  0
VERTEX
  5
90B
  8
T9_COUNTERSINK_0_6
 10
2.173668635286127
 20
65.88072609139314
 30
0.0
  0
VERTEX
  5
90C
  8
T9_COUNTERSINK_0_6
 10
2.165800826276705
 20
65.88708875433122
 30
0.0
  0
VERTEX
  5
90D
  8
T9_COUNTERSINK_0_6
 10
2.157463352522655
 20
65.89304092288614
 30
0.0
  0
VERTEX
  5
90E
  8
T9_COUNTERSINK_0_6
 10
2.148656214023976
 20
65.89858259705801
 30
0.0
  0
VERTEX
  5
90F
  8
T9_COUNTERSINK_0_6
 10
2.13937941078067
 20
65.90371377684676
 30
0.0
  0
VERTEX
  5
910
  8
T9_COUNTERSINK_0_6
 10
2.129632942792735
 20
65.90843446225242
 30
0.0
  0
VERTEX
  5
911
  8
T9_COUNTERSINK_0_6
 10
2.119416810060172
 20
65.91274465327496
 30
0.0
  0
VERTEX
  5
912
  8
T9_COUNTERSINK_0_6
 10
2.108731012582981
 20
65.91664434991443
 30
0.0
  0
VERTEX
  5
913
  8
T9_COUNTERSINK_0_6
 10
2.097575550361161
 20
65.92013355217077
 30
0.0
  0
VERTEX
  5
914
  8
T9_COUNTERSINK_0_6
 10
2.085950423394713
 20
65.92321226004404
 30
0.0
  0
VERTEX
  5
915
  8
T9_COUNTERSINK_0_6
 10
2.073855631683637
 20
65.92588047353418
 30
0.0
  0
VERTEX
  5
916
  8
T9_COUNTERSINK_0_6
 10
2.061291175227932
 20
65.92813819264123
 30
0.0
  0
VERTEX
  5
917
  8
T9_COUNTERSINK_0_6
 10
2.0482570540276
 20
65.92998541736517
 30
0.0
  0
VERTEX
  5
918
  8
T9_COUNTERSINK_0_6
 10
2.034753268082639
 20
65.93142214770603
 30
0.0
  0
VERTEX
  5
919
  8
T9_COUNTERSINK_0_6
 10
2.02077981739305
 20
65.93244838366377
 30
0.0
  0
VERTEX
  5
91A
  8
T9_COUNTERSINK_0_6
 10
2.006336701958833
 20
65.93306412523843
 30
0.0
  0
VERTEX
  5
91B
  8
T9_COUNTERSINK_0_6
 10
1.991423921779987
 20
65.93326937242998
 30
0.0
  0
VERTEX
  5
91C
  8
T9_COUNTERSINK_0_6
 10
1.976180157391345
 20
65.93306227616463
 30
0.0
  0
VERTEX
  5
91D
  8
T9_COUNTERSINK_0_6
 10
1.961454133666072
 20
65.9324409873686
 30
0.0
  0
VERTEX
  5
91E
  8
T9_COUNTERSINK_0_6
 10
1.947245850604169
 20
65.93140550604186
 30
0.0
  0
VERTEX
  5
91F
  8
T9_COUNTERSINK_0_6
 10
1.933555308205635
 20
65.92995583218442
 30
0.0
  0
VERTEX
  5
920
  8
T9_COUNTERSINK_0_6
 10
1.920382506470472
 20
65.92809196579628
 30
0.0
  0
VERTEX
  5
921
  8
T9_COUNTERSINK_0_6
 10
1.907727445398678
 20
65.92581390687747
 30
0.0
  0
VERTEX
  5
922
  8
T9_COUNTERSINK_0_6
 10
1.895590124990254
 20
65.92312165542793
 30
0.0
  0
VERTEX
  5
923
  8
T9_COUNTERSINK_0_6
 10
1.883970545245199
 20
65.92001521144772
 30
0.0
  0
VERTEX
  5
924
  8
T9_COUNTERSINK_0_6
 10
1.872868706163514
 20
65.91649457493682
 30
0.0
  0
VERTEX
  5
925
  8
T9_COUNTERSINK_0_6
 10
1.862284607745199
 20
65.91255974589521
 30
0.0
  0
VERTEX
  5
926
  8
T9_COUNTERSINK_0_6
 10
1.852218249990254
 20
65.9082107243229
 30
0.0
  0
VERTEX
  5
927
  8
T9_COUNTERSINK_0_6
 10
1.842669632898678
 20
65.90344751021989
 30
0.0
  0
VERTEX
  5
928
  8
T9_COUNTERSINK_0_6
 10
1.833638756470472
 20
65.89827010358619
 30
0.0
  0
VERTEX
  5
929
  8
T9_COUNTERSINK_0_6
 10
1.825125620705636
 20
65.89267850442181
 30
0.0
  0
VERTEX
  5
92A
  8
T9_COUNTERSINK_0_6
 10
1.817130225604169
 20
65.88667271272672
 30
0.0
  0
VERTEX
  5
92B
  8
T9_COUNTERSINK_0_6
 10
1.809652571166072
 20
65.88025272850092
 30
0.0
  0
VERTEX
  5
92C
  8
T9_COUNTERSINK_0_6
 10
1.802659374062985
 20
65.87348881654876
 30
0.0
  0
VERTEX
  5
92D
  8
T9_COUNTERSINK_0_6
 10
1.796117350966549
 20
65.86645124167451
 30
0.0
  0
VERTEX
  5
92E
  8
T9_COUNTERSINK_0_6
 10
1.790026501876764
 20
65.85914000387822
 30
0.0
  0
VERTEX
  5
92F
  8
T9_COUNTERSINK_0_6
 10
1.78438682679363
 20
65.85155510315985
 30
0.0
  0
VERTEX
  5
930
  8
T9_COUNTERSINK_0_6
 10
1.779198325717146
 20
65.84369653951941
 30
0.0
  0
VERTEX
  5
931
  8
T9_COUNTERSINK_0_6
 10
1.774460998647313
 20
65.8355643129569
 30
0.0
  0
VERTEX
  5
932
  8
T9_COUNTERSINK_0_6
 10
1.770174845584131
 20
65.82715842347235
 30
0.0
  0
VERTEX
  5
933
  8
T9_COUNTERSINK_0_6
 10
1.7663398665276
 20
65.81847887106571
 30
0.0
  0
VERTEX
  5
934
  8
T9_COUNTERSINK_0_6
 10
1.76295606147772
 20
65.80952565573702
 30
0.0
  0
VERTEX
  5
935
  8
T9_COUNTERSINK_0_6
 10
1.76002343043449
 20
65.80029877748625
 30
0.0
  0
VERTEX
  5
936
  8
T9_COUNTERSINK_0_6
 10
1.757541973397911
 20
65.79079823631342
 30
0.0
  0
VERTEX
  5
937
  8
T9_COUNTERSINK_0_6
 10
1.755511690367982
 20
65.78102403221851
 30
0.0
  0
VERTEX
  5
938
  8
T9_COUNTERSINK_0_6
 10
1.753932581344704
 20
65.77097616520155
 30
0.0
  0
VERTEX
  5
939
  8
T9_COUNTERSINK_0_6
 10
1.752804646328078
 20
65.76065463526251
 30
0.0
  0
VERTEX
  5
93A
  8
T9_COUNTERSINK_0_6
 10
1.752127885318101
 20
65.75005944240144
 30
0.0
  0
VERTEX
  5
93B
  8
T9_COUNTERSINK_0_6
 10
1.751902298314776
 20
65.73919058661825
 30
0.0
  0
VERTEX
  5
93C
  8
T9_COUNTERSINK_0_6
 10
1.752331283435854
 20
65.7252855516592
 30
0.0
  0
VERTEX
  5
93D
  8
T9_COUNTERSINK_0_6
 10
1.753618238799087
 20
65.71149885742317
 30
0.0
  0
VERTEX
  5
93E
  8
T9_COUNTERSINK_0_6
 10
1.755763164404476
 20
65.69783050391021
 30
0.0
  0
VERTEX
  5
93F
  8
T9_COUNTERSINK_0_6
 10
1.75876606025202
 20
65.68428049112029
 30
0.0
  0
VERTEX
  5
940
  8
T9_COUNTERSINK_0_6
 10
1.76262692634172
 20
65.67084881905345
 30
0.0
  0
VERTEX
  5
941
  8
T9_COUNTERSINK_0_6
 10
1.767345762673576
 20
65.65753548770965
 30
0.0
  0
VERTEX
  5
942
  8
T9_COUNTERSINK_0_6
 10
1.772922569247587
 20
65.64434049708893
 30
0.0
  0
VERTEX
  5
943
  8
T9_COUNTERSINK_0_6
 10
1.779357346063753
 20
65.63126384719124
 30
0.0
  0
VERTEX
  5
944
  8
T9_COUNTERSINK_0_6
 10
1.78483060450509
 20
65.62144156717758
 30
0.0
  0
VERTEX
  5
945
  8
T9_COUNTERSINK_0_6
 10
1.791309759092402
 20
65.61138260571784
 30
0.0
  0
VERTEX
  5
946
  8
T9_COUNTERSINK_0_6
 10
1.79879480982569
 20
65.60108696281196
 30
0.0
  0
VERTEX
  5
947
  8
T9_COUNTERSINK_0_6
 10
1.807285756704953
 20
65.59055463845999
 30
0.0
  0
VERTEX
  5
948
  8
T9_COUNTERSINK_0_6
 10
1.816782599730192
 20
65.5797856326619
 30
0.0
  0
VERTEX
  5
949
  8
T9_COUNTERSINK_0_6
 10
1.827285338901406
 20
65.5687799454177
 30
0.0
  0
VERTEX
  5
94A
  8
T9_COUNTERSINK_0_6
 10
1.838793974218596
 20
65.55753757672738
 30
0.0
  0
VERTEX
  5
94B
  8
T9_COUNTERSINK_0_6
 10
1.851308505681761
 20
65.54605852659097
 30
0.0
  0
VERTEX
  5
94C
  8
T9_COUNTERSINK_0_6
 10
1.803972216459387
 20
65.21754467938769
 30
0.0
  0
SEQEND
  5
F54
  8
T9_COUNTERSINK_0_6
  0
POLYLINE
  5
7D
  8
T9_COUNTERSINK_0_6
 66
     1
 10
0.0
 20
0.0
 30
0.0
 70
     1
  0
VERTEX
  5
94D
  8
T9_COUNTERSINK_0_6
 10
1.746221943608091
 20
66.47668997270284
 30
0.0
  0
VERTEX
  5
94E
  8
T9_COUNTERSINK_0_6
 10
1.69768375641718
 20
66.47724654391597
 30
0.0
  0
VERTEX
  5
94F
  8
T9_COUNTERSINK_0_6
 10
1.65100203931921
 20
66.47891625755533
 30
0.0
  0
VERTEX
  5
950
  8
T9_COUNTERSINK_0_6
 10
1.628357357055077
 20
66.48016854278487
 30
0.0
  0
VERTEX
  5
951
  8
T9_COUNTERSINK_0_6
 10
1.606176792314179
 20
66.48169911362095
 30
0.0
  0
VERTEX
  5
952
  8
T9_COUNTERSINK_0_6
 10
1.584460345096516
 20
66.48350797006361
 30
0.0
  0
VERTEX
  5
953
  8
T9_COUNTERSINK_0_6
 10
1.563208015402088
 20
66.4855951121128
 30
0.0
  0
VERTEX
  5
954
  8
T9_COUNTERSINK_0_6
 10
1.542419803230895
 20
66.48796053976858
 30
0.0
  0
VERTEX
  5
955
  8
T9_COUNTERSINK_0_6
 10
1.522095708582938
 20
66.49060425303091
 30
0.0
  0
VERTEX
  5
956
  8
T9_COUNTERSINK_0_6
 10
1.502235731458215
 20
66.49352625189981
 30
0.0
  0
VERTEX
  5
957
  8
T9_COUNTERSINK_0_6
 10
1.482839871856727
 20
66.49672653637525
 30
0.0
  0
VERTEX
  5
958
  8
T9_COUNTERSINK_0_6
 10
1.463908129778474
 20
66.50020510645727
 30
0.0
  0
VERTEX
  5
959
  8
T9_COUNTERSINK_0_6
 10
1.445440505223456
 20
66.50396196214585
 30
0.0
  0
VERTEX
  5
95A
  8
T9_COUNTERSINK_0_6
 10
1.427436998191673
 20
66.507997103441
 30
0.0
  0
VERTEX
  5
95B
  8
T9_COUNTERSINK_0_6
 10
1.409897608683125
 20
66.51231053034269
 30
0.0
  0
VERTEX
  5
95C
  8
T9_COUNTERSINK_0_6
 10
1.392822336697812
 20
66.51690224285096
 30
0.0
  0
VERTEX
  5
95D
  8
T9_COUNTERSINK_0_6
 10
1.376211182235734
 20
66.52177224096577
 30
0.0
  0
VERTEX
  5
95E
  8
T9_COUNTERSINK_0_6
 10
1.360064145296891
 20
66.52692052468716
 30
0.0
  0
VERTEX
  5
95F
  8
T9_COUNTERSINK_0_6
 10
1.344381225881284
 20
66.53234709401508
 30
0.0
  0
VERTEX
  5
960
  8
T9_COUNTERSINK_0_6
 10
1.329162423988911
 20
66.53805194894959
 30
0.0
  0
VERTEX
  5
961
  8
T9_COUNTERSINK_0_6
 10
1.314407739619773
 20
66.54403508949065
 30
0.0
  0
VERTEX
  5
962
  8
T9_COUNTERSINK_0_6
 10
1.30011717277387
 20
66.55029651563828
 30
0.0
  0
VERTEX
  5
963
  8
T9_COUNTERSINK_0_6
 10
1.286290723451202
 20
66.55683622739247
 30
0.0
  0
VERTEX
  5
964
  8
T9_COUNTERSINK_0_6
 10
1.272928391651769
 20
66.56365422475324
 30
0.0
  0
VERTEX
  5
965
  8
T9_COUNTERSINK_0_6
 10
1.260030177375571
 20
66.57075050772053
 30
0.0
  0
VERTEX
  5
966
  8
T9_COUNTERSINK_0_6
 10
1.247596080622608
 20
66.57812507629441
 30
0.0
  0
VERTEX
  5
967
  8
T9_COUNTERSINK_0_6
 10
1.23562610139288
 20
66.58577793047483
 30
0.0
  0
VERTEX
  5
968
  8
T9_COUNTERSINK_0_6
 10
1.224120239686387
 20
66.59370907026184
 30
0.0
  0
VERTEX
  5
969
  8
T9_COUNTERSINK_0_6
 10
1.213078495503129
 20
66.6019184956554
 30
0.0
  0
VERTEX
  5
96A
  8
T9_COUNTERSINK_0_6
 10
1.202500868843106
 20
66.61040620665553
 30
0.0
  0
VERTEX
  5
96B
  8
T9_COUNTERSINK_0_6
 10
1.192387359706318
 20
66.61917220326218
 30
0.0
  0
VERTEX
  5
96C
  8
T9_COUNTERSINK_0_6
 10
1.182660306993259
 20
66.6282229572337
 30
0.0
  0
VERTEX
  5
96D
  8
T9_COUNTERSINK_0_6
 10
1.173242049604425
 20
66.63756494032837
 30
0.0
  0
VERTEX
  5
96E
  8
T9_COUNTERSINK_0_6
 10
1.164132587539814
 20
66.6471981525462
 30
0.0
  0
VERTEX
  5
96F
  8
T9_COUNTERSINK_0_6
 10
1.155331920799428
 20
66.65712259388717
 30
0.0
  0
VERTEX
  5
970
  8
T9_COUNTERSINK_0_6
 10
1.146840049383266
 20
66.66733826435129
 30
0.0
  0
VERTEX
  5
971
  8
T9_COUNTERSINK_0_6
 10
1.138656973291328
 20
66.67784516393854
 30
0.0
  0
VERTEX
  5
972
  8
T9_COUNTERSINK_0_6
 10
1.130782692523614
 20
66.68864329264895
 30
0.0
  0
VERTEX
  5
973
  8
T9_COUNTERSINK_0_6
 10
1.123217207080124
 20
66.6997326504825
 30
0.0
  0
VERTEX
  5
974
  8
T9_COUNTERSINK_0_6
 10
1.115960516960858
 20
66.71111323743919
 30
0.0
  0
VERTEX
  5
975
  8
T9_COUNTERSINK_0_6
 10
1.109012622165817
 20
66.72278505351903
 30
0.0
  0
VERTEX
  5
976
  8
T9_COUNTERSINK_0_6
 10
1.102373522694999
 20
66.73474809872202
 30
0.0
  0
VERTEX
  5
977
  8
T9_COUNTERSINK_0_6
 10
1.096043218548405
 20
66.74700237304815
 30
0.0
  0
VERTEX
  5
978
  8
T9_COUNTERSINK_0_6
 10
1.090021709726035
 20
66.75954787649742
 30
0.0
  0
VERTEX
  5
979
  8
T9_COUNTERSINK_0_6
 10
1.08430899622789
 20
66.77238460906985
 30
0.0
  0
VERTEX
  5
97A
  8
T9_COUNTERSINK_0_6
 10
1.078905078053969
 20
66.78551257076542
 30
0.0
  0
VERTEX
  5
97B
  8
T9_COUNTERSINK_0_6
 10
1.073809955204271
 20
66.79893176158414
 30
0.0
  0
VERTEX
  5
97C
  8
T9_COUNTERSINK_0_6
 10
1.069023627678798
 20
66.812642181526
 30
0.0
  0
VERTEX
  5
97D
  8
T9_COUNTERSINK_0_6
 10
1.064546095477549
 20
66.82664383059101
 30
0.0
  0
VERTEX
  5
97E
  8
T9_COUNTERSINK_0_6
 10
1.060377358600524
 20
66.84093670877915
 30
0.0
  0
VERTEX
  5
97F
  8
T9_COUNTERSINK_0_6
 10
1.056517417047723
 20
66.85552081609045
 30
0.0
  0
VERTEX
  5
980
  8
T9_COUNTERSINK_0_6
 10
1.052966270819146
 20
66.87039615252489
 30
0.0
  0
VERTEX
  5
981
  8
T9_COUNTERSINK_0_6
 10
1.049723919914793
 20
66.88556271808248
 30
0.0
  0
VERTEX
  5
982
  8
T9_COUNTERSINK_0_6
 10
1.046790364334665
 20
66.90102051276322
 30
0.0
  0
VERTEX
  5
983
  8
T9_COUNTERSINK_0_6
 10
1.04416560407876
 20
66.91676953656709
 30
0.0
  0
VERTEX
  5
984
  8
T9_COUNTERSINK_0_6
 10
1.041849639147079
 20
66.93280978949412
 30
0.0
  0
VERTEX
  5
985
  8
T9_COUNTERSINK_0_6
 10
1.039842469539623
 20
66.94914127154428
 30
0.0
  0
VERTEX
  5
986
  8
T9_COUNTERSINK_0_6
 10
1.03814409525639
 20
66.96576398271759
 30
0.0
  0
VERTEX
  5
987
  8
T9_COUNTERSINK_0_6
 10
1.036754516297382
 20
66.98267792301405
 30
0.0
  0
VERTEX
  5
988
  8
T9_COUNTERSINK_0_6
 10
1.035673732662598
 20
66.99988309243366
 30
0.0
  0
VERTEX
  5
989
  8
T9_COUNTERSINK_0_6
 10
1.034901744352037
 20
67.01737949097641
 30
0.0
  0
VERTEX
  5
98A
  8
T9_COUNTERSINK_0_6
 10
1.034438551365701
 20
67.0351671186423
 30
0.0
  0
VERTEX
  5
98B
  8
T9_COUNTERSINK_0_6
 10
1.034284153703589
 20
67.05324597543135
 30
0.0
  0
VERTEX
  5
98C
  8
T9_COUNTERSINK_0_6
 10
1.034824083252532
 20
67.08749082216568
 30
0.0
  0
VERTEX
  5
98D
  8
T9_COUNTERSINK_0_6
 10
1.03644387189936
 20
67.12016765431949
 30
0.0
  0
VERTEX
  5
98E
  8
T9_COUNTERSINK_0_6
 10
1.037658713384481
 20
67.13591806492872
 30
0.0
  0
VERTEX
  5
98F
  8
T9_COUNTERSINK_0_6
 10
1.039143519644073
 20
67.15127647189281
 30
0.0
  0
VERTEX
  5
990
  8
T9_COUNTERSINK_0_6
 10
1.040898290678137
 20
67.1662428752118
 30
0.0
  0
VERTEX
  5
991
  8
T9_COUNTERSINK_0_6
 10
1.042923026486672
 20
67.18081727488564
 30
0.0
  0
VERTEX
  5
992
  8
T9_COUNTERSINK_0_6
 10
1.045217727069679
 20
67.19499967091437
 30
0.0
  0
VERTEX
  5
993
  8
T9_COUNTERSINK_0_6
 10
1.047782392427157
 20
67.20879006329798
 30
0.0
  0
VERTEX
  5
994
  8
T9_COUNTERSINK_0_6
 10
1.050617022559106
 20
67.22218845203648
 30
0.0
  0
VERTEX
  5
995
  8
T9_COUNTERSINK_0_6
 10
1.053721617465526
 20
67.23519483712985
 30
0.0
  0
VERTEX
  5
996
  8
T9_COUNTERSINK_0_6
 10
1.057096177146418
 20
67.24780921857808
 30
0.0
  0
VERTEX
  5
997
  8
T9_COUNTERSINK_0_6
 10
1.060740701601782
 20
67.26003159638121
 30
0.0
  0
VERTEX
  5
998
  8
T9_COUNTERSINK_0_6
 10
1.064655190831616
 20
67.2718619705392
 30
0.0
  0
VERTEX
  5
999
  8
T9_COUNTERSINK_0_6
 10
1.068839644835922
 20
67.28330034105208
 30
0.0
  0
VERTEX
  5
99A
  8
T9_COUNTERSINK_0_6
 10
1.077803954607409
 20
67.30526733776935
 30
0.0
  0
VERTEX
  5
99B
  8
T9_COUNTERSINK_0_6
 10
1.087419138355704
 20
67.32619885315987
 30
0.0
  0
VERTEX
  5
99C
  8
T9_COUNTERSINK_0_6
 10
1.097685196080806
 20
67.34609488722364
 30
0.0
  0
VERTEX
  5
99D
  8
T9_COUNTERSINK_0_6
 10
1.108602127782716
 20
67.36495543996068
 30
0.0
  0
VERTEX
  5
99E
  8
T9_COUNTERSINK_0_6
 10
1.120169933461434
 20
67.382780511371
 30
0.0
  0
VERTEX
  5
99F
  8
T9_COUNTERSINK_0_6
 10
1.132388613116959
 20
67.39957010145454
 30
0.0
  0
VERTEX
  5
9A0
  8
T9_COUNTERSINK_0_6
 10
1.145258166749292
 20
67.41532421021137
 30
0.0
  0
VERTEX
  5
9A1
  8
T9_COUNTERSINK_0_6
 10
1.158778594358432
 20
67.43004283764145
 30
0.0
  0
VERTEX
  5
9A2
  8
T9_COUNTERSINK_0_6
 10
1.172713214498268
 20
67.44386651335344
 30
0.0
  0
VERTEX
  5
9A3
  8
T9_COUNTERSINK_0_6
 10
1.186825345722689
 20
67.45693576695592
 30
0.0
  0
VERTEX
  5
9A4
  8
T9_COUNTERSINK_0_6
 10
1.201114988031693
 20
67.46925059844892
 30
0.0
  0
VERTEX
  5
9A5
  8
T9_COUNTERSINK_0_6
 10
1.215582141425281
 20
67.48081100783244
 30
0.0
  0
VERTEX
  5
9A6
  8
T9_COUNTERSINK_0_6
 10
1.230226805903453
 20
67.4916169951065
 30
0.0
  0
VERTEX
  5
9A7
  8
T9_COUNTERSINK_0_6
 10
1.245048981466209
 20
67.50166856027106
 30
0.0
  0
VERTEX
  5
9A8
  8
T9_COUNTERSINK_0_6
 10
1.260048668113548
 20
67.51096570332614
 30
0.0
  0
VERTEX
  5
9A9
  8
T9_COUNTERSINK_0_6
 10
1.275225865845472
 20
67.51950842427173
 30
0.0
  0
VERTEX
  5
9AA
  8
T9_COUNTERSINK_0_6
 10
1.2908098598129
 20
67.52747423419244
 30
0.0
  0
VERTEX
  5
9AB
  8
T9_COUNTERSINK_0_6
 10
1.307029935166754
 20
67.53504064417282
 30
0.0
  0
VERTEX
  5
9AC
  8
T9_COUNTERSINK_0_6
 10
1.323886091907034
 20
67.54220765421289
 30
0.0
  0
VERTEX
  5
9AD
  8
T9_COUNTERSINK_0_6
 10
1.341378330033739
 20
67.54897526431266
 30
0.0
  0
VERTEX
  5
9AE
  8
T9_COUNTERSINK_0_6
 10
1.35950664954687
 20
67.5553434744721
 30
0.0
  0
VERTEX
  5
9AF
  8
T9_COUNTERSINK_0_6
 10
1.378271050446427
 20
67.56131228469124
 30
0.0
  0
VERTEX
  5
9B0
  8
T9_COUNTERSINK_0_6
 10
1.397671532732409
 20
67.56688169497005
 30
0.0
  0
VERTEX
  5
9B1
  8
T9_COUNTERSINK_0_6
 10
1.417708096404817
 20
67.57205170530857
 30
0.0
  0
VERTEX
  5
9B2
  8
T9_COUNTERSINK_0_6
 10
1.437167749052327
 20
67.57675205090243
 30
0.0
  0
VERTEX
  5
9B3
  8
T9_COUNTERSINK_0_6
 10
1.456730949832511
 20
67.5811491483935
 30
0.0
  0
VERTEX
  5
9B4
  8
T9_COUNTERSINK_0_6
 10
1.476397698745369
 20
67.5852429977817
 30
0.0
  0
VERTEX
  5
9B5
  8
T9_COUNTERSINK_0_6
 10
1.496167995790902
 20
67.5890335990671
 30
0.0
  0
VERTEX
  5
9B6
  8
T9_COUNTERSINK_0_6
 10
1.516041840969108
 20
67.59252095224963
 30
0.0
  0
VERTEX
  5
9B7
  8
T9_COUNTERSINK_0_6
 10
1.536019234279987
 20
67.59570505732937
 30
0.0
  0
VERTEX
  5
9B8
  8
T9_COUNTERSINK_0_6
 10
1.556100175723541
 20
67.59858591430626
 30
0.0
  0
VERTEX
  5
9B9
  8
T9_COUNTERSINK_0_6
 10
1.576284665299769
 20
67.60116352318032
 30
0.0
  0
VERTEX
  5
9BA
  8
T9_COUNTERSINK_0_6
 10
1.596572703008671
 20
67.60343788395153
 30
0.0
  0
VERTEX
  5
9BB
  8
T9_COUNTERSINK_0_6
 10
1.616964288850247
 20
67.60540899661994
 30
0.0
  0
VERTEX
  5
9BC
  8
T9_COUNTERSINK_0_6
 10
1.637459422824497
 20
67.6070768611855
 30
0.0
  0
VERTEX
  5
9BD
  8
T9_COUNTERSINK_0_6
 10
1.65805810493142
 20
67.60844147764826
 30
0.0
  0
VERTEX
  5
9BE
  8
T9_COUNTERSINK_0_6
 10
1.678760335171018
 20
67.60950284600816
 30
0.0
  0
VERTEX
  5
9BF
  8
T9_COUNTERSINK_0_6
 10
1.699566113543289
 20
67.61026096626524
 30
0.0
  0
VERTEX
  5
9C0
  8
T9_COUNTERSINK_0_6
 10
1.720475440048234
 20
67.61071583841948
 30
0.0
  0
VERTEX
  5
9C1
  8
T9_COUNTERSINK_0_6
 10
1.741488314685854
 20
67.6108674624709
 30
0.0
  0
VERTEX
  5
9C2
  8
T9_COUNTERSINK_0_6
 10
1.787914859599735
 20
67.61036821254551
 30
0.0
  0
VERTEX
  5
9C3
  8
T9_COUNTERSINK_0_6
 10
1.832758597342743
 20
67.60887046276935
 30
0.0
  0
VERTEX
  5
9C4
  8
T9_COUNTERSINK_0_6
 10
1.876019527914879
 20
67.60637421314237
 30
0.0
  0
VERTEX
  5
9C5
  8
T9_COUNTERSINK_0_6
 10
1.917697651316141
 20
67.60287946366464
 30
0.0
  0
VERTEX
  5
9C6
  8
T9_COUNTERSINK_0_6
 10
1.957792967546529
 20
67.5983862143361
 30
0.0
  0
VERTEX
  5
9C7
  8
T9_COUNTERSINK_0_6
 10
1.977247072972646
 20
67.59576515222778
 30
0.0
  0
VERTEX
  5
9C8
  8
T9_COUNTERSINK_0_6
 10
1.996305476606045
 20
67.59289446515679
 30
0.0
  0
VERTEX
  5
9C9
  8
T9_COUNTERSINK_0_6
 10
2.014968178446725
 20
67.58977415312307
 30
0.0
  0
VERTEX
  5
9CA
  8
T9_COUNTERSINK_0_6
 10
2.033235178494688
 20
67.58640421612668
 30
0.0
  0
VERTEX
  5
9CB
  8
T9_COUNTERSINK_0_6
 10
2.051106476749931
 20
67.5827846541676
 30
0.0
  0
VERTEX
  5
9CC
  8
T9_COUNTERSINK_0_6
 10
2.068582073212457
 20
67.5789154672458
 30
0.0
  0
VERTEX
  5
9CD
  8
T9_COUNTERSINK_0_6
 10
2.085661967882264
 20
67.57479665536131
 30
0.0
  0
VERTEX
  5
9CE
  8
T9_COUNTERSINK_0_6
 10
2.102346160759354
 20
67.57042821851414
 30
0.0
  0
VERTEX
  5
9CF
  8
T9_COUNTERSINK_0_6
 10
2.118634651843724
 20
67.56581015670426
 30
0.0
  0
VERTEX
  5
9D0
  8
T9_COUNTERSINK_0_6
 10
2.134527441135377
 20
67.56094246993169
 30
0.0
  0
VERTEX
  5
9D1
  8
T9_COUNTERSINK_0_6
 10
2.150024528634311
 20
67.5558251581964
 30
0.0
  0
VERTEX
  5
9D2
  8
T9_COUNTERSINK_0_6
 10
2.165125914340527
 20
67.55045822149845
 30
0.0
  0
VERTEX
  5
9D3
  8
T9_COUNTERSINK_0_6
 10
2.179831598254024
 20
67.54484165983777
 30
0.0
  0
VERTEX
  5
9D4
  8
T9_COUNTERSINK_0_6
 10
2.194141580374803
 20
67.53897547321444
 30
0.0
  0
VERTEX
  5
9D5
  8
T9_COUNTERSINK_0_6
 10
2.208055860702864
 20
67.53285966162838
 30
0.0
  0
VERTEX
  5
9D6
  8
T9_COUNTERSINK_0_6
 10
2.221574439238208
 20
67.52649422507963
 30
0.0
  0
VERTEX
  5
9D7
  8
T9_COUNTERSINK_0_6
 10
2.234697315980832
 20
67.51987916356818
 30
0.0
  0
VERTEX
  5
9D8
  8
T9_COUNTERSINK_0_6
 10
2.247424490930738
 20
67.51301447709403
 30
0.0
  0
VERTEX
  5
9D9
  8
T9_COUNTERSINK_0_6
 10
2.259755964087925
 20
67.50590016565718
 30
0.0
  0
VERTEX
  5
9DA
  8
T9_COUNTERSINK_0_6
 10
2.271691735452396
 20
67.49853622925767
 30
0.0
  0
VERTEX
  5
9DB
  8
T9_COUNTERSINK_0_6
 10
2.283231805024147
 20
67.49092266789543
 30
0.0
  0
VERTEX
  5
9DC
  8
T9_COUNTERSINK_0_6
 10
2.29437617280318
 20
67.4830594815705
 30
0.0
  0
VERTEX
  5
9DD
  8
T9_COUNTERSINK_0_6
 10
2.305151650359562
 20
67.47489119806895
 30
0.0
  0
VERTEX
  5
9DE
  8
T9_COUNTERSINK_0_6
 10
2.315585049263361
 20
67.46636234517683
 30
0.0
  0
VERTEX
  5
9DF
  8
T9_COUNTERSINK_0_6
 10
2.325676369514576
 20
67.45747292289417
 30
0.0
  0
VERTEX
  5
9E0
  8
T9_COUNTERSINK_0_6
 10
2.335425611113207
 20
67.44822293122093
 30
0.0
  0
VERTEX
  5
9E1
  8
T9_COUNTERSINK_0_6
 10
2.344832774059255
 20
67.43861237015713
 30
0.0
  0
VERTEX
  5
9E2
  8
T9_COUNTERSINK_0_6
 10
2.35389785835272
 20
67.42864123970276
 30
0.0
  0
VERTEX
  5
9E3
  8
T9_COUNTERSINK_0_6
 10
2.362620863993601
 20
67.41830953985783
 30
0.0
  0
VERTEX
  5
9E4
  8
T9_COUNTERSINK_0_6
 10
2.371001790981898
 20
67.40761727062235
 30
0.0
  0
VERTEX
  5
9E5
  8
T9_COUNTERSINK_0_6
 10
2.379040639317611
 20
67.39656443199631
 30
0.0
  0
VERTEX
  5
9E6
  8
T9_COUNTERSINK_0_6
 10
2.386737409000741
 20
67.3851510239797
 30
0.0
  0
VERTEX
  5
9E7
  8
T9_COUNTERSINK_0_6
 10
2.394092100031288
 20
67.37337704657253
 30
0.0
  0
VERTEX
  5
9E8
  8
T9_COUNTERSINK_0_6
 10
2.401104712409251
 20
67.36124249977482
 30
0.0
  0
VERTEX
  5
9E9
  8
T9_COUNTERSINK_0_6
 10
2.40777524613463
 20
67.34874738358653
 30
0.0
  0
VERTEX
  5
9EA
  8
T9_COUNTERSINK_0_6
 10
2.414103701207426
 20
67.33589169800767
 30
0.0
  0
VERTEX
  5
9EB
  8
T9_COUNTERSINK_0_6
 10
2.420090077627639
 20
67.32267544303826
 30
0.0
  0
VERTEX
  5
9EC
  8
T9_COUNTERSINK_0_6
 10
2.425734375395267
 20
67.30909861867829
 30
0.0
  0
VERTEX
  5
9ED
  8
T9_COUNTERSINK_0_6
 10
2.431036594510312
 20
67.29516122492775
 30
0.0
  0
VERTEX
  5
9EE
  8
T9_COUNTERSINK_0_6
 10
2.435996734972774
 20
67.28086326178666
 30
0.0
  0
VERTEX
  5
9EF
  8
T9_COUNTERSINK_0_6
 10
2.440614796782652
 20
67.26620472925501
 30
0.0
  0
VERTEX
  5
9F0
  8
T9_COUNTERSINK_0_6
 10
2.444890779939946
 20
67.2511856273328
 30
0.0
  0
VERTEX
  5
9F1
  8
T9_COUNTERSINK_0_6
 10
2.448824684444658
 20
67.23580595602002
 30
0.0
  0
VERTEX
  5
9F2
  8
T9_COUNTERSINK_0_6
 10
2.452416510296785
 20
67.22006571531668
 30
0.0
  0
VERTEX
  5
9F3
  8
T9_COUNTERSINK_0_6
 10
2.455666257496329
 20
67.20396490522278
 30
0.0
  0
VERTEX
  5
9F4
  8
T9_COUNTERSINK_0_6
 10
2.458573926043289
 20
67.18750352573832
 30
0.0
  0
VERTEX
  5
9F5
  8
T9_COUNTERSINK_0_6
 10
2.461139515937666
 20
67.1706815768633
 30
0.0
  0
VERTEX
  5
9F6
  8
T9_COUNTERSINK_0_6
 10
2.463363027179459
 20
67.1534990585977
 30
0.0
  0
VERTEX
  5
9F7
  8
T9_COUNTERSINK_0_6
 10
2.465244459768669
 20
67.13595597094155
 30
0.0
  0
VERTEX
  5
9F8
  8
T9_COUNTERSINK_0_6
 10
2.466783813705294
 20
67.11805231389485
 30
0.0
  0
VERTEX
  5
9F9
  8
T9_COUNTERSINK_0_6
 10
2.467981088989337
 20
67.0997880874576
 30
0.0
  0
VERTEX
  5
9FA
  8
T9_COUNTERSINK_0_6
 10
2.468836285620795
 20
67.08116329162976
 30
0.0
  0
VERTEX
  5
9FB
  8
T9_COUNTERSINK_0_6
 10
2.469349403599671
 20
67.06217792641137
 30
0.0
  0
VERTEX
  5
9FC
  8
T9_COUNTERSINK_0_6
 10
2.469520442925963
 20
67.04283199180243
 30
0.0
  0
VERTEX
  5
9FD
  8
T9_COUNTERSINK_0_6
 10
2.469302252217828
 20
67.02120152651636
 30
0.0
  0
VERTEX
  5
9FE
  8
T9_COUNTERSINK_0_6
 10
2.468647680093425
 20
67.00009619818886
 30
0.0
  0
VERTEX
  5
9FF
  8
T9_COUNTERSINK_0_6
 10
2.467556726552753
 20
66.97951600681989
 30
0.0
  0
VERTEX
  5
A00
  8
T9_COUNTERSINK_0_6
 10
2.466029391595812
 20
66.95946095240951
 30
0.0
  0
VERTEX
  5
A01
  8
T9_COUNTERSINK_0_6
 10
2.464065675222603
 20
66.93993103495768
 30
0.0
  0
VERTEX
  5
A02
  8
T9_COUNTERSINK_0_6
 10
2.461665577433125
 20
66.92092625446442
 30
0.0
  0
VERTEX
  5
A03
  8
T9_COUNTERSINK_0_6
 10
2.458829098227378
 20
66.90244661092972
 30
0.0
  0
VERTEX
  5
A04
  8
T9_COUNTERSINK_0_6
 10
2.455556237605363
 20
66.88449210435358
 30
0.0
  0
VERTEX
  5
A05
  8
T9_COUNTERSINK_0_6
 10
2.451846995567078
 20
66.867062734736
 30
0.0
  0
VERTEX
  5
A06
  8
T9_COUNTERSINK_0_6
 10
2.447701372112525
 20
66.850158502077
 30
0.0
  0
VERTEX
  5
A07
  8
T9_COUNTERSINK_0_6
 10
2.443119367241703
 20
66.83377940637652
 30
0.0
  0
VERTEX
  5
A08
  8
T9_COUNTERSINK_0_6
 10
2.438100980954612
 20
66.81792544763462
 30
0.0
  0
VERTEX
  5
A09
  8
T9_COUNTERSINK_0_6
 10
2.432646213251252
 20
66.80259662585128
 30
0.0
  0
VERTEX
  5
A0A
  8
T9_COUNTERSINK_0_6
 10
2.426755064131624
 20
66.78779294102651
 30
0.0
  0
VERTEX
  5
A0B
  8
T9_COUNTERSINK_0_6
 10
2.420427533595727
 20
66.77351439316028
 30
0.0
  0
VERTEX
  5
A0C
  8
T9_COUNTERSINK_0_6
 10
2.413663621643562
 20
66.75976098225263
 30
0.0
  0
VERTEX
  5
A0D
  8
T9_COUNTERSINK_0_6
 10
2.406478120865509
 20
66.74642176387567
 30
0.0
  0
VERTEX
  5
A0E
  8
T9_COUNTERSINK_0_6
 10
2.398885823851952
 20
66.73338579360154
 30
0.0
  0
VERTEX
  5
A0F
  8
T9_COUNTERSINK_0_6
 10
2.39088673060289
 20
66.72065307143025
 30
0.0
  0
VERTEX
  5
A10
  8
T9_COUNTERSINK_0_6
 10
2.382480841118323
 20
66.70822359736178
 30
0.0
  0
VERTEX
  5
A11
  8
T9_COUNTERSINK_0_6
 10
2.373668155398251
 20
66.69609737139615
 30
0.0
  0
VERTEX
  5
A12
  8
T9_COUNTERSINK_0_6
 10
2.364448673442675
 20
66.68427439353333
 30
0.0
  0
VERTEX
  5
A13
  8
T9_COUNTERSINK_0_6
 10
2.354822395251594
 20
66.67275466377336
 30
0.0
  0
VERTEX
  5
A14
  8
T9_COUNTERSINK_0_6
 10
2.344789320825008
 20
66.6615381821162
 30
0.0
  0
VERTEX
  5
A15
  8
T9_COUNTERSINK_0_6
 10
2.334349450162917
 20
66.6506249485619
 30
0.0
  0
VERTEX
  5
A16
  8
T9_COUNTERSINK_0_6
 10
2.323502783265321
 20
66.6400149631104
 30
0.0
  0
VERTEX
  5
A17
  8
T9_COUNTERSINK_0_6
 10
2.312249320132222
 20
66.62970822576176
 30
0.0
  0
VERTEX
  5
A18
  8
T9_COUNTERSINK_0_6
 10
2.300589060763617
 20
66.61970473651593
 30
0.0
  0
VERTEX
  5
A19
  8
T9_COUNTERSINK_0_6
 10
2.288522005159507
 20
66.61000449537295
 30
0.0
  0
VERTEX
  5
A1A
  8
T9_COUNTERSINK_0_6
 10
2.276048153319892
 20
66.60060750233278
 30
0.0
  0
VERTEX
  5
A1B
  8
T9_COUNTERSINK_0_6
 10
2.263167505244773
 20
66.59151375739546
 30
0.0
  0
VERTEX
  5
A1C
  8
T9_COUNTERSINK_0_6
 10
2.249880060934148
 20
66.58272326056095
 30
0.0
  0
VERTEX
  5
A1D
  8
T9_COUNTERSINK_0_6
 10
2.240074422584686
 20
66.57653810870748
 30
0.0
  0
VERTEX
  5
A1E
  8
T9_COUNTERSINK_0_6
 10
2.229828704671359
 20
66.570526769791
 30
0.0
  0
VERTEX
  5
A1F
  8
T9_COUNTERSINK_0_6
 10
2.219142907194167
 20
66.56468924381151
 30
0.0
  0
VERTEX
  5
A20
  8
T9_COUNTERSINK_0_6
 10
2.208017030153111
 20
66.559025530769
 30
0.0
  0
VERTEX
  5
A21
  8
T9_COUNTERSINK_0_6
 10
2.196451073548192
 20
66.55353563066349
 30
0.0
  0
VERTEX
  5
A22
  8
T9_COUNTERSINK_0_6
 10
2.184445037379407
 20
66.54821954349497
 30
0.0
  0
VERTEX
  5
A23
  8
T9_COUNTERSINK_0_6
 10
2.171998921646759
 20
66.54307726926342
 30
0.0
  0
VERTEX
  5
A24
  8
T9_COUNTERSINK_0_6
 10
2.159112726350247
 20
66.53810880796887
 30
0.0
  0
VERTEX
  5
A25
  8
T9_COUNTERSINK_0_6
 10
2.14578645148987
 20
66.53331415961131
 30
0.0
  0
VERTEX
  5
A26
  8
T9_COUNTERSINK_0_6
 10
2.132020097065628
 20
66.52869332419073
 30
0.0
  0
VERTEX
  5
A27
  8
T9_COUNTERSINK_0_6
 10
2.103167149525553
 20
66.51997309216054
 30
0.0
  0
VERTEX
  5
A28
  8
T9_COUNTERSINK_0_6
 10
2.072553883730021
 20
66.51194811187833
 30
0.0
  0
VERTEX
  5
A29
  8
T9_COUNTERSINK_0_6
 10
2.040180299679032
 20
66.50461838334404
 30
0.0
  0
VERTEX
  5
A2A
  8
T9_COUNTERSINK_0_6
 10
2.006490175084046
 20
66.49807266209999
 30
0.0
  0
VERTEX
  5
A2B
  8
T9_COUNTERSINK_0_6
 10
1.971927287656522
 20
66.4923997036885
 30
0.0
  0
VERTEX
  5
A2C
  8
T9_COUNTERSINK_0_6
 10
1.936491637396461
 20
66.48759950810955
 30
0.0
  0
VERTEX
  5
A2D
  8
T9_COUNTERSINK_0_6
 10
1.900183224303862
 20
66.48367207536313
 30
0.0
  0
VERTEX
  5
A2E
  8
T9_COUNTERSINK_0_6
 10
1.863002048378726
 20
66.48061740544927
 30
0.0
  0
VERTEX
  5
A2F
  8
T9_COUNTERSINK_0_6
 10
1.824948109621052
 20
66.47843549836793
 30
0.0
  0
VERTEX
  5
A30
  8
T9_COUNTERSINK_0_6
 10
1.78602140803084
 20
66.47712635411911
 30
0.0
  0
SEQEND
  5
F55
  8
T9_COUNTERSINK_0_6
  0
POLYLINE
  5
7E
  8
T9_COUNTERSINK_0_6
 66
     1
 10
0.0
 20
0.0
 30
0.0
 70
     1
  0
VERTEX
  5
A31
  8
T9_COUNTERSINK_0_6
 10
1.747168669392539
 20
66.85916718961961
 30
0.0
  0
VERTEX
  5
A32
  8
T9_COUNTERSINK_0_6
 10
1.779647650649999
 20
66.85935024792559
 30
0.0
  0
VERTEX
  5
A33
  8
T9_COUNTERSINK_0_6
 10
1.810813789511058
 20
66.85989942284353
 30
0.0
  0
VERTEX
  5
A34
  8
T9_COUNTERSINK_0_6
 10
1.840667085975715
 20
66.86081471437342
 30
0.0
  0
VERTEX
  5
A35
  8
T9_COUNTERSINK_0_6
 10
1.869207540043971
 20
66.86209612251525
 30
0.0
  0
VERTEX
  5
A36
  8
T9_COUNTERSINK_0_6
 10
1.896435151715825
 20
66.86374364726903
 30
0.0
  0
VERTEX
  5
A37
  8
T9_COUNTERSINK_0_6
 10
1.922349920991277
 20
66.8657572886348
 30
0.0
  0
VERTEX
  5
A38
  8
T9_COUNTERSINK_0_6
 10
1.946951847870327
 20
66.8681370466125
 30
0.0
  0
VERTEX
  5
A39
  8
T9_COUNTERSINK_0_6
 10
1.970240932352975
 20
66.87088292120215
 30
0.0
  0
VERTEX
  5
A3A
  8
T9_COUNTERSINK_0_6
 10
1.992217174439222
 20
66.87399491240376
 30
0.0
  0
VERTEX
  5
A3B
  8
T9_COUNTERSINK_0_6
 10
2.012880574129067
 20
66.87747302021732
 30
0.0
  0
VERTEX
  5
A3C
  8
T9_COUNTERSINK_0_6
 10
2.03223113142251
 20
66.88131724464284
 30
0.0
  0
VERTEX
  5
A3D
  8
T9_COUNTERSINK_0_6
 10
2.050268846319551
 20
66.88552758568032
 30
0.0
  0
VERTEX
  5
A3E
  8
T9_COUNTERSINK_0_6
 10
2.066993718820191
 20
66.89010404332976
 30
0.0
  0
VERTEX
  5
A3F
  8
T9_COUNTERSINK_0_6
 10
2.082405748924428
 20
66.89504661759113
 30
0.0
  0
VERTEX
  5
A40
  8
T9_COUNTERSINK_0_6
 10
2.096504936632265
 20
66.90035530846447
 30
0.0
  0
VERTEX
  5
A41
  8
T9_COUNTERSINK_0_6
 10
2.109291281943698
 20
66.90603011594976
 30
0.0
  0
VERTEX
  5
A42
  8
T9_COUNTERSINK_0_6
 10
2.121042145928393
 20
66.91205254930904
 30
0.0
  0
VERTEX
  5
A43
  8
T9_COUNTERSINK_0_6
 10
2.132034889656011
 20
66.9184041178043
 30
0.0
  0
VERTEX
  5
A44
  8
T9_COUNTERSINK_0_6
 10
2.142269513126552
 20
66.92508482143558
 30
0.0
  0
VERTEX
  5
A45
  8
T9_COUNTERSINK_0_6
 10
2.151746016340015
 20
66.93209466020284
 30
0.0
  0
VERTEX
  5
A46
  8
T9_COUNTERSINK_0_6
 10
2.160464399296401
 20
66.93943363410611
 30
0.0
  0
VERTEX
  5
A47
  8
T9_COUNTERSINK_0_6
 10
2.168424661995711
 20
66.94710174314537
 30
0.0
  0
VERTEX
  5
A48
  8
T9_COUNTERSINK_0_6
 10
2.175626804437943
 20
66.95509898732064
 30
0.0
  0
VERTEX
  5
A49
  8
T9_COUNTERSINK_0_6
 10
2.182070826623098
 20
66.9634253666319
 30
0.0
  0
VERTEX
  5
A4A
  8
T9_COUNTERSINK_0_6
 10
2.187756728551176
 20
66.97208088107917
 30
0.0
  0
VERTEX
  5
A4B
  8
T9_COUNTERSINK_0_6
 10
2.192684510222177
 20
66.98106553066242
 30
0.0
  0
VERTEX
  5
A4C
  8
T9_COUNTERSINK_0_6
 10
2.196854171636101
 20
66.99037931538169
 30
0.0
  0
VERTEX
  5
A4D
  8
T9_COUNTERSINK_0_6
 10
2.200265712792948
 20
67.00002223523694
 30
0.0
  0
VERTEX
  5
A4E
  8
T9_COUNTERSINK_0_6
 10
2.202919133692717
 20
67.0099942902282
 30
0.0
  0
VERTEX
  5
A4F
  8
T9_COUNTERSINK_0_6
 10
2.20481443433541
 20
67.02029548035546
 30
0.0
  0
VERTEX
  5
A50
  8
T9_COUNTERSINK_0_6
 10
2.205951614721026
 20
67.03092580561874
 30
0.0
  0
VERTEX
  5
A51
  8
T9_COUNTERSINK_0_6
 10
2.206330674849565
 20
67.04188526601799
 30
0.0
  0
VERTEX
  5
A52
  8
T9_COUNTERSINK_0_6
 10
2.20616980542916
 20
67.04916137141211
 30
0.0
  0
VERTEX
  5
A53
  8
T9_COUNTERSINK_0_6
 10
2.205687197167948
 20
67.05631543793561
 30
0.0
  0
VERTEX
  5
A54
  8
T9_COUNTERSINK_0_6
 10
2.204882850065927
 20
67.06334746558845
 30
0.0
  0
VERTEX
  5
A55
  8
T9_COUNTERSINK_0_6
 10
2.203756764123098
 20
67.07025745437063
 30
0.0
  0
VERTEX
  5
A56
  8
T9_COUNTERSINK_0_6
 10
2.202308939339461
 20
67.07704540428217
 30
0.0
  0
VERTEX
  5
A57
  8
T9_COUNTERSINK_0_6
 10
2.200539375715015
 20
67.08371131532306
 30
0.0
  0
VERTEX
  5
A58
  8
T9_COUNTERSINK_0_6
 10
2.198448073249761
 20
67.09025518749328
 30
0.0
  0
VERTEX
  5
A59
  8
T9_COUNTERSINK_0_6
 10
2.196035031943698
 20
67.09667702079287
 30
0.0
  0
VERTEX
  5
A5A
  8
T9_COUNTERSINK_0_6
 10
2.193300251796828
 20
67.10297681522178
 30
0.0
  0
VERTEX
  5
A5B
  8
T9_COUNTERSINK_0_6
 10
2.190243732809148
 20
67.10915457078008
 30
0.0
  0
VERTEX
  5
A5C
  8
T9_COUNTERSINK_0_6
 10
2.186865474980661
 20
67.1152102874677
 30
0.0
  0
VERTEX
  5
A5D
  8
T9_COUNTERSINK_0_6
 10
2.183165478311365
 20
67.12114396528469
 30
0.0
  0
VERTEX
  5
A5E
  8
T9_COUNTERSINK_0_6
 10
2.179143742801261
 20
67.126955604231
 30
0.0
  0
VERTEX
  5
A5F
  8
T9_COUNTERSINK_0_6
 10
2.174800268450348
 20
67.1326452043067
 30
0.0
  0
VERTEX
  5
A60
  8
T9_COUNTERSINK_0_6
 10
2.170135055258628
 20
67.1382127655117
 30
0.0
  0
VERTEX
  5
A61
  8
T9_COUNTERSINK_0_6
 10
2.165148103226099
 20
67.14365828784608
 30
0.0
  0
VERTEX
  5
A62
  8
T9_COUNTERSINK_0_6
 10
2.159813525319593
 20
67.14895403520285
 30
0.0
  0
VERTEX
  5
A63
  8
T9_COUNTERSINK_0_6
 10
2.154105434505943
 20
67.154072271475
 30
0.0
  0
VERTEX
  5
A64
  8
T9_COUNTERSINK_0_6
 10
2.148023830785146
 20
67.1590129966626
 30
0.0
  0
VERTEX
  5
A65
  8
T9_COUNTERSINK_0_6
 10
2.141568714157204
 20
67.1637762107656
 30
0.0
  0
VERTEX
  5
A66
  8
T9_COUNTERSINK_0_6
 10
2.134740084622118
 20
67.16836191378403
 30
0.0
  0
VERTEX
  5
A67
  8
T9_COUNTERSINK_0_6
 10
2.127537942179885
 20
67.17277010571786
 30
0.0
  0
VERTEX
  5
A68
  8
T9_COUNTERSINK_0_6
 10
2.119962286830507
 20
67.1770007865671
 30
0.0
  0
VERTEX
  5
A69
  8
T9_COUNTERSINK_0_6
 10
2.112013118573985
 20
67.18105395633177
 30
0.0
  0
VERTEX
  5
A6A
  8
T9_COUNTERSINK_0_6
 10
2.103690437410316
 20
67.18492961501187
 30
0.0
  0
VERTEX
  5
A6B
  8
T9_COUNTERSINK_0_6
 10
2.094994243339503
 20
67.18862776260735
 30
0.0
  0
VERTEX
  5
A6C
  8
T9_COUNTERSINK_0_6
 10
2.07648131647644
 20
67.1954915245446
 30
0.0
  0
VERTEX
  5
A6D
  8
T9_COUNTERSINK_0_6
 10
2.056474337984797
 20
67.20164524214351
 30
0.0
  0
VERTEX
  5
A6E
  8
T9_COUNTERSINK_0_6
 10
2.034973307864571
 20
67.20708891540407
 30
0.0
  0
VERTEX
  5
A6F
  8
T9_COUNTERSINK_0_6
 10
2.023460974399786
 20
67.20955373077648
 30
0.0
  0
VERTEX
  5
A70
  8
T9_COUNTERSINK_0_6
 10
2.011172029939946
 20
67.21185952580225
 30
0.0
  0
VERTEX
  5
A71
  8
T9_COUNTERSINK_0_6
 10
1.984264308035103
 20
67.21599405481402
 30
0.0
  0
VERTEX
  5
A72
  8
T9_COUNTERSINK_0_6
 10
1.954250142150042
 20
67.21949250243937
 30
0.0
  0
VERTEX
  5
A73
  8
T9_COUNTERSINK_0_6
 10
1.921129532284762
 20
67.22235486867828
 30
0.0
  0
VERTEX
  5
A74
  8
T9_COUNTERSINK_0_6
 10
1.884902478439265
 20
67.22458115353076
 30
0.0
  0
VERTEX
  5
A75
  8
T9_COUNTERSINK_0_6
 10
1.845568980613548
 20
67.22617135699682
 30
0.0
  0
VERTEX
  5
A76
  8
T9_COUNTERSINK_0_6
 10
1.803129038807614
 20
67.22712547907646
 30
0.0
  0
VERTEX
  5
A77
  8
T9_COUNTERSINK_0_6
 10
1.757582653021461
 20
67.22744351976968
 30
0.0
  0
VERTEX
  5
A78
  8
T9_COUNTERSINK_0_6
 10
1.723735357153666
 20
67.22726046146371
 30
0.0
  0
VERTEX
  5
A79
  8
T9_COUNTERSINK_0_6
 10
1.691304451814946
 20
67.22671128654576
 30
0.0
  0
VERTEX
  5
A7A
  8
T9_COUNTERSINK_0_6
 10
1.660289937005303
 20
67.22579599501589
 30
0.0
  0
VERTEX
  5
A7B
  8
T9_COUNTERSINK_0_6
 10
1.630691812724735
 20
67.22451458687405
 30
0.0
  0
VERTEX
  5
A7C
  8
T9_COUNTERSINK_0_6
 10
1.602510078973243
 20
67.22286706212026
 30
0.0
  0
VERTEX
  5
A7D
  8
T9_COUNTERSINK_0_6
 10
1.575744735750826
 20
67.22085342075451
 30
0.0
  0
VERTEX
  5
A7E
  8
T9_COUNTERSINK_0_6
 10
1.550395783057485
 20
67.2184736627768
 30
0.0
  0
VERTEX
  5
A7F
  8
T9_COUNTERSINK_0_6
 10
1.526463220893221
 20
67.21572778818714
 30
0.0
  0
VERTEX
  5
A80
  8
T9_COUNTERSINK_0_6
 10
1.503947049258031
 20
67.21261579698553
 30
0.0
  0
VERTEX
  5
A81
  8
T9_COUNTERSINK_0_6
 10
1.482847268151918
 20
67.20913768917197
 30
0.0
  0
VERTEX
  5
A82
  8
T9_COUNTERSINK_0_6
 10
1.46316387757488
 20
67.20529346474645
 30
0.0
  0
VERTEX
  5
A83
  8
T9_COUNTERSINK_0_6
 10
1.444896877526918
 20
67.20108312370897
 30
0.0
  0
VERTEX
  5
A84
  8
T9_COUNTERSINK_0_6
 10
1.428046268008031
 20
67.19650666605955
 30
0.0
  0
VERTEX
  5
A85
  8
T9_COUNTERSINK_0_6
 10
1.412612049018221
 20
67.19156409179816
 30
0.0
  0
VERTEX
  5
A86
  8
T9_COUNTERSINK_0_6
 10
1.398594220557486
 20
67.18625540092482
 30
0.0
  0
VERTEX
  5
A87
  8
T9_COUNTERSINK_0_6
 10
1.385992782625826
 20
67.18058059343953
 30
0.0
  0
VERTEX
  5
A88
  8
T9_COUNTERSINK_0_6
 10
1.374471203792053
 20
67.1745396693423
 30
0.0
  0
VERTEX
  5
A89
  8
T9_COUNTERSINK_0_6
 10
1.363692952624974
 20
67.16813262863309
 30
0.0
  0
VERTEX
  5
A8A
  8
T9_COUNTERSINK_0_6
 10
1.35365802912459
 20
67.16135947131193
 30
0.0
  0
VERTEX
  5
A8B
  8
T9_COUNTERSINK_0_6
 10
1.344366433290902
 20
67.15422019737882
 30
0.0
  0
VERTEX
  5
A8C
  8
T9_COUNTERSINK_0_6
 10
1.335818165123908
 20
67.14671480683376
 30
0.0
  0
VERTEX
  5
A8D
  8
T9_COUNTERSINK_0_6
 10
1.328013224623609
 20
67.13884329967674
 30
0.0
  0
VERTEX
  5
A8E
  8
T9_COUNTERSINK_0_6
 10
1.320951611790006
 20
67.13060567590776
 30
0.0
  0
VERTEX
  5
A8F
  8
T9_COUNTERSINK_0_6
 10
1.314633326623098
 20
67.12200193552684
 30
0.0
  0
VERTEX
  5
A90
  8
T9_COUNTERSINK_0_6
 10
1.309058369122885
 20
67.11303207853396
 30
0.0
  0
VERTEX
  5
A91
  8
T9_COUNTERSINK_0_6
 10
1.304226739289366
 20
67.10369610492913
 30
0.0
  0
VERTEX
  5
A92
  8
T9_COUNTERSINK_0_6
 10
1.300138437122544
 20
67.09399401471234
 30
0.0
  0
VERTEX
  5
A93
  8
T9_COUNTERSINK_0_6
 10
1.296793462622416
 20
67.0839258078836
 30
0.0
  0
VERTEX
  5
A94
  8
T9_COUNTERSINK_0_6
 10
1.294191815788983
 20
67.07349148444291
 30
0.0
  0
VERTEX
  5
A95
  8
T9_COUNTERSINK_0_6
 10
1.292333496622245
 20
67.06269104439025
 30
0.0
  0
VERTEX
  5
A96
  8
T9_COUNTERSINK_0_6
 10
1.291218505122202
 20
67.05152448772564
 30
0.0
  0
VERTEX
  5
A97
  8
T9_COUNTERSINK_0_6
 10
1.290846841288855
 20
67.03999181444908
 30
0.0
  0
VERTEX
  5
A98
  8
T9_COUNTERSINK_0_6
 10
1.291225901417393
 20
67.02824649768579
 30
0.0
  0
VERTEX
  5
A99
  8
T9_COUNTERSINK_0_6
 10
1.292363081803009
 20
67.01691537345317
 30
0.0
  0
VERTEX
  5
A9A
  8
T9_COUNTERSINK_0_6
 10
1.294258382445702
 20
67.00599844175127
 30
0.0
  0
VERTEX
  5
A9B
  8
T9_COUNTERSINK_0_6
 10
1.296911803345472
 20
66.99549570258006
 30
0.0
  0
VERTEX
  5
A9C
  8
T9_COUNTERSINK_0_6
 10
1.300323344502318
 20
66.98540715593954
 30
0.0
  0
VERTEX
  5
A9D
  8
T9_COUNTERSINK_0_6
 10
1.304493005916242
 20
66.97573280182971
 30
0.0
  0
VERTEX
  5
A9E
  8
T9_COUNTERSINK_0_6
 10
1.309420787587243
 20
66.96647264025057
 30
0.0
  0
VERTEX
  5
A9F
  8
T9_COUNTERSINK_0_6
 10
1.315106689515321
 20
66.95762667120215
 30
0.0
  0
VERTEX
  5
AA0
  8
T9_COUNTERSINK_0_6
 10
1.321550711700477
 20
66.94919489468441
 30
0.0
  0
VERTEX
  5
AA1
  8
T9_COUNTERSINK_0_6
 10
1.328752854142709
 20
66.94117731069737
 30
0.0
  0
VERTEX
  5
AA2
  8
T9_COUNTERSINK_0_6
 10
1.336713116842018
 20
66.93357391924103
 30
0.0
  0
VERTEX
  5
AA3
  8
T9_COUNTERSINK_0_6
 10
1.345431499798405
 20
66.92638472031538
 30
0.0
  0
VERTEX
  5
AA4
  8
T9_COUNTERSINK_0_6
 10
1.354908003011868
 20
66.91960971392044
 30
0.0
  0
VERTEX
  5
AA5
  8
T9_COUNTERSINK_0_6
 10
1.365142626482409
 20
66.91324890005617
 30
0.0
  0
VERTEX
  5
AA6
  8
T9_COUNTERSINK_0_6
 10
1.376135370210027
 20
66.90730227872263
 30
0.0
  0
VERTEX
  5
AA7
  8
T9_COUNTERSINK_0_6
 10
1.387886234194721
 20
66.90176984991976
 30
0.0
  0
VERTEX
  5
AA8
  8
T9_COUNTERSINK_0_6
 10
1.400661485063369
 20
66.89661093402404
 30
0.0
  0
VERTEX
  5
AA9
  8
T9_COUNTERSINK_0_6
 10
1.414727389442845
 20
66.8917848514119
 30
0.0
  0
VERTEX
  5
AAA
  8
T9_COUNTERSINK_0_6
 10
1.430083947333151
 20
66.88729160208338
 30
0.0
  0
VERTEX
  5
AAB
  8
T9_COUNTERSINK_0_6
 10
1.446731158734285
 20
66.88313118603844
 30
0.0
  0
VERTEX
  5
AAC
  8
T9_COUNTERSINK_0_6
 10
1.464669023646247
 20
66.87930360327711
 30
0.0
  0
VERTEX
  5
AAD
  8
T9_COUNTERSINK_0_6
 10
1.483897542069039
 20
66.87580885379936
 30
0.0
  0
VERTEX
  5
AAE
  8
T9_COUNTERSINK_0_6
 10
1.504416714002659
 20
66.87264693760521
 30
0.0
  0
VERTEX
  5
AAF
  8
T9_COUNTERSINK_0_6
 10
1.526226539447109
 20
66.86981785469465
 30
0.0
  0
VERTEX
  5
AB0
  8
T9_COUNTERSINK_0_6
 10
1.549327018402387
 20
66.86732160506769
 30
0.0
  0
VERTEX
  5
AB1
  8
T9_COUNTERSINK_0_6
 10
1.573718150868493
 20
66.86515818872431
 30
0.0
  0
VERTEX
  5
AB2
  8
T9_COUNTERSINK_0_6
 10
1.599399936845429
 20
66.86332760566455
 30
0.0
  0
VERTEX
  5
AB3
  8
T9_COUNTERSINK_0_6
 10
1.626372376333193
 20
66.86182985588837
 30
0.0
  0
VERTEX
  5
AB4
  8
T9_COUNTERSINK_0_6
 10
1.654635469331786
 20
66.86066493939579
 30
0.0
  0
VERTEX
  5
AB5
  8
T9_COUNTERSINK_0_6
 10
1.684189215841208
 20
66.8598328561868
 30
0.0
  0
VERTEX
  5
AB6
  8
T9_COUNTERSINK_0_6
 10
1.715033615861459
 20
66.8593336062614
 30
0.0
  0
SEQEND
  5
F56
  8
T9_COUNTERSINK_0_6
  0
POLYLINE
  5
7F
  8
T9_COUNTERSINK_0_6
 66
     1
 10
0.0
 20
0.0
 30
0.0
 70
     1
  0
VERTEX
  5
AB7
  8
T9_COUNTERSINK_0_6
 10
1.790718055477122
 20
67.73299508866464
 30
0.0
  0
VERTEX
  5
AB8
  8
T9_COUNTERSINK_0_6
 10
1.790718055477122
 20
68.29345675305754
 30
0.0
  0
VERTEX
  5
AB9
  8
T9_COUNTERSINK_0_6
 10
2.088936677578078
 20
68.29345675305754
 30
0.0
  0
VERTEX
  5
ABA
  8
T9_COUNTERSINK_0_6
 10
2.088936677578078
 20
67.73299508866464
 30
0.0
  0
SEQEND
  5
F57
  8
T9_COUNTERSINK_0_6
  0
POLYLINE
  5
80
  8
T9_COUNTERSINK_0_6
 66
     1
 10
0.0
 20
0.0
 30
0.0
 70
     1
  0
VERTEX
  5
ABB
  8
T9_COUNTERSINK_0_6
 10
1.370371807182443
 20
69.53177407911484
 30
0.0
  0
VERTEX
  5
ABC
  8
T9_COUNTERSINK_0_6
 10
1.417708096404817
 20
69.14835013641361
 30
0.0
  0
VERTEX
  5
ABD
  8
T9_COUNTERSINK_0_6
 10
1.398329803004408
 20
69.1442451925826
 30
0.0
  0
VERTEX
  5
ABE
  8
T9_COUNTERSINK_0_6
 10
1.380430768642197
 20
69.13950416736517
 30
0.0
  0
VERTEX
  5
ABF
  8
T9_COUNTERSINK_0_6
 10
1.364010993318187
 20
69.13412706076132
 30
0.0
  0
VERTEX
  5
AC0
  8
T9_COUNTERSINK_0_6
 10
1.349070477032375
 20
69.12811387277104
 30
0.0
  0
VERTEX
  5
AC1
  8
T9_COUNTERSINK_0_6
 10
1.342154941028793
 20
69.124868748256
 30
0.0
  0
VERTEX
  5
AC2
  8
T9_COUNTERSINK_0_6
 10
1.335609219784762
 20
69.12146460339434
 30
0.0
  0
VERTEX
  5
AC3
  8
T9_COUNTERSINK_0_6
 10
1.329433313300281
 20
69.11790143818608
 30
0.0
  0
VERTEX
  5
AC4
  8
T9_COUNTERSINK_0_6
 10
1.323627221575349
 20
69.1141792526312
 30
0.0
  0
VERTEX
  5
AC5
  8
T9_COUNTERSINK_0_6
 10
1.318190944609967
 20
69.11029804672972
 30
0.0
  0
VERTEX
  5
AC6
  8
T9_COUNTERSINK_0_6
 10
1.313124482404135
 20
69.10625782048164
 30
0.0
  0
VERTEX
  5
AC7
  8
T9_COUNTERSINK_0_6
 10
1.308427834957852
 20
69.10205857388696
 30
0.0
  0
VERTEX
  5
AC8
  8
T9_COUNTERSINK_0_6
 10
1.30410100227112
 20
69.09770030694567
 30
0.0
  0
VERTEX
  5
AC9
  8
T9_COUNTERSINK_0_6
 10
1.296334892320574
 20
69.08856588238478
 30
0.0
  0
VERTEX
  5
ACA
  8
T9_COUNTERSINK_0_6
 10
1.289604263696768
 20
69.07891371716053
 30
0.0
  0
VERTEX
  5
ACB
  8
T9_COUNTERSINK_0_6
 10
1.283909116399701
 20
69.06874381127291
 30
0.0
  0
VERTEX
  5
ACC
  8
T9_COUNTERSINK_0_6
 10
1.279249450429373
 20
69.05805616472193
 30
0.0
  0
VERTEX
  5
ACD
  8
T9_COUNTERSINK_0_6
 10
1.275625265785785
 20
69.04685077750757
 30
0.0
  0
VERTEX
  5
ACE
  8
T9_COUNTERSINK_0_6
 10
1.273036562468937
 20
69.03512764962986
 30
0.0
  0
VERTEX
  5
ACF
  8
T9_COUNTERSINK_0_6
 10
1.271483340478828
 20
69.02288678108874
 30
0.0
  0
VERTEX
  5
AD0
  8
T9_COUNTERSINK_0_6
 10
1.270965599815458
 20
69.01012817188428
 30
0.0
  0
VERTEX
  5
AD1
  8
T9_COUNTERSINK_0_6
 10
1.271335414575008
 20
68.99857515879594
 30
0.0
  0
VERTEX
  5
AD2
  8
T9_COUNTERSINK_0_6
 10
1.272444858853657
 20
68.98734758269602
 30
0.0
  0
VERTEX
  5
AD3
  8
T9_COUNTERSINK_0_6
 10
1.274293932651406
 20
68.97644544358448
 30
0.0
  0
VERTEX
  5
AD4
  8
T9_COUNTERSINK_0_6
 10
1.276882635968255
 20
68.96586874146136
 30
0.0
  0
VERTEX
  5
AD5
  8
T9_COUNTERSINK_0_6
 10
1.280210968804203
 20
68.95561747632665
 30
0.0
  0
VERTEX
  5
AD6
  8
T9_COUNTERSINK_0_6
 10
1.284278931159251
 20
68.94569164818033
 30
0.0
  0
VERTEX
  5
AD7
  8
T9_COUNTERSINK_0_6
 10
1.289086523033398
 20
68.93609125702241
 30
0.0
  0
VERTEX
  5
AD8
  8
T9_COUNTERSINK_0_6
 10
1.294633744426645
 20
68.9268163028529
 30
0.0
  0
VERTEX
  5
AD9
  8
T9_COUNTERSINK_0_6
 10
1.300920595338992
 20
68.9178667856718
 30
0.0
  0
VERTEX
  5
ADA
  8
T9_COUNTERSINK_0_6
 10
1.307947075770438
 20
68.9092427054791
 30
0.0
  0
VERTEX
  5
ADB
  8
T9_COUNTERSINK_0_6
 10
1.315713185720984
 20
68.9009440622748
 30
0.0
  0
VERTEX
  5
ADC
  8
T9_COUNTERSINK_0_6
 10
1.324218925190629
 20
68.89297085605891
 30
0.0
  0
VERTEX
  5
ADD
  8
T9_COUNTERSINK_0_6
 10
1.333464294179374
 20
68.88532308683142
 30
0.0
  0
VERTEX
  5
ADE
  8
T9_COUNTERSINK_0_6
 10
1.343449292687218
 20
68.87800075459234
 30
0.0
  0
VERTEX
  5
ADF
  8
T9_COUNTERSINK_0_6
 10
1.354173920714162
 20
68.87100385934164
 30
0.0
  0
VERTEX
  5
AE0
  8
T9_COUNTERSINK_0_6
 10
1.365638178260206
 20
68.86433240107937
 30
0.0
  0
VERTEX
  5
AE1
  8
T9_COUNTERSINK_0_6
 10
1.374765206525895
 20
68.85967643325662
 30
0.0
  0
VERTEX
  5
AE2
  8
T9_COUNTERSINK_0_6
 10
1.385105227202907
 20
68.8551757876329
 30
0.0
  0
VERTEX
  5
AE3
  8
T9_COUNTERSINK_0_6
 10
1.396658240291242
 20
68.85083046420819
 30
0.0
  0
VERTEX
  5
AE4
  8
T9_COUNTERSINK_0_6
 10
1.409424245790901
 20
68.84664046298249
 30
0.0
  0
VERTEX
  5
AE5
  8
T9_COUNTERSINK_0_6
 10
1.423403243701884
 20
68.8426057839558
 30
0.0
  0
VERTEX
  5
AE6
  8
T9_COUNTERSINK_0_6
 10
1.438595234024189
 20
68.83872642712814
 30
0.0
  0
VERTEX
  5
AE7
  8
T9_COUNTERSINK_0_6
 10
1.455000216757818
 20
68.83500239249946
 30
0.0
  0
VERTEX
  5
AE8
  8
T9_COUNTERSINK_0_6
 10
1.472618191902771
 20
68.83143368006981
 30
0.0
  0
VERTEX
  5
AE9
  8
T9_COUNTERSINK_0_6
 10
1.491449159459046
 20
68.82802028983915
 30
0.0
  0
VERTEX
  5
AEA
  8
T9_COUNTERSINK_0_6
 10
1.511493119426645
 20
68.82476222180753
 30
0.0
  0
VERTEX
  5
AEB
  8
T9_COUNTERSINK_0_6
 10
1.532750071805567
 20
68.82165947597491
 30
0.0
  0
VERTEX
  5
AEC
  8
T9_COUNTERSINK_0_6
 10
1.555220016595813
 20
68.8187120523413
 30
0.0
  0
VERTEX
  5
AED
  8
T9_COUNTERSINK_0_6
 10
1.603798883410274
 20
68.81328317167112
 30
0.0
  0
VERTEX
  5
AEE
  8
T9_COUNTERSINK_0_6
 10
1.657229719870028
 20
68.80847557979696
 30
0.0
  0
VERTEX
  5
AEF
  8
T9_COUNTERSINK_0_6
 10
1.640284807587456
 20
68.82581249572468
 30
0.0
  0
VERTEX
  5
AF0
  8
T9_COUNTERSINK_0_6
 10
1.624478924764298
 20
68.84326775237541
 30
0.0
  0
VERTEX
  5
AF1
  8
T9_COUNTERSINK_0_6
 10
1.609812071400553
 20
68.86084134974922
 30
0.0
  0
VERTEX
  5
AF2
  8
T9_COUNTERSINK_0_6
 10
1.596284247496222
 20
68.87853328784607
 30
0.0
  0
VERTEX
  5
AF3
  8
T9_COUNTERSINK_0_6
 10
1.583895453051304
 20
68.89634356666599
 30
0.0
  0
VERTEX
  5
AF4
  8
T9_COUNTERSINK_0_6
 10
1.572645688065799
 20
68.91427218620896
 30
0.0
  0
VERTEX
  5
AF5
  8
T9_COUNTERSINK_0_6
 10
1.562534952539707
 20
68.93231914647501
 30
0.0
  0
VERTEX
  5
AF6
  8
T9_COUNTERSINK_0_6
 10
1.55356324647303
 20
68.95048444746409
 30
0.0
  0
VERTEX
  5
AF7
  8
T9_COUNTERSINK_0_6
 10
1.549493435044184
 20
68.95968543868169
 30
0.0
  0
VERTEX
  5
AF8
  8
T9_COUNTERSINK_0_6
 10
1.545686192094619
 20
68.96906394098387
 30
0.0
  0
VERTEX
  5
AF9
  8
T9_COUNTERSINK_0_6
 10
1.542141517624334
 20
68.97861995437063
 30
0.0
  0
VERTEX
  5
AFA
  8
T9_COUNTERSINK_0_6
 10
1.53885941163333
 20
68.98835347884199
 30
0.0
  0
VERTEX
  5
AFB
  8
T9_COUNTERSINK_0_6
 10
1.535839874121606
 20
68.9982645143979
 30
0.0
  0
VERTEX
  5
AFC
  8
T9_COUNTERSINK_0_6
 10
1.533082905089162
 20
69.00835306103843
 30
0.0
  0
VERTEX
  5
AFD
  8
T9_COUNTERSINK_0_6
 10
1.528356672462116
 20
69.02906268757323
 30
0.0
  0
VERTEX
  5
AFE
  8
T9_COUNTERSINK_0_6
 10
1.52468071375219
 20
69.05048235844635
 30
0.0
  0
VERTEX
  5
AFF
  8
T9_COUNTERSINK_0_6
 10
1.522055028959387
 20
69.07261207365781
 30
0.0
  0
VERTEX
  5
B00
  8
T9_COUNTERSINK_0_6
 10
1.520479618083705
 20
69.09545183320759
 30
0.0
  0
VERTEX
  5
B01
  8
T9_COUNTERSINK_0_6
 10
1.519954481125144
 20
69.11900163709574
 30
0.0
  0
VERTEX
  5
B02
  8
T9_COUNTERSINK_0_6
 10
1.520472221788514
 20
69.14197268088516
 30
0.0
  0
VERTEX
  5
B03
  8
T9_COUNTERSINK_0_6
 10
1.522025443778623
 20
69.16449624881555
 30
0.0
  0
VERTEX
  5
B04
  8
T9_COUNTERSINK_0_6
 10
1.524614147095472
 20
69.18657234088687
 30
0.0
  0
VERTEX
  5
B05
  8
T9_COUNTERSINK_0_6
 10
1.52823833173906
 20
69.20820095709914
 30
0.0
  0
VERTEX
  5
B06
  8
T9_COUNTERSINK_0_6
 10
1.532897997709387
 20
69.22938209745236
 30
0.0
  0
VERTEX
  5
B07
  8
T9_COUNTERSINK_0_6
 10
1.538593145006454
 20
69.25011576194652
 30
0.0
  0
VERTEX
  5
B08
  8
T9_COUNTERSINK_0_6
 10
1.54532377363026
 20
69.27040195058163
 30
0.0
  0
VERTEX
  5
B09
  8
T9_COUNTERSINK_0_6
 10
1.553089883580806
 20
69.29024066335768
 30
0.0
  0
VERTEX
  5
B0A
  8
T9_COUNTERSINK_0_6
 10
1.561891474858091
 20
69.30963190027467
 30
0.0
  0
VERTEX
  5
B0B
  8
T9_COUNTERSINK_0_6
 10
1.571728547462115
 20
69.32857566133261
 30
0.0
  0
VERTEX
  5
B0C
  8
T9_COUNTERSINK_0_6
 10
1.58260110139288
 20
69.34707194653149
 30
0.0
  0
VERTEX
  5
B0D
  8
T9_COUNTERSINK_0_6
 10
1.594509136650383
 20
69.36512075587132
 30
0.0
  0
VERTEX
  5
B0E
  8
T9_COUNTERSINK_0_6
 10
1.607452653234626
 20
69.38272208935209
 30
0.0
  0
VERTEX
  5
B0F
  8
T9_COUNTERSINK_0_6
 10
1.621431651145608
 20
69.39987594697381
 30
0.0
  0
VERTEX
  5
B10
  8
T9_COUNTERSINK_0_6
 10
1.63644613038333
 20
69.41658232873647
 30
0.0
  0
VERTEX
  5
B11
  8
T9_COUNTERSINK_0_6
 10
1.652496090947791
 20
69.43284123464008
 30
0.0
  0
VERTEX
  5
B12
  8
T9_COUNTERSINK_0_6
 10
1.669341153245284
 20
69.44837530361497
 30
0.0
  0
VERTEX
  5
B13
  8
T9_COUNTERSINK_0_6
 10
1.686740937682102
 20
69.46290717459148
 30
0.0
  0
VERTEX
  5
B14
  8
T9_COUNTERSINK_0_6
 10
1.704695444258244
 20
69.4764368475696
 30
0.0
  0
VERTEX
  5
B15
  8
T9_COUNTERSINK_0_6
 10
1.723204672973712
 20
69.48896432254935
 30
0.0
  0
VERTEX
  5
B16
  8
T9_COUNTERSINK_0_6
 10
1.742268623828504
 20
69.50048959953072
 30
0.0
  0
VERTEX
  5
B17
  8
T9_COUNTERSINK_0_6
 10
1.76188729682262
 20
69.51101267851371
 30
0.0
  0
VERTEX
  5
B18
  8
T9_COUNTERSINK_0_6
 10
1.782060691956062
 20
69.52053355949832
 30
0.0
  0
VERTEX
  5
B19
  8
T9_COUNTERSINK_0_6
 10
1.802788809228828
 20
69.52905224248455
 30
0.0
  0
VERTEX
  5
B1A
  8
T9_COUNTERSINK_0_6
 10
1.824071648640919
 20
69.5365687274724
 30
0.0
  0
VERTEX
  5
B1B
  8
T9_COUNTERSINK_0_6
 10
1.845909210192334
 20
69.54308301446187
 30
0.0
  0
VERTEX
  5
B1C
  8
T9_COUNTERSINK_0_6
 10
1.868301493883074
 20
69.54859510345295
 30
0.0
  0
VERTEX
  5
B1D
  8
T9_COUNTERSINK_0_6
 10
1.891248499713139
 20
69.55310499444566
 30
0.0
  0
VERTEX
  5
B1E
  8
T9_COUNTERSINK_0_6
 10
1.914750227682528
 20
69.55661268743998
 30
0.0
  0
VERTEX
  5
B1F
  8
T9_COUNTERSINK_0_6
 10
1.938806677791242
 20
69.55911818243594
 30
0.0
  0
VERTEX
  5
B20
  8
T9_COUNTERSINK_0_6
 10
1.963417850039281
 20
69.56062147943351
 30
0.0
  0
VERTEX
  5
B21
  8
T9_COUNTERSINK_0_6
 10
1.988583744426645
 20
69.5611225784327
 30
0.0
  0
VERTEX
  5
B22
  8
T9_COUNTERSINK_0_6
 10
2.005650695579868
 20
69.56086925532242
 30
0.0
  0
VERTEX
  5
B23
  8
T9_COUNTERSINK_0_6
 10
2.022532739353316
 20
69.56010928599154
 30
0.0
  0
VERTEX
  5
B24
  8
T9_COUNTERSINK_0_6
 10
2.039229875746989
 20
69.55884267044009
 30
0.0
  0
VERTEX
  5
B25
  8
T9_COUNTERSINK_0_6
 10
2.055742104760888
 20
69.55706940866804
 30
0.0
  0
VERTEX
  5
B26
  8
T9_COUNTERSINK_0_6
 10
2.072069426395011
 20
69.55478950067543
 30
0.0
  0
VERTEX
  5
B27
  8
T9_COUNTERSINK_0_6
 10
2.08821184064936
 20
69.55200294646222
 30
0.0
  0
VERTEX
  5
B28
  8
T9_COUNTERSINK_0_6
 10
2.104169347523934
 20
69.54870974602844
 30
0.0
  0
VERTEX
  5
B29
  8
T9_COUNTERSINK_0_6
 10
2.119941947018733
 20
69.54490989937405
 30
0.0
  0
VERTEX
  5
B2A
  8
T9_COUNTERSINK_0_6
 10
2.135529639133756
 20
69.54060340649909
 30
0.0
  0
VERTEX
  5
B2B
  8
T9_COUNTERSINK_0_6
 10
2.150932423869005
 20
69.53579026740356
 30
0.0
  0
VERTEX
  5
B2C
  8
T9_COUNTERSINK_0_6
 10
2.166150301224479
 20
69.53047048208744
 30
0.0
  0
VERTEX
  5
B2D
  8
T9_COUNTERSINK_0_6
 10
2.181183271200179
 20
69.52464405055072
 30
0.0
  0
VERTEX
  5
B2E
  8
T9_COUNTERSINK_0_6
 10
2.196031333796102
 20
69.51831097279342
 30
0.0
  0
VERTEX
  5
B2F
  8
T9_COUNTERSINK_0_6
 10
2.210694489012252
 20
69.51147124881555
 30
0.0
  0
VERTEX
  5
B30
  8
T9_COUNTERSINK_0_6
 10
2.225172736848626
 20
69.50412487861709
 30
0.0
  0
VERTEX
  5
B31
  8
T9_COUNTERSINK_0_6
 10
2.239466077305226
 20
69.49627186219806
 30
0.0
  0
VERTEX
  5
B32
  8
T9_COUNTERSINK_0_6
 10
2.253450622437601
 20
69.48796952084618
 30
0.0
  0
VERTEX
  5
B33
  8
T9_COUNTERSINK_0_6
 10
2.267002484301304
 20
69.47927517584915
 30
0.0
  0
VERTEX
  5
B34
  8
T9_COUNTERSINK_0_6
 10
2.280121662896333
 20
69.47018882720701
 30
0.0
  0
VERTEX
  5
B35
  8
T9_COUNTERSINK_0_6
 10
2.292808158222688
 20
69.46071047491975
 30
0.0
  0
VERTEX
  5
B36
  8
T9_COUNTERSINK_0_6
 10
2.305061970280371
 20
69.45084011898736
 30
0.0
  0
VERTEX
  5
B37
  8
T9_COUNTERSINK_0_6
 10
2.31688309906938
 20
69.44057775940985
 30
0.0
  0
VERTEX
  5
B38
  8
T9_COUNTERSINK_0_6
 10
2.328271544589716
 20
69.42992339618722
 30
0.0
  0
VERTEX
  5
B39
  8
T9_COUNTERSINK_0_6
 10
2.339227306841379
 20
69.41887702931948
 30
0.0
  0
VERTEX
  5
B3A
  8
T9_COUNTERSINK_0_6
 10
2.349750385824368
 20
69.4074386588066
 30
0.0
  0
VERTEX
  5
B3B
  8
T9_COUNTERSINK_0_6
 10
2.359840781538685
 20
69.3956082846486
 30
0.0
  0
VERTEX
  5
B3C
  8
T9_COUNTERSINK_0_6
 10
2.369498493984327
 20
69.38338590684549
 30
0.0
  0
VERTEX
  5
B3D
  8
T9_COUNTERSINK_0_6
 10
2.378723523161297
 20
69.37077152539723
 30
0.0
  0
VERTEX
  5
B3E
  8
T9_COUNTERSINK_0_6
 10
2.387515869069594
 20
69.35776514030388
 30
0.0
  0
VERTEX
  5
B3F
  8
T9_COUNTERSINK_0_6
 10
2.395875531709217
 20
69.34436675156539
 30
0.0
  0
VERTEX
  5
B40
  8
T9_COUNTERSINK_0_6
 10
2.403802511080166
 20
69.33057635918178
 30
0.0
  0
VERTEX
  5
B41
  8
T9_COUNTERSINK_0_6
 10
2.411296807182443
 20
69.31639396315303
 30
0.0
  0
VERTEX
  5
B42
  8
T9_COUNTERSINK_0_6
 10
2.41834732557326
 20
69.30178812922462
 30
0.0
  0
VERTEX
  5
B43
  8
T9_COUNTERSINK_0_6
 10
2.42494297180983
 20
69.28672742314195
 30
0.0
  0
VERTEX
  5
B44
  8
T9_COUNTERSINK_0_6
 10
2.431083745892154
 20
69.27121184490505
 30
0.0
  0
VERTEX
  5
B45
  8
T9_COUNTERSINK_0_6
 10
2.436769647820233
 20
69.25524139451389
 30
0.0
  0
VERTEX
  5
B46
  8
T9_COUNTERSINK_0_6
 10
2.442000677594065
 20
69.2388160719685
 30
0.0
  0
VERTEX
  5
B47
  8
T9_COUNTERSINK_0_6
 10
2.44677683521365
 20
69.22193587726883
 30
0.0
  0
VERTEX
  5
B48
  8
T9_COUNTERSINK_0_6
 10
2.451098120678989
 20
69.20460081041493
 30
0.0
  0
VERTEX
  5
B49
  8
T9_COUNTERSINK_0_6
 10
2.454964533990083
 20
69.18681087140678
 30
0.0
  0
VERTEX
  5
B4A
  8
T9_COUNTERSINK_0_6
 10
2.45837607514693
 20
69.1685660602444
 30
0.0
  0
VERTEX
  5
B4B
  8
T9_COUNTERSINK_0_6
 10
2.46133274414953
 20
69.14986637692776
 30
0.0
  0
VERTEX
  5
B4C
  8
T9_COUNTERSINK_0_6
 10
2.463834540997885
 20
69.13071182145688
 30
0.0
  0
VERTEX
  5
B4D
  8
T9_COUNTERSINK_0_6
 10
2.465881465691993
 20
69.11110239383174
 30
0.0
  0
VERTEX
  5
B4E
  8
T9_COUNTERSINK_0_6
 10
2.467473518231854
 20
69.09103809405238
 30
0.0
  0
VERTEX
  5
B4F
  8
T9_COUNTERSINK_0_6
 10
2.46861069861747
 20
69.07051892211875
 30
0.0
  0
VERTEX
  5
B50
  8
T9_COUNTERSINK_0_6
 10
2.469293006848839
 20
69.04954487803089
 30
0.0
  0
VERTEX
  5
B51
  8
T9_COUNTERSINK_0_6
 10
2.469520442925963
 20
69.02811596178877
 30
0.0
  0
VERTEX
  5
B52
  8
T9_COUNTERSINK_0_6
 10
2.4692430818563
 20
69.00240274155728
 30
0.0
  0
VERTEX
  5
B53
  8
T9_COUNTERSINK_0_6
 10
2.468410998647314
 20
68.97733299900739
 30
0.0
  0
VERTEX
  5
B54
  8
T9_COUNTERSINK_0_6
 10
2.467024193299002
 20
68.95290673413913
 30
0.0
  0
VERTEX
  5
B55
  8
T9_COUNTERSINK_0_6
 10
2.465082665811365
 20
68.92912394695247
 30
0.0
  0
VERTEX
  5
B56
  8
T9_COUNTERSINK_0_6
 10
2.462586416184404
 20
68.90598463744745
 30
0.0
  0
VERTEX
  5
B57
  8
T9_COUNTERSINK_0_6
 10
2.459535444418119
 20
68.88348880562404
 30
0.0
  0
VERTEX
  5
B58
  8
T9_COUNTERSINK_0_6
 10
2.455929750512508
 20
68.86163645148224
 30
0.0
  0
VERTEX
  5
B59
  8
T9_COUNTERSINK_0_6
 10
2.451769334467573
 20
68.84042757502206
 30
0.0
  0
VERTEX
  5
B5A
  8
T9_COUNTERSINK_0_6
 10
2.447054196283313
 20
68.8198621762435
 30
0.0
  0
VERTEX
  5
B5B
  8
T9_COUNTERSINK_0_6
 10
2.441784335959728
 20
68.79994025514655
 30
0.0
  0
VERTEX
  5
B5C
  8
T9_COUNTERSINK_0_6
 10
2.435959753496819
 20
68.78066181173122
 30
0.0
  0
VERTEX
  5
B5D
  8
T9_COUNTERSINK_0_6
 10
2.429580448894585
 20
68.76202684599751
 30
0.0
  0
VERTEX
  5
B5E
  8
T9_COUNTERSINK_0_6
 10
2.422646422153026
 20
68.74403535794542
 30
0.0
  0
VERTEX
  5
B5F
  8
T9_COUNTERSINK_0_6
 10
2.415157673272143
 20
68.72668734757494
 30
0.0
  0
VERTEX
  5
B60
  8
T9_COUNTERSINK_0_6
 10
2.407114202251935
 20
68.70998281488606
 30
0.0
  0
VERTEX
  5
B61
  8
T9_COUNTERSINK_0_6
 10
2.398516009092402
 20
68.69392175987882
 30
0.0
  0
VERTEX
  5
B62
  8
T9_COUNTERSINK_0_6
 10
2.38930947065341
 20
68.67838029460874
 30
0.0
  0
VERTEX
  5
B63
  8
T9_COUNTERSINK_0_6
 10
2.379440963794824
 20
68.66323453113138
 30
0.0
  0
VERTEX
  5
B64
  8
T9_COUNTERSINK_0_6
 10
2.368910488516644
 20
68.64848446944674
 30
0.0
  0
VERTEX
  5
B65
  8
T9_COUNTERSINK_0_6
 10
2.357718044818869
 20
68.6341301095548
 30
0.0
  0
VERTEX
  5
B66
  8
T9_COUNTERSINK_0_6
 10
2.3458636327015
 20
68.6201714514556
 30
0.0
  0
VERTEX
  5
B67
  8
T9_COUNTERSINK_0_6
 10
2.333347252164537
 20
68.60660849514912
 30
0.0
  0
VERTEX
  5
B68
  8
T9_COUNTERSINK_0_6
 10
2.32016890320798
 20
68.59344124063534
 30
0.0
  0
VERTEX
  5
B69
  8
T9_COUNTERSINK_0_6
 10
2.306328585831829
 20
68.5806696879143
 30
0.0
  0
VERTEX
  5
B6A
  8
T9_COUNTERSINK_0_6
 10
2.291826300036084
 20
68.56829383698596
 30
0.0
  0
VERTEX
  5
B6B
  8
T9_COUNTERSINK_0_6
 10
2.276662045820744
 20
68.55631368785035
 30
0.0
  0
VERTEX
  5
B6C
  8
T9_COUNTERSINK_0_6
 10
2.260835823185811
 20
68.54472924050745
 30
0.0
  0
VERTEX
  5
B6D
  8
T9_COUNTERSINK_0_6
 10
2.244347632131284
 20
68.53354049495726
 30
0.0
  0
VERTEX
  5
B6E
  8
T9_COUNTERSINK_0_6
 10
2.227197472657162
 20
68.5227474511998
 30
0.0
  0
VERTEX
  5
B6F
  8
T9_COUNTERSINK_0_6
 10
2.209385344763446
 20
68.51235010923506
 30
0.0
  0
VERTEX
  5
B70
  8
T9_COUNTERSINK_0_6
 10
2.190911248450136
 20
68.50234846906304
 30
0.0
  0
VERTEX
  5
B71
  8
T9_COUNTERSINK_0_6
 10
2.171775183717231
 20
68.49274253068373
 30
0.0
  0
VERTEX
  5
B72
  8
T9_COUNTERSINK_0_6
 10
2.151914282055609
 20
68.48362844593461
 30
0.0
  0
VERTEX
  5
B73
  8
T9_COUNTERSINK_0_6
 10
2.131265674956147
 20
68.47510236665319
 30
0.0
  0
VERTEX
  5
B74
  8
T9_COUNTERSINK_0_6
 10
2.109829362418843
 20
68.46716429283946
 30
0.0
  0
VERTEX
  5
B75
  8
T9_COUNTERSINK_0_6
 10
2.087605344443698
 20
68.45981422449341
 30
0.0
  0
VERTEX
  5
B76
  8
T9_COUNTERSINK_0_6
 10
2.064593621030712
 20
68.45305216161505
 30
0.0
  0
VERTEX
  5
B77
  8
T9_COUNTERSINK_0_6
 10
2.040794192179885
 20
68.44687810420436
 30
0.0
  0
VERTEX
  5
B78
  8
T9_COUNTERSINK_0_6
 10
2.016207057891217
 20
68.44129205226136
 30
0.0
  0
VERTEX
  5
B79
  8
T9_COUNTERSINK_0_6
 10
1.990832218164708
 20
68.43629400578605
 30
0.0
  0
VERTEX
  5
B7A
  8
T9_COUNTERSINK_0_6
 10
1.964669673000357
 20
68.43188396477842
 30
0.0
  0
VERTEX
  5
B7B
  8
T9_COUNTERSINK_0_6
 10
1.937719422398166
 20
68.42806192923848
 30
0.0
  0
VERTEX
  5
B7C
  8
T9_COUNTERSINK_0_6
 10
1.909981466358134
 20
68.42482789916622
 30
0.0
  0
VERTEX
  5
B7D
  8
T9_COUNTERSINK_0_6
 10
1.88145580488026
 20
68.42218187456164
 30
0.0
  0
VERTEX
  5
B7E
  8
T9_COUNTERSINK_0_6
 10
1.852142437964546
 20
68.42012385542475
 30
0.0
  0
VERTEX
  5
B7F
  8
T9_COUNTERSINK_0_6
 10
1.82204136561099
 20
68.41865384175553
 30
0.0
  0
VERTEX
  5
B80
  8
T9_COUNTERSINK_0_6
 10
1.791152587819594
 20
68.417771833554
 30
0.0
  0
VERTEX
  5
B81
  8
T9_COUNTERSINK_0_6
 10
1.759476104590356
 20
68.41747783082016
 30
0.0
  0
VERTEX
  5
B82
  8
T9_COUNTERSINK_0_6
 10
1.736181935154764
 20
68.41763222848226
 30
0.0
  0
VERTEX
  5
B83
  8
T9_COUNTERSINK_0_6
 10
1.713280693901193
 20
68.4180954214686
 30
0.0
  0
VERTEX
  5
B84
  8
T9_COUNTERSINK_0_6
 10
1.690772380829644
 20
68.41886740977915
 30
0.0
  0
VERTEX
  5
B85
  8
T9_COUNTERSINK_0_6
 10
1.668656995940117
 20
68.41994819341394
 30
0.0
  0
VERTEX
  5
B86
  8
T9_COUNTERSINK_0_6
 10
1.646934539232611
 20
68.42133777237295
 30
0.0
  0
VERTEX
  5
B87
  8
T9_COUNTERSINK_0_6
 10
1.625605010707128
 20
68.42303614665619
 30
0.0
  0
VERTEX
  5
B88
  8
T9_COUNTERSINK_0_6
 10
1.604668410363665
 20
68.42504331626364
 30
0.0
  0
VERTEX
  5
B89
  8
T9_COUNTERSINK_0_6
 10
1.584124738202225
 20
68.42735928119534
 30
0.0
  0
VERTEX
  5
B8A
  8
T9_COUNTERSINK_0_6
 10
1.563973994222806
 20
68.42998404145123
 30
0.0
  0
VERTEX
  5
B8B
  8
T9_COUNTERSINK_0_6
 10
1.544216178425409
 20
68.43291759703138
 30
0.0
  0
VERTEX
  5
B8C
  8
T9_COUNTERSINK_0_6
 10
1.524851290810033
 20
68.43615994793572
 30
0.0
  0
VERTEX
  5
B8D
  8
T9_COUNTERSINK_0_6
 10
1.505879331376679
 20
68.4397110941643
 30
0.0
  0
VERTEX
  5
B8E
  8
T9_COUNTERSINK_0_6
 10
1.487300300125347
 20
68.4435710357171
 30
0.0
  0
VERTEX
  5
B8F
  8
T9_COUNTERSINK_0_6
 10
1.469114197056036
 20
68.44773977259413
 30
0.0
  0
VERTEX
  5
B90
  8
T9_COUNTERSINK_0_6
 10
1.451321022168747
 20
68.45221730479537
 30
0.0
  0
VERTEX
  5
B91
  8
T9_COUNTERSINK_0_6
 10
1.43392077546348
 20
68.45700363232085
 30
0.0
  0
VERTEX
  5
B92
  8
T9_COUNTERSINK_0_6
 10
1.416913456940234
 20
68.46209875517054
 30
0.0
  0
VERTEX
  5
B93
  8
T9_COUNTERSINK_0_6
 10
1.40029906659901
 20
68.46750267334446
 30
0.0
  0
VERTEX
  5
B94
  8
T9_COUNTERSINK_0_6
 10
1.384077604439808
 20
68.47321538684261
 30
0.0
  0
VERTEX
  5
B95
  8
T9_COUNTERSINK_0_6
 10
1.368249070462627
 20
68.47923689566497
 30
0.0
  0
VERTEX
  5
B96
  8
T9_COUNTERSINK_0_6
 10
1.352813464667468
 20
68.48556719981156
 30
0.0
  0
VERTEX
  5
B97
  8
T9_COUNTERSINK_0_6
 10
1.337770787054331
 20
68.49220629928239
 30
0.0
  0
VERTEX
  5
B98
  8
T9_COUNTERSINK_0_6
 10
1.323121037623215
 20
68.49915419407742
 30
0.0
  0
VERTEX
  5
B99
  8
T9_COUNTERSINK_0_6
 10
1.308864216374121
 20
68.5064108841967
 30
0.0
  0
VERTEX
  5
B9A
  8
T9_COUNTERSINK_0_6
 10
1.295000323307049
 20
68.51397636964018
 30
0.0
  0
VERTEX
  5
B9B
  8
T9_COUNTERSINK_0_6
 10
1.281529358421998
 20
68.5218506504079
 30
0.0
  0
VERTEX
  5
B9C
  8
T9_COUNTERSINK_0_6
 10
1.268451321718969
 20
68.53003372649982
 30
0.0
  0
VERTEX
  5
B9D
  8
T9_COUNTERSINK_0_6
 10
1.255766213197962
 20
68.53852559791599
 30
0.0
  0
VERTEX
  5
B9E
  8
T9_COUNTERSINK_0_6
 10
1.243474032858976
 20
68.54732626465638
 30
0.0
  0
VERTEX
  5
B9F
  8
T9_COUNTERSINK_0_6
 10
1.231574780702012
 20
68.55643572672099
 30
0.0
  0
VERTEX
  5
BA0
  8
T9_COUNTERSINK_0_6
 10
1.220068456727069
 20
68.56585398410982
 30
0.0
  0
VERTEX
  5
BA1
  8
T9_COUNTERSINK_0_6
 10
1.208955060934148
 20
68.57558103682288
 30
0.0
  0
VERTEX
  5
BA2
  8
T9_COUNTERSINK_0_6
 10
1.198208706290081
 20
68.58558175245801
 30
0.0
  0
VERTEX
  5
BA3
  8
T9_COUNTERSINK_0_6
 10
1.187803505761698
 20
68.59582099861305
 30
0.0
  0
VERTEX
  5
BA4
  8
T9_COUNTERSINK_0_6
 10
1.177739459349
 20
68.60629877528798
 30
0.0
  0
VERTEX
  5
BA5
  8
T9_COUNTERSINK_0_6
 10
1.168016567051986
 20
68.61701508248285
 30
0.0
  0
VERTEX
  5
BA6
  8
T9_COUNTERSINK_0_6
 10
1.158634828870657
 20
68.62796992019761
 30
0.0
  0
VERTEX
  5
BA7
  8
T9_COUNTERSINK_0_6
 10
1.149594244805013
 20
68.63916328843229
 30
0.0
  0
VERTEX
  5
BA8
  8
T9_COUNTERSINK_0_6
 10
1.140894814855054
 20
68.65059518718687
 30
0.0
  0
VERTEX
  5
BA9
  8
T9_COUNTERSINK_0_6
 10
1.132536539020779
 20
68.66226561646135
 30
0.0
  0
VERTEX
  5
BAA
  8
T9_COUNTERSINK_0_6
 10
1.124519417302189
 20
68.67417457625575
 30
0.0
  0
VERTEX
  5
BAB
  8
T9_COUNTERSINK_0_6
 10
1.116843449699283
 20
68.68632206657009
 30
0.0
  0
VERTEX
  5
BAC
  8
T9_COUNTERSINK_0_6
 10
1.109508636212063
 20
68.6987080874043
 30
0.0
  0
VERTEX
  5
BAD
  8
T9_COUNTERSINK_0_6
 10
1.102514976840526
 20
68.71133263875844
 30
0.0
  0
VERTEX
  5
BAE
  8
T9_COUNTERSINK_0_6
 10
1.095862471584675
 20
68.72419572063248
 30
0.0
  0
VERTEX
  5
BAF
  8
T9_COUNTERSINK_0_6
 10
1.089551120444508
 20
68.73729733302643
 30
0.0
  0
VERTEX
  5
BB0
  8
T9_COUNTERSINK_0_6
 10
1.083580923420026
 20
68.75063747594028
 30
0.0
  0
VERTEX
  5
BB1
  8
T9_COUNTERSINK_0_6
 10
1.077951880511229
 20
68.76421614937405
 30
0.0
  0
VERTEX
  5
BB2
  8
T9_COUNTERSINK_0_6
 10
1.072663991718116
 20
68.77803335332773
 30
0.0
  0
VERTEX
  5
BB3
  8
T9_COUNTERSINK_0_6
 10
1.067717257040688
 20
68.79208908780133
 30
0.0
  0
VERTEX
  5
BB4
  8
T9_COUNTERSINK_0_6
 10
1.063111676478945
 20
68.80638335279482
 30
0.0
  0
VERTEX
  5
BB5
  8
T9_COUNTERSINK_0_6
 10
1.058847250032886
 20
68.82091614830823
 30
0.0
  0
VERTEX
  5
BB6
  8
T9_COUNTERSINK_0_6
 10
1.054923977702513
 20
68.83568747434154
 30
0.0
  0
VERTEX
  5
BB7
  8
T9_COUNTERSINK_0_6
 10
1.051341859487823
 20
68.85069733089477
 30
0.0
  0
VERTEX
  5
BB8
  8
T9_COUNTERSINK_0_6
 10
1.048100895388819
 20
68.86594571796789
 30
0.0
  0
VERTEX
  5
BB9
  8
T9_COUNTERSINK_0_6
 10
1.045201085405499
 20
68.88143263556094
 30
0.0
  0
VERTEX
  5
BBA
  8
T9_COUNTERSINK_0_6
 10
1.042642429537864
 20
68.8971580836739
 30
0.0
  0
VERTEX
  5
BBB
  8
T9_COUNTERSINK_0_6
 10
1.040424927785914
 20
68.91312206230677
 30
0.0
  0
VERTEX
  5
BBC
  8
T9_COUNTERSINK_0_6
 10
1.038548580149648
 20
68.92932457145955
 30
0.0
  0
VERTEX
  5
BBD
  8
T9_COUNTERSINK_0_6
 10
1.037013386629067
 20
68.94576561113223
 30
0.0
  0
VERTEX
  5
BBE
  8
T9_COUNTERSINK_0_6
 10
1.03581934722417
 20
68.96244518132481
 30
0.0
  0
VERTEX
  5
BBF
  8
T9_COUNTERSINK_0_6
 10
1.034966461934959
 20
68.97936328203733
 30
0.0
  0
VERTEX
  5
BC0
  8
T9_COUNTERSINK_0_6
 10
1.034454730761432
 20
68.99651991326974
 30
0.0
  0
VERTEX
  5
BC1
  8
T9_COUNTERSINK_0_6
 10
1.034284153703589
 20
69.01391507502207
 30
0.0
  0
VERTEX
  5
BC2
  8
T9_COUNTERSINK_0_6
 10
1.034433928681207
 20
69.03435288770858
 30
0.0
  0
VERTEX
  5
BC3
  8
T9_COUNTERSINK_0_6
 10
1.03488325361406
 20
69.05424707269856
 30
0.0
  0
VERTEX
  5
BC4
  8
T9_COUNTERSINK_0_6
 10
1.035632128502148
 20
69.07359762999201
 30
0.0
  0
VERTEX
  5
BC5
  8
T9_COUNTERSINK_0_6
 10
1.036680553345472
 20
69.09240455958891
 30
0.0
  0
VERTEX
  5
BC6
  8
T9_COUNTERSINK_0_6
 10
1.038028528144031
 20
69.11066786148928
 30
0.0
  0
VERTEX
  5
BC7
  8
T9_COUNTERSINK_0_6
 10
1.039676052897825
 20
69.12838753569311
 30
0.0
  0
VERTEX
  5
BC8
  8
T9_COUNTERSINK_0_6
 10
1.041623127606855
 20
69.1455635822004
 30
0.0
  0
VERTEX
  5
BC9
  8
T9_COUNTERSINK_0_6
 10
1.04386975227112
 20
69.16219600101115
 30
0.0
  0
VERTEX
  5
BCA
  8
T9_COUNTERSINK_0_6
 10
1.04641592689062
 20
69.17828479212537
 30
0.0
  0
VERTEX
  5
BCB
  8
T9_COUNTERSINK_0_6
 10
1.049261651465356
 20
69.19382995554304
 30
0.0
  0
VERTEX
  5
BCC
  8
T9_COUNTERSINK_0_6
 10
1.052406925995327
 20
69.20883149126418
 30
0.0
  0
VERTEX
  5
BCD
  8
T9_COUNTERSINK_0_6
 10
1.055851750480533
 20
69.22328939928877
 30
0.0
  0
VERTEX
  5
BCE
  8
T9_COUNTERSINK_0_6
 10
1.059596124920975
 20
69.23720367961684
 30
0.0
  0
VERTEX
  5
BCF
  8
T9_COUNTERSINK_0_6
 10
1.063640049316652
 20
69.25057433224836
 30
0.0
  0
VERTEX
  5
BD0
  8
T9_COUNTERSINK_0_6
 10
1.067983523667564
 20
69.26340135718334
 30
0.0
  0
VERTEX
  5
BD1
  8
T9_COUNTERSINK_0_6
 10
1.072626547973712
 20
69.27568475442179
 30
0.0
  0
VERTEX
  5
BD2
  8
T9_COUNTERSINK_0_6
 10
1.077558027792308
 20
69.28756875171993
 30
0.0
  0
VERTEX
  5
BD3
  8
T9_COUNTERSINK_0_6
 10
1.082766868680567
 20
69.29919757683398
 30
0.0
  0
VERTEX
  5
BD4
  8
T9_COUNTERSINK_0_6
 10
1.088253070638489
 20
69.31057122976394
 30
0.0
  0
VERTEX
  5
BD5
  8
T9_COUNTERSINK_0_6
 10
1.094016633666072
 20
69.3216897105098
 30
0.0
  0
VERTEX
  5
BD6
  8
T9_COUNTERSINK_0_6
 10
1.100057557763318
 20
69.33255301907157
 30
0.0
  0
VERTEX
  5
BD7
  8
T9_COUNTERSINK_0_6
 10
1.106375842930226
 20
69.34316115544925
 30
0.0
  0
VERTEX
  5
BD8
  8
T9_COUNTERSINK_0_6
 10
1.112971489166797
 20
69.35351411964285
 30
0.0
  0
VERTEX
  5
BD9
  8
T9_COUNTERSINK_0_6
 10
1.11984449647303
 20
69.36361191165236
 30
0.0
  0
VERTEX
  5
BDA
  8
T9_COUNTERSINK_0_6
 10
1.126994864848925
 20
69.37345453147776
 30
0.0
  0
VERTEX
  5
BDB
  8
T9_COUNTERSINK_0_6
 10
1.134422594294482
 20
69.3830419791191
 30
0.0
  0
VERTEX
  5
BDC
  8
T9_COUNTERSINK_0_6
 10
1.142127684809703
 20
69.39237425457634
 30
0.0
  0
VERTEX
  5
BDD
  8
T9_COUNTERSINK_0_6
 10
1.150110136394585
 20
69.4014513578495
 30
0.0
  0
VERTEX
  5
BDE
  8
T9_COUNTERSINK_0_6
 10
1.158369949049129
 20
69.41027328893855
 30
0.0
  0
VERTEX
  5
BDF
  8
T9_COUNTERSINK_0_6
 10
1.166907122773337
 20
69.41884004784352
 30
0.0
  0
VERTEX
  5
BE0
  8
T9_COUNTERSINK_0_6
 10
1.175721657567206
 20
69.4271516345644
 30
0.0
  0
VERTEX
  5
BE1
  8
T9_COUNTERSINK_0_6
 10
1.184813553430738
 20
69.43520804910119
 30
0.0
  0
VERTEX
  5
BE2
  8
T9_COUNTERSINK_0_6
 10
1.19419205573292
 20
69.44301853682288
 30
0.0
  0
VERTEX
  5
BE3
  8
T9_COUNTERSINK_0_6
 10
1.203866409842743
 20
69.45059234309846
 30
0.0
  0
VERTEX
  5
BE4
  8
T9_COUNTERSINK_0_6
 10
1.213836615760206
 20
69.45792946792793
 30
0.0
  0
VERTEX
  5
BE5
  8
T9_COUNTERSINK_0_6
 10
1.224102673485308
 20
69.46502991131129
 30
0.0
  0
VERTEX
  5
BE6
  8
T9_COUNTERSINK_0_6
 10
1.23466458301805
 20
69.47189367324853
 30
0.0
  0
VERTEX
  5
BE7
  8
T9_COUNTERSINK_0_6
 10
1.245522344358432
 20
69.47852075373967
 30
0.0
  0
VERTEX
  5
BE8
  8
T9_COUNTERSINK_0_6
 10
1.256675957506454
 20
69.48491115278469
 30
0.0
  0
VERTEX
  5
BE9
  8
T9_COUNTERSINK_0_6
 10
1.268125422462116
 20
69.4910648703836
 30
0.0
  0
VERTEX
  5
BEA
  8
T9_COUNTERSINK_0_6
 10
1.279870739225417
 20
69.49698190653638
 30
0.0
  0
VERTEX
  5
BEB
  8
T9_COUNTERSINK_0_6
 10
1.291911907796358
 20
69.50266226124307
 30
0.0
  0
VERTEX
  5
BEC
  8
T9_COUNTERSINK_0_6
 10
1.304248928174939
 20
69.50810593450365
 30
0.0
  0
VERTEX
  5
BED
  8
T9_COUNTERSINK_0_6
 10
1.316881800361161
 20
69.51331292631811
 30
0.0
  0
VERTEX
  5
BEE
  8
T9_COUNTERSINK_0_6
 10
1.329810524355021
 20
69.51828323668644
 30
0.0
  0
VERTEX
  5
BEF
  8
T9_COUNTERSINK_0_6
 10
1.343035100156522
 20
69.5230168656087
 30
0.0
  0
VERTEX
  5
BF0
  8
T9_COUNTERSINK_0_6
 10
1.356555527765662
 20
69.52751381308482
 30
0.0
  0
SEQEND
  5
F58
  8
T9_COUNTERSINK_0_6
  0
POLYLINE
  5
81
  8
T9_COUNTERSINK_0_6
 66
     1
 10
0.0
 20
0.0
 30
0.0
 70
     1
  0
VERTEX
  5
BF1
  8
T9_COUNTERSINK_0_6
 10
1.988583744426645
 20
68.82172974077923
 30
0.0
  0
VERTEX
  5
BF2
  8
T9_COUNTERSINK_0_6
 10
2.002475835869133
 20
68.82195162963497
 30
0.0
  0
VERTEX
  5
BF3
  8
T9_COUNTERSINK_0_6
 10
2.015987018109285
 20
68.82261729620214
 30
0.0
  0
VERTEX
  5
BF4
  8
T9_COUNTERSINK_0_6
 10
2.029117291147101
 20
68.8237267404808
 30
0.0
  0
VERTEX
  5
BF5
  8
T9_COUNTERSINK_0_6
 10
2.04186665498258
 20
68.82527996247092
 30
0.0
  0
VERTEX
  5
BF6
  8
T9_COUNTERSINK_0_6
 10
2.054235109615723
 20
68.82727696217248
 30
0.0
  0
VERTEX
  5
BF7
  8
T9_COUNTERSINK_0_6
 10
2.06622265504653
 20
68.8297177395855
 30
0.0
  0
VERTEX
  5
BF8
  8
T9_COUNTERSINK_0_6
 10
2.077829291275
 20
68.83260229471
 30
0.0
  0
VERTEX
  5
BF9
  8
T9_COUNTERSINK_0_6
 10
2.089055018301133
 20
68.83593062754593
 30
0.0
  0
VERTEX
  5
BFA
  8
T9_COUNTERSINK_0_6
 10
2.099899836124932
 20
68.83970273809334
 30
0.0
  0
VERTEX
  5
BFB
  8
T9_COUNTERSINK_0_6
 10
2.110363744746393
 20
68.8439186263522
 30
0.0
  0
VERTEX
  5
BFC
  8
T9_COUNTERSINK_0_6
 10
2.120446744165518
 20
68.84857829232256
 30
0.0
  0
VERTEX
  5
BFD
  8
T9_COUNTERSINK_0_6
 10
2.130148834382307
 20
68.85368173600433
 30
0.0
  0
VERTEX
  5
BFE
  8
T9_COUNTERSINK_0_6
 10
2.13947001539676
 20
68.85922895739758
 30
0.0
  0
VERTEX
  5
BFF
  8
T9_COUNTERSINK_0_6
 10
2.148410287208876
 20
68.86521995650227
 30
0.0
  0
VERTEX
  5
C00
  8
T9_COUNTERSINK_0_6
 10
2.156969649818656
 20
68.87165473331845
 30
0.0
  0
VERTEX
  5
C01
  8
T9_COUNTERSINK_0_6
 10
2.165148103226099
 20
68.87853328784608
 30
0.0
  0
VERTEX
  5
C02
  8
T9_COUNTERSINK_0_6
 10
2.172886477069679
 20
68.88573358121451
 30
0.0
  0
VERTEX
  5
C03
  8
T9_COUNTERSINK_0_6
 10
2.180125600987866
 20
68.8931335745531
 30
0.0
  0
VERTEX
  5
C04
  8
T9_COUNTERSINK_0_6
 10
2.186865474980661
 20
68.90073326786185
 30
0.0
  0
VERTEX
  5
C05
  8
T9_COUNTERSINK_0_6
 10
2.193106099048064
 20
68.90853266114075
 30
0.0
  0
VERTEX
  5
C06
  8
T9_COUNTERSINK_0_6
 10
2.198847473190074
 20
68.91653175438981
 30
0.0
  0
VERTEX
  5
C07
  8
T9_COUNTERSINK_0_6
 10
2.204089597406693
 20
68.92473054760903
 30
0.0
  0
VERTEX
  5
C08
  8
T9_COUNTERSINK_0_6
 10
2.208832471697919
 20
68.9331290407984
 30
0.0
  0
VERTEX
  5
C09
  8
T9_COUNTERSINK_0_6
 10
2.213076096063753
 20
68.94172723395795
 30
0.0
  0
VERTEX
  5
C0A
  8
T9_COUNTERSINK_0_6
 10
2.216820470504194
 20
68.95052512708763
 30
0.0
  0
VERTEX
  5
C0B
  8
T9_COUNTERSINK_0_6
 10
2.220065595019244
 20
68.95952272018748
 30
0.0
  0
VERTEX
  5
C0C
  8
T9_COUNTERSINK_0_6
 10
2.222811469608901
 20
68.96872001325748
 30
0.0
  0
VERTEX
  5
C0D
  8
T9_COUNTERSINK_0_6
 10
2.225058094273166
 20
68.97811700629765
 30
0.0
  0
VERTEX
  5
C0E
  8
T9_COUNTERSINK_0_6
 10
2.226805469012039
 20
68.98771369930796
 30
0.0
  0
VERTEX
  5
C0F
  8
T9_COUNTERSINK_0_6
 10
2.228053593825519
 20
68.99751009228842
 30
0.0
  0
VERTEX
  5
C10
  8
T9_COUNTERSINK_0_6
 10
2.228802468713608
 20
69.00750618523905
 30
0.0
  0
VERTEX
  5
C11
  8
T9_COUNTERSINK_0_6
 10
2.229052093676304
 20
69.01770197815985
 30
0.0
  0
VERTEX
  5
C12
  8
T9_COUNTERSINK_0_6
 10
2.228826506672979
 20
69.02707308416683
 30
0.0
  0
VERTEX
  5
C13
  8
T9_COUNTERSINK_0_6
 10
2.228149745663003
 20
69.03625188649886
 30
0.0
  0
VERTEX
  5
C14
  8
T9_COUNTERSINK_0_6
 10
2.227021810646375
 20
69.04523838515593
 30
0.0
  0
VERTEX
  5
C15
  8
T9_COUNTERSINK_0_6
 10
2.225442701623098
 20
69.05403258013801
 30
0.0
  0
VERTEX
  5
C16
  8
T9_COUNTERSINK_0_6
 10
2.22341241859317
 20
69.06263447144512
 30
0.0
  0
VERTEX
  5
C17
  8
T9_COUNTERSINK_0_6
 10
2.22093096155659
 20
69.0710440590773
 30
0.0
  0
VERTEX
  5
C18
  8
T9_COUNTERSINK_0_6
 10
2.21799833051336
 20
69.07926134303449
 30
0.0
  0
VERTEX
  5
C19
  8
T9_COUNTERSINK_0_6
 10
2.21461452546348
 20
69.08728632331673
 30
0.0
  0
VERTEX
  5
C1A
  8
T9_COUNTERSINK_0_6
 10
2.210779546406949
 20
69.09511899992398
 30
0.0
  0
VERTEX
  5
C1B
  8
T9_COUNTERSINK_0_6
 10
2.206493393343766
 20
69.10275937285628
 30
0.0
  0
VERTEX
  5
C1C
  8
T9_COUNTERSINK_0_6
 10
2.201756066273933
 20
69.1102074421136
 30
0.0
  0
VERTEX
  5
C1D
  8
T9_COUNTERSINK_0_6
 10
2.19656756519745
 20
69.11746320769599
 30
0.0
  0
VERTEX
  5
C1E
  8
T9_COUNTERSINK_0_6
 10
2.190927890114315
 20
69.1245266696034
 30
0.0
  0
VERTEX
  5
C1F
  8
T9_COUNTERSINK_0_6
 10
2.18483704102453
 20
69.13139782783583
 30
0.0
  0
VERTEX
  5
C20
  8
T9_COUNTERSINK_0_6
 10
2.178295017928094
 20
69.13807668239329
 30
0.0
  0
VERTEX
  5
C21
  8
T9_COUNTERSINK_0_6
 10
2.171301820825008
 20
69.14456323327582
 30
0.0
  0
VERTEX
  5
C22
  8
T9_COUNTERSINK_0_6
 10
2.163861147862866
 20
69.15075393235068
 30
0.0
  0
VERTEX
  5
C23
  8
T9_COUNTERSINK_0_6
 10
2.155976697189264
 20
69.15654523148524
 30
0.0
  0
VERTEX
  5
C24
  8
T9_COUNTERSINK_0_6
 10
2.147648468804203
 20
69.16193713067948
 30
0.0
  0
VERTEX
  5
C25
  8
T9_COUNTERSINK_0_6
 10
2.138876462707682
 20
69.1669296299334
 30
0.0
  0
VERTEX
  5
C26
  8
T9_COUNTERSINK_0_6
 10
2.129660678899701
 20
69.171522729247
 30
0.0
  0
VERTEX
  5
C27
  8
T9_COUNTERSINK_0_6
 10
2.12000111738026
 20
69.17571642862029
 30
0.0
  0
VERTEX
  5
C28
  8
T9_COUNTERSINK_0_6
 10
2.10989777814936
 20
69.17951072805326
 30
0.0
  0
VERTEX
  5
C29
  8
T9_COUNTERSINK_0_6
 10
2.099350661207
 20
69.18290562754595
 30
0.0
  0
VERTEX
  5
C2A
  8
T9_COUNTERSINK_0_6
 10
2.08835976655318
 20
69.18590112709828
 30
0.0
  0
VERTEX
  5
C2B
  8
T9_COUNTERSINK_0_6
 10
2.0769250941879
 20
69.18849722671033
 30
0.0
  0
VERTEX
  5
C2C
  8
T9_COUNTERSINK_0_6
 10
2.065046644111161
 20
69.19069392638204
 30
0.0
  0
VERTEX
  5
C2D
  8
T9_COUNTERSINK_0_6
 10
2.052724416322961
 20
69.19249122611348
 30
0.0
  0
VERTEX
  5
C2E
  8
T9_COUNTERSINK_0_6
 10
2.039958410823302
 20
69.19388912590455
 30
0.0
  0
VERTEX
  5
C2F
  8
T9_COUNTERSINK_0_6
 10
2.026748627612184
 20
69.19488762575534
 30
0.0
  0
VERTEX
  5
C30
  8
T9_COUNTERSINK_0_6
 10
2.013095066689606
 20
69.19548672566582
 30
0.0
  0
VERTEX
  5
C31
  8
T9_COUNTERSINK_0_6
 10
1.998997728055567
 20
69.19568642563598
 30
0.0
  0
VERTEX
  5
C32
  8
T9_COUNTERSINK_0_6
 10
1.984541669104765
 20
69.19547932937064
 30
0.0
  0
VERTEX
  5
C33
  8
T9_COUNTERSINK_0_6
 10
1.970521991570233
 20
69.1948580405746
 30
0.0
  0
VERTEX
  5
C34
  8
T9_COUNTERSINK_0_6
 10
1.956938695451969
 20
69.19382255924786
 30
0.0
  0
VERTEX
  5
C35
  8
T9_COUNTERSINK_0_6
 10
1.943791780749974
 20
69.19237288539043
 30
0.0
  0
VERTEX
  5
C36
  8
T9_COUNTERSINK_0_6
 10
1.931081247464247
 20
69.19050901900229
 30
0.0
  0
VERTEX
  5
C37
  8
T9_COUNTERSINK_0_6
 10
1.91880709559479
 20
69.18823096008347
 30
0.0
  0
VERTEX
  5
C38
  8
T9_COUNTERSINK_0_6
 10
1.906969325141601
 20
69.18553870863394
 30
0.0
  0
VERTEX
  5
C39
  8
T9_COUNTERSINK_0_6
 10
1.895567936104681
 20
69.18243226465373
 30
0.0
  0
VERTEX
  5
C3A
  8
T9_COUNTERSINK_0_6
 10
1.884602928484029
 20
69.17891162814283
 30
0.0
  0
VERTEX
  5
C3B
  8
T9_COUNTERSINK_0_6
 10
1.874074302279647
 20
69.17497679910122
 30
0.0
  0
VERTEX
  5
C3C
  8
T9_COUNTERSINK_0_6
 10
1.863982057491533
 20
69.17062777752889
 30
0.0
  0
VERTEX
  5
C3D
  8
T9_COUNTERSINK_0_6
 10
1.854326194119687
 20
69.16586456342588
 30
0.0
  0
VERTEX
  5
C3E
  8
T9_COUNTERSINK_0_6
 10
1.845106712164111
 20
69.16068715679219
 30
0.0
  0
VERTEX
  5
C3F
  8
T9_COUNTERSINK_0_6
 10
1.836323611624803
 20
69.15509555762782
 30
0.0
  0
VERTEX
  5
C40
  8
T9_COUNTERSINK_0_6
 10
1.827976892501765
 20
69.14908976593273
 30
0.0
  0
VERTEX
  5
C41
  8
T9_COUNTERSINK_0_6
 10
1.820066554794994
 20
69.14266978170693
 30
0.0
  0
VERTEX
  5
C42
  8
T9_COUNTERSINK_0_6
 10
1.812614787390066
 20
69.13594285123072
 30
0.0
  0
VERTEX
  5
C43
  8
T9_COUNTERSINK_0_6
 10
1.805643779172552
 20
69.12901622078435
 30
0.0
  0
VERTEX
  5
C44
  8
T9_COUNTERSINK_0_6
 10
1.799153530142453
 20
69.12188989036783
 30
0.0
  0
VERTEX
  5
C45
  8
T9_COUNTERSINK_0_6
 10
1.793144040299769
 20
69.11456385998113
 30
0.0
  0
VERTEX
  5
C46
  8
T9_COUNTERSINK_0_6
 10
1.7876153096445
 20
69.1070381296243
 30
0.0
  0
VERTEX
  5
C47
  8
T9_COUNTERSINK_0_6
 10
1.782567338176645
 20
69.0993126992973
 30
0.0
  0
VERTEX
  5
C48
  8
T9_COUNTERSINK_0_6
 10
1.778000125896205
 20
69.09138756900015
 30
0.0
  0
VERTEX
  5
C49
  8
T9_COUNTERSINK_0_6
 10
1.77391367280318
 20
69.08326273873283
 30
0.0
  0
VERTEX
  5
C4A
  8
T9_COUNTERSINK_0_6
 10
1.770307978897569
 20
69.07493820849537
 30
0.0
  0
VERTEX
  5
C4B
  8
T9_COUNTERSINK_0_6
 10
1.767183044179374
 20
69.06641397828774
 30
0.0
  0
VERTEX
  5
C4C
  8
T9_COUNTERSINK_0_6
 10
1.764538868648593
 20
69.05769004810996
 30
0.0
  0
VERTEX
  5
C4D
  8
T9_COUNTERSINK_0_6
 10
1.762375452305226
 20
69.04876641796201
 30
0.0
  0
VERTEX
  5
C4E
  8
T9_COUNTERSINK_0_6
 10
1.760692795149275
 20
69.03964308784393
 30
0.0
  0
VERTEX
  5
C4F
  8
T9_COUNTERSINK_0_6
 10
1.759490897180738
 20
69.03032005775569
 30
0.0
  0
VERTEX
  5
C50
  8
T9_COUNTERSINK_0_6
 10
1.758769758399616
 20
69.0207973276973
 30
0.0
  0
VERTEX
  5
C51
  8
T9_COUNTERSINK_0_6
 10
1.758529378805908
 20
69.01107489766872
 30
0.0
  0
VERTEX
  5
C52
  8
T9_COUNTERSINK_0_6
 10
1.758762362104425
 20
69.00111763526783
 30
0.0
  0
VERTEX
  5
C53
  8
T9_COUNTERSINK_0_6
 10
1.759461311999974
 20
68.99136377098472
 30
0.0
  0
VERTEX
  5
C54
  8
T9_COUNTERSINK_0_6
 10
1.760626228492556
 20
68.98181330481933
 30
0.0
  0
VERTEX
  5
C55
  8
T9_COUNTERSINK_0_6
 10
1.76225711158217
 20
68.97246623677171
 30
0.0
  0
VERTEX
  5
C56
  8
T9_COUNTERSINK_0_6
 10
1.764353961268818
 20
68.96332256684184
 30
0.0
  0
VERTEX
  5
C57
  8
T9_COUNTERSINK_0_6
 10
1.766916777552498
 20
68.95438229502973
 30
0.0
  0
VERTEX
  5
C58
  8
T9_COUNTERSINK_0_6
 10
1.769945560433211
 20
68.94564542133536
 30
0.0
  0
VERTEX
  5
C59
  8
T9_COUNTERSINK_0_6
 10
1.773440309910956
 20
68.93711194575876
 30
0.0
  0
VERTEX
  5
C5A
  8
T9_COUNTERSINK_0_6
 10
1.777401025985734
 20
68.92878186829991
 30
0.0
  0
VERTEX
  5
C5B
  8
T9_COUNTERSINK_0_6
 10
1.781827708657545
 20
68.9206551889588
 30
0.0
  0
VERTEX
  5
C5C
  8
T9_COUNTERSINK_0_6
 10
1.786720357926389
 20
68.91273190773543
 30
0.0
  0
VERTEX
  5
C5D
  8
T9_COUNTERSINK_0_6
 10
1.792078973792266
 20
68.90501202462984
 30
0.0
  0
VERTEX
  5
C5E
  8
T9_COUNTERSINK_0_6
 10
1.797903556255175
 20
68.897495539642
 30
0.0
  0
VERTEX
  5
C5F
  8
T9_COUNTERSINK_0_6
 10
1.804194105315117
 20
68.89018245277191
 30
0.0
  0
VERTEX
  5
C60
  8
T9_COUNTERSINK_0_6
 10
1.810950620972092
 20
68.88307276401954
 30
0.0
  0
VERTEX
  5
C61
  8
T9_COUNTERSINK_0_6
 10
1.818173103226099
 20
68.87616647338496
 30
0.0
  0
VERTEX
  5
C62
  8
T9_COUNTERSINK_0_6
 10
1.82582826874878
 20
68.86957452529597
 30
0.0
  0
VERTEX
  5
C63
  8
T9_COUNTERSINK_0_6
 10
1.833882834211775
 20
68.86340786418049
 30
0.0
  0
VERTEX
  5
C64
  8
T9_COUNTERSINK_0_6
 10
1.842336799615083
 20
68.85766649003847
 30
0.0
  0
VERTEX
  5
C65
  8
T9_COUNTERSINK_0_6
 10
1.851190164958705
 20
68.85235040286994
 30
0.0
  0
VERTEX
  5
C66
  8
T9_COUNTERSINK_0_6
 10
1.860442930242641
 20
68.8474596026749
 30
0.0
  0
VERTEX
  5
C67
  8
T9_COUNTERSINK_0_6
 10
1.870095095466891
 20
68.84299408945334
 30
0.0
  0
VERTEX
  5
C68
  8
T9_COUNTERSINK_0_6
 10
1.880146660631454
 20
68.83895386320526
 30
0.0
  0
VERTEX
  5
C69
  8
T9_COUNTERSINK_0_6
 10
1.890597625736331
 20
68.83533892393066
 30
0.0
  0
VERTEX
  5
C6A
  8
T9_COUNTERSINK_0_6
 10
1.901447990781522
 20
68.83214927162955
 30
0.0
  0
VERTEX
  5
C6B
  8
T9_COUNTERSINK_0_6
 10
1.912697755767027
 20
68.8293849063019
 30
0.0
  0
VERTEX
  5
C6C
  8
T9_COUNTERSINK_0_6
 10
1.924346920692845
 20
68.82704582794776
 30
0.0
  0
VERTEX
  5
C6D
  8
T9_COUNTERSINK_0_6
 10
1.936395485558978
 20
68.82513203656708
 30
0.0
  0
VERTEX
  5
C6E
  8
T9_COUNTERSINK_0_6
 10
1.948843450365424
 20
68.8236435321599
 30
0.0
  0
VERTEX
  5
C6F
  8
T9_COUNTERSINK_0_6
 10
1.961690815112184
 20
68.8225803147262
 30
0.0
  0
VERTEX
  5
C70
  8
T9_COUNTERSINK_0_6
 10
1.974937579799257
 20
68.82194238426598
 30
0.0
  0
SEQEND
  5
F59
  8
T9_COUNTERSINK_0_6
  0
POLYLINE
  5
82
  8
T9_COUNTERSINK_0_6
 66
     1
 10
0.0
 20
0.0
 30
0.0
 70
     1
  0
VERTEX
  5
C71
  8
T9_COUNTERSINK_0_6
 10
1.746221943608091
 20
69.70881180080653
 30
0.0
  0
VERTEX
  5
C72
  8
T9_COUNTERSINK_0_6
 10
1.69768375641718
 20
69.70936837201965
 30
0.0
  0
VERTEX
  5
C73
  8
T9_COUNTERSINK_0_6
 10
1.65100203931921
 20
69.71103808565901
 30
0.0
  0
VERTEX
  5
C74
  8
T9_COUNTERSINK_0_6
 10
1.628357357055077
 20
69.71229037088855
 30
0.0
  0
VERTEX
  5
C75
  8
T9_COUNTERSINK_0_6
 10
1.606176792314179
 20
69.71382094172463
 30
0.0
  0
VERTEX
  5
C76
  8
T9_COUNTERSINK_0_6
 10
1.584460345096516
 20
69.7156297981673
 30
0.0
  0
VERTEX
  5
C77
  8
T9_COUNTERSINK_0_6
 10
1.563208015402088
 20
69.71771694021649
 30
0.0
  0
VERTEX
  5
C78
  8
T9_COUNTERSINK_0_6
 10
1.542419803230895
 20
69.72008236787227
 30
0.0
  0
VERTEX
  5
C79
  8
T9_COUNTERSINK_0_6
 10
1.522095708582938
 20
69.7227260811346
 30
0.0
  0
VERTEX
  5
C7A
  8
T9_COUNTERSINK_0_6
 10
1.502235731458215
 20
69.7256480800035
 30
0.0
  0
VERTEX
  5
C7B
  8
T9_COUNTERSINK_0_6
 10
1.482839871856727
 20
69.72884836447894
 30
0.0
  0
VERTEX
  5
C7C
  8
T9_COUNTERSINK_0_6
 10
1.463908129778474
 20
69.73232693456096
 30
0.0
  0
VERTEX
  5
C7D
  8
T9_COUNTERSINK_0_6
 10
1.445440505223456
 20
69.73608379024954
 30
0.0
  0
VERTEX
  5
C7E
  8
T9_COUNTERSINK_0_6
 10
1.427436998191673
 20
69.74011893154469
 30
0.0
  0
VERTEX
  5
C7F
  8
T9_COUNTERSINK_0_6
 10
1.409897608683125
 20
69.74443235844637
 30
0.0
  0
VERTEX
  5
C80
  8
T9_COUNTERSINK_0_6
 10
1.392822336697812
 20
69.74902407095465
 30
0.0
  0
VERTEX
  5
C81
  8
T9_COUNTERSINK_0_6
 10
1.376211182235734
 20
69.75389406906946
 30
0.0
  0
VERTEX
  5
C82
  8
T9_COUNTERSINK_0_6
 10
1.360064145296891
 20
69.75904235279084
 30
0.0
  0
VERTEX
  5
C83
  8
T9_COUNTERSINK_0_6
 10
1.344381225881284
 20
69.76446892211877
 30
0.0
  0
VERTEX
  5
C84
  8
T9_COUNTERSINK_0_6
 10
1.329162423988911
 20
69.77017377705327
 30
0.0
  0
VERTEX
  5
C85
  8
T9_COUNTERSINK_0_6
 10
1.314407739619773
 20
69.77615691759434
 30
0.0
  0
VERTEX
  5
C86
  8
T9_COUNTERSINK_0_6
 10
1.30011717277387
 20
69.78241834374197
 30
0.0
  0
VERTEX
  5
C87
  8
T9_COUNTERSINK_0_6
 10
1.286290723451202
 20
69.78895805549615
 30
0.0
  0
VERTEX
  5
C88
  8
T9_COUNTERSINK_0_6
 10
1.272928391651769
 20
69.79577605285692
 30
0.0
  0
VERTEX
  5
C89
  8
T9_COUNTERSINK_0_6
 10
1.260030177375571
 20
69.80287233582422
 30
0.0
  0
VERTEX
  5
C8A
  8
T9_COUNTERSINK_0_6
 10
1.247596080622608
 20
69.8102469043981
 30
0.0
  0
VERTEX
  5
C8B
  8
T9_COUNTERSINK_0_6
 10
1.23562610139288
 20
69.81789975857852
 30
0.0
  0
VERTEX
  5
C8C
  8
T9_COUNTERSINK_0_6
 10
1.224120239686387
 20
69.82583089836552
 30
0.0
  0
VERTEX
  5
C8D
  8
T9_COUNTERSINK_0_6
 10
1.213078495503129
 20
69.83404032375908
 30
0.0
  0
VERTEX
  5
C8E
  8
T9_COUNTERSINK_0_6
 10
1.202500868843106
 20
69.84252803475921
 30
0.0
  0
VERTEX
  5
C8F
  8
T9_COUNTERSINK_0_6
 10
1.192387359706318
 20
69.85129403136587
 30
0.0
  0
VERTEX
  5
C90
  8
T9_COUNTERSINK_0_6
 10
1.182660306993259
 20
69.86034478533739
 30
0.0
  0
VERTEX
  5
C91
  8
T9_COUNTERSINK_0_6
 10
1.173242049604425
 20
69.86968676843206
 30
0.0
  0
VERTEX
  5
C92
  8
T9_COUNTERSINK_0_6
 10
1.164132587539814
 20
69.87931998064988
 30
0.0
  0
VERTEX
  5
C93
  8
T9_COUNTERSINK_0_6
 10
1.155331920799428
 20
69.88924442199085
 30
0.0
  0
VERTEX
  5
C94
  8
T9_COUNTERSINK_0_6
 10
1.146840049383266
 20
69.89946009245497
 30
0.0
  0
VERTEX
  5
C95
  8
T9_COUNTERSINK_0_6
 10
1.138656973291328
 20
69.90996699204223
 30
0.0
  0
VERTEX
  5
C96
  8
T9_COUNTERSINK_0_6
 10
1.130782692523614
 20
69.92076512075263
 30
0.0
  0
VERTEX
  5
C97
  8
T9_COUNTERSINK_0_6
 10
1.123217207080124
 20
69.93185447858619
 30
0.0
  0
VERTEX
  5
C98
  8
T9_COUNTERSINK_0_6
 10
1.115960516960858
 20
69.94323506554288
 30
0.0
  0
VERTEX
  5
C99
  8
T9_COUNTERSINK_0_6
 10
1.109012622165817
 20
69.95490688162272
 30
0.0
  0
VERTEX
  5
C9A
  8
T9_COUNTERSINK_0_6
 10
1.102373522694999
 20
69.96686992682571
 30
0.0
  0
VERTEX
  5
C9B
  8
T9_COUNTERSINK_0_6
 10
1.096043218548405
 20
69.97912420115183
 30
0.0
  0
VERTEX
  5
C9C
  8
T9_COUNTERSINK_0_6
 10
1.090021709726035
 20
69.99166970460111
 30
0.0
  0
VERTEX
  5
C9D
  8
T9_COUNTERSINK_0_6
 10
1.08430899622789
 20
70.00450643717353
 30
0.0
  0
VERTEX
  5
C9E
  8
T9_COUNTERSINK_0_6
 10
1.078905078053969
 20
70.0176343988691
 30
0.0
  0
VERTEX
  5
C9F
  8
T9_COUNTERSINK_0_6
 10
1.073809955204271
 20
70.03105358968783
 30
0.0
  0
VERTEX
  5
CA0
  8
T9_COUNTERSINK_0_6
 10
1.069023627678798
 20
70.04476400962969
 30
0.0
  0
VERTEX
  5
CA1
  8
T9_COUNTERSINK_0_6
 10
1.064546095477549
 20
70.0587656586947
 30
0.0
  0
VERTEX
  5
CA2
  8
T9_COUNTERSINK_0_6
 10
1.060377358600524
 20
70.07305853688284
 30
0.0
  0
VERTEX
  5
CA3
  8
T9_COUNTERSINK_0_6
 10
1.056517417047723
 20
70.08764264419413
 30
0.0
  0
VERTEX
  5
CA4
  8
T9_COUNTERSINK_0_6
 10
1.052966270819146
 20
70.10251798062858
 30
0.0
  0
VERTEX
  5
CA5
  8
T9_COUNTERSINK_0_6
 10
1.049723919914793
 20
70.11768454618617
 30
0.0
  0
VERTEX
  5
CA6
  8
T9_COUNTERSINK_0_6
 10
1.046790364334665
 20
70.13314234086691
 30
0.0
  0
VERTEX
  5
CA7
  8
T9_COUNTERSINK_0_6
 10
1.04416560407876
 20
70.14889136467077
 30
0.0
  0
VERTEX
  5
CA8
  8
T9_COUNTERSINK_0_6
 10
1.041849639147079
 20
70.1649316175978
 30
0.0
  0
VERTEX
  5
CA9
  8
T9_COUNTERSINK_0_6
 10
1.039842469539623
 20
70.18126309964796
 30
0.0
  0
VERTEX
  5
CAA
  8
T9_COUNTERSINK_0_6
 10
1.03814409525639
 20
70.19788581082128
 30
0.0
  0
VERTEX
  5
CAB
  8
T9_COUNTERSINK_0_6
 10
1.036754516297382
 20
70.21479975111774
 30
0.0
  0
VERTEX
  5
CAC
  8
T9_COUNTERSINK_0_6
 10
1.035673732662598
 20
70.23200492053735
 30
0.0
  0
VERTEX
  5
CAD
  8
T9_COUNTERSINK_0_6
 10
1.034901744352037
 20
70.2495013190801
 30
0.0
  0
VERTEX
  5
CAE
  8
T9_COUNTERSINK_0_6
 10
1.034438551365701
 20
70.26728894674599
 30
0.0
  0
VERTEX
  5
CAF
  8
T9_COUNTERSINK_0_6
 10
1.034284153703589
 20
70.28536780353504
 30
0.0
  0
VERTEX
  5
CB0
  8
T9_COUNTERSINK_0_6
 10
1.034824083252532
 20
70.31961265026936
 30
0.0
  0
VERTEX
  5
CB1
  8
T9_COUNTERSINK_0_6
 10
1.03644387189936
 20
70.35228948242317
 30
0.0
  0
VERTEX
  5
CB2
  8
T9_COUNTERSINK_0_6
 10
1.037658713384481
 20
70.3680398930324
 30
0.0
  0
VERTEX
  5
CB3
  8
T9_COUNTERSINK_0_6
 10
1.039143519644073
 20
70.3833982999965
 30
0.0
  0
VERTEX
  5
CB4
  8
T9_COUNTERSINK_0_6
 10
1.040898290678137
 20
70.39836470331548
 30
0.0
  0
VERTEX
  5
CB5
  8
T9_COUNTERSINK_0_6
 10
1.042923026486672
 20
70.41293910298933
 30
0.0
  0
VERTEX
  5
CB6
  8
T9_COUNTERSINK_0_6
 10
1.045217727069679
 20
70.42712149901806
 30
0.0
  0
VERTEX
  5
CB7
  8
T9_COUNTERSINK_0_6
 10
1.047782392427157
 20
70.44091189140167
 30
0.0
  0
VERTEX
  5
CB8
  8
T9_COUNTERSINK_0_6
 10
1.050617022559106
 20
70.45431028014016
 30
0.0
  0
VERTEX
  5
CB9
  8
T9_COUNTERSINK_0_6
 10
1.053721617465526
 20
70.46731666523354
 30
0.0
  0
VERTEX
  5
CBA
  8
T9_COUNTERSINK_0_6
 10
1.057096177146418
 20
70.47993104668177
 30
0.0
  0
VERTEX
  5
CBB
  8
T9_COUNTERSINK_0_6
 10
1.060740701601782
 20
70.4921534244849
 30
0.0
  0
VERTEX
  5
CBC
  8
T9_COUNTERSINK_0_6
 10
1.064655190831616
 20
70.50398379864289
 30
0.0
  0
VERTEX
  5
CBD
  8
T9_COUNTERSINK_0_6
 10
1.068839644835922
 20
70.51542216915577
 30
0.0
  0
VERTEX
  5
CBE
  8
T9_COUNTERSINK_0_6
 10
1.077803954607409
 20
70.53738916587304
 30
0.0
  0
VERTEX
  5
CBF
  8
T9_COUNTERSINK_0_6
 10
1.087419138355704
 20
70.55832068126355
 30
0.0
  0
VERTEX
  5
CC0
  8
T9_COUNTERSINK_0_6
 10
1.097685196080806
 20
70.57821671532733
 30
0.0
  0
VERTEX
  5
CC1
  8
T9_COUNTERSINK_0_6
 10
1.108602127782716
 20
70.59707726806437
 30
0.0
  0
VERTEX
  5
CC2
  8
T9_COUNTERSINK_0_6
 10
1.120169933461434
 20
70.61490233947468
 30
0.0
  0
VERTEX
  5
CC3
  8
T9_COUNTERSINK_0_6
 10
1.132388613116959
 20
70.63169192955823
 30
0.0
  0
VERTEX
  5
CC4
  8
T9_COUNTERSINK_0_6
 10
1.145258166749292
 20
70.64744603831505
 30
0.0
  0
VERTEX
  5
CC5
  8
T9_COUNTERSINK_0_6
 10
1.158778594358432
 20
70.66216466574514
 30
0.0
  0
VERTEX
  5
CC6
  8
T9_COUNTERSINK_0_6
 10
1.172713214498268
 20
70.67598834145713
 30
0.0
  0
VERTEX
  5
CC7
  8
T9_COUNTERSINK_0_6
 10
1.186825345722689
 20
70.68905759505961
 30
0.0
  0
VERTEX
  5
CC8
  8
T9_COUNTERSINK_0_6
 10
1.201114988031693
 20
70.70137242655261
 30
0.0
  0
VERTEX
  5
CC9
  8
T9_COUNTERSINK_0_6
 10
1.215582141425281
 20
70.71293283593613
 30
0.0
  0
VERTEX
  5
CCA
  8
T9_COUNTERSINK_0_6
 10
1.230226805903453
 20
70.72373882321018
 30
0.0
  0
VERTEX
  5
CCB
  8
T9_COUNTERSINK_0_6
 10
1.245048981466209
 20
70.73379038837474
 30
0.0
  0
VERTEX
  5
CCC
  8
T9_COUNTERSINK_0_6
 10
1.260048668113548
 20
70.74308753142982
 30
0.0
  0
VERTEX
  5
CCD
  8
T9_COUNTERSINK_0_6
 10
1.275225865845472
 20
70.75163025237542
 30
0.0
  0
VERTEX
  5
CCE
  8
T9_COUNTERSINK_0_6
 10
1.2908098598129
 20
70.75959606229613
 30
0.0
  0
VERTEX
  5
CCF
  8
T9_COUNTERSINK_0_6
 10
1.307029935166754
 20
70.76716247227651
 30
0.0
  0
VERTEX
  5
CD0
  8
T9_COUNTERSINK_0_6
 10
1.323886091907034
 20
70.77432948231657
 30
0.0
  0
VERTEX
  5
CD1
  8
T9_COUNTERSINK_0_6
 10
1.341378330033739
 20
70.78109709241635
 30
0.0
  0
VERTEX
  5
CD2
  8
T9_COUNTERSINK_0_6
 10
1.35950664954687
 20
70.78746530257578
 30
0.0
  0
VERTEX
  5
CD3
  8
T9_COUNTERSINK_0_6
 10
1.378271050446427
 20
70.79343411279493
 30
0.0
  0
VERTEX
  5
CD4
  8
T9_COUNTERSINK_0_6
 10
1.397671532732409
 20
70.79900352307374
 30
0.0
  0
VERTEX
  5
CD5
  8
T9_COUNTERSINK_0_6
 10
1.417708096404817
 20
70.80417353341225
 30
0.0
  0
VERTEX
  5
CD6
  8
T9_COUNTERSINK_0_6
 10
1.437167749052327
 20
70.80887387900611
 30
0.0
  0
VERTEX
  5
CD7
  8
T9_COUNTERSINK_0_6
 10
1.456730949832511
 20
70.81327097649718
 30
0.0
  0
VERTEX
  5
CD8
  8
T9_COUNTERSINK_0_6
 10
1.476397698745369
 20
70.81736482588539
 30
0.0
  0
VERTEX
  5
CD9
  8
T9_COUNTERSINK_0_6
 10
1.496167995790902
 20
70.82115542717078
 30
0.0
  0
VERTEX
  5
CDA
  8
T9_COUNTERSINK_0_6
 10
1.516041840969108
 20
70.82464278035332
 30
0.0
  0
VERTEX
  5
CDB
  8
T9_COUNTERSINK_0_6
 10
1.536019234279987
 20
70.82782688543305
 30
0.0
  0
VERTEX
  5
CDC
  8
T9_COUNTERSINK_0_6
 10
1.556100175723541
 20
70.83070774240994
 30
0.0
  0
VERTEX
  5
CDD
  8
T9_COUNTERSINK_0_6
 10
1.576284665299769
 20
70.833285351284
 30
0.0
  0
VERTEX
  5
CDE
  8
T9_COUNTERSINK_0_6
 10
1.596572703008671
 20
70.83555971205521
 30
0.0
  0
VERTEX
  5
CDF
  8
T9_COUNTERSINK_0_6
 10
1.616964288850247
 20
70.83753082472363
 30
0.0
  0
VERTEX
  5
CE0
  8
T9_COUNTERSINK_0_6
 10
1.637459422824497
 20
70.83919868928919
 30
0.0
  0
VERTEX
  5
CE1
  8
T9_COUNTERSINK_0_6
 10
1.65805810493142
 20
70.84056330575194
 30
0.0
  0
VERTEX
  5
CE2
  8
T9_COUNTERSINK_0_6
 10
1.678760335171018
 20
70.84162467411184
 30
0.0
  0
VERTEX
  5
CE3
  8
T9_COUNTERSINK_0_6
 10
1.699566113543289
 20
70.84238279436893
 30
0.0
  0
VERTEX
  5
CE4
  8
T9_COUNTERSINK_0_6
 10
1.720475440048234
 20
70.84283766652317
 30
0.0
  0
VERTEX
  5
CE5
  8
T9_COUNTERSINK_0_6
 10
1.741488314685854
 20
70.8429892905746
 30
0.0
  0
VERTEX
  5
CE6
  8
T9_COUNTERSINK_0_6
 10
1.787914859599735
 20
70.8424900406492
 30
0.0
  0
VERTEX
  5
CE7
  8
T9_COUNTERSINK_0_6
 10
1.832758597342743
 20
70.84099229087303
 30
0.0
  0
VERTEX
  5
CE8
  8
T9_COUNTERSINK_0_6
 10
1.876019527914879
 20
70.83849604124606
 30
0.0
  0
VERTEX
  5
CE9
  8
T9_COUNTERSINK_0_6
 10
1.917697651316141
 20
70.83500129176832
 30
0.0
  0
VERTEX
  5
CEA
  8
T9_COUNTERSINK_0_6
 10
1.957792967546529
 20
70.83050804243979
 30
0.0
  0
VERTEX
  5
CEB
  8
T9_COUNTERSINK_0_6
 10
1.977247072972646
 20
70.82788698033147
 30
0.0
  0
VERTEX
  5
CEC
  8
T9_COUNTERSINK_0_6
 10
1.996305476606045
 20
70.82501629326048
 30
0.0
  0
VERTEX
  5
CED
  8
T9_COUNTERSINK_0_6
 10
2.014968178446725
 20
70.82189598122676
 30
0.0
  0
VERTEX
  5
CEE
  8
T9_COUNTERSINK_0_6
 10
2.033235178494688
 20
70.81852604423037
 30
0.0
  0
VERTEX
  5
CEF
  8
T9_COUNTERSINK_0_6
 10
2.051106476749931
 20
70.81490648227128
 30
0.0
  0
VERTEX
  5
CF0
  8
T9_COUNTERSINK_0_6
 10
2.068582073212457
 20
70.8110372953495
 30
0.0
  0
VERTEX
  5
CF1
  8
T9_COUNTERSINK_0_6
 10
2.085661967882264
 20
70.806918483465
 30
0.0
  0
VERTEX
  5
CF2
  8
T9_COUNTERSINK_0_6
 10
2.102346160759354
 20
70.80255004661782
 30
0.0
  0
VERTEX
  5
CF3
  8
T9_COUNTERSINK_0_6
 10
2.118634651843724
 20
70.79793198480795
 30
0.0
  0
VERTEX
  5
CF4
  8
T9_COUNTERSINK_0_6
 10
2.134527441135377
 20
70.79306429803538
 30
0.0
  0
VERTEX
  5
CF5
  8
T9_COUNTERSINK_0_6
 10
2.150024528634311
 20
70.78794698630008
 30
0.0
  0
VERTEX
  5
CF6
  8
T9_COUNTERSINK_0_6
 10
2.165125914340527
 20
70.78258004960213
 30
0.0
  0
VERTEX
  5
CF7
  8
T9_COUNTERSINK_0_6
 10
2.179831598254024
 20
70.77696348794146
 30
0.0
  0
VERTEX
  5
CF8
  8
T9_COUNTERSINK_0_6
 10
2.194141580374803
 20
70.77109730131812
 30
0.0
  0
VERTEX
  5
CF9
  8
T9_COUNTERSINK_0_6
 10
2.208055860702864
 20
70.76498148973207
 30
0.0
  0
VERTEX
  5
CFA
  8
T9_COUNTERSINK_0_6
 10
2.221574439238208
 20
70.75861605318332
 30
0.0
  0
VERTEX
  5
CFB
  8
T9_COUNTERSINK_0_6
 10
2.234697315980832
 20
70.75200099167186
 30
0.0
  0
VERTEX
  5
CFC
  8
T9_COUNTERSINK_0_6
 10
2.247424490930738
 20
70.74513630519772
 30
0.0
  0
VERTEX
  5
CFD
  8
T9_COUNTERSINK_0_6
 10
2.259755964087925
 20
70.73802199376087
 30
0.0
  0
VERTEX
  5
CFE
  8
T9_COUNTERSINK_0_6
 10
2.271691735452396
 20
70.73065805736135
 30
0.0
  0
VERTEX
  5
CFF
  8
T9_COUNTERSINK_0_6
 10
2.283231805024147
 20
70.72304449599912
 30
0.0
  0
VERTEX
  5
D00
  8
T9_COUNTERSINK_0_6
 10
2.29437617280318
 20
70.7151813096742
 30
0.0
  0
VERTEX
  5
D01
  8
T9_COUNTERSINK_0_6
 10
2.305151650359562
 20
70.70701302617263
 30
0.0
  0
VERTEX
  5
D02
  8
T9_COUNTERSINK_0_6
 10
2.315585049263361
 20
70.69848417328052
 30
0.0
  0
VERTEX
  5
D03
  8
T9_COUNTERSINK_0_6
 10
2.325676369514576
 20
70.68959475099786
 30
0.0
  0
VERTEX
  5
D04
  8
T9_COUNTERSINK_0_6
 10
2.335425611113207
 20
70.68034475932461
 30
0.0
  0
VERTEX
  5
D05
  8
T9_COUNTERSINK_0_6
 10
2.344832774059255
 20
70.67073419826082
 30
0.0
  0
VERTEX
  5
D06
  8
T9_COUNTERSINK_0_6
 10
2.35389785835272
 20
70.66076306780644
 30
0.0
  0
VERTEX
  5
D07
  8
T9_COUNTERSINK_0_6
 10
2.362620863993601
 20
70.65043136796152
 30
0.0
  0
VERTEX
  5
D08
  8
T9_COUNTERSINK_0_6
 10
2.371001790981898
 20
70.63973909872604
 30
0.0
  0
VERTEX
  5
D09
  8
T9_COUNTERSINK_0_6
 10
2.379040639317611
 20
70.6286862601
 30
0.0
  0
VERTEX
  5
D0A
  8
T9_COUNTERSINK_0_6
 10
2.386737409000741
 20
70.61727285208339
 30
0.0
  0
VERTEX
  5
D0B
  8
T9_COUNTERSINK_0_6
 10
2.394092100031288
 20
70.60549887467621
 30
0.0
  0
VERTEX
  5
D0C
  8
T9_COUNTERSINK_0_6
 10
2.401104712409251
 20
70.5933643278785
 30
0.0
  0
VERTEX
  5
D0D
  8
T9_COUNTERSINK_0_6
 10
2.40777524613463
 20
70.58086921169021
 30
0.0
  0
VERTEX
  5
D0E
  8
T9_COUNTERSINK_0_6
 10
2.414103701207426
 20
70.56801352611136
 30
0.0
  0
VERTEX
  5
D0F
  8
T9_COUNTERSINK_0_6
 10
2.420090077627639
 20
70.55479727114195
 30
0.0
  0
VERTEX
  5
D10
  8
T9_COUNTERSINK_0_6
 10
2.425734375395267
 20
70.54122044678198
 30
0.0
  0
VERTEX
  5
D11
  8
T9_COUNTERSINK_0_6
 10
2.431036594510312
 20
70.52728305303144
 30
0.0
  0
VERTEX
  5
D12
  8
T9_COUNTERSINK_0_6
 10
2.435996734972774
 20
70.51298508989035
 30
0.0
  0
VERTEX
  5
D13
  8
T9_COUNTERSINK_0_6
 10
2.440614796782652
 20
70.4983265573587
 30
0.0
  0
VERTEX
  5
D14
  8
T9_COUNTERSINK_0_6
 10
2.444890779939946
 20
70.48330745543649
 30
0.0
  0
VERTEX
  5
D15
  8
T9_COUNTERSINK_0_6
 10
2.448824684444658
 20
70.4679277841237
 30
0.0
  0
VERTEX
  5
D16
  8
T9_COUNTERSINK_0_6
 10
2.452416510296785
 20
70.45218754342037
 30
0.0
  0
VERTEX
  5
D17
  8
T9_COUNTERSINK_0_6
 10
2.455666257496329
 20
70.43608673332646
 30
0.0
  0
VERTEX
  5
D18
  8
T9_COUNTERSINK_0_6
 10
2.458573926043289
 20
70.41962535384201
 30
0.0
  0
VERTEX
  5
D19
  8
T9_COUNTERSINK_0_6
 10
2.461139515937666
 20
70.40280340496699
 30
0.0
  0
VERTEX
  5
D1A
  8
T9_COUNTERSINK_0_6
 10
2.463363027179459
 20
70.38562088670139
 30
0.0
  0
VERTEX
  5
D1B
  8
T9_COUNTERSINK_0_6
 10
2.465244459768669
 20
70.36807779904524
 30
0.0
  0
VERTEX
  5
D1C
  8
T9_COUNTERSINK_0_6
 10
2.466783813705294
 20
70.35017414199854
 30
0.0
  0
VERTEX
  5
D1D
  8
T9_COUNTERSINK_0_6
 10
2.467981088989337
 20
70.33190991556128
 30
0.0
  0
VERTEX
  5
D1E
  8
T9_COUNTERSINK_0_6
 10
2.468836285620795
 20
70.31328511973345
 30
0.0
  0
VERTEX
  5
D1F
  8
T9_COUNTERSINK_0_6
 10
2.469349403599671
 20
70.29429975451505
 30
0.0
  0
VERTEX
  5
D20
  8
T9_COUNTERSINK_0_6
 10
2.469520442925963
 20
70.27495381990612
 30
0.0
  0
VERTEX
  5
D21
  8
T9_COUNTERSINK_0_6
 10
2.469302252217828
 20
70.25332335462005
 30
0.0
  0
VERTEX
  5
D22
  8
T9_COUNTERSINK_0_6
 10
2.468647680093425
 20
70.23221802629254
 30
0.0
  0
VERTEX
  5
D23
  8
T9_COUNTERSINK_0_6
 10
2.467556726552753
 20
70.21163783492358
 30
0.0
  0
VERTEX
  5
D24
  8
T9_COUNTERSINK_0_6
 10
2.466029391595812
 20
70.1915827805132
 30
0.0
  0
VERTEX
  5
D25
  8
T9_COUNTERSINK_0_6
 10
2.464065675222603
 20
70.17205286306137
 30
0.0
  0
VERTEX
  5
D26
  8
T9_COUNTERSINK_0_6
 10
2.461665577433125
 20
70.1530480825681
 30
0.0
  0
VERTEX
  5
D27
  8
T9_COUNTERSINK_0_6
 10
2.458829098227378
 20
70.1345684390334
 30
0.0
  0
VERTEX
  5
D28
  8
T9_COUNTERSINK_0_6
 10
2.455556237605363
 20
70.11661393245727
 30
0.0
  0
VERTEX
  5
D29
  8
T9_COUNTERSINK_0_6
 10
2.451846995567078
 20
70.09918456283968
 30
0.0
  0
VERTEX
  5
D2A
  8
T9_COUNTERSINK_0_6
 10
2.447701372112525
 20
70.08228033018068
 30
0.0
  0
VERTEX
  5
D2B
  8
T9_COUNTERSINK_0_6
 10
2.443119367241703
 20
70.06590123448021
 30
0.0
  0
VERTEX
  5
D2C
  8
T9_COUNTERSINK_0_6
 10
2.438100980954612
 20
70.05004727573831
 30
0.0
  0
VERTEX
  5
D2D
  8
T9_COUNTERSINK_0_6
 10
2.432646213251252
 20
70.03471845395497
 30
0.0
  0
VERTEX
  5
D2E
  8
T9_COUNTERSINK_0_6
 10
2.426755064131624
 20
70.0199147691302
 30
0.0
  0
VERTEX
  5
D2F
  8
T9_COUNTERSINK_0_6
 10
2.420427533595727
 20
70.00563622126397
 30
0.0
  0
VERTEX
  5
D30
  8
T9_COUNTERSINK_0_6
 10
2.413663621643562
 20
69.99188281035632
 30
0.0
  0
VERTEX
  5
D31
  8
T9_COUNTERSINK_0_6
 10
2.406478120865509
 20
69.97854359197936
 30
0.0
  0
VERTEX
  5
D32
  8
T9_COUNTERSINK_0_6
 10
2.398885823851952
 20
69.96550762170523
 30
0.0
  0
VERTEX
  5
D33
  8
T9_COUNTERSINK_0_6
 10
2.39088673060289
 20
69.95277489953394
 30
0.0
  0
VERTEX
  5
D34
  8
T9_COUNTERSINK_0_6
 10
2.382480841118323
 20
69.94034542546547
 30
0.0
  0
VERTEX
  5
D35
  8
T9_COUNTERSINK_0_6
 10
2.373668155398251
 20
69.92821919949984
 30
0.0
  0
VERTEX
  5
D36
  8
T9_COUNTERSINK_0_6
 10
2.364448673442675
 20
69.91639622163702
 30
0.0
  0
VERTEX
  5
D37
  8
T9_COUNTERSINK_0_6
 10
2.354822395251594
 20
69.90487649187705
 30
0.0
  0
VERTEX
  5
D38
  8
T9_COUNTERSINK_0_6
 10
2.344789320825008
 20
69.89366001021989
 30
0.0
  0
VERTEX
  5
D39
  8
T9_COUNTERSINK_0_6
 10
2.334349450162917
 20
69.88274677666558
 30
0.0
  0
VERTEX
  5
D3A
  8
T9_COUNTERSINK_0_6
 10
2.323502783265321
 20
69.87213679121409
 30
0.0
  0
VERTEX
  5
D3B
  8
T9_COUNTERSINK_0_6
 10
2.312249320132222
 20
69.86183005386545
 30
0.0
  0
VERTEX
  5
D3C
  8
T9_COUNTERSINK_0_6
 10
2.300589060763617
 20
69.85182656461961
 30
0.0
  0
VERTEX
  5
D3D
  8
T9_COUNTERSINK_0_6
 10
2.288522005159507
 20
69.84212632347663
 30
0.0
  0
VERTEX
  5
D3E
  8
T9_COUNTERSINK_0_6
 10
2.276048153319892
 20
69.83272933043646
 30
0.0
  0
VERTEX
  5
D3F
  8
T9_COUNTERSINK_0_6
 10
2.263167505244773
 20
69.82363558549915
 30
0.0
  0
VERTEX
  5
D40
  8
T9_COUNTERSINK_0_6
 10
2.249880060934148
 20
69.81484508866464
 30
0.0
  0
VERTEX
  5
D41
  8
T9_COUNTERSINK_0_6
 10
2.240074422584686
 20
69.80865993681117
 30
0.0
  0
VERTEX
  5
D42
  8
T9_COUNTERSINK_0_6
 10
2.229828704671359
 20
69.80264859789469
 30
0.0
  0
VERTEX
  5
D43
  8
T9_COUNTERSINK_0_6
 10
2.219142907194167
 20
69.7968110719152
 30
0.0
  0
VERTEX
  5
D44
  8
T9_COUNTERSINK_0_6
 10
2.208017030153111
 20
69.79114735887269
 30
0.0
  0
VERTEX
  5
D45
  8
T9_COUNTERSINK_0_6
 10
2.196451073548192
 20
69.78565745876718
 30
0.0
  0
VERTEX
  5
D46
  8
T9_COUNTERSINK_0_6
 10
2.184445037379407
 20
69.78034137159865
 30
0.0
  0
VERTEX
  5
D47
  8
T9_COUNTERSINK_0_6
 10
2.171998921646759
 20
69.7751990973671
 30
0.0
  0
VERTEX
  5
D48
  8
T9_COUNTERSINK_0_6
 10
2.159112726350247
 20
69.77023063607255
 30
0.0
  0
VERTEX
  5
D49
  8
T9_COUNTERSINK_0_6
 10
2.14578645148987
 20
69.765435987715
 30
0.0
  0
VERTEX
  5
D4A
  8
T9_COUNTERSINK_0_6
 10
2.132020097065628
 20
69.76081515229441
 30
0.0
  0
VERTEX
  5
D4B
  8
T9_COUNTERSINK_0_6
 10
2.103167149525553
 20
69.75209492026423
 30
0.0
  0
VERTEX
  5
D4C
  8
T9_COUNTERSINK_0_6
 10
2.072553883730021
 20
69.74406993998201
 30
0.0
  0
VERTEX
  5
D4D
  8
T9_COUNTERSINK_0_6
 10
2.040180299679032
 20
69.73674021144772
 30
0.0
  0
VERTEX
  5
D4E
  8
T9_COUNTERSINK_0_6
 10
2.006490175084046
 20
69.73019449020367
 30
0.0
  0
VERTEX
  5
D4F
  8
T9_COUNTERSINK_0_6
 10
1.971927287656522
 20
69.72452153179219
 30
0.0
  0
VERTEX
  5
D50
  8
T9_COUNTERSINK_0_6
 10
1.936491637396461
 20
69.71972133621324
 30
0.0
  0
VERTEX
  5
D51
  8
T9_COUNTERSINK_0_6
 10
1.900183224303862
 20
69.71579390346682
 30
0.0
  0
VERTEX
  5
D52
  8
T9_COUNTERSINK_0_6
 10
1.863002048378726
 20
69.71273923355295
 30
0.0
  0
VERTEX
  5
D53
  8
T9_COUNTERSINK_0_6
 10
1.824948109621052
 20
69.71055732647162
 30
0.0
  0
VERTEX
  5
D54
  8
T9_COUNTERSINK_0_6
 10
1.78602140803084
 20
69.7092481822228
 30
0.0
  0
SEQEND
  5
F5A
  8
T9_COUNTERSINK_0_6
  0
POLYLINE
  5
83
  8
T9_COUNTERSINK_0_6
 66
     1
 10
0.0
 20
0.0
 30
0.0
 70
     1
  0
VERTEX
  5
D55
  8
T9_COUNTERSINK_0_6
 10
1.747168669392539
 20
70.0912890177233
 30
0.0
  0
VERTEX
  5
D56
  8
T9_COUNTERSINK_0_6
 10
1.779647650649999
 20
70.09147207602928
 30
0.0
  0
VERTEX
  5
D57
  8
T9_COUNTERSINK_0_6
 10
1.810813789511058
 20
70.09202125094721
 30
0.0
  0
VERTEX
  5
D58
  8
T9_COUNTERSINK_0_6
 10
1.840667085975715
 20
70.0929365424771
 30
0.0
  0
VERTEX
  5
D59
  8
T9_COUNTERSINK_0_6
 10
1.869207540043971
 20
70.09421795061894
 30
0.0
  0
VERTEX
  5
D5A
  8
T9_COUNTERSINK_0_6
 10
1.896435151715825
 20
70.09586547537272
 30
0.0
  0
VERTEX
  5
D5B
  8
T9_COUNTERSINK_0_6
 10
1.922349920991277
 20
70.09787911673848
 30
0.0
  0
VERTEX
  5
D5C
  8
T9_COUNTERSINK_0_6
 10
1.946951847870327
 20
70.10025887471619
 30
0.0
  0
VERTEX
  5
D5D
  8
T9_COUNTERSINK_0_6
 10
1.970240932352975
 20
70.10300474930584
 30
0.0
  0
VERTEX
  5
D5E
  8
T9_COUNTERSINK_0_6
 10
1.992217174439222
 20
70.10611674050745
 30
0.0
  0
VERTEX
  5
D5F
  8
T9_COUNTERSINK_0_6
 10
2.012880574129067
 20
70.10959484832101
 30
0.0
  0
VERTEX
  5
D60
  8
T9_COUNTERSINK_0_6
 10
2.03223113142251
 20
70.11343907274653
 30
0.0
  0
VERTEX
  5
D61
  8
T9_COUNTERSINK_0_6
 10
2.050268846319551
 20
70.11764941378401
 30
0.0
  0
VERTEX
  5
D62
  8
T9_COUNTERSINK_0_6
 10
2.066993718820191
 20
70.12222587143344
 30
0.0
  0
VERTEX
  5
D63
  8
T9_COUNTERSINK_0_6
 10
2.082405748924428
 20
70.12716844569482
 30
0.0
  0
VERTEX
  5
D64
  8
T9_COUNTERSINK_0_6
 10
2.096504936632265
 20
70.13247713656816
 30
0.0
  0
VERTEX
  5
D65
  8
T9_COUNTERSINK_0_6
 10
2.109291281943698
 20
70.13815194405345
 30
0.0
  0
VERTEX
  5
D66
  8
T9_COUNTERSINK_0_6
 10
2.121042145928393
 20
70.14417437741272
 30
0.0
  0
VERTEX
  5
D67
  8
T9_COUNTERSINK_0_6
 10
2.132034889656011
 20
70.15052594590799
 30
0.0
  0
VERTEX
  5
D68
  8
T9_COUNTERSINK_0_6
 10
2.142269513126552
 20
70.15720664953926
 30
0.0
  0
VERTEX
  5
D69
  8
T9_COUNTERSINK_0_6
 10
2.151746016340015
 20
70.16421648830652
 30
0.0
  0
VERTEX
  5
D6A
  8
T9_COUNTERSINK_0_6
 10
2.160464399296401
 20
70.1715554622098
 30
0.0
  0
VERTEX
  5
D6B
  8
T9_COUNTERSINK_0_6
 10
2.168424661995711
 20
70.17922357124905
 30
0.0
  0
VERTEX
  5
D6C
  8
T9_COUNTERSINK_0_6
 10
2.175626804437943
 20
70.18722081542433
 30
0.0
  0
VERTEX
  5
D6D
  8
T9_COUNTERSINK_0_6
 10
2.182070826623098
 20
70.19554719473558
 30
0.0
  0
VERTEX
  5
D6E
  8
T9_COUNTERSINK_0_6
 10
2.187756728551176
 20
70.20420270918285
 30
0.0
  0
VERTEX
  5
D6F
  8
T9_COUNTERSINK_0_6
 10
2.192684510222177
 20
70.2131873587661
 30
0.0
  0
VERTEX
  5
D70
  8
T9_COUNTERSINK_0_6
 10
2.196854171636101
 20
70.22250114348537
 30
0.0
  0
VERTEX
  5
D71
  8
T9_COUNTERSINK_0_6
 10
2.200265712792948
 20
70.23214406334063
 30
0.0
  0
VERTEX
  5
D72
  8
T9_COUNTERSINK_0_6
 10
2.202919133692717
 20
70.2421161183319
 30
0.0
  0
VERTEX
  5
D73
  8
T9_COUNTERSINK_0_6
 10
2.20481443433541
 20
70.25241730845914
 30
0.0
  0
VERTEX
  5
D74
  8
T9_COUNTERSINK_0_6
 10
2.205951614721026
 20
70.26304763372242
 30
0.0
  0
VERTEX
  5
D75
  8
T9_COUNTERSINK_0_6
 10
2.206330674849565
 20
70.27400709412167
 30
0.0
  0
VERTEX
  5
D76
  8
T9_COUNTERSINK_0_6
 10
2.20616980542916
 20
70.2812831995158
 30
0.0
  0
VERTEX
  5
D77
  8
T9_COUNTERSINK_0_6
 10
2.205687197167948
 20
70.2884372660393
 30
0.0
  0
VERTEX
  5
D78
  8
T9_COUNTERSINK_0_6
 10
2.204882850065927
 20
70.29546929369214
 30
0.0
  0
VERTEX
  5
D79
  8
T9_COUNTERSINK_0_6
 10
2.203756764123098
 20
70.30237928247432
 30
0.0
  0
VERTEX
  5
D7A
  8
T9_COUNTERSINK_0_6
 10
2.202308939339461
 20
70.30916723238586
 30
0.0
  0
VERTEX
  5
D7B
  8
T9_COUNTERSINK_0_6
 10
2.200539375715015
 20
70.31583314342674
 30
0.0
  0
VERTEX
  5
D7C
  8
T9_COUNTERSINK_0_6
 10
2.198448073249761
 20
70.32237701559697
 30
0.0
  0
VERTEX
  5
D7D
  8
T9_COUNTERSINK_0_6
 10
2.196035031943698
 20
70.32879884889655
 30
0.0
  0
VERTEX
  5
D7E
  8
T9_COUNTERSINK_0_6
 10
2.193300251796828
 20
70.33509864332547
 30
0.0
  0
VERTEX
  5
D7F
  8
T9_COUNTERSINK_0_6
 10
2.190243732809148
 20
70.34127639888376
 30
0.0
  0
VERTEX
  5
D80
  8
T9_COUNTERSINK_0_6
 10
2.186865474980661
 20
70.34733211557139
 30
0.0
  0
VERTEX
  5
D81
  8
T9_COUNTERSINK_0_6
 10
2.183165478311365
 20
70.35326579338837
 30
0.0
  0
VERTEX
  5
D82
  8
T9_COUNTERSINK_0_6
 10
2.179143742801261
 20
70.35907743233469
 30
0.0
  0
VERTEX
  5
D83
  8
T9_COUNTERSINK_0_6
 10
2.174800268450348
 20
70.36476703241038
 30
0.0
  0
VERTEX
  5
D84
  8
T9_COUNTERSINK_0_6
 10
2.170135055258628
 20
70.37033459361538
 30
0.0
  0
VERTEX
  5
D85
  8
T9_COUNTERSINK_0_6
 10
2.165148103226099
 20
70.37578011594977
 30
0.0
  0
VERTEX
  5
D86
  8
T9_COUNTERSINK_0_6
 10
2.159813525319593
 20
70.38107586330653
 30
0.0
  0
VERTEX
  5
D87
  8
T9_COUNTERSINK_0_6
 10
2.154105434505943
 20
70.38619409957869
 30
0.0
  0
VERTEX
  5
D88
  8
T9_COUNTERSINK_0_6
 10
2.148023830785146
 20
70.39113482476628
 30
0.0
  0
VERTEX
  5
D89
  8
T9_COUNTERSINK_0_6
 10
2.141568714157204
 20
70.39589803886929
 30
0.0
  0
VERTEX
  5
D8A
  8
T9_COUNTERSINK_0_6
 10
2.134740084622118
 20
70.40048374188771
 30
0.0
  0
VERTEX
  5
D8B
  8
T9_COUNTERSINK_0_6
 10
2.127537942179885
 20
70.40489193382155
 30
0.0
  0
VERTEX
  5
D8C
  8
T9_COUNTERSINK_0_6
 10
2.119962286830507
 20
70.40912261467079
 30
0.0
  0
VERTEX
  5
D8D
  8
T9_COUNTERSINK_0_6
 10
2.112013118573985
 20
70.41317578443545
 30
0.0
  0
VERTEX
  5
D8E
  8
T9_COUNTERSINK_0_6
 10
2.103690437410316
 20
70.41705144311555
 30
0.0
  0
VERTEX
  5
D8F
  8
T9_COUNTERSINK_0_6
 10
2.094994243339503
 20
70.42074959071104
 30
0.0
  0
VERTEX
  5
D90
  8
T9_COUNTERSINK_0_6
 10
2.07648131647644
 20
70.42761335264828
 30
0.0
  0
VERTEX
  5
D91
  8
T9_COUNTERSINK_0_6
 10
2.056474337984797
 20
70.4337670702472
 30
0.0
  0
VERTEX
  5
D92
  8
T9_COUNTERSINK_0_6
 10
2.034973307864571
 20
70.43921074350776
 30
0.0
  0
VERTEX
  5
D93
  8
T9_COUNTERSINK_0_6
 10
2.023460974399786
 20
70.44167555888016
 30
0.0
  0
VERTEX
  5
D94
  8
T9_COUNTERSINK_0_6
 10
2.011172029939946
 20
70.44398135390594
 30
0.0
  0
VERTEX
  5
D95
  8
T9_COUNTERSINK_0_6
 10
1.984264308035103
 20
70.4481158829177
 30
0.0
  0
VERTEX
  5
D96
  8
T9_COUNTERSINK_0_6
 10
1.954250142150042
 20
70.45161433054305
 30
0.0
  0
VERTEX
  5
D97
  8
T9_COUNTERSINK_0_6
 10
1.921129532284762
 20
70.45447669678197
 30
0.0
  0
VERTEX
  5
D98
  8
T9_COUNTERSINK_0_6
 10
1.884902478439265
 20
70.45670298163445
 30
0.0
  0
VERTEX
  5
D99
  8
T9_COUNTERSINK_0_6
 10
1.845568980613548
 20
70.4582931851005
 30
0.0
  0
VERTEX
  5
D9A
  8
T9_COUNTERSINK_0_6
 10
1.803129038807614
 20
70.45924730718015
 30
0.0
  0
VERTEX
  5
D9B
  8
T9_COUNTERSINK_0_6
 10
1.757582653021461
 20
70.45956534787337
 30
0.0
  0
VERTEX
  5
D9C
  8
T9_COUNTERSINK_0_6
 10
1.723735357153666
 20
70.4593822895674
 30
0.0
  0
VERTEX
  5
D9D
  8
T9_COUNTERSINK_0_6
 10
1.691304451814946
 20
70.45883311464945
 30
0.0
  0
VERTEX
  5
D9E
  8
T9_COUNTERSINK_0_6
 10
1.660289937005303
 20
70.45791782311957
 30
0.0
  0
VERTEX
  5
D9F
  8
T9_COUNTERSINK_0_6
 10
1.630691812724735
 20
70.45663641497774
 30
0.0
  0
VERTEX
  5
DA0
  8
T9_COUNTERSINK_0_6
 10
1.602510078973243
 20
70.45498889022394
 30
0.0
  0
VERTEX
  5
DA1
  8
T9_COUNTERSINK_0_6
 10
1.575744735750826
 20
70.4529752488582
 30
0.0
  0
VERTEX
  5
DA2
  8
T9_COUNTERSINK_0_6
 10
1.550395783057485
 20
70.45059549088049
 30
0.0
  0
VERTEX
  5
DA3
  8
T9_COUNTERSINK_0_6
 10
1.526463220893221
 20
70.44784961629082
 30
0.0
  0
VERTEX
  5
DA4
  8
T9_COUNTERSINK_0_6
 10
1.503947049258031
 20
70.44473762508922
 30
0.0
  0
VERTEX
  5
DA5
  8
T9_COUNTERSINK_0_6
 10
1.482847268151918
 20
70.44125951727565
 30
0.0
  0
VERTEX
  5
DA6
  8
T9_COUNTERSINK_0_6
 10
1.46316387757488
 20
70.43741529285013
 30
0.0
  0
VERTEX
  5
DA7
  8
T9_COUNTERSINK_0_6
 10
1.444896877526918
 20
70.43320495181266
 30
0.0
  0
VERTEX
  5
DA8
  8
T9_COUNTERSINK_0_6
 10
1.428046268008031
 20
70.42862849416323
 30
0.0
  0
VERTEX
  5
DA9
  8
T9_COUNTERSINK_0_6
 10
1.412612049018221
 20
70.42368591990184
 30
0.0
  0
VERTEX
  5
DAA
  8
T9_COUNTERSINK_0_6
 10
1.398594220557486
 20
70.41837722902851
 30
0.0
  0
VERTEX
  5
DAB
  8
T9_COUNTERSINK_0_6
 10
1.385992782625826
 20
70.41270242154322
 30
0.0
  0
VERTEX
  5
DAC
  8
T9_COUNTERSINK_0_6
 10
1.374471203792053
 20
70.40666149744598
 30
0.0
  0
VERTEX
  5
DAD
  8
T9_COUNTERSINK_0_6
 10
1.363692952624974
 20
70.40025445673677
 30
0.0
  0
VERTEX
  5
DAE
  8
T9_COUNTERSINK_0_6
 10
1.35365802912459
 20
70.39348129941561
 30
0.0
  0
VERTEX
  5
DAF
  8
T9_COUNTERSINK_0_6
 10
1.344366433290902
 20
70.3863420254825
 30
0.0
  0
VERTEX
  5
DB0
  8
T9_COUNTERSINK_0_6
 10
1.335818165123908
 20
70.37883663493744
 30
0.0
  0
VERTEX
  5
DB1
  8
T9_COUNTERSINK_0_6
 10
1.328013224623609
 20
70.37096512778042
 30
0.0
  0
VERTEX
  5
DB2
  8
T9_COUNTERSINK_0_6
 10
1.320951611790006
 20
70.36272750401145
 30
0.0
  0
VERTEX
  5
DB3
  8
T9_COUNTERSINK_0_6
 10
1.314633326623098
 20
70.35412376363053
 30
0.0
  0
VERTEX
  5
DB4
  8
T9_COUNTERSINK_0_6
 10
1.309058369122885
 20
70.34515390663765
 30
0.0
  0
VERTEX
  5
DB5
  8
T9_COUNTERSINK_0_6
 10
1.304226739289366
 20
70.33581793303281
 30
0.0
  0
VERTEX
  5
DB6
  8
T9_COUNTERSINK_0_6
 10
1.300138437122544
 20
70.32611584281602
 30
0.0
  0
VERTEX
  5
DB7
  8
T9_COUNTERSINK_0_6
 10
1.296793462622416
 20
70.31604763598729
 30
0.0
  0
VERTEX
  5
DB8
  8
T9_COUNTERSINK_0_6
 10
1.294191815788983
 20
70.3056133125466
 30
0.0
  0
VERTEX
  5
DB9
  8
T9_COUNTERSINK_0_6
 10
1.292333496622245
 20
70.29481287249394
 30
0.0
  0
VERTEX
  5
DBA
  8
T9_COUNTERSINK_0_6
 10
1.291218505122202
 20
70.28364631582933
 30
0.0
  0
VERTEX
  5
DBB
  8
T9_COUNTERSINK_0_6
 10
1.290846841288855
 20
70.27211364255277
 30
0.0
  0
VERTEX
  5
DBC
  8
T9_COUNTERSINK_0_6
 10
1.291225901417393
 20
70.26036832578947
 30
0.0
  0
VERTEX
  5
DBD
  8
T9_COUNTERSINK_0_6
 10
1.292363081803009
 20
70.24903720155686
 30
0.0
  0
VERTEX
  5
DBE
  8
T9_COUNTERSINK_0_6
 10
1.294258382445702
 20
70.23812026985496
 30
0.0
  0
VERTEX
  5
DBF
  8
T9_COUNTERSINK_0_6
 10
1.296911803345472
 20
70.22761753068374
 30
0.0
  0
VERTEX
  5
DC0
  8
T9_COUNTERSINK_0_6
 10
1.300323344502318
 20
70.21752898404323
 30
0.0
  0
VERTEX
  5
DC1
  8
T9_COUNTERSINK_0_6
 10
1.304493005916242
 20
70.2078546299334
 30
0.0
  0
VERTEX
  5
DC2
  8
T9_COUNTERSINK_0_6
 10
1.309420787587243
 20
70.19859446835426
 30
0.0
  0
VERTEX
  5
DC3
  8
T9_COUNTERSINK_0_6
 10
1.315106689515321
 20
70.18974849930584
 30
0.0
  0
VERTEX
  5
DC4
  8
T9_COUNTERSINK_0_6
 10
1.321550711700477
 20
70.1813167227881
 30
0.0
  0
VERTEX
  5
DC5
  8
T9_COUNTERSINK_0_6
 10
1.328752854142709
 20
70.17329913880106
 30
0.0
  0
VERTEX
  5
DC6
  8
T9_COUNTERSINK_0_6
 10
1.336713116842018
 20
70.16569574734471
 30
0.0
  0
VERTEX
  5
DC7
  8
T9_COUNTERSINK_0_6
 10
1.345431499798405
 20
70.15850654841907
 30
0.0
  0
VERTEX
  5
DC8
  8
T9_COUNTERSINK_0_6
 10
1.354908003011868
 20
70.15173154202412
 30
0.0
  0
VERTEX
  5
DC9
  8
T9_COUNTERSINK_0_6
 10
1.365142626482409
 20
70.14537072815986
 30
0.0
  0
VERTEX
  5
DCA
  8
T9_COUNTERSINK_0_6
 10
1.376135370210027
 20
70.13942410682631
 30
0.0
  0
VERTEX
  5
DCB
  8
T9_COUNTERSINK_0_6
 10
1.387886234194721
 20
70.13389167802345
 30
0.0
  0
VERTEX
  5
DCC
  8
T9_COUNTERSINK_0_6
 10
1.400661485063369
 20
70.12873276212773
 30
0.0
  0
VERTEX
  5
DCD
  8
T9_COUNTERSINK_0_6
 10
1.414727389442845
 20
70.12390667951558
 30
0.0
  0
VERTEX
  5
DCE
  8
T9_COUNTERSINK_0_6
 10
1.430083947333151
 20
70.11941343018707
 30
0.0
  0
VERTEX
  5
DCF
  8
T9_COUNTERSINK_0_6
 10
1.446731158734285
 20
70.11525301414213
 30
0.0
  0
VERTEX
  5
DD0
  8
T9_COUNTERSINK_0_6
 10
1.464669023646247
 20
70.1114254313808
 30
0.0
  0
VERTEX
  5
DD1
  8
T9_COUNTERSINK_0_6
 10
1.483897542069039
 20
70.10793068190304
 30
0.0
  0
VERTEX
  5
DD2
  8
T9_COUNTERSINK_0_6
 10
1.504416714002659
 20
70.1047687657089
 30
0.0
  0
VERTEX
  5
DD3
  8
T9_COUNTERSINK_0_6
 10
1.526226539447109
 20
70.10193968279833
 30
0.0
  0
VERTEX
  5
DD4
  8
T9_COUNTERSINK_0_6
 10
1.549327018402387
 20
70.09944343317137
 30
0.0
  0
VERTEX
  5
DD5
  8
T9_COUNTERSINK_0_6
 10
1.573718150868493
 20
70.097280016828
 30
0.0
  0
VERTEX
  5
DD6
  8
T9_COUNTERSINK_0_6
 10
1.599399936845429
 20
70.09544943376824
 30
0.0
  0
VERTEX
  5
DD7
  8
T9_COUNTERSINK_0_6
 10
1.626372376333193
 20
70.09395168399206
 30
0.0
  0
VERTEX
  5
DD8
  8
T9_COUNTERSINK_0_6
 10
1.654635469331786
 20
70.09278676749948
 30
0.0
  0
VERTEX
  5
DD9
  8
T9_COUNTERSINK_0_6
 10
1.684189215841208
 20
70.09195468429049
 30
0.0
  0
VERTEX
  5
DDA
  8
T9_COUNTERSINK_0_6
 10
1.715033615861459
 20
70.09145543436509
 30
0.0
  0
SEQEND
  5
F5B
  8
T9_COUNTERSINK_0_6
  0
POLYLINE
  5
84
  8
T9_COUNTERSINK_0_6
 66
     1
 10
0.0
 20
0.0
 30
0.0
 70
     1
  0
VERTEX
  5
DDB
  8
T9_COUNTERSINK_0_6
 10
1.790718055477122
 20
70.96511691676832
 30
0.0
  0
VERTEX
  5
DDC
  8
T9_COUNTERSINK_0_6
 10
1.790718055477122
 20
71.52557858116123
 30
0.0
  0
VERTEX
  5
DDD
  8
T9_COUNTERSINK_0_6
 10
2.088936677578078
 20
71.52557858116123
 30
0.0
  0
VERTEX
  5
DDE
  8
T9_COUNTERSINK_0_6
 10
2.088936677578078
 20
70.96511691676832
 30
0.0
  0
SEQEND
  5
F5C
  8
T9_COUNTERSINK_0_6
  0
POLYLINE
  5
85
  8
T9_COUNTERSINK_0_6
 66
     1
 10
0.0
 20
0.0
 30
0.0
 70
     1
  0
VERTEX
  5
DDF
  8
T9_COUNTERSINK_0_6
 10
1.057952298314776
 20
71.65433328784609
 30
0.0
  0
VERTEX
  5
DE0
  8
T9_COUNTERSINK_0_6
 10
1.057952298314776
 20
72.77999024555415
 30
0.0
  0
VERTEX
  5
DE1
  8
T9_COUNTERSINK_0_6
 10
1.318301889037832
 20
72.77999024555415
 30
0.0
  0
VERTEX
  5
DE2
  8
T9_COUNTERSINK_0_6
 10
1.33495464766036
 20
72.76183603900786
 30
0.0
  0
VERTEX
  5
DE3
  8
T9_COUNTERSINK_0_6
 10
1.35177752107228
 20
72.7440590435163
 30
0.0
  0
VERTEX
  5
DE4
  8
T9_COUNTERSINK_0_6
 10
1.368770509273593
 20
72.7266592590795
 30
0.0
  0
VERTEX
  5
DE5
  8
T9_COUNTERSINK_0_6
 10
1.385933612264298
 20
72.7096366856974
 30
0.0
  0
VERTEX
  5
DE6
  8
T9_COUNTERSINK_0_6
 10
1.403266830044398
 20
72.69299132337008
 30
0.0
  0
VERTEX
  5
DE7
  8
T9_COUNTERSINK_0_6
 10
1.420770162613889
 20
72.67672317209747
 30
0.0
  0
VERTEX
  5
DE8
  8
T9_COUNTERSINK_0_6
 10
1.438443609972774
 20
72.66083223187961
 30
0.0
  0
VERTEX
  5
DE9
  8
T9_COUNTERSINK_0_6
 10
1.456287172121051
 20
72.64531850271649
 30
0.0
  0
VERTEX
  5
DEA
  8
T9_COUNTERSINK_0_6
 10
1.474300849058722
 20
72.63018198460813
 30
0.0
  0
VERTEX
  5
DEB
  8
T9_COUNTERSINK_0_6
 10
1.492484640785785
 20
72.6154226775545
 30
0.0
  0
VERTEX
  5
DEC
  8
T9_COUNTERSINK_0_6
 10
1.510838547302242
 20
72.60104058155562
 30
0.0
  0
VERTEX
  5
DED
  8
T9_COUNTERSINK_0_6
 10
1.529362568608091
 20
72.58703569661145
 30
0.0
  0
VERTEX
  5
DEE
  8
T9_COUNTERSINK_0_6
 10
1.548056704703333
 20
72.57340802272203
 30
0.0
  0
VERTEX
  5
DEF
  8
T9_COUNTERSINK_0_6
 10
1.566920955587968
 20
72.56015755988736
 30
0.0
  0
VERTEX
  5
DF0
  8
T9_COUNTERSINK_0_6
 10
1.585955321261996
 20
72.54728430810744
 30
0.0
  0
VERTEX
  5
DF1
  8
T9_COUNTERSINK_0_6
 10
1.605159801725417
 20
72.53478826738224
 30
0.0
  0
VERTEX
  5
DF2
  8
T9_COUNTERSINK_0_6
 10
1.62875768153229
 20
72.52007333809976
 30
0.0
  0
VERTEX
  5
DF3
  8
T9_COUNTERSINK_0_6
 10
1.652688394622757
 20
72.50575041246239
 30
0.0
  0
VERTEX
  5
DF4
  8
T9_COUNTERSINK_0_6
 10
1.676951940996819
 20
72.49181949047016
 30
0.0
  0
VERTEX
  5
DF5
  8
T9_COUNTERSINK_0_6
 10
1.701548320654476
 20
72.47828057212304
 30
0.0
  0
VERTEX
  5
DF6
  8
T9_COUNTERSINK_0_6
 10
1.726477533595728
 20
72.46513365742103
 30
0.0
  0
VERTEX
  5
DF7
  8
T9_COUNTERSINK_0_6
 10
1.751739579820574
 20
72.45237874636416
 30
0.0
  0
VERTEX
  5
DF8
  8
T9_COUNTERSINK_0_6
 10
1.777334459329015
 20
72.44001583895242
 30
0.0
  0
VERTEX
  5
DF9
  8
T9_COUNTERSINK_0_6
 10
1.803262172121052
 20
72.4280449351858
 30
0.0
  0
VERTEX
  5
DFA
  8
T9_COUNTERSINK_0_6
 10
1.829522718196682
 20
72.41646603506429
 30
0.0
  0
VERTEX
  5
DFB
  8
T9_COUNTERSINK_0_6
 10
1.856116097555908
 20
72.4052791385879
 30
0.0
  0
VERTEX
  5
DFC
  8
T9_COUNTERSINK_0_6
 10
1.883042310198729
 20
72.39448424575664
 30
0.0
  0
VERTEX
  5
DFD
  8
T9_COUNTERSINK_0_6
 10
1.910301356125144
 20
72.38408135657052
 30
0.0
  0
VERTEX
  5
DFE
  8
T9_COUNTERSINK_0_6
 10
1.937893235335154
 20
72.37407047102951
 30
0.0
  0
VERTEX
  5
DFF
  8
T9_COUNTERSINK_0_6
 10
1.965817947828759
 20
72.36445158913361
 30
0.0
  0
VERTEX
  5
E00
  8
T9_COUNTERSINK_0_6
 10
1.994075493605959
 20
72.35522471088285
 30
0.0
  0
VERTEX
  5
E01
  8
T9_COUNTERSINK_0_6
 10
2.022665872666754
 20
72.3463898362772
 30
0.0
  0
VERTEX
  5
E02
  8
T9_COUNTERSINK_0_6
 10
2.045287441508415
 20
72.33966660394859
 30
0.0
  0
VERTEX
  5
E03
  8
T9_COUNTERSINK_0_6
 10
2.068419354718254
 20
72.33322443083722
 30
0.0
  0
VERTEX
  5
E04
  8
T9_COUNTERSINK_0_6
 10
2.092061612296273
 20
72.32706331694314
 30
0.0
  0
VERTEX
  5
E05
  8
T9_COUNTERSINK_0_6
 10
2.11621421424247
 20
72.32118326226629
 30
0.0
  0
VERTEX
  5
E06
  8
T9_COUNTERSINK_0_6
 10
2.140877160556846
 20
72.31558426680671
 30
0.0
  0
VERTEX
  5
E07
  8
T9_COUNTERSINK_0_6
 10
2.1660504512394
 20
72.31026633056437
 30
0.0
  0
VERTEX
  5
E08
  8
T9_COUNTERSINK_0_6
 10
2.191734086290134
 20
72.30522945353931
 30
0.0
  0
VERTEX
  5
E09
  8
T9_COUNTERSINK_0_6
 10
2.217928065709046
 20
72.30047363573149
 30
0.0
  0
VERTEX
  5
E0A
  8
T9_COUNTERSINK_0_6
 10
2.244632389496137
 20
72.29599887714093
 30
0.0
  0
VERTEX
  5
E0B
  8
T9_COUNTERSINK_0_6
 10
2.271847057651406
 20
72.29180517776763
 30
0.0
  0
VERTEX
  5
E0C
  8
T9_COUNTERSINK_0_6
 10
2.299572070174854
 20
72.28789253761161
 30
0.0
  0
VERTEX
  5
E0D
  8
T9_COUNTERSINK_0_6
 10
2.327807427066481
 20
72.28426095667282
 30
0.0
  0
VERTEX
  5
E0E
  8
T9_COUNTERSINK_0_6
 10
2.356553128326286
 20
72.28091043495132
 30
0.0
  0
VERTEX
  5
E0F
  8
T9_COUNTERSINK_0_6
 10
2.385809173954271
 20
72.27784097244705
 30
0.0
  0
VERTEX
  5
E10
  8
T9_COUNTERSINK_0_6
 10
2.415575563950434
 20
72.27505256916007
 30
0.0
  0
VERTEX
  5
E11
  8
T9_COUNTERSINK_0_6
 10
2.445852298314776
 20
72.2725452250903
 30
0.0
  0
VERTEX
  5
E12
  8
T9_COUNTERSINK_0_6
 10
2.445852298314776
 20
71.88817455660462
 30
0.0
  0
VERTEX
  5
E13
  8
T9_COUNTERSINK_0_6
 10
2.403796963858773
 20
71.89405830942906
 30
0.0
  0
VERTEX
  5
E14
  8
T9_COUNTERSINK_0_6
 10
2.362599599644926
 20
71.900348858489
 30
0.0
  0
VERTEX
  5
E15
  8
T9_COUNTERSINK_0_6
 10
2.322260205673234
 20
71.90704620378445
 30
0.0
  0
VERTEX
  5
E16
  8
T9_COUNTERSINK_0_6
 10
2.282778781943698
 20
71.91415034531539
 30
0.0
  0
VERTEX
  5
E17
  8
T9_COUNTERSINK_0_6
 10
2.244155328456317
 20
71.92166128308185
 30
0.0
  0
VERTEX
  5
E18
  8
T9_COUNTERSINK_0_6
 10
2.206389845211093
 20
71.92957901708382
 30
0.0
  0
VERTEX
  5
E19
  8
T9_COUNTERSINK_0_6
 10
2.169482332208023
 20
71.93790354732128
 30
0.0
  0
VERTEX
  5
E1A
  8
T9_COUNTERSINK_0_6
 10
2.133432789447109
 20
71.94663487379425
 30
0.0
  0
VERTEX
  5
E1B
  8
T9_COUNTERSINK_0_6
 10
2.09824121692835
 20
71.95577299650273
 30
0.0
  0
VERTEX
  5
E1C
  8
T9_COUNTERSINK_0_6
 10
2.063907614651748
 20
71.9653179154467
 30
0.0
  0
VERTEX
  5
E1D
  8
T9_COUNTERSINK_0_6
 10
2.0304319826173
 20
71.97526963062619
 30
0.0
  0
VERTEX
  5
E1E
  8
T9_COUNTERSINK_0_6
 10
1.997814320825008
 20
71.98562814204118
 30
0.0
  0
VERTEX
  5
E1F
  8
T9_COUNTERSINK_0_6
 10
1.966054629274872
 20
71.99639344969167
 30
0.0
  0
VERTEX
  5
E20
  8
T9_COUNTERSINK_0_6
 10
1.935152907966891
 20
72.00756555357768
 30
0.0
  0
VERTEX
  5
E21
  8
T9_COUNTERSINK_0_6
 10
1.905109156901065
 20
72.01914445369917
 30
0.0
  0
VERTEX
  5
E22
  8
T9_COUNTERSINK_0_6
 10
1.875923376077395
 20
72.03113015005619
 30
0.0
  0
VERTEX
  5
E23
  8
T9_COUNTERSINK_0_6
 10
1.847040843356556
 20
72.0437630222424
 30
0.0
  0
VERTEX
  5
E24
  8
T9_COUNTERSINK_0_6
 10
1.817906836599223
 20
72.05728344985152
 30
0.0
  0
VERTEX
  5
E25
  8
T9_COUNTERSINK_0_6
 10
1.788521355805397
 20
72.0716914328836
 30
0.0
  0
VERTEX
  5
E26
  8
T9_COUNTERSINK_0_6
 10
1.758884400975076
 20
72.08698697133858
 30
0.0
  0
VERTEX
  5
E27
  8
T9_COUNTERSINK_0_6
 10
1.728995972108262
 20
72.10317006521647
 30
0.0
  0
VERTEX
  5
E28
  8
T9_COUNTERSINK_0_6
 10
1.698856069204953
 20
72.12024071451728
 30
0.0
  0
VERTEX
  5
E29
  8
T9_COUNTERSINK_0_6
 10
1.668464692265151
 20
72.13819891924103
 30
0.0
  0
VERTEX
  5
E2A
  8
T9_COUNTERSINK_0_6
 10
1.637821841288855
 20
72.1570446793877
 30
0.0
  0
VERTEX
  5
E2B
  8
T9_COUNTERSINK_0_6
 10
1.606927516276065
 20
72.17677799495728
 30
0.0
  0
VERTEX
  5
E2C
  8
T9_COUNTERSINK_0_6
 10
1.575781717226781
 20
72.19739886594976
 30
0.0
  0
VERTEX
  5
E2D
  8
T9_COUNTERSINK_0_6
 10
1.544384444141004
 20
72.21890729236519
 30
0.0
  0
VERTEX
  5
E2E
  8
T9_COUNTERSINK_0_6
 10
1.512735697018732
 20
72.24130327420352
 30
0.0
  0
VERTEX
  5
E2F
  8
T9_COUNTERSINK_0_6
 10
1.480835475859967
 20
72.26458681146478
 30
0.0
  0
VERTEX
  5
E30
  8
T9_COUNTERSINK_0_6
 10
1.448683780664707
 20
72.28875790414895
 30
0.0
  0
VERTEX
  5
E31
  8
T9_COUNTERSINK_0_6
 10
1.416280611432954
 20
72.31381655225606
 30
0.0
  0
VERTEX
  5
E32
  8
T9_COUNTERSINK_0_6
 10
1.383625968164708
 20
72.33976275578607
 30
0.0
  0
VERTEX
  5
E33
  8
T9_COUNTERSINK_0_6
 10
1.383625968164708
 20
71.65433328784609
 30
0.0
  0
SEQEND
  5
F5D
  8
T9_COUNTERSINK_0_6
  0
POLYLINE
  5
86
  8
T9_COUNTERSINK_0_6
 66
     1
 10
0.0
 20
0.0
 30
0.0
 70
     1
  0
VERTEX
  5
E34
  8
T9_COUNTERSINK_0_6
 10
2.445852298314776
 20
74.06943076397161
 30
0.0
  0
VERTEX
  5
E35
  8
T9_COUNTERSINK_0_6
 10
2.445852298314776
 20
72.91253185537678
 30
0.0
  0
VERTEX
  5
E36
  8
T9_COUNTERSINK_0_6
 10
2.424512137614955
 20
72.91533320218038
 30
0.0
  0
VERTEX
  5
E37
  8
T9_COUNTERSINK_0_6
 10
2.403330997261741
 20
72.9187669322228
 30
0.0
  0
VERTEX
  5
E38
  8
T9_COUNTERSINK_0_6
 10
2.382308877255133
 20
72.92283304550405
 30
0.0
  0
VERTEX
  5
E39
  8
T9_COUNTERSINK_0_6
 10
2.36144577759513
 20
72.92753154202413
 30
0.0
  0
VERTEX
  5
E3A
  8
T9_COUNTERSINK_0_6
 10
2.340741698281735
 20
72.93286242178304
 30
0.0
  0
VERTEX
  5
E3B
  8
T9_COUNTERSINK_0_6
 10
2.320196639314946
 20
72.93882568478078
 30
0.0
  0
VERTEX
  5
E3C
  8
T9_COUNTERSINK_0_6
 10
2.299810600694764
 20
72.94542133101736
 30
0.0
  0
VERTEX
  5
E3D
  8
T9_COUNTERSINK_0_6
 10
2.279583582421187
 20
72.95264936049276
 30
0.0
  0
VERTEX
  5
E3E
  8
T9_COUNTERSINK_0_6
 10
2.259515584494218
 20
72.960509773207
 30
0.0
  0
VERTEX
  5
E3F
  8
T9_COUNTERSINK_0_6
 10
2.239606606913854
 20
72.96900256916005
 30
0.0
  0
VERTEX
  5
E40
  8
T9_COUNTERSINK_0_6
 10
2.219856649680098
 20
72.97812774835195
 30
0.0
  0
VERTEX
  5
E41
  8
T9_COUNTERSINK_0_6
 10
2.200265712792947
 20
72.98788531078267
 30
0.0
  0
VERTEX
  5
E42
  8
T9_COUNTERSINK_0_6
 10
2.180833796252404
 20
72.99827525645222
 30
0.0
  0
VERTEX
  5
E43
  8
T9_COUNTERSINK_0_6
 10
2.161560900058466
 20
73.0092975853606
 30
0.0
  0
VERTEX
  5
E44
  8
T9_COUNTERSINK_0_6
 10
2.142447024211135
 20
73.0209522975078
 30
0.0
  0
VERTEX
  5
E45
  8
T9_COUNTERSINK_0_6
 10
2.12349216871041
 20
73.03323939289385
 30
0.0
  0
VERTEX
  5
E46
  8
T9_COUNTERSINK_0_6
 10
2.104404179896248
 20
73.04653238442586
 30
0.0
  0
VERTEX
  5
E47
  8
T9_COUNTERSINK_0_6
 10
2.084890904108603
 20
73.061204785011
 30
0.0
  0
VERTEX
  5
E48
  8
T9_COUNTERSINK_0_6
 10
2.064952341347475
 20
73.07725659464926
 30
0.0
  0
VERTEX
  5
E49
  8
T9_COUNTERSINK_0_6
 10
2.044588491612866
 20
73.09468781334064
 30
0.0
  0
VERTEX
  5
E4A
  8
T9_COUNTERSINK_0_6
 10
2.023799354904774
 20
73.11349844108513
 30
0.0
  0
VERTEX
  5
E4B
  8
T9_COUNTERSINK_0_6
 10
2.0025849312232
 20
73.13368847788276
 30
0.0
  0
VERTEX
  5
E4C
  8
T9_COUNTERSINK_0_6
 10
1.980945220568144
 20
73.1552579237335
 30
0.0
  0
VERTEX
  5
E4D
  8
T9_COUNTERSINK_0_6
 10
1.958880222939605
 20
73.17820677863736
 30
0.0
  0
VERTEX
  5
E4E
  8
T9_COUNTERSINK_0_6
 10
1.936389938337584
 20
73.20253504259435
 30
0.0
  0
VERTEX
  5
E4F
  8
T9_COUNTERSINK_0_6
 10
1.913474366762081
 20
73.22824271560444
 30
0.0
  0
VERTEX
  5
E50
  8
T9_COUNTERSINK_0_6
 10
1.890133508213096
 20
73.25532979766766
 30
0.0
  0
VERTEX
  5
E51
  8
T9_COUNTERSINK_0_6
 10
1.866367362690629
 20
73.28379628878402
 30
0.0
  0
VERTEX
  5
E52
  8
T9_COUNTERSINK_0_6
 10
1.842175930194679
 20
73.31364218895348
 30
0.0
  0
VERTEX
  5
E53
  8
T9_COUNTERSINK_0_6
 10
1.817559210725247
 20
73.34486749817607
 30
0.0
  0
VERTEX
  5
E54
  8
T9_COUNTERSINK_0_6
 10
1.792517204282332
 20
73.37747221645178
 30
0.0
  0
VERTEX
  5
E55
  8
T9_COUNTERSINK_0_6
 10
1.767049910865936
 20
73.41145634378061
 30
0.0
  0
VERTEX
  5
E56
  8
T9_COUNTERSINK_0_6
 10
1.736518004317505
 20
73.45191407847535
 30
0.0
  0
VERTEX
  5
E57
  8
T9_COUNTERSINK_0_6
 10
1.707879549337969
 20
73.48855532485156
 30
0.0
  0
VERTEX
  5
E58
  8
T9_COUNTERSINK_0_6
 10
1.681134545927327
 20
73.52138008290919
 30
0.0
  0
VERTEX
  5
E59
  8
T9_COUNTERSINK_0_6
 10
1.656282994085581
 20
73.55038835264827
 30
0.0
  0
VERTEX
  5
E5A
  8
T9_COUNTERSINK_0_6
 10
1.63332489381273
 20
73.57558013406879
 30
0.0
  0
VERTEX
  5
E5B
  8
T9_COUNTERSINK_0_6
 10
1.62255588801464
 20
73.5867448416596
 30
0.0
  0
VERTEX
  5
E5C
  8
T9_COUNTERSINK_0_6
 10
1.612260245108773
 20
73.59695542717077
 30
0.0
  0
VERTEX
  5
E5D
  8
T9_COUNTERSINK_0_6
 10
1.602437965095131
 20
73.60621189060228
 30
0.0
  0
VERTEX
  5
E5E
  8
T9_COUNTERSINK_0_6
 10
1.593089047973712
 20
73.61451423195419
 30
0.0
  0
VERTEX
  5
E5F
  8
T9_COUNTERSINK_0_6
 10
1.584213493744517
 20
73.62186245122643
 30
0.0
  0
VERTEX
  5
E60
  8
T9_COUNTERSINK_0_6
 10
1.575811302407546
 20
73.62825654841907
 30
0.0
  0
VERTEX
  5
E61
  8
T9_COUNTERSINK_0_6
 10
1.559583830758501
 20
73.63935099120557
 30
0.0
  0
VERTEX
  5
E62
  8
T9_COUNTERSINK_0_6
 10
1.543563455374803
 20
73.64896617495387
 30
0.0
  0
VERTEX
  5
E63
  8
T9_COUNTERSINK_0_6
 10
1.53563092878246
 20
73.65321904468868
 30
0.0
  0
VERTEX
  5
E64
  8
T9_COUNTERSINK_0_6
 10
1.527750176256454
 20
73.65710209966397
 30
0.0
  0
VERTEX
  5
E65
  8
T9_COUNTERSINK_0_6
 10
1.519921197796785
 20
73.66061533987968
 30
0.0
  0
VERTEX
  5
E66
  8
T9_COUNTERSINK_0_6
 10
1.512143993403453
 20
73.66375876533587
 30
0.0
  0
VERTEX
  5
E67
  8
T9_COUNTERSINK_0_6
 10
1.504418563076457
 20
73.66653237603248
 30
0.0
  0
VERTEX
  5
E68
  8
T9_COUNTERSINK_0_6
 10
1.496744906815799
 20
73.66893617196956
 30
0.0
  0
VERTEX
  5
E69
  8
T9_COUNTERSINK_0_6
 10
1.489123024621478
 20
73.67097015314707
 30
0.0
  0
VERTEX
  5
E6A
  8
T9_COUNTERSINK_0_6
 10
1.481552916493494
 20
73.67263431956505
 30
0.0
  0
VERTEX
  5
E6B
  8
T9_COUNTERSINK_0_6
 10
1.474034582431846
 20
73.67392867122348
 30
0.0
  0
VERTEX
  5
E6C
  8
T9_COUNTERSINK_0_6
 10
1.466568022436536
 20
73.67485320812236
 30
0.0
  0
VERTEX
  5
E6D
  8
T9_COUNTERSINK_0_6
 10
1.459153236507563
 20
73.67540793026168
 30
0.0
  0
VERTEX
  5
E6E
  8
T9_COUNTERSINK_0_6
 10
1.451790224644926
 20
73.67559283764146
 30
0.0
  0
VERTEX
  5
E6F
  8
T9_COUNTERSINK_0_6
 10
1.443933510078291
 20
73.6754097793355
 30
0.0
  0
VERTEX
  5
E70
  8
T9_COUNTERSINK_0_6
 10
1.43622102326788
 20
73.67486060441755
 30
0.0
  0
VERTEX
  5
E71
  8
T9_COUNTERSINK_0_6
 10
1.428652764213693
 20
73.67394531288767
 30
0.0
  0
VERTEX
  5
E72
  8
T9_COUNTERSINK_0_6
 10
1.421228732915731
 20
73.67266390474583
 30
0.0
  0
VERTEX
  5
E73
  8
T9_COUNTERSINK_0_6
 10
1.413948929373993
 20
73.67101637999204
 30
0.0
  0
VERTEX
  5
E74
  8
T9_COUNTERSINK_0_6
 10
1.40681335358848
 20
73.66900273862629
 30
0.0
  0
VERTEX
  5
E75
  8
T9_COUNTERSINK_0_6
 10
1.399822005559191
 20
73.66662298064858
 30
0.0
  0
VERTEX
  5
E76
  8
T9_COUNTERSINK_0_6
 10
1.392974885286127
 20
73.66387710605892
 30
0.0
  0
VERTEX
  5
E77
  8
T9_COUNTERSINK_0_6
 10
1.386271992769287
 20
73.66076511485731
 30
0.0
  0
VERTEX
  5
E78
  8
T9_COUNTERSINK_0_6
 10
1.379713328008671
 20
73.65728700704375
 30
0.0
  0
VERTEX
  5
E79
  8
T9_COUNTERSINK_0_6
 10
1.37329889100428
 20
73.65344278261823
 30
0.0
  0
VERTEX
  5
E7A
  8
T9_COUNTERSINK_0_6
 10
1.367028681756113
 20
73.64923244158075
 30
0.0
  0
VERTEX
  5
E7B
  8
T9_COUNTERSINK_0_6
 10
1.360902700264171
 20
73.64465598393133
 30
0.0
  0
VERTEX
  5
E7C
  8
T9_COUNTERSINK_0_6
 10
1.354920946528453
 20
73.63971340966994
 30
0.0
  0
VERTEX
  5
E7D
  8
T9_COUNTERSINK_0_6
 10
1.349083420548959
 20
73.6344047187966
 30
0.0
  0
VERTEX
  5
E7E
  8
T9_COUNTERSINK_0_6
 10
1.34339012232569
 20
73.62872991131131
 30
0.0
  0
VERTEX
  5
E7F
  8
T9_COUNTERSINK_0_6
 10
1.337944599991319
 20
73.62277774275636
 30
0.0
  0
VERTEX
  5
E80
  8
T9_COUNTERSINK_0_6
 10
1.332850401678521
 20
73.61663696867403
 30
0.0
  0
VERTEX
  5
E81
  8
T9_COUNTERSINK_0_6
 10
1.328107527387295
 20
73.61030758906432
 30
0.0
  0
VERTEX
  5
E82
  8
T9_COUNTERSINK_0_6
 10
1.323715977117641
 20
73.60378960392727
 30
0.0
  0
VERTEX
  5
E83
  8
T9_COUNTERSINK_0_6
 10
1.319675750869559
 20
73.59708301326282
 30
0.0
  0
VERTEX
  5
E84
  8
T9_COUNTERSINK_0_6
 10
1.31598684864305
 20
73.59018781707103
 30
0.0
  0
VERTEX
  5
E85
  8
T9_COUNTERSINK_0_6
 10
1.312649270438113
 20
73.58310401535185
 30
0.0
  0
VERTEX
  5
E86
  8
T9_COUNTERSINK_0_6
 10
1.309663016254749
 20
73.5758316081053
 30
0.0
  0
VERTEX
  5
E87
  8
T9_COUNTERSINK_0_6
 10
1.307028086092956
 20
73.56837059533137
 30
0.0
  0
VERTEX
  5
E88
  8
T9_COUNTERSINK_0_6
 10
1.304744479952736
 20
73.5607209770301
 30
0.0
  0
VERTEX
  5
E89
  8
T9_COUNTERSINK_0_6
 10
1.302812197834089
 20
73.55288275320143
 30
0.0
  0
VERTEX
  5
E8A
  8
T9_COUNTERSINK_0_6
 10
1.301231239737013
 20
73.54485592384542
 30
0.0
  0
VERTEX
  5
E8B
  8
T9_COUNTERSINK_0_6
 10
1.30000160566151
 20
73.53664048896202
 30
0.0
  0
VERTEX
  5
E8C
  8
T9_COUNTERSINK_0_6
 10
1.29912329560758
 20
73.52823644855125
 30
0.0
  0
VERTEX
  5
E8D
  8
T9_COUNTERSINK_0_6
 10
1.298596309575221
 20
73.5196438026131
 30
0.0
  0
VERTEX
  5
E8E
  8
T9_COUNTERSINK_0_6
 10
1.298420647564435
 20
73.5108625511476
 30
0.0
  0
VERTEX
  5
E8F
  8
T9_COUNTERSINK_0_6
 10
1.298601856796614
 20
73.5017373719557
 30
0.0
  0
VERTEX
  5
E90
  8
T9_COUNTERSINK_0_6
 10
1.299145484493152
 20
73.49282298717675
 30
0.0
  0
VERTEX
  5
E91
  8
T9_COUNTERSINK_0_6
 10
1.300051530654049
 20
73.48411939681075
 30
0.0
  0
VERTEX
  5
E92
  8
T9_COUNTERSINK_0_6
 10
1.301319995279305
 20
73.47562660085768
 30
0.0
  0
VERTEX
  5
E93
  8
T9_COUNTERSINK_0_6
 10
1.30295087836892
 20
73.46734459931756
 30
0.0
  0
VERTEX
  5
E94
  8
T9_COUNTERSINK_0_6
 10
1.304944179922893
 20
73.4592733921904
 30
0.0
  0
VERTEX
  5
E95
  8
T9_COUNTERSINK_0_6
 10
1.307299899941226
 20
73.45141297947617
 30
0.0
  0
VERTEX
  5
E96
  8
T9_COUNTERSINK_0_6
 10
1.310018038423916
 20
73.44376336117489
 30
0.0
  0
VERTEX
  5
E97
  8
T9_COUNTERSINK_0_6
 10
1.313098595370966
 20
73.43632453728654
 30
0.0
  0
VERTEX
  5
E98
  8
T9_COUNTERSINK_0_6
 10
1.316541570782375
 20
73.42909650781114
 30
0.0
  0
VERTEX
  5
E99
  8
T9_COUNTERSINK_0_6
 10
1.320346964658142
 20
73.42207927274869
 30
0.0
  0
VERTEX
  5
E9A
  8
T9_COUNTERSINK_0_6
 10
1.324514776998269
 20
73.41527283209916
 30
0.0
  0
VERTEX
  5
E9B
  8
T9_COUNTERSINK_0_6
 10
1.329045007802754
 20
73.40867718586259
 30
0.0
  0
VERTEX
  5
E9C
  8
T9_COUNTERSINK_0_6
 10
1.333937657071597
 20
73.40229233403898
 30
0.0
  0
VERTEX
  5
E9D
  8
T9_COUNTERSINK_0_6
 10
1.3391927248048
 20
73.39611827662829
 30
0.0
  0
VERTEX
  5
E9E
  8
T9_COUNTERSINK_0_6
 10
1.344810211002361
 20
73.39015501363055
 30
0.0
  0
VERTEX
  5
E9F
  8
T9_COUNTERSINK_0_6
 10
1.350886267501764
 20
73.38441733763614
 30
0.0
  0
VERTEX
  5
EA0
  8
T9_COUNTERSINK_0_6
 10
1.357517046140492
 20
73.37892004123542
 30
0.0
  0
VERTEX
  5
EA1
  8
T9_COUNTERSINK_0_6
 10
1.364702546918545
 20
73.37366312442842
 30
0.0
  0
VERTEX
  5
EA2
  8
T9_COUNTERSINK_0_6
 10
1.372442769835922
 20
73.36864658721512
 30
0.0
  0
VERTEX
  5
EA3
  8
T9_COUNTERSINK_0_6
 10
1.380737714892624
 20
73.36387042959555
 30
0.0
  0
VERTEX
  5
EA4
  8
T9_COUNTERSINK_0_6
 10
1.38958738208865
 20
73.35933465156967
 30
0.0
  0
VERTEX
  5
EA5
  8
T9_COUNTERSINK_0_6
 10
1.398991771424002
 20
73.35503925313749
 30
0.0
  0
VERTEX
  5
EA6
  8
T9_COUNTERSINK_0_6
 10
1.408950882898678
 20
73.35098423429903
 30
0.0
  0
VERTEX
  5
EA7
  8
T9_COUNTERSINK_0_6
 10
1.419464716512678
 20
73.34716959505428
 30
0.0
  0
VERTEX
  5
EA8
  8
T9_COUNTERSINK_0_6
 10
1.430533272266004
 20
73.34359533540322
 30
0.0
  0
VERTEX
  5
EA9
  8
T9_COUNTERSINK_0_6
 10
1.442156550158654
 20
73.34026145534588
 30
0.0
  0
VERTEX
  5
EAA
  8
T9_COUNTERSINK_0_6
 10
1.454334550190629
 20
73.33716795488225
 30
0.0
  0
VERTEX
  5
EAB
  8
T9_COUNTERSINK_0_6
 10
1.467067272361928
 20
73.33431483401232
 30
0.0
  0
VERTEX
  5
EAC
  8
T9_COUNTERSINK_0_6
 10
1.480354716672552
 20
73.3317020927361
 30
0.0
  0
VERTEX
  5
EAD
  8
T9_COUNTERSINK_0_6
 10
1.494196883122501
 20
73.32932973105358
 30
0.0
  0
VERTEX
  5
EAE
  8
T9_COUNTERSINK_0_6
 10
1.508593771711775
 20
73.32719774896478
 30
0.0
  0
VERTEX
  5
EAF
  8
T9_COUNTERSINK_0_6
 10
1.477351820825008
 20
72.94093362891022
 30
0.0
  0
VERTEX
  5
EB0
  8
T9_COUNTERSINK_0_6
 10
1.457276426602848
 20
72.94392173216737
 30
0.0
  0
VERTEX
  5
EB1
  8
T9_COUNTERSINK_0_6
 10
1.437759452667607
 20
72.94720568723218
 30
0.0
  0
VERTEX
  5
EB2
  8
T9_COUNTERSINK_0_6
 10
1.418800899019287
 20
72.95078549410462
 30
0.0
  0
VERTEX
  5
EB3
  8
T9_COUNTERSINK_0_6
 10
1.400400765657886
 20
72.95466115278471
 30
0.0
  0
VERTEX
  5
EB4
  8
T9_COUNTERSINK_0_6
 10
1.382559052583407
 20
72.95883266327243
 30
0.0
  0
VERTEX
  5
EB5
  8
T9_COUNTERSINK_0_6
 10
1.365275759795847
 20
72.9633000255678
 30
0.0
  0
VERTEX
  5
EB6
  8
T9_COUNTERSINK_0_6
 10
1.348550887295207
 20
72.96806323967078
 30
0.0
  0
VERTEX
  5
EB7
  8
T9_COUNTERSINK_0_6
 10
1.332384435081488
 20
72.97312230558143
 30
0.0
  0
VERTEX
  5
EB8
  8
T9_COUNTERSINK_0_6
 10
1.316776403154689
 20
72.9784772232997
 30
0.0
  0
VERTEX
  5
EB9
  8
T9_COUNTERSINK_0_6
 10
1.30172679151481
 20
72.98412799282565
 30
0.0
  0
VERTEX
  5
EBA
  8
T9_COUNTERSINK_0_6
 10
1.287235600161851
 20
72.9900746141592
 30
0.0
  0
VERTEX
  5
EBB
  8
T9_COUNTERSINK_0_6
 10
1.273302829095813
 20
72.99631708730038
 30
0.0
  0
VERTEX
  5
EBC
  8
T9_COUNTERSINK_0_6
 10
1.259928478316694
 20
73.00285541224923
 30
0.0
  0
VERTEX
  5
EBD
  8
T9_COUNTERSINK_0_6
 10
1.247112547824496
 20
73.00968958900572
 30
0.0
  0
VERTEX
  5
EBE
  8
T9_COUNTERSINK_0_6
 10
1.234855037619218
 20
73.01681961756984
 30
0.0
  0
VERTEX
  5
EBF
  8
T9_COUNTERSINK_0_6
 10
1.223155947700861
 20
73.02424549794159
 30
0.0
  0
VERTEX
  5
EC0
  8
T9_COUNTERSINK_0_6
 10
1.21190248456776
 20
73.03201345696593
 30
0.0
  0
VERTEX
  5
EC1
  8
T9_COUNTERSINK_0_6
 10
1.200981854718255
 20
73.04016972148781
 30
0.0
  0
VERTEX
  5
EC2
  8
T9_COUNTERSINK_0_6
 10
1.190394058152344
 20
73.0487142915072
 30
0.0
  0
VERTEX
  5
EC3
  8
T9_COUNTERSINK_0_6
 10
1.180139094870029
 20
73.05764716702413
 30
0.0
  0
VERTEX
  5
EC4
  8
T9_COUNTERSINK_0_6
 10
1.170216964871308
 20
73.06696834803859
 30
0.0
  0
VERTEX
  5
EC5
  8
T9_COUNTERSINK_0_6
 10
1.160627668156181
 20
73.07667783455057
 30
0.0
  0
VERTEX
  5
EC6
  8
T9_COUNTERSINK_0_6
 10
1.15137120472465
 20
73.08677562656007
 30
0.0
  0
VERTEX
  5
EC7
  8
T9_COUNTERSINK_0_6
 10
1.142447574576713
 20
73.0972617240671
 30
0.0
  0
VERTEX
  5
EC8
  8
T9_COUNTERSINK_0_6
 10
1.133856777712372
 20
73.10813612707165
 30
0.0
  0
VERTEX
  5
EC9
  8
T9_COUNTERSINK_0_6
 10
1.125598814131624
 20
73.11939883557375
 30
0.0
  0
VERTEX
  5
ECA
  8
T9_COUNTERSINK_0_6
 10
1.117673683834473
 20
73.13104984957336
 30
0.0
  0
VERTEX
  5
ECB
  8
T9_COUNTERSINK_0_6
 10
1.110081386820915
 20
73.14308916907052
 30
0.0
  0
VERTEX
  5
ECC
  8
T9_COUNTERSINK_0_6
 10
1.102821923090953
 20
73.15551679406519
 30
0.0
  0
VERTEX
  5
ECD
  8
T9_COUNTERSINK_0_6
 10
1.095895292644585
 20
73.16833272455739
 30
0.0
  0
VERTEX
  5
ECE
  8
T9_COUNTERSINK_0_6
 10
1.089301495481812
 20
73.1815369605471
 30
0.0
  0
VERTEX
  5
ECF
  8
T9_COUNTERSINK_0_6
 10
1.083040531602634
 20
73.19512950203436
 30
0.0
  0
VERTEX
  5
ED0
  8
T9_COUNTERSINK_0_6
 10
1.077136438966422
 20
73.20924718048018
 30
0.0
  0
VERTEX
  5
ED1
  8
T9_COUNTERSINK_0_6
 10
1.071613255532545
 20
73.22402682734558
 30
0.0
  0
VERTEX
  5
ED2
  8
T9_COUNTERSINK_0_6
 10
1.066470981301005
 20
73.23946844263058
 30
0.0
  0
VERTEX
  5
ED3
  8
T9_COUNTERSINK_0_6
 10
1.061709616271802
 20
73.25557202633519
 30
0.0
  0
VERTEX
  5
ED4
  8
T9_COUNTERSINK_0_6
 10
1.057329160444935
 20
73.27233757845937
 30
0.0
  0
VERTEX
  5
ED5
  8
T9_COUNTERSINK_0_6
 10
1.053329613820404
 20
73.28976509900315
 30
0.0
  0
VERTEX
  5
ED6
  8
T9_COUNTERSINK_0_6
 10
1.049710976398209
 20
73.30785458796652
 30
0.0
  0
VERTEX
  5
ED7
  8
T9_COUNTERSINK_0_6
 10
1.046473248178351
 20
73.32660604534951
 30
0.0
  0
VERTEX
  5
ED8
  8
T9_COUNTERSINK_0_6
 10
1.043616429160828
 20
73.34601947115208
 30
0.0
  0
VERTEX
  5
ED9
  8
T9_COUNTERSINK_0_6
 10
1.041140519345642
 20
73.36609486537424
 30
0.0
  0
VERTEX
  5
EDA
  8
T9_COUNTERSINK_0_6
 10
1.039045518732793
 20
73.38683222801598
 30
0.0
  0
VERTEX
  5
EDB
  8
T9_COUNTERSINK_0_6
 10
1.03733142732228
 20
73.40823155907734
 30
0.0
  0
VERTEX
  5
EDC
  8
T9_COUNTERSINK_0_6
 10
1.035998245114103
 20
73.43029285855826
 30
0.0
  0
VERTEX
  5
EDD
  8
T9_COUNTERSINK_0_6
 10
1.035045972108262
 20
73.4530161264588
 30
0.0
  0
VERTEX
  5
EDE
  8
T9_COUNTERSINK_0_6
 10
1.034474608304757
 20
73.47640136277894
 30
0.0
  0
VERTEX
  5
EDF
  8
T9_COUNTERSINK_0_6
 10
1.034284153703589
 20
73.50044856751867
 30
0.0
  0
VERTEX
  5
EE0
  8
T9_COUNTERSINK_0_6
 10
1.034465362935769
 20
73.52553864988033
 30
0.0
  0
VERTEX
  5
EE1
  8
T9_COUNTERSINK_0_6
 10
1.035008990632307
 20
73.54992238605124
 30
0.0
  0
VERTEX
  5
EE2
  8
T9_COUNTERSINK_0_6
 10
1.035915036793204
 20
73.57359977603141
 30
0.0
  0
VERTEX
  5
EE3
  8
T9_COUNTERSINK_0_6
 10
1.037183501418459
 20
73.59657081982084
 30
0.0
  0
VERTEX
  5
EE4
  8
T9_COUNTERSINK_0_6
 10
1.038814384508074
 20
73.61883551741954
 30
0.0
  0
VERTEX
  5
EE5
  8
T9_COUNTERSINK_0_6
 10
1.040807686062047
 20
73.64039386882749
 30
0.0
  0
VERTEX
  5
EE6
  8
T9_COUNTERSINK_0_6
 10
1.04316340608038
 20
73.66124587404471
 30
0.0
  0
VERTEX
  5
EE7
  8
T9_COUNTERSINK_0_6
 10
1.045881544563071
 20
73.68139153307119
 30
0.0
  0
VERTEX
  5
EE8
  8
T9_COUNTERSINK_0_6
 10
1.048962101510121
 20
73.70083084590692
 30
0.0
  0
VERTEX
  5
EE9
  8
T9_COUNTERSINK_0_6
 10
1.052405076921529
 20
73.71956381255191
 30
0.0
  0
VERTEX
  5
EEA
  8
T9_COUNTERSINK_0_6
 10
1.056210470797297
 20
73.73759043300618
 30
0.0
  0
VERTEX
  5
EEB
  8
T9_COUNTERSINK_0_6
 10
1.060378283137423
 20
73.75491070726969
 30
0.0
  0
VERTEX
  5
EEC
  8
T9_COUNTERSINK_0_6
 10
1.064908513941908
 20
73.77152463534246
 30
0.0
  0
VERTEX
  5
EED
  8
T9_COUNTERSINK_0_6
 10
1.069801163210752
 20
73.78743221722449
 30
0.0
  0
VERTEX
  5
EEE
  8
T9_COUNTERSINK_0_6
 10
1.075056230943954
 20
73.8026334529158
 30
0.0
  0
VERTEX
  5
EEF
  8
T9_COUNTERSINK_0_6
 10
1.080673717141515
 20
73.81712834241635
 30
0.0
  0
VERTEX
  5
EF0
  8
T9_COUNTERSINK_0_6
 10
1.08666656532002
 20
73.83108145329416
 30
0.0
  0
VERTEX
  5
EF1
  8
T9_COUNTERSINK_0_6
 10
1.093047718996052
 20
73.84465735311724
 30
0.0
  0
VERTEX
  5
EF2
  8
T9_COUNTERSINK_0_6
 10
1.09981717816961
 20
73.85785604188557
 30
0.0
  0
VERTEX
  5
EF3
  8
T9_COUNTERSINK_0_6
 10
1.106974942840697
 20
73.87067751959916
 30
0.0
  0
VERTEX
  5
EF4
  8
T9_COUNTERSINK_0_6
 10
1.114521013009311
 20
73.88312178625799
 30
0.0
  0
VERTEX
  5
EF5
  8
T9_COUNTERSINK_0_6
 10
1.122455388675451
 20
73.89518884186211
 30
0.0
  0
VERTEX
  5
EF6
  8
T9_COUNTERSINK_0_6
 10
1.13077806983912
 20
73.90687868641149
 30
0.0
  0
VERTEX
  5
EF7
  8
T9_COUNTERSINK_0_6
 10
1.139489056500315
 20
73.91819131990613
 30
0.0
  0
VERTEX
  5
EF8
  8
T9_COUNTERSINK_0_6
 10
1.148588348659038
 20
73.92912674234601
 30
0.0
  0
VERTEX
  5
EF9
  8
T9_COUNTERSINK_0_6
 10
1.158075946315288
 20
73.93968495373116
 30
0.0
  0
VERTEX
  5
EFA
  8
T9_COUNTERSINK_0_6
 10
1.167951849469065
 20
73.94986595406155
 30
0.0
  0
VERTEX
  5
EFB
  8
T9_COUNTERSINK_0_6
 10
1.178216058120369
 20
73.95966974333723
 30
0.0
  0
VERTEX
  5
EFC
  8
T9_COUNTERSINK_0_6
 10
1.188868572269201
 20
73.96909632155814
 30
0.0
  0
VERTEX
  5
EFD
  8
T9_COUNTERSINK_0_6
 10
1.199909391915561
 20
73.97814568872433
 30
0.0
  0
VERTEX
  5
EFE
  8
T9_COUNTERSINK_0_6
 10
1.211338517059447
 20
73.98681784483576
 30
0.0
  0
VERTEX
  5
EFF
  8
T9_COUNTERSINK_0_6
 10
1.223155947700861
 20
73.99511278989247
 30
0.0
  0
VERTEX
  5
F00
  8
T9_COUNTERSINK_0_6
 10
1.235258135707128
 20
74.00296580631152
 30
0.0
  0
VERTEX
  5
F01
  8
T9_COUNTERSINK_0_6
 10
1.247541532945574
 20
74.01031217650998
 30
0.0
  0
VERTEX
  5
F02
  8
T9_COUNTERSINK_0_6
 10
1.2600061394162
 20
74.01715190048785
 30
0.0
  0
VERTEX
  5
F03
  8
T9_COUNTERSINK_0_6
 10
1.272651955119005
 20
74.02348497824515
 30
0.0
  0
VERTEX
  5
F04
  8
T9_COUNTERSINK_0_6
 10
1.28547898005399
 20
74.02931140978187
 30
0.0
  0
VERTEX
  5
F05
  8
T9_COUNTERSINK_0_6
 10
1.298487214221154
 20
74.03463119509799
 30
0.0
  0
VERTEX
  5
F06
  8
T9_COUNTERSINK_0_6
 10
1.311676657620497
 20
74.03944433419352
 30
0.0
  0
VERTEX
  5
F07
  8
T9_COUNTERSINK_0_6
 10
1.32504731025202
 20
74.04375082706848
 30
0.0
  0
VERTEX
  5
F08
  8
T9_COUNTERSINK_0_6
 10
1.338599172115722
 20
74.04755067372287
 30
0.0
  0
VERTEX
  5
F09
  8
T9_COUNTERSINK_0_6
 10
1.352332243211604
 20
74.05084387415666
 30
0.0
  0
VERTEX
  5
F0A
  8
T9_COUNTERSINK_0_6
 10
1.366246523539665
 20
74.05363042836986
 30
0.0
  0
VERTEX
  5
F0B
  8
T9_COUNTERSINK_0_6
 10
1.380342013099905
 20
74.05591033636247
 30
0.0
  0
VERTEX
  5
F0C
  8
T9_COUNTERSINK_0_6
 10
1.394618711892325
 20
74.05768359813452
 30
0.0
  0
VERTEX
  5
F0D
  8
T9_COUNTERSINK_0_6
 10
1.409076619916925
 20
74.05895021368597
 30
0.0
  0
VERTEX
  5
F0E
  8
T9_COUNTERSINK_0_6
 10
1.423715737173703
 20
74.05971018301685
 30
0.0
  0
VERTEX
  5
F0F
  8
T9_COUNTERSINK_0_6
 10
1.438536063662661
 20
74.05996350612713
 30
0.0
  0
VERTEX
  5
F10
  8
T9_COUNTERSINK_0_6
 10
1.454349342781011
 20
74.05967320154087
 30
0.0
  0
VERTEX
  5
F11
  8
T9_COUNTERSINK_0_6
 10
1.470073866357068
 20
74.05880228778214
 30
0.0
  0
VERTEX
  5
F12
  8
T9_COUNTERSINK_0_6
 10
1.485709634390834
 20
74.0573507648509
 30
0.0
  0
VERTEX
  5
F13
  8
T9_COUNTERSINK_0_6
 10
1.501256646882307
 20
74.05531863274717
 30
0.0
  0
VERTEX
  5
F14
  8
T9_COUNTERSINK_0_6
 10
1.516714903831488
 20
74.05270589147095
 30
0.0
  0
VERTEX
  5
F15
  8
T9_COUNTERSINK_0_6
 10
1.532084405238378
 20
74.04951254102225
 30
0.0
  0
VERTEX
  5
F16
  8
T9_COUNTERSINK_0_6
 10
1.547365151102975
 20
74.04573858140105
 30
0.0
  0
VERTEX
  5
F17
  8
T9_COUNTERSINK_0_6
 10
1.562557141425281
 20
74.04138401260735
 30
0.0
  0
VERTEX
  5
F18
  8
T9_COUNTERSINK_0_6
 10
1.577660376205294
 20
74.03644883464115
 30
0.0
  0
VERTEX
  5
F19
  8
T9_COUNTERSINK_0_6
 10
1.592674855443016
 20
74.03093304750247
 30
0.0
  0
VERTEX
  5
F1A
  8
T9_COUNTERSINK_0_6
 10
1.607600579138446
 20
74.0248366511913
 30
0.0
  0
VERTEX
  5
F1B
  8
T9_COUNTERSINK_0_6
 10
1.622437547291584
 20
74.01815964570761
 30
0.0
  0
VERTEX
  5
F1C
  8
T9_COUNTERSINK_0_6
 10
1.63718575990243
 20
74.01090203105144
 30
0.0
  0
VERTEX
  5
F1D
  8
T9_COUNTERSINK_0_6
 10
1.651845216970983
 20
74.00306380722279
 30
0.0
  0
VERTEX
  5
F1E
  8
T9_COUNTERSINK_0_6
 10
1.666415918497245
 20
73.99464497422164
 30
0.0
  0
VERTEX
  5
F1F
  8
T9_COUNTERSINK_0_6
 10
1.680897864481215
 20
73.985645532048
 30
0.0
  0
VERTEX
  5
F20
  8
T9_COUNTERSINK_0_6
 10
1.695424188236331
 20
73.97588057332209
 30
0.0
  0
VERTEX
  5
F21
  8
T9_COUNTERSINK_0_6
 10
1.710128023076031
 20
73.96516519066412
 30
0.0
  0
VERTEX
  5
F22
  8
T9_COUNTERSINK_0_6
 10
1.725009369000315
 20
73.95349938407412
 30
0.0
  0
VERTEX
  5
F23
  8
T9_COUNTERSINK_0_6
 10
1.740068226009182
 20
73.94088315355208
 30
0.0
  0
VERTEX
  5
F24
  8
T9_COUNTERSINK_0_6
 10
1.755304594102634
 20
73.927316499098
 30
0.0
  0
VERTEX
  5
F25
  8
T9_COUNTERSINK_0_6
 10
1.77071847328067
 20
73.91279942071188
 30
0.0
  0
VERTEX
  5
F26
  8
T9_COUNTERSINK_0_6
 10
1.786309863543289
 20
73.8973319183937
 30
0.0
  0
VERTEX
  5
F27
  8
T9_COUNTERSINK_0_6
 10
1.802078764890492
 20
73.88091399214349
 30
0.0
  0
VERTEX
  5
F28
  8
T9_COUNTERSINK_0_6
 10
1.818025177322279
 20
73.86354564196125
 30
0.0
  0
VERTEX
  5
F29
  8
T9_COUNTERSINK_0_6
 10
1.83414910083865
 20
73.84522686784695
 30
0.0
  0
VERTEX
  5
F2A
  8
T9_COUNTERSINK_0_6
 10
1.850450535439605
 20
73.8259576698006
 30
0.0
  0
VERTEX
  5
F2B
  8
T9_COUNTERSINK_0_6
 10
1.866929481125144
 20
73.80573804782222
 30
0.0
  0
VERTEX
  5
F2C
  8
T9_COUNTERSINK_0_6
 10
1.883585937895267
 20
73.7845680019118
 30
0.0
  0
VERTEX
  5
F2D
  8
T9_COUNTERSINK_0_6
 10
1.900419905749974
 20
73.76244753206933
 30
0.0
  0
VERTEX
  5
F2E
  8
T9_COUNTERSINK_0_6
 10
1.917431384689265
 20
73.7393766382948
 30
0.0
  0
VERTEX
  5
F2F
  8
T9_COUNTERSINK_0_6
 10
1.934620374713139
 20
73.71535532058824
 30
0.0
  0
VERTEX
  5
F30
  8
T9_COUNTERSINK_0_6
 10
1.97183853211423
 20
73.66195406930926
 30
0.0
  0
VERTEX
  5
F31
  8
T9_COUNTERSINK_0_6
 10
2.003021312639469
 20
73.61819758695933
 30
0.0
  0
VERTEX
  5
F32
  8
T9_COUNTERSINK_0_6
 10
2.028168716288855
 20
73.58408587353846
 30
0.0
  0
VERTEX
  5
F33
  8
T9_COUNTERSINK_0_6
 10
2.047280743062388
 20
73.55961892904664
 30
0.0
  0
VERTEX
  5
F34
  8
T9_COUNTERSINK_0_6
 10
2.064617658990082
 20
73.53911639877718
 30
0.0
  0
VERTEX
  5
F35
  8
T9_COUNTERSINK_0_6
 10
2.084439730101952
 20
73.51689792802344
 30
0.0
  0
VERTEX
  5
F36
  8
T9_COUNTERSINK_0_6
 10
2.106746956397996
 20
73.49296351678537
 30
0.0
  0
VERTEX
  5
F37
  8
T9_COUNTERSINK_0_6
 10
2.131539337878214
 20
73.467313165063
 30
0.0
  0
VERTEX
  5
F38
  8
T9_COUNTERSINK_0_6
 10
2.131539337878214
 20
74.06943076397161
 30
0.0
  0
SEQEND
  5
F5E
  8
T9_COUNTERSINK_0_6
  0
POLYLINE
  5
88
  8
TOP_STEP_4
 66
     1
 10
0.0
 20
0.0
 30
0.0
  0
VERTEX
  5
F39
  8
TOP_STEP_4
 10
3.503804596629536
 20
54.26439704074023
 30
0.0
  0
VERTEX
  5
F3A
  8
TOP_STEP_4
 10
0.0
 20
54.48654027165044
 30
0.0
  0
SEQEND
  5
F5F
  8
TOP_STEP_4
  0
POLYLINE
  5
89
  8
TOP_STEP_4
 66
     1
 10
0.0
 20
0.0
 30
0.0
  0
VERTEX
  5
F3B
  8
TOP_STEP_4
 10
0.0019022983147678
 20
87.23016865619533
 30
0.0
  0
VERTEX
  5
F3C
  8
TOP_STEP_4
 10
3.501902298314768
 20
87.23016865619533
 30
0.0
  0
SEQEND
  5
F60
  8
TOP_STEP_4
  0
POLYLINE
  5
8B
  8
BOTTOM_STEP_1
 66
     1
 10
0.0
 20
0.0
 30
0.0
  0
VERTEX
  5
F3D
  8
BOTTOM_STEP_1
 10
0.0019022983147678
 20
52.65773662057688
 30
0.0
  0
VERTEX
  5
F3E
  8
BOTTOM_STEP_1
 10
3.501902298314768
 20
52.65773662057688
 30
0.0
  0
SEQEND
  5
F61
  8
BOTTOM_STEP_1
  0
POLYLINE
  5
8D
  8
FRONT_LEG
 66
     1
 10
0.0
 20
0.0
 30
0.0
 70
     1
  0
VERTEX
  5
F3F
  8
FRONT_LEG
 10
1.751902298314768
 20
78.66766865619533
 30
0.0
 42
0.4142135623730951
  0
VERTEX
  5
F40
  8
FRONT_LEG
 10
1.939402298314768
 20
78.85516865619533
 30
0.0
 42
0.4142135623730951
  0
VERTEX
  5
F41
  8
FRONT_LEG
 10
1.751902298314768
 20
79.04266865619533
 30
0.0
 42
0.4142135623730951
  0
VERTEX
  5
F42
  8
FRONT_LEG
 10
1.564402298314768
 20
78.85516865619533
 30
0.0
 42
0.4142135623730951
  0
SEQEND
  5
F62
  8
FRONT_LEG
  0
POLYLINE
  5
8F
  8
T3_PROFILE_INSIDE_2
 66
     1
 10
0.0
 20
0.0
 30
0.0
 70
     1
  0
VERTEX
  5
F43
  8
T3_PROFILE_INSIDE_2
 10
0.0
 20
0.0
 30
0.0
  0
VERTEX
  5
F44
  8
T3_PROFILE_INSIDE_2
 10
3.5
 20
0.0
 30
0.0
  0
VERTEX
  5
F45
  8
T3_PROFILE_INSIDE_2
 10
3.5
 20
97.0
 30
0.0
  0
VERTEX
  5
F46
  8
T3_PROFILE_INSIDE_2
 10
0.0
 20
97.0
 30
0.0
  0
SEQEND
  5
F63
  8
T3_PROFILE_INSIDE_2
  0
ENDSEC
  0
EOF
