  0
SECTION
  2
HEADER
  9
$ACADVER
  1
AC1009
  9
$DWGCODEPAGE
  3
ansi_1252
  9
$INSBASE
 10
0.0
 20
0.0
 30
0.0
  9
$EXTMIN
 10
0.0
 20
0.0
 30
0.0
  9
$EXTMAX
 10
3.522337055402783
 20
97.0
 30
0.0
  9
$LIMMIN
 10
0.0
 20
0.0
  9
$LIMMAX
 10
12.0
 20
9.0
  9
$ORTHOMODE
 70
     0
  9
$REGENMODE
 70
     1
  9
$FILLMODE
 70
     1
  9
$QTEXTMODE
 70
     0
  9
$MIRRTEXT
 70
     1
  9
$DRAGMODE
 70
     2
  9
$LTSCALE
 40
1.0
  9
$OSMODE
 70
    37
  9
$ATTMODE
 70
     1
  9
$TEXTSIZE
 40
0.2
  9
$TRACEWID
 40
0.05
  9
$TEXTSTYLE
  7
STANDARD
  9
$CLAYER
  8
0
  9
$CELTYPE
  6
BYLAYER
  9
$CECOLOR
 62
   256
  9
$DIMSCALE
 40
1.0
  9
$DIMASZ
 40
0.18
  9
$DIMEXO
 40
0.0625
  9
$DIMDLI
 40
0.38
  9
$DIMRND
 40
0.0
  9
$DIMDLE
 40
0.0
  9
$DIMEXE
 40
0.18
  9
$DIMTP
 40
0.0
  9
$DIMTM
 40
0.0
  9
$DIMTXT
 40
0.18
  9
$DIMCEN
 40
0.09
  9
$DIMTSZ
 40
0.0
  9
$DIMTOL
 70
     0
  9
$DIMLIM
 70
     0
  9
$DIMTIH
 70
     1
  9
$DIMTOH
 70
     1
  9
$DIMSE1
 70
     0
  9
$DIMSE2
 70
     0
  9
$DIMTAD
 70
     0
  9
$DIMZIN
 70
     0
  9
$DIMBLK
  1

  9
$DIMASO
 70
     1
  9
$DIMSHO
 70
     1
  9
$DIMPOST
  1

  9
$DIMAPOST
  1

  9
$DIMALT
 70
     0
  9
$DIMALTD
 70
     2
  9
$DIMALTF
 40
25.4
  9
$DIMLFAC
 40
1.0
  9
$DIMTOFL
 70
     0
  9
$DIMTVP
 40
0.0
  9
$DIMTIX
 70
     0
  9
$DIMSOXD
 70
     0
  9
$DIMSAH
 70
     0
  9
$DIMBLK1
  1

  9
$DIMBLK2
  1

  9
$DIMSTYLE
  2
STANDARD
  9
$DIMCLRD
 70
     0
  9
$DIMCLRE
 70
     0
  9
$DIMCLRT
 70
     0
  9
$DIMTFAC
 40
1.0
  9
$DIMGAP
 40
0.09
  9
$LUNITS
 70
     2
  9
$LUPREC
 70
     4
  9
$SKETCHINC
 40
0.1
  9
$FILLETRAD
 40
0.5
  9
$AUNITS
 70
     0
  9
$AUPREC
 70
     0
  9
$MENU
  1
.
  9
$ELEVATION
 40
0.0
  9
$PELEVATION
 40
0.0
  9
$THICKNESS
 40
0.0
  9
$LIMCHECK
 70
     0
  9
$CHAMFERA
 40
0.0
  9
$CHAMFERB
 40
0.0
  9
$SKPOLY
 70
     0
  9
$TDCREATE
 40
2454910.5
  9
$TDUPDATE
 40
2461172.446451643
  9
$TDINDWG
 40
0.0000000116
  9
$TDUSRTIMER
 40
0.0000000116
  9
$USRTIMER
 70
     1
  9
$ANGBASE
 50
0.0
  9
$ANGDIR
 70
     0
  9
$PDMODE
 70
     0
  9
$PDSIZE
 40
0.0
  9
$PLINEWID
 40
0.0
  9
$COORDS
 70
     1
  9
$SPLFRAME
 70
     0
  9
$SPLINETYPE
 70
     6
  9
$SPLINESEGS
 70
     8
  9
$ATTDIA
 70
     0
  9
$ATTREQ
 70
     1
  9
$HANDLING
 70
     1
  9
$HANDSEED
  5
94C
  9
$SURFTAB1
 70
     6
  9
$SURFTAB2
 70
     6
  9
$SURFTYPE
 70
     6
  9
$SURFU
 70
     6
  9
$SURFV
 70
     6
  9
$UCSNAME
  2

  9
$UCSORG
 10
0.0
 20
0.0
 30
0.0
  9
$UCSXDIR
 10
1.0
 20
0.0
 30
0.0
  9
$UCSYDIR
 10
0.0
 20
1.0
 30
0.0
  9
$PUCSNAME
  2

  9
$PUCSORG
 10
0.0
 20
0.0
 30
0.0
  9
$PUCSXDIR
 10
1.0
 20
0.0
 30
0.0
  9
$PUCSYDIR
 10
0.0
 20
1.0
 30
0.0
  9
$USERI1
 70
     0
  9
$USERI2
 70
     0
  9
$USERI3
 70
     0
  9
$USERI4
 70
     0
  9
$USERI5
 70
     0
  9
$USERR1
 40
0.0
  9
$USERR2
 40
0.0
  9
$USERR3
 40
0.0
  9
$USERR4
 40
0.0
  9
$USERR5
 40
0.0
  9
$WORLDVIEW
 70
     1
  9
$SHADEDGE
 70
     3
  9
$SHADEDIF
 70
    70
  9
$TILEMODE
 70
     1
  9
$MAXACTVP
 70
    64
  9
$PLIMCHECK
 70
     0
  9
$PEXTMIN
 10
1.000000000000000E+20
 20
1.000000000000000E+20
 30
1.000000000000000E+20
  9
$PEXTMAX
 10
-1.000000000000000E+20
 20
-1.000000000000000E+20
 30
-1.000000000000000E+20
  9
$PLIMMIN
 10
0.0
 20
0.0
  9
$PLIMMAX
 10
12.0
 20
9.0
  9
$UNITMODE
 70
     0
  9
$VISRETAIN
 70
     1
  9
$PLINEGEN
 70
     0
  9
$PSLTSCALE
 70
     1
  0
ENDSEC
  0
SECTION
  2
TABLES
  0
TABLE
  2
VPORT
 70
     1
  0
VPORT
  2
*ACTIVE
 70
     0
 10
0.0
 20
0.0
 11
1.0
 21
1.0
 12
10.42990654205607
 22
4.5
 13
0.0
 23
0.0
 14
0.5
 24
0.5
 15
0.5
 25
0.5
 16
0.0
 26
0.0
 36
1.0
 17
0.0
 27
0.0
 37
0.0
 40
9.0
 41
1.972972972850329
 42
50.0
 43
0.0
 44
0.0
 50
0.0
 51
0.0
 71
     0
 72
   100
 73
     1
 74
     3
 75
     0
 76
     0
 77
     0
 78
     0
  0
ENDTAB
  0
TABLE
  2
LTYPE
 70
     2
  0
LTYPE
  2
CONTINUOUS
 70
     0
  3
Solid line
 72
    65
 73
     0
 40
0.0
  0
LTYPE
  2
CONTINUOUS2
 70
     0
  3
Solid Line
 72
    65
 73
     0
 40
0.0
  0
ENDTAB
  0
TABLE
  2
LAYER
 70
     6
  0
LAYER
  2
0
 70
     0
 62
     7
  6
CONTINUOUS
  0
LAYER
  2
T9_COUNTERSINK_0_6
 70
     0
 62
    18
  6
CONTINUOUS
  0
LAYER
  2
SEAT
 70
     0
 62
    18
  6
CONTINUOUS
  0
LAYER
  2
FRONT_LEG
 70
     0
 62
    18
  6
CONTINUOUS
  0
LAYER
  2
T9-T3_POCKET
 70
     0
 62
    18
  6
CONTINUOUS
  0
LAYER
  2
T3_PROFILE_INSIDE_2
 70
     0
 62
    18
  6
CONTINUOUS
  0
ENDTAB
  0
TABLE
  2
STYLE
 70
     1
  0
STYLE
  2
STANDARD
 70
     0
 40
0.0
 41
1.0
 50
0.0
 71
     0
 42
0.2
  3
txt
  4

  0
ENDTAB
  0
TABLE
  2
VIEW
 70
     0
  0
ENDTAB
  0
TABLE
  2
UCS
 70
     0
  0
ENDTAB
  0
TABLE
  2
APPID
 70
     1
  0
APPID
  2
ACAD
 70
     0
  0
ENDTAB
  0
TABLE
  2
DIMSTYLE
 70
     1
  0
DIMSTYLE
  2
STANDARD
 70
     0
  3

  4

  5

  6

  7

 40
1.0
 41
0.18
 42
0.0625
 43
0.38
 44
0.18
 45
0.0
 46
0.0
 47
0.0
 48
0.0
140
0.18
141
0.09
142
0.0
143
25.4
144
1.0
145
0.0
146
1.0
147
0.09
 71
     0
 72
     0
 73
     1
 74
     1
 75
     0
 76
     0
 77
     0
 78
     0
170
     0
171
     2
172
     0
173
     0
174
     0
175
     0
176
     0
177
     0
178
     0
  0
ENDTAB
  0
ENDSEC
  0
SECTION
  2
BLOCKS
  0
BLOCK
  8
0
  2
$MODEL_SPACE
 70
     0
 10
0.0
 20
0.0
 30
0.0
  3
$MODEL_SPACE
  1

  0
ENDBLK
  5
21
  8
0
  0
BLOCK
 67
     1
  8
0
  2
$PAPER_SPACE
 70
     0
 10
0.0
 20
0.0
 30
0.0
  3
$PAPER_SPACE
  1

  0
ENDBLK
  5
1D
 67
     1
  8
0
  0
ENDSEC
  0
SECTION
  2
ENTITIES
  0
POLYLINE
  5
70
  8
T9_COUNTERSINK_0_6
 66
     1
 10
0.0
 20
0.0
 30
0.0
 70
     1
  0
VERTEX
  5
97
  8
T9_COUNTERSINK_0_6
 10
1.812642504769173
 20
10.15949328635328
 30
0.0
 42
0.4142135623730951
  0
VERTEX
  5
98
  8
T9_COUNTERSINK_0_6
 10
1.580865425860011
 20
10.03068379255593
 30
0.0
 42
0.4142135623730951
  0
VERTEX
  5
99
  8
T9_COUNTERSINK_0_6
 10
1.709674919657367
 20
9.798906713646716
 30
0.0
 42
0.4142135623730951
  0
VERTEX
  5
9A
  8
T9_COUNTERSINK_0_6
 10
1.941451998566542
 20
9.927716207444107
 30
0.0
 42
0.4142135623730951
  0
SEQEND
  5
930
  8
T9_COUNTERSINK_0_6
  0
POLYLINE
  5
71
  8
T9_COUNTERSINK_0_6
 66
     1
 10
0.0
 20
0.0
 30
0.0
  0
VERTEX
  5
9B
  8
T9_COUNTERSINK_0_6
 10
0.0022647086364955
 20
1.966743551263895
 30
0.0
  0
VERTEX
  5
9C
  8
T9_COUNTERSINK_0_6
 10
3.493800481628426
 20
1.0
 30
0.0
  0
SEQEND
  5
931
  8
T9_COUNTERSINK_0_6
  0
POLYLINE
  5
73
  8
SEAT
 66
     1
 10
0.0
 20
0.0
 30
0.0
 70
     1
  0
VERTEX
  5
9D
  8
SEAT
 10
0.7984379470003589
 20
50.11275292992766
 30
0.0
  0
VERTEX
  5
9E
  8
SEAT
 10
0.7889971233323589
 20
50.11476089933199
 30
0.0
  0
VERTEX
  5
9F
  8
SEAT
 10
0.7797688165995877
 20
50.11721760638415
 30
0.0
  0
VERTEX
  5
A0
  8
SEAT
 10
0.7707624485115809
 20
50.12010931215893
 30
0.0
  0
VERTEX
  5
A1
  8
SEAT
 10
0.7619874407778742
 20
50.12342227773111
 30
0.0
  0
VERTEX
  5
A2
  8
SEAT
 10
0.7534532151080031
 20
50.12714276417547
 30
0.0
  0
VERTEX
  5
A3
  8
SEAT
 10
0.7451691932115034
 20
50.1312570325668
 30
0.0
  0
VERTEX
  5
A4
  8
SEAT
 10
0.737144796797911
 20
50.13575134397989
 30
0.0
  0
VERTEX
  5
A5
  8
SEAT
 10
0.7293894475767614
 20
50.1406119594895
 30
0.0
  0
VERTEX
  5
A6
  8
SEAT
 10
0.7219125672575903
 20
50.14582514017044
 30
0.0
  0
VERTEX
  5
A7
  8
SEAT
 10
0.7147235775499334
 20
50.15137714709749
 30
0.0
  0
VERTEX
  5
A8
  8
SEAT
 10
0.7078319001633264
 20
50.15725424134543
 30
0.0
  0
VERTEX
  5
A9
  8
SEAT
 10
0.701246956807305
 20
50.16344268398903
 30
0.0
  0
VERTEX
  5
AA
  8
SEAT
 10
0.6949781691914049
 20
50.1699287361031
 30
0.0
  0
VERTEX
  5
AB
  8
SEAT
 10
0.6890349590251617
 20
50.17669865876242
 30
0.0
  0
VERTEX
  5
AC
  8
SEAT
 10
0.6834267480181112
 20
50.18373871304176
 30
0.0
  0
VERTEX
  5
AD
  8
SEAT
 10
0.6781629578797892
 20
50.19103516001591
 30
0.0
  0
VERTEX
  5
AE
  8
SEAT
 10
0.6732530103197312
 20
50.19857426075966
 30
0.0
  0
VERTEX
  5
AF
  8
SEAT
 10
0.6687063270474729
 20
50.2063422763478
 30
0.0
  0
VERTEX
  5
B0
  8
SEAT
 10
0.6645323297725501
 20
50.21432546785509
 30
0.0
  0
VERTEX
  5
B1
  8
SEAT
 10
0.6607404402044984
 20
50.22251009635634
 30
0.0
  0
VERTEX
  5
B2
  8
SEAT
 10
0.6573400800528536
 20
50.23088242292631
 30
0.0
  0
VERTEX
  5
B3
  8
SEAT
 10
0.6543406710271512
 20
50.23942870863982
 30
0.0
  0
VERTEX
  5
B4
  8
SEAT
 10
0.6517516348369271
 20
50.24813521457162
 30
0.0
  0
VERTEX
  5
B5
  8
SEAT
 10
0.649582393191717
 20
50.25698820179652
 30
0.0
  0
VERTEX
  5
B6
  8
SEAT
 10
0.6478423678010564
 20
50.26597393138928
 30
0.0
  0
VERTEX
  5
B7
  8
SEAT
 10
0.6465409803744812
 20
50.2750786644247
 30
0.0
  0
VERTEX
  5
B8
  8
SEAT
 10
0.6456876526215268
 20
50.28428866197756
 30
0.0
  0
VERTEX
  5
B9
  8
SEAT
 10
0.6452918062517292
 20
50.29359018512265
 30
0.0
  0
VERTEX
  5
BA
  8
SEAT
 10
0.645362862974624
 20
50.30296949493474
 30
0.0
  0
VERTEX
  5
BB
  8
SEAT
 10
0.6459102444997468
 20
50.31241285248863
 30
0.0
  0
VERTEX
  5
BC
  8
SEAT
 10
0.6469433725366334
 20
50.32190651885909
 30
0.0
  0
VERTEX
  5
BD
  8
SEAT
 10
0.6484716687948193
 20
50.33143675512093
 30
0.0
  0
VERTEX
  5
BE
  8
SEAT
 10
0.650479638199158
 20
50.34087757878892
 30
0.0
  0
VERTEX
  5
BF
  8
SEAT
 10
0.6529363452513268
 20
50.3501058855217
 30
0.0
  0
VERTEX
  5
C0
  8
SEAT
 10
0.6558280510261103
 20
50.35911225360969
 30
0.0
  0
VERTEX
  5
C1
  8
SEAT
 10
0.6591410165982928
 20
50.36788726134341
 30
0.0
  0
VERTEX
  5
C2
  8
SEAT
 10
0.6628615030426588
 20
50.37642148701327
 30
0.0
  0
VERTEX
  5
C3
  8
SEAT
 10
0.6669757714339926
 20
50.38470550890979
 30
0.0
  0
VERTEX
  5
C4
  8
SEAT
 10
0.6714700828470785
 20
50.39272990532338
 30
0.0
  0
VERTEX
  5
C5
  8
SEAT
 10
0.6763306983567012
 20
50.40048525454453
 30
0.0
  0
VERTEX
  5
C6
  8
SEAT
 10
0.6815438790376449
 20
50.4079621348637
 30
0.0
  0
VERTEX
  5
C7
  8
SEAT
 10
0.6870958859646942
 20
50.41515112457137
 30
0.0
  0
VERTEX
  5
C8
  8
SEAT
 10
0.6929729802126332
 20
50.42204280195797
 30
0.0
  0
VERTEX
  5
C9
  8
SEAT
 10
0.6991614228562464
 20
50.428627745314
 30
0.0
  0
VERTEX
  5
CA
  8
SEAT
 10
0.7056474749703183
 20
50.43489653292991
 30
0.0
  0
VERTEX
  5
CB
  8
SEAT
 10
0.7124173976296333
 20
50.44083974309616
 30
0.0
  0
VERTEX
  5
CC
  8
SEAT
 10
0.7194574519089758
 20
50.44644795410321
 30
0.0
  0
VERTEX
  5
CD
  8
SEAT
 10
0.7267538988831301
 20
50.45171174424154
 30
0.0
  0
VERTEX
  5
CE
  8
SEAT
 10
0.7342929996268808
 20
50.45662169180159
 30
0.0
  0
VERTEX
  5
CF
  8
SEAT
 10
0.742061015215012
 20
50.46116837507385
 30
0.0
  0
VERTEX
  5
D0
  8
SEAT
 10
0.7500442067223083
 20
50.46534237234879
 30
0.0
  0
VERTEX
  5
D1
  8
SEAT
 10
0.7582288352235542
 20
50.46913426191684
 30
0.0
  0
VERTEX
  5
D2
  8
SEAT
 10
0.766601161793534
 20
50.47253462206848
 30
0.0
  0
VERTEX
  5
D3
  8
SEAT
 10
0.7751474475070319
 20
50.47553403109418
 30
0.0
  0
VERTEX
  5
D4
  8
SEAT
 10
0.7838539534388326
 20
50.47812306728441
 30
0.0
  0
VERTEX
  5
D5
  8
SEAT
 10
0.7927069406637204
 20
50.48029230892962
 30
0.0
  0
VERTEX
  5
D6
  8
SEAT
 10
0.8016926702564796
 20
50.48203233432028
 30
0.0
  0
VERTEX
  5
D7
  8
SEAT
 10
0.8107974032918948
 20
50.48333372174685
 30
0.0
  0
VERTEX
  5
D8
  8
SEAT
 10
0.8200074008447503
 20
50.48418704949979
 30
0.0
  0
VERTEX
  5
D9
  8
SEAT
 10
0.8293089239898305
 20
50.48458289586959
 30
0.0
  0
VERTEX
  5
DA
  8
SEAT
 10
0.8386882338019197
 20
50.48451183914669
 30
0.0
  0
VERTEX
  5
DB
  8
SEAT
 10
0.8481315913558025
 20
50.48396445762156
 30
0.0
  0
VERTEX
  5
DC
  8
SEAT
 10
0.8576252577262633
 20
50.48293132958467
 30
0.0
  0
VERTEX
  5
DD
  8
SEAT
 10
0.8671554939880863
 20
50.48140303332648
 30
0.0
  0
VERTEX
  5
DE
  8
SEAT
 10
0.8765963176560927
 20
50.47939506392215
 30
0.0
  0
VERTEX
  5
DF
  8
SEAT
 10
0.8858246243888699
 20
50.47693835686999
 30
0.0
  0
VERTEX
  5
E0
  8
SEAT
 10
0.8948309924768822
 20
50.47404665109521
 30
0.0
  0
VERTEX
  5
E1
  8
SEAT
 10
0.9036060002105942
 20
50.47073368552304
 30
0.0
  0
VERTEX
  5
E2
  8
SEAT
 10
0.9121402258804701
 20
50.46701319907868
 30
0.0
  0
VERTEX
  5
E3
  8
SEAT
 10
0.9204242477769741
 20
50.46289893068735
 30
0.0
  0
VERTEX
  5
E4
  8
SEAT
 10
0.9284486441905706
 20
50.45840461927426
 30
0.0
  0
VERTEX
  5
E5
  8
SEAT
 10
0.9362039934117239
 20
50.45354400376465
 30
0.0
  0
VERTEX
  5
E6
  8
SEAT
 10
0.9436808737308984
 20
50.44833082308371
 30
0.0
  0
VERTEX
  5
E7
  8
SEAT
 10
0.9508698634385584
 20
50.44277881615666
 30
0.0
  0
VERTEX
  5
E8
  8
SEAT
 10
0.9577615408251682
 20
50.43690172190871
 30
0.0
  0
VERTEX
  5
E9
  8
SEAT
 10
0.9643464841811921
 20
50.43071327926511
 30
0.0
  0
VERTEX
  5
EA
  8
SEAT
 10
0.9706152717970944
 20
50.42422722715104
 30
0.0
  0
VERTEX
  5
EB
  8
SEAT
 10
0.9765584819633396
 20
50.41745730449172
 30
0.0
  0
VERTEX
  5
EC
  8
SEAT
 10
0.9821666929703918
 20
50.41041725021238
 30
0.0
  0
VERTEX
  5
ED
  8
SEAT
 10
0.9874304831087155
 20
50.40312080323822
 30
0.0
  0
VERTEX
  5
EE
  8
SEAT
 10
0.9923404306687749
 20
50.39558170249447
 30
0.0
  0
VERTEX
  5
EF
  8
SEAT
 10
0.9968871139410345
 20
50.38781368690633
 30
0.0
  0
VERTEX
  5
F0
  8
SEAT
 10
1.001061111215958
 20
50.37983049539903
 30
0.0
  0
VERTEX
  5
F1
  8
SEAT
 10
1.004853000784011
 20
50.37164586689779
 30
0.0
  0
VERTEX
  5
F2
  8
SEAT
 10
1.008253360935657
 20
50.36327354032781
 30
0.0
  0
VERTEX
  5
F3
  8
SEAT
 10
1.01125276996136
 20
50.3547272546143
 30
0.0
  0
VERTEX
  5
F4
  8
SEAT
 10
1.013841806151584
 20
50.34602074868251
 30
0.0
  0
VERTEX
  5
F5
  8
SEAT
 10
1.016011047796795
 20
50.33716776145761
 30
0.0
  0
VERTEX
  5
F6
  8
SEAT
 10
1.017751073187456
 20
50.32818203186484
 30
0.0
  0
VERTEX
  5
F7
  8
SEAT
 10
1.019052460614032
 20
50.31907729882943
 30
0.0
  0
VERTEX
  5
F8
  8
SEAT
 10
1.019905788366987
 20
50.30986730127657
 30
0.0
  0
VERTEX
  5
F9
  8
SEAT
 10
1.020301634736785
 20
50.30056577813149
 30
0.0
  0
VERTEX
  5
FA
  8
SEAT
 10
1.020230578013891
 20
50.29118646831939
 30
0.0
  0
VERTEX
  5
FB
  8
SEAT
 10
1.019683196488768
 20
50.2817431107655
 30
0.0
  0
VERTEX
  5
FC
  8
SEAT
 10
1.018650068451882
 20
50.27224944439504
 30
0.0
  0
VERTEX
  5
FD
  8
SEAT
 10
1.017121772193697
 20
50.26271920813321
 30
0.0
  0
VERTEX
  5
FE
  8
SEAT
 10
1.015113802789358
 20
50.25327838446522
 30
0.0
  0
VERTEX
  5
FF
  8
SEAT
 10
1.012657095737188
 20
50.24405007773244
 30
0.0
  0
VERTEX
  5
100
  8
SEAT
 10
1.009765389962403
 20
50.23504370964443
 30
0.0
  0
VERTEX
  5
101
  8
SEAT
 10
1.00645242439022
 20
50.22626870191072
 30
0.0
  0
VERTEX
  5
102
  8
SEAT
 10
1.002731937945852
 20
50.21773447624085
 30
0.0
  0
VERTEX
  5
103
  8
SEAT
 10
0.998617669554517
 20
50.20945045434434
 30
0.0
  0
VERTEX
  5
104
  8
SEAT
 10
0.9941233581414295
 20
50.20142605793075
 30
0.0
  0
VERTEX
  5
105
  8
SEAT
 10
0.9892627426318049
 20
50.1936707087096
 30
0.0
  0
VERTEX
  5
106
  8
SEAT
 10
0.9840495619508594
 20
50.18619382839044
 30
0.0
  0
VERTEX
  5
107
  8
SEAT
 10
0.9784975550238082
 20
50.17900483868277
 30
0.0
  0
VERTEX
  5
108
  8
SEAT
 10
0.9726204607758671
 20
50.17211316129617
 30
0.0
  0
VERTEX
  5
109
  8
SEAT
 10
0.9664320181322518
 20
50.16552821794015
 30
0.0
  0
VERTEX
  5
10A
  8
SEAT
 10
0.9599459660181777
 20
50.15925943032425
 30
0.0
  0
VERTEX
  5
10B
  8
SEAT
 10
0.9531760433588603
 20
50.153316220158
 30
0.0
  0
VERTEX
  5
10C
  8
SEAT
 10
0.9461359890795153
 20
50.14770800915096
 30
0.0
  0
VERTEX
  5
10D
  8
SEAT
 10
0.9388395421053586
 20
50.14244421901264
 30
0.0
  0
VERTEX
  5
10E
  8
SEAT
 10
0.9313004413616055
 20
50.13753427145259
 30
0.0
  0
VERTEX
  5
10F
  8
SEAT
 10
0.9235324257734716
 20
50.13298758818033
 30
0.0
  0
VERTEX
  5
110
  8
SEAT
 10
0.9155492342661726
 20
50.12881359090541
 30
0.0
  0
VERTEX
  5
111
  8
SEAT
 10
0.9073646057649242
 20
50.12502170133736
 30
0.0
  0
VERTEX
  5
112
  8
SEAT
 10
0.8989922791949416
 20
50.12162134118572
 30
0.0
  0
VERTEX
  5
113
  8
SEAT
 10
0.890445993481441
 20
50.11862193216001
 30
0.0
  0
VERTEX
  5
114
  8
SEAT
 10
0.8817394875496376
 20
50.11603289596978
 30
0.0
  0
VERTEX
  5
115
  8
SEAT
 10
0.8728865003247469
 20
50.11386365432458
 30
0.0
  0
VERTEX
  5
116
  8
SEAT
 10
0.8639007707319848
 20
50.11212362893392
 30
0.0
  0
VERTEX
  5
117
  8
SEAT
 10
0.8547960376965669
 20
50.11082224150734
 30
0.0
  0
VERTEX
  5
118
  8
SEAT
 10
0.8455860401437085
 20
50.10996891375439
 30
0.0
  0
VERTEX
  5
119
  8
SEAT
 10
0.8362845169986256
 20
50.10957306738458
 30
0.0
  0
VERTEX
  5
11A
  8
SEAT
 10
0.8269052071865335
 20
50.10964412410748
 30
0.0
  0
VERTEX
  5
11B
  8
SEAT
 10
0.817461849632648
 20
50.11019150563259
 30
0.0
  0
VERTEX
  5
11C
  8
SEAT
 10
0.8079681832621846
 20
50.11122463366948
 30
0.0
  0
SEQEND
  5
932
  8
SEAT
  0
POLYLINE
  5
74
  8
SEAT
 66
     1
 10
0.0
 20
0.0
 30
0.0
 70
     1
  0
VERTEX
  5
11D
  8
SEAT
 10
2.655161930438396
 20
51.54679696667346
 30
0.0
  0
VERTEX
  5
11E
  8
SEAT
 10
2.645721106770395
 20
51.54880493607779
 30
0.0
  0
VERTEX
  5
11F
  8
SEAT
 10
2.636492800037623
 20
51.55126164312995
 30
0.0
  0
VERTEX
  5
120
  8
SEAT
 10
2.627486431949614
 20
51.55415334890472
 30
0.0
  0
VERTEX
  5
121
  8
SEAT
 10
2.618711424215906
 20
51.55746631447688
 30
0.0
  0
VERTEX
  5
122
  8
SEAT
 10
2.610177198546033
 20
51.56118680092125
 30
0.0
  0
VERTEX
  5
123
  8
SEAT
 10
2.601893176649532
 20
51.56530106931257
 30
0.0
  0
VERTEX
  5
124
  8
SEAT
 10
2.593868780235937
 20
51.56979538072564
 30
0.0
  0
VERTEX
  5
125
  8
SEAT
 10
2.586113431014785
 20
51.57465599623525
 30
0.0
  0
VERTEX
  5
126
  8
SEAT
 10
2.578636550695611
 20
51.57986917691619
 30
0.0
  0
VERTEX
  5
127
  8
SEAT
 10
2.571447560987952
 20
51.58542118384322
 30
0.0
  0
VERTEX
  5
128
  8
SEAT
 10
2.564555883601342
 20
51.59129827809116
 30
0.0
  0
VERTEX
  5
129
  8
SEAT
 10
2.557970940245318
 20
51.59748672073476
 30
0.0
  0
VERTEX
  5
12A
  8
SEAT
 10
2.551702152629415
 20
51.60397277284883
 30
0.0
  0
VERTEX
  5
12B
  8
SEAT
 10
2.54575894246317
 20
51.61074269550814
 30
0.0
  0
VERTEX
  5
12C
  8
SEAT
 10
2.540150731456118
 20
51.61778274978748
 30
0.0
  0
VERTEX
  5
12D
  8
SEAT
 10
2.534886941317794
 20
51.62507919676163
 30
0.0
  0
VERTEX
  5
12E
  8
SEAT
 10
2.529976993757734
 20
51.63261829750537
 30
0.0
  0
VERTEX
  5
12F
  8
SEAT
 10
2.525430310485474
 20
51.64038631309352
 30
0.0
  0
VERTEX
  5
130
  8
SEAT
 10
2.52125631321055
 20
51.64836950460081
 30
0.0
  0
VERTEX
  5
131
  8
SEAT
 10
2.517464423642497
 20
51.65655413310206
 30
0.0
  0
VERTEX
  5
132
  8
SEAT
 10
2.514064063490852
 20
51.66492645967203
 30
0.0
  0
VERTEX
  5
133
  8
SEAT
 10
2.51106465446515
 20
51.67347274538554
 30
0.0
  0
VERTEX
  5
134
  8
SEAT
 10
2.508475618274926
 20
51.68217925131734
 30
0.0
  0
VERTEX
  5
135
  8
SEAT
 10
2.506306376629717
 20
51.69103223854223
 30
0.0
  0
VERTEX
  5
136
  8
SEAT
 10
2.504566351239058
 20
51.700017968135
 30
0.0
  0
VERTEX
  5
137
  8
SEAT
 10
2.503264963812485
 20
51.70912270117043
 30
0.0
  0
VERTEX
  5
138
  8
SEAT
 10
2.502411636059533
 20
51.71833269872329
 30
0.0
  0
VERTEX
  5
139
  8
SEAT
 10
2.502015789689739
 20
51.72763422186839
 30
0.0
  0
VERTEX
  5
13A
  8
SEAT
 10
2.502086846412638
 20
51.73701353168048
 30
0.0
  0
VERTEX
  5
13B
  8
SEAT
 10
2.502634227937765
 20
51.74645688923437
 30
0.0
  0
VERTEX
  5
13C
  8
SEAT
 10
2.503667355974657
 20
51.75595055560485
 30
0.0
  0
VERTEX
  5
13D
  8
SEAT
 10
2.50519565223285
 20
51.76548079186669
 30
0.0
  0
VERTEX
  5
13E
  8
SEAT
 10
2.507203621637182
 20
51.77492161553468
 30
0.0
  0
VERTEX
  5
13F
  8
SEAT
 10
2.509660328689347
 20
51.78414992226746
 30
0.0
  0
VERTEX
  5
140
  8
SEAT
 10
2.512552034464126
 20
51.79315629035545
 30
0.0
  0
VERTEX
  5
141
  8
SEAT
 10
2.515865000036304
 20
51.80193129808917
 30
0.0
  0
VERTEX
  5
142
  8
SEAT
 10
2.519585486480667
 20
51.81046552375904
 30
0.0
  0
VERTEX
  5
143
  8
SEAT
 10
2.523699754871997
 20
51.81874954565554
 30
0.0
  0
VERTEX
  5
144
  8
SEAT
 10
2.528194066285081
 20
51.82677394206913
 30
0.0
  0
VERTEX
  5
145
  8
SEAT
 10
2.533054681794702
 20
51.83452929129029
 30
0.0
  0
VERTEX
  5
146
  8
SEAT
 10
2.538267862475644
 20
51.84200617160946
 30
0.0
  0
VERTEX
  5
147
  8
SEAT
 10
2.543819869402692
 20
51.84919516131713
 30
0.0
  0
VERTEX
  5
148
  8
SEAT
 10
2.549696963650631
 20
51.85608683870373
 30
0.0
  0
VERTEX
  5
149
  8
SEAT
 10
2.555885406294244
 20
51.86267178205975
 30
0.0
  0
VERTEX
  5
14A
  8
SEAT
 10
2.562371458408315
 20
51.86894056967566
 30
0.0
  0
VERTEX
  5
14B
  8
SEAT
 10
2.569141381067631
 20
51.87488377984191
 30
0.0
  0
VERTEX
  5
14C
  8
SEAT
 10
2.576181435346975
 20
51.88049199084895
 30
0.0
  0
VERTEX
  5
14D
  8
SEAT
 10
2.58347788232113
 20
51.88575578098728
 30
0.0
  0
VERTEX
  5
14E
  8
SEAT
 10
2.591016983064883
 20
51.89066572854734
 30
0.0
  0
VERTEX
  5
14F
  8
SEAT
 10
2.598784998653016
 20
51.8952124118196
 30
0.0
  0
VERTEX
  5
150
  8
SEAT
 10
2.606768190160314
 20
51.89938640909453
 30
0.0
  0
VERTEX
  5
151
  8
SEAT
 10
2.614952818661562
 20
51.90317829866258
 30
0.0
  0
VERTEX
  5
152
  8
SEAT
 10
2.623325145231544
 20
51.90657865881423
 30
0.0
  0
VERTEX
  5
153
  8
SEAT
 10
2.631871430945044
 20
51.90957806783993
 30
0.0
  0
VERTEX
  5
154
  8
SEAT
 10
2.640577936876848
 20
51.91216710403016
 30
0.0
  0
VERTEX
  5
155
  8
SEAT
 10
2.649430924101739
 20
51.91433634567537
 30
0.0
  0
VERTEX
  5
156
  8
SEAT
 10
2.658416653694501
 20
51.91607637106603
 30
0.0
  0
VERTEX
  5
157
  8
SEAT
 10
2.667521386729919
 20
51.91737775849261
 30
0.0
  0
VERTEX
  5
158
  8
SEAT
 10
2.676731384282778
 20
51.91823108624556
 30
0.0
  0
VERTEX
  5
159
  8
SEAT
 10
2.686032907427862
 20
51.91862693261536
 30
0.0
  0
VERTEX
  5
15A
  8
SEAT
 10
2.695412217239954
 20
51.91855587589247
 30
0.0
  0
VERTEX
  5
15B
  8
SEAT
 10
2.70485557479384
 20
51.91800849436734
 30
0.0
  0
VERTEX
  5
15C
  8
SEAT
 10
2.714349241164304
 20
51.91697536633045
 30
0.0
  0
VERTEX
  5
15D
  8
SEAT
 10
2.723879477426131
 20
51.91544707007227
 30
0.0
  0
VERTEX
  5
15E
  8
SEAT
 10
2.733320301094129
 20
51.91343910066793
 30
0.0
  0
VERTEX
  5
15F
  8
SEAT
 10
2.7425486078269
 20
51.91098239361575
 30
0.0
  0
VERTEX
  5
160
  8
SEAT
 10
2.751554975914906
 20
51.90809068784097
 30
0.0
  0
VERTEX
  5
161
  8
SEAT
 10
2.760329983648613
 20
51.90477772226879
 30
0.0
  0
VERTEX
  5
162
  8
SEAT
 10
2.768864209318484
 20
51.90105723582442
 30
0.0
  0
VERTEX
  5
163
  8
SEAT
 10
2.777148231214984
 20
51.89694296743309
 30
0.0
  0
VERTEX
  5
164
  8
SEAT
 10
2.785172627628577
 20
51.89244865602001
 30
0.0
  0
VERTEX
  5
165
  8
SEAT
 10
2.792927976849728
 20
51.88758804051038
 30
0.0
  0
VERTEX
  5
166
  8
SEAT
 10
2.8004048571689
 20
51.88237485982944
 30
0.0
  0
VERTEX
  5
167
  8
SEAT
 10
2.807593846876559
 20
51.87682285290239
 30
0.0
  0
VERTEX
  5
168
  8
SEAT
 10
2.814485524263167
 20
51.87094575865444
 30
0.0
  0
VERTEX
  5
169
  8
SEAT
 10
2.821070467619191
 20
51.86475731601083
 30
0.0
  0
VERTEX
  5
16A
  8
SEAT
 10
2.827339255235093
 20
51.85827126389675
 30
0.0
  0
VERTEX
  5
16B
  8
SEAT
 10
2.833282465401338
 20
51.85150134123744
 30
0.0
  0
VERTEX
  5
16C
  8
SEAT
 10
2.838890676408392
 20
51.84446128695809
 30
0.0
  0
VERTEX
  5
16D
  8
SEAT
 10
2.844154466546716
 20
51.83716483998394
 30
0.0
  0
VERTEX
  5
16E
  8
SEAT
 10
2.849064414106778
 20
51.8296257392402
 30
0.0
  0
VERTEX
  5
16F
  8
SEAT
 10
2.853611097379039
 20
51.82185772365206
 30
0.0
  0
VERTEX
  5
170
  8
SEAT
 10
2.857785094653964
 20
51.81387453214477
 30
0.0
  0
VERTEX
  5
171
  8
SEAT
 10
2.861576984222019
 20
51.80568990364352
 30
0.0
  0
VERTEX
  5
172
  8
SEAT
 10
2.864977344373666
 20
51.79731757707354
 30
0.0
  0
VERTEX
  5
173
  8
SEAT
 10
2.867976753399372
 20
51.78877129136004
 30
0.0
  0
VERTEX
  5
174
  8
SEAT
 10
2.870565789589599
 20
51.78006478542824
 30
0.0
  0
VERTEX
  5
175
  8
SEAT
 10
2.872735031234813
 20
51.77121179820335
 30
0.0
  0
VERTEX
  5
176
  8
SEAT
 10
2.874475056625477
 20
51.76222606861059
 30
0.0
  0
VERTEX
  5
177
  8
SEAT
 10
2.875776444052055
 20
51.75312133557517
 30
0.0
  0
VERTEX
  5
178
  8
SEAT
 10
2.876629771805012
 20
51.74391133802232
 30
0.0
  0
VERTEX
  5
179
  8
SEAT
 10
2.877025618174813
 20
51.73460981487725
 30
0.0
  0
VERTEX
  5
17A
  8
SEAT
 10
2.876954561451921
 20
51.72523050506516
 30
0.0
  0
VERTEX
  5
17B
  8
SEAT
 10
2.876407179926801
 20
51.71578714751127
 30
0.0
  0
VERTEX
  5
17C
  8
SEAT
 10
2.875374051889917
 20
51.70629348114081
 30
0.0
  0
VERTEX
  5
17D
  8
SEAT
 10
2.873845755631734
 20
51.69676324487899
 30
0.0
  0
VERTEX
  5
17E
  8
SEAT
 10
2.871837786227395
 20
51.68732242121099
 30
0.0
  0
VERTEX
  5
17F
  8
SEAT
 10
2.869381079175226
 20
51.67809411447821
 30
0.0
  0
VERTEX
  5
180
  8
SEAT
 10
2.866489373400442
 20
51.6690877463902
 30
0.0
  0
VERTEX
  5
181
  8
SEAT
 10
2.863176407828259
 20
51.66031273865649
 30
0.0
  0
VERTEX
  5
182
  8
SEAT
 10
2.859455921383893
 20
51.65177851298662
 30
0.0
  0
VERTEX
  5
183
  8
SEAT
 10
2.855341652992559
 20
51.64349449109012
 30
0.0
  0
VERTEX
  5
184
  8
SEAT
 10
2.850847341579472
 20
51.63547009467653
 30
0.0
  0
VERTEX
  5
185
  8
SEAT
 10
2.845986726069849
 20
51.62771474545537
 30
0.0
  0
VERTEX
  5
186
  8
SEAT
 10
2.840773545388905
 20
51.6202378651362
 30
0.0
  0
VERTEX
  5
187
  8
SEAT
 10
2.835221538461856
 20
51.61304887542853
 30
0.0
  0
VERTEX
  5
188
  8
SEAT
 10
2.829344444213916
 20
51.60615719804193
 30
0.0
  0
VERTEX
  5
189
  8
SEAT
 10
2.823156001570302
 20
51.5995722546859
 30
0.0
  0
VERTEX
  5
18A
  8
SEAT
 10
2.816669949456229
 20
51.59330346707
 30
0.0
  0
VERTEX
  5
18B
  8
SEAT
 10
2.809900026796914
 20
51.58736025690375
 30
0.0
  0
VERTEX
  5
18C
  8
SEAT
 10
2.80285997251757
 20
51.58175204589671
 30
0.0
  0
VERTEX
  5
18D
  8
SEAT
 10
2.795563525543415
 20
51.57648825575838
 30
0.0
  0
VERTEX
  5
18E
  8
SEAT
 10
2.788024424799662
 20
51.57157830819832
 30
0.0
  0
VERTEX
  5
18F
  8
SEAT
 10
2.78025640921153
 20
51.56703162492606
 30
0.0
  0
VERTEX
  5
190
  8
SEAT
 10
2.772273217704232
 20
51.56285762765113
 30
0.0
  0
VERTEX
  5
191
  8
SEAT
 10
2.764088589202983
 20
51.55906573808308
 30
0.0
  0
VERTEX
  5
192
  8
SEAT
 10
2.755716262633001
 20
51.55566537793143
 30
0.0
  0
VERTEX
  5
193
  8
SEAT
 10
2.7471699769195
 20
51.55266596890573
 30
0.0
  0
VERTEX
  5
194
  8
SEAT
 10
2.738463470987696
 20
51.55007693271551
 30
0.0
  0
VERTEX
  5
195
  8
SEAT
 10
2.729610483762805
 20
51.5479076910703
 30
0.0
  0
VERTEX
  5
196
  8
SEAT
 10
2.720624754170042
 20
51.54616766567965
 30
0.0
  0
VERTEX
  5
197
  8
SEAT
 10
2.711520021134622
 20
51.54486627825307
 30
0.0
  0
VERTEX
  5
198
  8
SEAT
 10
2.702310023581762
 20
51.54401295050013
 30
0.0
  0
VERTEX
  5
199
  8
SEAT
 10
2.693008500436677
 20
51.54361710413033
 30
0.0
  0
VERTEX
  5
19A
  8
SEAT
 10
2.683629190624583
 20
51.54368816085324
 30
0.0
  0
VERTEX
  5
19B
  8
SEAT
 10
2.674185833070694
 20
51.54423554237837
 30
0.0
  0
VERTEX
  5
19C
  8
SEAT
 10
2.664692166700227
 20
51.54526867041526
 30
0.0
  0
SEQEND
  5
933
  8
SEAT
  0
POLYLINE
  5
76
  8
FRONT_LEG
 66
     1
 10
0.0
 20
0.0
 30
0.0
 70
     1
  0
VERTEX
  5
19D
  8
FRONT_LEG
 10
0.7984379470003589
 20
50.11275292992766
 30
0.0
  0
VERTEX
  5
19E
  8
FRONT_LEG
 10
0.7889971233323589
 20
50.11476089933199
 30
0.0
  0
VERTEX
  5
19F
  8
FRONT_LEG
 10
0.7797688165995877
 20
50.11721760638415
 30
0.0
  0
VERTEX
  5
1A0
  8
FRONT_LEG
 10
0.7707624485115809
 20
50.12010931215893
 30
0.0
  0
VERTEX
  5
1A1
  8
FRONT_LEG
 10
0.7619874407778742
 20
50.12342227773111
 30
0.0
  0
VERTEX
  5
1A2
  8
FRONT_LEG
 10
0.7534532151080031
 20
50.12714276417547
 30
0.0
  0
VERTEX
  5
1A3
  8
FRONT_LEG
 10
0.7451691932115034
 20
50.1312570325668
 30
0.0
  0
VERTEX
  5
1A4
  8
FRONT_LEG
 10
0.737144796797911
 20
50.13575134397989
 30
0.0
  0
VERTEX
  5
1A5
  8
FRONT_LEG
 10
0.7293894475767614
 20
50.1406119594895
 30
0.0
  0
VERTEX
  5
1A6
  8
FRONT_LEG
 10
0.7219125672575903
 20
50.14582514017044
 30
0.0
  0
VERTEX
  5
1A7
  8
FRONT_LEG
 10
0.7147235775499334
 20
50.15137714709749
 30
0.0
  0
VERTEX
  5
1A8
  8
FRONT_LEG
 10
0.7078319001633264
 20
50.15725424134543
 30
0.0
  0
VERTEX
  5
1A9
  8
FRONT_LEG
 10
0.701246956807305
 20
50.16344268398903
 30
0.0
  0
VERTEX
  5
1AA
  8
FRONT_LEG
 10
0.6949781691914049
 20
50.1699287361031
 30
0.0
  0
VERTEX
  5
1AB
  8
FRONT_LEG
 10
0.6890349590251617
 20
50.17669865876242
 30
0.0
  0
VERTEX
  5
1AC
  8
FRONT_LEG
 10
0.6834267480181112
 20
50.18373871304176
 30
0.0
  0
VERTEX
  5
1AD
  8
FRONT_LEG
 10
0.6781629578797892
 20
50.19103516001591
 30
0.0
  0
VERTEX
  5
1AE
  8
FRONT_LEG
 10
0.6732530103197312
 20
50.19857426075966
 30
0.0
  0
VERTEX
  5
1AF
  8
FRONT_LEG
 10
0.6687063270474729
 20
50.2063422763478
 30
0.0
  0
VERTEX
  5
1B0
  8
FRONT_LEG
 10
0.6645323297725501
 20
50.21432546785509
 30
0.0
  0
VERTEX
  5
1B1
  8
FRONT_LEG
 10
0.6607404402044984
 20
50.22251009635634
 30
0.0
  0
VERTEX
  5
1B2
  8
FRONT_LEG
 10
0.6573400800528536
 20
50.23088242292631
 30
0.0
  0
VERTEX
  5
1B3
  8
FRONT_LEG
 10
0.6543406710271512
 20
50.23942870863982
 30
0.0
  0
VERTEX
  5
1B4
  8
FRONT_LEG
 10
0.6517516348369271
 20
50.24813521457162
 30
0.0
  0
VERTEX
  5
1B5
  8
FRONT_LEG
 10
0.649582393191717
 20
50.25698820179652
 30
0.0
  0
VERTEX
  5
1B6
  8
FRONT_LEG
 10
0.6478423678010564
 20
50.26597393138928
 30
0.0
  0
VERTEX
  5
1B7
  8
FRONT_LEG
 10
0.6465409803744812
 20
50.2750786644247
 30
0.0
  0
VERTEX
  5
1B8
  8
FRONT_LEG
 10
0.6456876526215268
 20
50.28428866197756
 30
0.0
  0
VERTEX
  5
1B9
  8
FRONT_LEG
 10
0.6452918062517292
 20
50.29359018512265
 30
0.0
  0
VERTEX
  5
1BA
  8
FRONT_LEG
 10
0.645362862974624
 20
50.30296949493474
 30
0.0
  0
VERTEX
  5
1BB
  8
FRONT_LEG
 10
0.6459102444997468
 20
50.31241285248863
 30
0.0
  0
VERTEX
  5
1BC
  8
FRONT_LEG
 10
0.6469433725366334
 20
50.32190651885909
 30
0.0
  0
VERTEX
  5
1BD
  8
FRONT_LEG
 10
0.6484716687948193
 20
50.33143675512093
 30
0.0
  0
VERTEX
  5
1BE
  8
FRONT_LEG
 10
0.650479638199158
 20
50.34087757878892
 30
0.0
  0
VERTEX
  5
1BF
  8
FRONT_LEG
 10
0.6529363452513268
 20
50.3501058855217
 30
0.0
  0
VERTEX
  5
1C0
  8
FRONT_LEG
 10
0.6558280510261103
 20
50.35911225360969
 30
0.0
  0
VERTEX
  5
1C1
  8
FRONT_LEG
 10
0.6591410165982928
 20
50.36788726134341
 30
0.0
  0
VERTEX
  5
1C2
  8
FRONT_LEG
 10
0.6628615030426588
 20
50.37642148701327
 30
0.0
  0
VERTEX
  5
1C3
  8
FRONT_LEG
 10
0.6669757714339926
 20
50.38470550890979
 30
0.0
  0
VERTEX
  5
1C4
  8
FRONT_LEG
 10
0.6714700828470785
 20
50.39272990532338
 30
0.0
  0
VERTEX
  5
1C5
  8
FRONT_LEG
 10
0.6763306983567012
 20
50.40048525454453
 30
0.0
  0
VERTEX
  5
1C6
  8
FRONT_LEG
 10
0.6815438790376449
 20
50.4079621348637
 30
0.0
  0
VERTEX
  5
1C7
  8
FRONT_LEG
 10
0.6870958859646942
 20
50.41515112457137
 30
0.0
  0
VERTEX
  5
1C8
  8
FRONT_LEG
 10
0.6929729802126332
 20
50.42204280195797
 30
0.0
  0
VERTEX
  5
1C9
  8
FRONT_LEG
 10
0.6991614228562464
 20
50.428627745314
 30
0.0
  0
VERTEX
  5
1CA
  8
FRONT_LEG
 10
0.7056474749703183
 20
50.43489653292991
 30
0.0
  0
VERTEX
  5
1CB
  8
FRONT_LEG
 10
0.7124173976296333
 20
50.44083974309616
 30
0.0
  0
VERTEX
  5
1CC
  8
FRONT_LEG
 10
0.7194574519089758
 20
50.44644795410321
 30
0.0
  0
VERTEX
  5
1CD
  8
FRONT_LEG
 10
0.7267538988831301
 20
50.45171174424154
 30
0.0
  0
VERTEX
  5
1CE
  8
FRONT_LEG
 10
0.7342929996268808
 20
50.45662169180159
 30
0.0
  0
VERTEX
  5
1CF
  8
FRONT_LEG
 10
0.742061015215012
 20
50.46116837507385
 30
0.0
  0
VERTEX
  5
1D0
  8
FRONT_LEG
 10
0.7500442067223083
 20
50.46534237234879
 30
0.0
  0
VERTEX
  5
1D1
  8
FRONT_LEG
 10
0.7582288352235542
 20
50.46913426191684
 30
0.0
  0
VERTEX
  5
1D2
  8
FRONT_LEG
 10
0.766601161793534
 20
50.47253462206848
 30
0.0
  0
VERTEX
  5
1D3
  8
FRONT_LEG
 10
0.7751474475070319
 20
50.47553403109418
 30
0.0
  0
VERTEX
  5
1D4
  8
FRONT_LEG
 10
0.7838539534388326
 20
50.47812306728441
 30
0.0
  0
VERTEX
  5
1D5
  8
FRONT_LEG
 10
0.7927069406637204
 20
50.48029230892962
 30
0.0
  0
VERTEX
  5
1D6
  8
FRONT_LEG
 10
0.8016926702564796
 20
50.48203233432028
 30
0.0
  0
VERTEX
  5
1D7
  8
FRONT_LEG
 10
0.8107974032918948
 20
50.48333372174685
 30
0.0
  0
VERTEX
  5
1D8
  8
FRONT_LEG
 10
0.8200074008447503
 20
50.48418704949979
 30
0.0
  0
VERTEX
  5
1D9
  8
FRONT_LEG
 10
0.8293089239898305
 20
50.48458289586959
 30
0.0
  0
VERTEX
  5
1DA
  8
FRONT_LEG
 10
0.8386882338019197
 20
50.48451183914669
 30
0.0
  0
VERTEX
  5
1DB
  8
FRONT_LEG
 10
0.8481315913558025
 20
50.48396445762156
 30
0.0
  0
VERTEX
  5
1DC
  8
FRONT_LEG
 10
0.8576252577262633
 20
50.48293132958467
 30
0.0
  0
VERTEX
  5
1DD
  8
FRONT_LEG
 10
0.8671554939880863
 20
50.48140303332648
 30
0.0
  0
VERTEX
  5
1DE
  8
FRONT_LEG
 10
0.8765963176560927
 20
50.47939506392215
 30
0.0
  0
VERTEX
  5
1DF
  8
FRONT_LEG
 10
0.8858246243888699
 20
50.47693835686999
 30
0.0
  0
VERTEX
  5
1E0
  8
FRONT_LEG
 10
0.8948309924768822
 20
50.47404665109521
 30
0.0
  0
VERTEX
  5
1E1
  8
FRONT_LEG
 10
0.9036060002105942
 20
50.47073368552304
 30
0.0
  0
VERTEX
  5
1E2
  8
FRONT_LEG
 10
0.9121402258804701
 20
50.46701319907868
 30
0.0
  0
VERTEX
  5
1E3
  8
FRONT_LEG
 10
0.9204242477769741
 20
50.46289893068735
 30
0.0
  0
VERTEX
  5
1E4
  8
FRONT_LEG
 10
0.9284486441905706
 20
50.45840461927426
 30
0.0
  0
VERTEX
  5
1E5
  8
FRONT_LEG
 10
0.9362039934117239
 20
50.45354400376465
 30
0.0
  0
VERTEX
  5
1E6
  8
FRONT_LEG
 10
0.9436808737308984
 20
50.44833082308371
 30
0.0
  0
VERTEX
  5
1E7
  8
FRONT_LEG
 10
0.9508698634385584
 20
50.44277881615666
 30
0.0
  0
VERTEX
  5
1E8
  8
FRONT_LEG
 10
0.9577615408251682
 20
50.43690172190871
 30
0.0
  0
VERTEX
  5
1E9
  8
FRONT_LEG
 10
0.9643464841811921
 20
50.43071327926511
 30
0.0
  0
VERTEX
  5
1EA
  8
FRONT_LEG
 10
0.9706152717970944
 20
50.42422722715104
 30
0.0
  0
VERTEX
  5
1EB
  8
FRONT_LEG
 10
0.9765584819633396
 20
50.41745730449172
 30
0.0
  0
VERTEX
  5
1EC
  8
FRONT_LEG
 10
0.9821666929703918
 20
50.41041725021238
 30
0.0
  0
VERTEX
  5
1ED
  8
FRONT_LEG
 10
0.9874304831087155
 20
50.40312080323822
 30
0.0
  0
VERTEX
  5
1EE
  8
FRONT_LEG
 10
0.9923404306687749
 20
50.39558170249447
 30
0.0
  0
VERTEX
  5
1EF
  8
FRONT_LEG
 10
0.9968871139410345
 20
50.38781368690633
 30
0.0
  0
VERTEX
  5
1F0
  8
FRONT_LEG
 10
1.001061111215958
 20
50.37983049539903
 30
0.0
  0
VERTEX
  5
1F1
  8
FRONT_LEG
 10
1.004853000784011
 20
50.37164586689779
 30
0.0
  0
VERTEX
  5
1F2
  8
FRONT_LEG
 10
1.008253360935657
 20
50.36327354032781
 30
0.0
  0
VERTEX
  5
1F3
  8
FRONT_LEG
 10
1.01125276996136
 20
50.3547272546143
 30
0.0
  0
VERTEX
  5
1F4
  8
FRONT_LEG
 10
1.013841806151584
 20
50.34602074868251
 30
0.0
  0
VERTEX
  5
1F5
  8
FRONT_LEG
 10
1.016011047796795
 20
50.33716776145761
 30
0.0
  0
VERTEX
  5
1F6
  8
FRONT_LEG
 10
1.017751073187456
 20
50.32818203186484
 30
0.0
  0
VERTEX
  5
1F7
  8
FRONT_LEG
 10
1.019052460614032
 20
50.31907729882943
 30
0.0
  0
VERTEX
  5
1F8
  8
FRONT_LEG
 10
1.019905788366987
 20
50.30986730127657
 30
0.0
  0
VERTEX
  5
1F9
  8
FRONT_LEG
 10
1.020301634736785
 20
50.30056577813149
 30
0.0
  0
VERTEX
  5
1FA
  8
FRONT_LEG
 10
1.020230578013891
 20
50.29118646831939
 30
0.0
  0
VERTEX
  5
1FB
  8
FRONT_LEG
 10
1.019683196488768
 20
50.2817431107655
 30
0.0
  0
VERTEX
  5
1FC
  8
FRONT_LEG
 10
1.018650068451882
 20
50.27224944439504
 30
0.0
  0
VERTEX
  5
1FD
  8
FRONT_LEG
 10
1.017121772193697
 20
50.26271920813321
 30
0.0
  0
VERTEX
  5
1FE
  8
FRONT_LEG
 10
1.015113802789358
 20
50.25327838446522
 30
0.0
  0
VERTEX
  5
1FF
  8
FRONT_LEG
 10
1.012657095737188
 20
50.24405007773244
 30
0.0
  0
VERTEX
  5
200
  8
FRONT_LEG
 10
1.009765389962403
 20
50.23504370964443
 30
0.0
  0
VERTEX
  5
201
  8
FRONT_LEG
 10
1.00645242439022
 20
50.22626870191072
 30
0.0
  0
VERTEX
  5
202
  8
FRONT_LEG
 10
1.002731937945852
 20
50.21773447624085
 30
0.0
  0
VERTEX
  5
203
  8
FRONT_LEG
 10
0.998617669554517
 20
50.20945045434434
 30
0.0
  0
VERTEX
  5
204
  8
FRONT_LEG
 10
0.9941233581414295
 20
50.20142605793075
 30
0.0
  0
VERTEX
  5
205
  8
FRONT_LEG
 10
0.9892627426318049
 20
50.1936707087096
 30
0.0
  0
VERTEX
  5
206
  8
FRONT_LEG
 10
0.9840495619508594
 20
50.18619382839044
 30
0.0
  0
VERTEX
  5
207
  8
FRONT_LEG
 10
0.9784975550238082
 20
50.17900483868277
 30
0.0
  0
VERTEX
  5
208
  8
FRONT_LEG
 10
0.9726204607758671
 20
50.17211316129617
 30
0.0
  0
VERTEX
  5
209
  8
FRONT_LEG
 10
0.9664320181322518
 20
50.16552821794015
 30
0.0
  0
VERTEX
  5
20A
  8
FRONT_LEG
 10
0.9599459660181777
 20
50.15925943032425
 30
0.0
  0
VERTEX
  5
20B
  8
FRONT_LEG
 10
0.9531760433588603
 20
50.153316220158
 30
0.0
  0
VERTEX
  5
20C
  8
FRONT_LEG
 10
0.9461359890795153
 20
50.14770800915096
 30
0.0
  0
VERTEX
  5
20D
  8
FRONT_LEG
 10
0.9388395421053586
 20
50.14244421901264
 30
0.0
  0
VERTEX
  5
20E
  8
FRONT_LEG
 10
0.9313004413616055
 20
50.13753427145259
 30
0.0
  0
VERTEX
  5
20F
  8
FRONT_LEG
 10
0.9235324257734716
 20
50.13298758818033
 30
0.0
  0
VERTEX
  5
210
  8
FRONT_LEG
 10
0.9155492342661726
 20
50.12881359090541
 30
0.0
  0
VERTEX
  5
211
  8
FRONT_LEG
 10
0.9073646057649242
 20
50.12502170133736
 30
0.0
  0
VERTEX
  5
212
  8
FRONT_LEG
 10
0.8989922791949416
 20
50.12162134118572
 30
0.0
  0
VERTEX
  5
213
  8
FRONT_LEG
 10
0.890445993481441
 20
50.11862193216001
 30
0.0
  0
VERTEX
  5
214
  8
FRONT_LEG
 10
0.8817394875496376
 20
50.11603289596978
 30
0.0
  0
VERTEX
  5
215
  8
FRONT_LEG
 10
0.8728865003247469
 20
50.11386365432458
 30
0.0
  0
VERTEX
  5
216
  8
FRONT_LEG
 10
0.8639007707319848
 20
50.11212362893392
 30
0.0
  0
VERTEX
  5
217
  8
FRONT_LEG
 10
0.8547960376965669
 20
50.11082224150734
 30
0.0
  0
VERTEX
  5
218
  8
FRONT_LEG
 10
0.8455860401437085
 20
50.10996891375439
 30
0.0
  0
VERTEX
  5
219
  8
FRONT_LEG
 10
0.8362845169986256
 20
50.10957306738458
 30
0.0
  0
VERTEX
  5
21A
  8
FRONT_LEG
 10
0.8269052071865335
 20
50.10964412410748
 30
0.0
  0
VERTEX
  5
21B
  8
FRONT_LEG
 10
0.817461849632648
 20
50.11019150563259
 30
0.0
  0
VERTEX
  5
21C
  8
FRONT_LEG
 10
0.8079681832621846
 20
50.11122463366948
 30
0.0
  0
SEQEND
  5
934
  8
FRONT_LEG
  0
POLYLINE
  5
77
  8
FRONT_LEG
 66
     1
 10
0.0
 20
0.0
 30
0.0
 70
     1
  0
VERTEX
  5
21D
  8
FRONT_LEG
 10
2.655161930438396
 20
51.54679696667346
 30
0.0
  0
VERTEX
  5
21E
  8
FRONT_LEG
 10
2.645721106770395
 20
51.54880493607779
 30
0.0
  0
VERTEX
  5
21F
  8
FRONT_LEG
 10
2.636492800037623
 20
51.55126164312995
 30
0.0
  0
VERTEX
  5
220
  8
FRONT_LEG
 10
2.627486431949614
 20
51.55415334890472
 30
0.0
  0
VERTEX
  5
221
  8
FRONT_LEG
 10
2.618711424215906
 20
51.55746631447688
 30
0.0
  0
VERTEX
  5
222
  8
FRONT_LEG
 10
2.610177198546033
 20
51.56118680092125
 30
0.0
  0
VERTEX
  5
223
  8
FRONT_LEG
 10
2.601893176649532
 20
51.56530106931257
 30
0.0
  0
VERTEX
  5
224
  8
FRONT_LEG
 10
2.593868780235937
 20
51.56979538072564
 30
0.0
  0
VERTEX
  5
225
  8
FRONT_LEG
 10
2.586113431014785
 20
51.57465599623525
 30
0.0
  0
VERTEX
  5
226
  8
FRONT_LEG
 10
2.578636550695611
 20
51.57986917691619
 30
0.0
  0
VERTEX
  5
227
  8
FRONT_LEG
 10
2.571447560987952
 20
51.58542118384322
 30
0.0
  0
VERTEX
  5
228
  8
FRONT_LEG
 10
2.564555883601342
 20
51.59129827809116
 30
0.0
  0
VERTEX
  5
229
  8
FRONT_LEG
 10
2.557970940245318
 20
51.59748672073476
 30
0.0
  0
VERTEX
  5
22A
  8
FRONT_LEG
 10
2.551702152629415
 20
51.60397277284883
 30
0.0
  0
VERTEX
  5
22B
  8
FRONT_LEG
 10
2.54575894246317
 20
51.61074269550814
 30
0.0
  0
VERTEX
  5
22C
  8
FRONT_LEG
 10
2.540150731456118
 20
51.61778274978748
 30
0.0
  0
VERTEX
  5
22D
  8
FRONT_LEG
 10
2.534886941317794
 20
51.62507919676163
 30
0.0
  0
VERTEX
  5
22E
  8
FRONT_LEG
 10
2.529976993757734
 20
51.63261829750537
 30
0.0
  0
VERTEX
  5
22F
  8
FRONT_LEG
 10
2.525430310485474
 20
51.64038631309352
 30
0.0
  0
VERTEX
  5
230
  8
FRONT_LEG
 10
2.52125631321055
 20
51.64836950460081
 30
0.0
  0
VERTEX
  5
231
  8
FRONT_LEG
 10
2.517464423642497
 20
51.65655413310206
 30
0.0
  0
VERTEX
  5
232
  8
FRONT_LEG
 10
2.514064063490852
 20
51.66492645967203
 30
0.0
  0
VERTEX
  5
233
  8
FRONT_LEG
 10
2.51106465446515
 20
51.67347274538554
 30
0.0
  0
VERTEX
  5
234
  8
FRONT_LEG
 10
2.508475618274926
 20
51.68217925131734
 30
0.0
  0
VERTEX
  5
235
  8
FRONT_LEG
 10
2.506306376629717
 20
51.69103223854223
 30
0.0
  0
VERTEX
  5
236
  8
FRONT_LEG
 10
2.504566351239058
 20
51.700017968135
 30
0.0
  0
VERTEX
  5
237
  8
FRONT_LEG
 10
2.503264963812485
 20
51.70912270117043
 30
0.0
  0
VERTEX
  5
238
  8
FRONT_LEG
 10
2.502411636059533
 20
51.71833269872329
 30
0.0
  0
VERTEX
  5
239
  8
FRONT_LEG
 10
2.502015789689739
 20
51.72763422186839
 30
0.0
  0
VERTEX
  5
23A
  8
FRONT_LEG
 10
2.502086846412638
 20
51.73701353168048
 30
0.0
  0
VERTEX
  5
23B
  8
FRONT_LEG
 10
2.502634227937765
 20
51.74645688923437
 30
0.0
  0
VERTEX
  5
23C
  8
FRONT_LEG
 10
2.503667355974657
 20
51.75595055560485
 30
0.0
  0
VERTEX
  5
23D
  8
FRONT_LEG
 10
2.50519565223285
 20
51.76548079186669
 30
0.0
  0
VERTEX
  5
23E
  8
FRONT_LEG
 10
2.507203621637182
 20
51.77492161553468
 30
0.0
  0
VERTEX
  5
23F
  8
FRONT_LEG
 10
2.509660328689347
 20
51.78414992226746
 30
0.0
  0
VERTEX
  5
240
  8
FRONT_LEG
 10
2.512552034464126
 20
51.79315629035545
 30
0.0
  0
VERTEX
  5
241
  8
FRONT_LEG
 10
2.515865000036304
 20
51.80193129808917
 30
0.0
  0
VERTEX
  5
242
  8
FRONT_LEG
 10
2.519585486480667
 20
51.81046552375904
 30
0.0
  0
VERTEX
  5
243
  8
FRONT_LEG
 10
2.523699754871997
 20
51.81874954565554
 30
0.0
  0
VERTEX
  5
244
  8
FRONT_LEG
 10
2.528194066285081
 20
51.82677394206913
 30
0.0
  0
VERTEX
  5
245
  8
FRONT_LEG
 10
2.533054681794702
 20
51.83452929129029
 30
0.0
  0
VERTEX
  5
246
  8
FRONT_LEG
 10
2.538267862475644
 20
51.84200617160946
 30
0.0
  0
VERTEX
  5
247
  8
FRONT_LEG
 10
2.543819869402692
 20
51.84919516131713
 30
0.0
  0
VERTEX
  5
248
  8
FRONT_LEG
 10
2.549696963650631
 20
51.85608683870373
 30
0.0
  0
VERTEX
  5
249
  8
FRONT_LEG
 10
2.555885406294244
 20
51.86267178205975
 30
0.0
  0
VERTEX
  5
24A
  8
FRONT_LEG
 10
2.562371458408315
 20
51.86894056967566
 30
0.0
  0
VERTEX
  5
24B
  8
FRONT_LEG
 10
2.569141381067631
 20
51.87488377984191
 30
0.0
  0
VERTEX
  5
24C
  8
FRONT_LEG
 10
2.576181435346975
 20
51.88049199084895
 30
0.0
  0
VERTEX
  5
24D
  8
FRONT_LEG
 10
2.58347788232113
 20
51.88575578098728
 30
0.0
  0
VERTEX
  5
24E
  8
FRONT_LEG
 10
2.591016983064883
 20
51.89066572854734
 30
0.0
  0
VERTEX
  5
24F
  8
FRONT_LEG
 10
2.598784998653016
 20
51.8952124118196
 30
0.0
  0
VERTEX
  5
250
  8
FRONT_LEG
 10
2.606768190160314
 20
51.89938640909453
 30
0.0
  0
VERTEX
  5
251
  8
FRONT_LEG
 10
2.614952818661562
 20
51.90317829866258
 30
0.0
  0
VERTEX
  5
252
  8
FRONT_LEG
 10
2.623325145231544
 20
51.90657865881423
 30
0.0
  0
VERTEX
  5
253
  8
FRONT_LEG
 10
2.631871430945044
 20
51.90957806783993
 30
0.0
  0
VERTEX
  5
254
  8
FRONT_LEG
 10
2.640577936876848
 20
51.91216710403016
 30
0.0
  0
VERTEX
  5
255
  8
FRONT_LEG
 10
2.649430924101739
 20
51.91433634567537
 30
0.0
  0
VERTEX
  5
256
  8
FRONT_LEG
 10
2.658416653694501
 20
51.91607637106603
 30
0.0
  0
VERTEX
  5
257
  8
FRONT_LEG
 10
2.667521386729919
 20
51.91737775849261
 30
0.0
  0
VERTEX
  5
258
  8
FRONT_LEG
 10
2.676731384282778
 20
51.91823108624556
 30
0.0
  0
VERTEX
  5
259
  8
FRONT_LEG
 10
2.686032907427862
 20
51.91862693261536
 30
0.0
  0
VERTEX
  5
25A
  8
FRONT_LEG
 10
2.695412217239954
 20
51.91855587589247
 30
0.0
  0
VERTEX
  5
25B
  8
FRONT_LEG
 10
2.70485557479384
 20
51.91800849436734
 30
0.0
  0
VERTEX
  5
25C
  8
FRONT_LEG
 10
2.714349241164304
 20
51.91697536633045
 30
0.0
  0
VERTEX
  5
25D
  8
FRONT_LEG
 10
2.723879477426131
 20
51.91544707007227
 30
0.0
  0
VERTEX
  5
25E
  8
FRONT_LEG
 10
2.733320301094129
 20
51.91343910066793
 30
0.0
  0
VERTEX
  5
25F
  8
FRONT_LEG
 10
2.7425486078269
 20
51.91098239361575
 30
0.0
  0
VERTEX
  5
260
  8
FRONT_LEG
 10
2.751554975914906
 20
51.90809068784097
 30
0.0
  0
VERTEX
  5
261
  8
FRONT_LEG
 10
2.760329983648613
 20
51.90477772226879
 30
0.0
  0
VERTEX
  5
262
  8
FRONT_LEG
 10
2.768864209318484
 20
51.90105723582442
 30
0.0
  0
VERTEX
  5
263
  8
FRONT_LEG
 10
2.777148231214984
 20
51.89694296743309
 30
0.0
  0
VERTEX
  5
264
  8
FRONT_LEG
 10
2.785172627628577
 20
51.89244865602001
 30
0.0
  0
VERTEX
  5
265
  8
FRONT_LEG
 10
2.792927976849728
 20
51.88758804051038
 30
0.0
  0
VERTEX
  5
266
  8
FRONT_LEG
 10
2.8004048571689
 20
51.88237485982944
 30
0.0
  0
VERTEX
  5
267
  8
FRONT_LEG
 10
2.807593846876559
 20
51.87682285290239
 30
0.0
  0
VERTEX
  5
268
  8
FRONT_LEG
 10
2.814485524263167
 20
51.87094575865444
 30
0.0
  0
VERTEX
  5
269
  8
FRONT_LEG
 10
2.821070467619191
 20
51.86475731601083
 30
0.0
  0
VERTEX
  5
26A
  8
FRONT_LEG
 10
2.827339255235093
 20
51.85827126389675
 30
0.0
  0
VERTEX
  5
26B
  8
FRONT_LEG
 10
2.833282465401338
 20
51.85150134123744
 30
0.0
  0
VERTEX
  5
26C
  8
FRONT_LEG
 10
2.838890676408392
 20
51.84446128695809
 30
0.0
  0
VERTEX
  5
26D
  8
FRONT_LEG
 10
2.844154466546716
 20
51.83716483998394
 30
0.0
  0
VERTEX
  5
26E
  8
FRONT_LEG
 10
2.849064414106778
 20
51.8296257392402
 30
0.0
  0
VERTEX
  5
26F
  8
FRONT_LEG
 10
2.853611097379039
 20
51.82185772365206
 30
0.0
  0
VERTEX
  5
270
  8
FRONT_LEG
 10
2.857785094653964
 20
51.81387453214477
 30
0.0
  0
VERTEX
  5
271
  8
FRONT_LEG
 10
2.861576984222019
 20
51.80568990364352
 30
0.0
  0
VERTEX
  5
272
  8
FRONT_LEG
 10
2.864977344373666
 20
51.79731757707354
 30
0.0
  0
VERTEX
  5
273
  8
FRONT_LEG
 10
2.867976753399372
 20
51.78877129136004
 30
0.0
  0
VERTEX
  5
274
  8
FRONT_LEG
 10
2.870565789589599
 20
51.78006478542824
 30
0.0
  0
VERTEX
  5
275
  8
FRONT_LEG
 10
2.872735031234813
 20
51.77121179820335
 30
0.0
  0
VERTEX
  5
276
  8
FRONT_LEG
 10
2.874475056625477
 20
51.76222606861059
 30
0.0
  0
VERTEX
  5
277
  8
FRONT_LEG
 10
2.875776444052055
 20
51.75312133557517
 30
0.0
  0
VERTEX
  5
278
  8
FRONT_LEG
 10
2.876629771805012
 20
51.74391133802232
 30
0.0
  0
VERTEX
  5
279
  8
FRONT_LEG
 10
2.877025618174813
 20
51.73460981487725
 30
0.0
  0
VERTEX
  5
27A
  8
FRONT_LEG
 10
2.876954561451921
 20
51.72523050506516
 30
0.0
  0
VERTEX
  5
27B
  8
FRONT_LEG
 10
2.876407179926801
 20
51.71578714751127
 30
0.0
  0
VERTEX
  5
27C
  8
FRONT_LEG
 10
2.875374051889917
 20
51.70629348114081
 30
0.0
  0
VERTEX
  5
27D
  8
FRONT_LEG
 10
2.873845755631734
 20
51.69676324487899
 30
0.0
  0
VERTEX
  5
27E
  8
FRONT_LEG
 10
2.871837786227395
 20
51.68732242121099
 30
0.0
  0
VERTEX
  5
27F
  8
FRONT_LEG
 10
2.869381079175226
 20
51.67809411447821
 30
0.0
  0
VERTEX
  5
280
  8
FRONT_LEG
 10
2.866489373400442
 20
51.6690877463902
 30
0.0
  0
VERTEX
  5
281
  8
FRONT_LEG
 10
2.863176407828259
 20
51.66031273865649
 30
0.0
  0
VERTEX
  5
282
  8
FRONT_LEG
 10
2.859455921383893
 20
51.65177851298662
 30
0.0
  0
VERTEX
  5
283
  8
FRONT_LEG
 10
2.855341652992559
 20
51.64349449109012
 30
0.0
  0
VERTEX
  5
284
  8
FRONT_LEG
 10
2.850847341579472
 20
51.63547009467653
 30
0.0
  0
VERTEX
  5
285
  8
FRONT_LEG
 10
2.845986726069849
 20
51.62771474545537
 30
0.0
  0
VERTEX
  5
286
  8
FRONT_LEG
 10
2.840773545388905
 20
51.6202378651362
 30
0.0
  0
VERTEX
  5
287
  8
FRONT_LEG
 10
2.835221538461856
 20
51.61304887542853
 30
0.0
  0
VERTEX
  5
288
  8
FRONT_LEG
 10
2.829344444213916
 20
51.60615719804193
 30
0.0
  0
VERTEX
  5
289
  8
FRONT_LEG
 10
2.823156001570302
 20
51.5995722546859
 30
0.0
  0
VERTEX
  5
28A
  8
FRONT_LEG
 10
2.816669949456229
 20
51.59330346707
 30
0.0
  0
VERTEX
  5
28B
  8
FRONT_LEG
 10
2.809900026796914
 20
51.58736025690375
 30
0.0
  0
VERTEX
  5
28C
  8
FRONT_LEG
 10
2.80285997251757
 20
51.58175204589671
 30
0.0
  0
VERTEX
  5
28D
  8
FRONT_LEG
 10
2.795563525543415
 20
51.57648825575838
 30
0.0
  0
VERTEX
  5
28E
  8
FRONT_LEG
 10
2.788024424799662
 20
51.57157830819832
 30
0.0
  0
VERTEX
  5
28F
  8
FRONT_LEG
 10
2.78025640921153
 20
51.56703162492606
 30
0.0
  0
VERTEX
  5
290
  8
FRONT_LEG
 10
2.772273217704232
 20
51.56285762765113
 30
0.0
  0
VERTEX
  5
291
  8
FRONT_LEG
 10
2.764088589202983
 20
51.55906573808308
 30
0.0
  0
VERTEX
  5
292
  8
FRONT_LEG
 10
2.755716262633001
 20
51.55566537793143
 30
0.0
  0
VERTEX
  5
293
  8
FRONT_LEG
 10
2.7471699769195
 20
51.55266596890573
 30
0.0
  0
VERTEX
  5
294
  8
FRONT_LEG
 10
2.738463470987696
 20
51.55007693271551
 30
0.0
  0
VERTEX
  5
295
  8
FRONT_LEG
 10
2.729610483762805
 20
51.5479076910703
 30
0.0
  0
VERTEX
  5
296
  8
FRONT_LEG
 10
2.720624754170042
 20
51.54616766567965
 30
0.0
  0
VERTEX
  5
297
  8
FRONT_LEG
 10
2.711520021134622
 20
51.54486627825307
 30
0.0
  0
VERTEX
  5
298
  8
FRONT_LEG
 10
2.702310023581762
 20
51.54401295050013
 30
0.0
  0
VERTEX
  5
299
  8
FRONT_LEG
 10
2.693008500436677
 20
51.54361710413033
 30
0.0
  0
VERTEX
  5
29A
  8
FRONT_LEG
 10
2.683629190624583
 20
51.54368816085324
 30
0.0
  0
VERTEX
  5
29B
  8
FRONT_LEG
 10
2.674185833070694
 20
51.54423554237837
 30
0.0
  0
VERTEX
  5
29C
  8
FRONT_LEG
 10
2.664692166700227
 20
51.54526867041526
 30
0.0
  0
SEQEND
  5
935
  8
FRONT_LEG
  0
POLYLINE
  5
78
  8
FRONT_LEG
 66
     1
 10
0.0
 20
0.0
 30
0.0
 70
     1
  0
VERTEX
  5
29D
  8
FRONT_LEG
 10
1.580865425859997
 20
33.82738379255586
 30
0.0
 42
0.4142135623730951
  0
VERTEX
  5
29E
  8
FRONT_LEG
 10
1.709674919657374
 20
33.59560671364675
 30
0.0
 42
0.4142135623730951
  0
VERTEX
  5
29F
  8
FRONT_LEG
 10
1.941451998566542
 20
33.724416207444
 30
0.0
 42
0.4142135623730951
  0
VERTEX
  5
2A0
  8
FRONT_LEG
 10
1.81264250476918
 20
33.95619328635323
 30
0.0
 42
0.4142135623730951
  0
SEQEND
  5
936
  8
FRONT_LEG
  0
POLYLINE
  5
79
  8
FRONT_LEG
 66
     1
 10
0.0
 20
0.0
 30
0.0
 70
     1
  0
VERTEX
  5
2A1
  8
FRONT_LEG
 10
1.580865425860004
 20
18.8090837925559
 30
0.0
 42
0.4142135623730951
  0
VERTEX
  5
2A2
  8
FRONT_LEG
 10
1.709674919657374
 20
18.57730671364678
 30
0.0
 42
0.4142135623730951
  0
VERTEX
  5
2A3
  8
FRONT_LEG
 10
1.941451998566542
 20
18.7061162074441
 30
0.0
 42
0.4142135623730951
  0
VERTEX
  5
2A4
  8
FRONT_LEG
 10
1.81264250476918
 20
18.93789328635327
 30
0.0
 42
0.4142135623730951
  0
SEQEND
  5
937
  8
FRONT_LEG
  0
POLYLINE
  5
7A
  8
FRONT_LEG
 66
     1
 10
0.0
 20
0.0
 30
0.0
  0
VERTEX
  5
2A5
  8
FRONT_LEG
 10
3.502180369023762
 20
61.14017968288987
 30
0.0
  0
VERTEX
  5
2A6
  8
FRONT_LEG
 10
0.0
 20
62.14041746584559
 30
0.0
  0
SEQEND
  5
938
  8
FRONT_LEG
  0
POLYLINE
  5
7C
  8
T9-T3_POCKET
 66
     1
 10
0.0
 20
0.0
 30
0.0
 70
     1
  0
VERTEX
  5
2A7
  8
T9-T3_POCKET
 10
0.7037405182313171
 20
44.1518891666237
 30
0.0
  0
VERTEX
  5
2A8
  8
T9-T3_POCKET
 10
1.76407339681249
 20
44.1518891666237
 30
0.0
  0
VERTEX
  5
2A9
  8
T9-T3_POCKET
 10
1.76407339681249
 20
43.85367054452274
 30
0.0
  0
VERTEX
  5
2AA
  8
T9-T3_POCKET
 10
1.134500750154919
 20
43.85367054452274
 30
0.0
  0
VERTEX
  5
2AB
  8
T9-T3_POCKET
 10
1.134500750154919
 20
43.61130874370419
 30
0.0
  0
VERTEX
  5
2AC
  8
T9-T3_POCKET
 10
1.672240995721085
 20
43.61130874370419
 30
0.0
  0
VERTEX
  5
2AD
  8
T9-T3_POCKET
 10
1.672240995721085
 20
43.33107791150773
 30
0.0
  0
VERTEX
  5
2AE
  8
T9-T3_POCKET
 10
1.134500750154919
 20
43.33107791150773
 30
0.0
  0
VERTEX
  5
2AF
  8
T9-T3_POCKET
 10
1.134500750154919
 20
42.76398916662369
 30
0.0
  0
VERTEX
  5
2B0
  8
T9-T3_POCKET
 10
0.7037405182313171
 20
42.76398916662369
 30
0.0
  0
SEQEND
  5
939
  8
T9-T3_POCKET
  0
POLYLINE
  5
7D
  8
T9-T3_POCKET
 66
     1
 10
0.0
 20
0.0
 30
0.0
 70
     1
  0
VERTEX
  5
2B1
  8
T9-T3_POCKET
 10
1.995074488217675
 20
44.1518891666237
 30
0.0
  0
VERTEX
  5
2B2
  8
T9-T3_POCKET
 10
2.423941268572381
 20
44.1518891666237
 30
0.0
  0
VERTEX
  5
2B3
  8
T9-T3_POCKET
 10
2.423941268572381
 20
43.10575717480923
 30
0.0
  0
VERTEX
  5
2B4
  8
T9-T3_POCKET
 10
3.093276398176747
 20
43.10575717480923
 30
0.0
  0
VERTEX
  5
2B5
  8
T9-T3_POCKET
 10
3.093276398176747
 20
42.76398916662369
 30
0.0
  0
VERTEX
  5
2B6
  8
T9-T3_POCKET
 10
1.995074488217675
 20
42.76398916662369
 30
0.0
  0
SEQEND
  5
93A
  8
T9-T3_POCKET
  0
POLYLINE
  5
7E
  8
T9-T3_POCKET
 66
     1
 10
0.0
 20
0.0
 30
0.0
 70
     1
  0
VERTEX
  5
2B7
  8
T9-T3_POCKET
 10
2.395539495038957
 20
41.38082279554594
 30
0.0
  0
VERTEX
  5
2B8
  8
T9-T3_POCKET
 10
2.395722553344934
 20
41.34834381428848
 30
0.0
  0
VERTEX
  5
2B9
  8
T9-T3_POCKET
 10
2.396271728262865
 20
41.31717767542742
 30
0.0
  0
VERTEX
  5
2BA
  8
T9-T3_POCKET
 10
2.397187019792751
 20
41.28732437896275
 30
0.0
  0
VERTEX
  5
2BB
  8
T9-T3_POCKET
 10
2.398468427934591
 20
41.2587839248945
 30
0.0
  0
VERTEX
  5
2BC
  8
T9-T3_POCKET
 10
2.400115952688386
 20
41.23155631322264
 30
0.0
  0
VERTEX
  5
2BD
  8
T9-T3_POCKET
 10
2.402129594054134
 20
41.20564154394719
 30
0.0
  0
VERTEX
  5
2BE
  8
T9-T3_POCKET
 10
2.404509352031837
 20
41.18103961706814
 30
0.0
  0
VERTEX
  5
2BF
  8
T9-T3_POCKET
 10
2.407255226621494
 20
41.1577505325855
 30
0.0
  0
VERTEX
  5
2C0
  8
T9-T3_POCKET
 10
2.410367217823106
 20
41.13577429049924
 30
0.0
  0
VERTEX
  5
2C1
  8
T9-T3_POCKET
 10
2.413845325636671
 20
41.1151108908094
 30
0.0
  0
VERTEX
  5
2C2
  8
T9-T3_POCKET
 10
2.417689550062192
 20
41.09576033351595
 30
0.0
  0
VERTEX
  5
2C3
  8
T9-T3_POCKET
 10
2.421899891099666
 20
41.07772261861892
 30
0.0
  0
VERTEX
  5
2C4
  8
T9-T3_POCKET
 10
2.426476348749095
 20
41.06099774611828
 30
0.0
  0
VERTEX
  5
2C5
  8
T9-T3_POCKET
 10
2.431418923010477
 20
41.04558571601405
 30
0.0
  0
VERTEX
  5
2C6
  8
T9-T3_POCKET
 10
2.436727613883815
 20
41.0314865283062
 30
0.0
  0
VERTEX
  5
2C7
  8
T9-T3_POCKET
 10
2.442402421369107
 20
41.01870018299478
 30
0.0
  0
VERTEX
  5
2C8
  8
T9-T3_POCKET
 10
2.448424854728375
 20
41.00694931901008
 30
0.0
  0
VERTEX
  5
2C9
  8
T9-T3_POCKET
 10
2.454776423223643
 20
40.99595657528246
 30
0.0
  0
VERTEX
  5
2CA
  8
T9-T3_POCKET
 10
2.46145712685491
 20
40.98572195181193
 30
0.0
  0
VERTEX
  5
2CB
  8
T9-T3_POCKET
 10
2.468466965622177
 20
40.97624544859846
 30
0.0
  0
VERTEX
  5
2CC
  8
T9-T3_POCKET
 10
2.475805939525442
 20
40.96752706564207
 30
0.0
  0
VERTEX
  5
2CD
  8
T9-T3_POCKET
 10
2.483474048564707
 20
40.95956680294276
 30
0.0
  0
VERTEX
  5
2CE
  8
T9-T3_POCKET
 10
2.491471292739972
 20
40.95236466050053
 30
0.0
  0
VERTEX
  5
2CF
  8
T9-T3_POCKET
 10
2.499797672051235
 20
40.94592063831537
 30
0.0
  0
VERTEX
  5
2D0
  8
T9-T3_POCKET
 10
2.508453186498498
 20
40.9402347363873
 30
0.0
  0
VERTEX
  5
2D1
  8
T9-T3_POCKET
 10
2.51743783608176
 20
40.9353069547163
 30
0.0
  0
VERTEX
  5
2D2
  8
T9-T3_POCKET
 10
2.526751620801022
 20
40.93113729330237
 30
0.0
  0
VERTEX
  5
2D3
  8
T9-T3_POCKET
 10
2.536394540656283
 20
40.92772575214553
 30
0.0
  0
VERTEX
  5
2D4
  8
T9-T3_POCKET
 10
2.546366595647543
 20
40.92507233124576
 30
0.0
  0
VERTEX
  5
2D5
  8
T9-T3_POCKET
 10
2.556667785774802
 20
40.92317703060306
 30
0.0
  0
VERTEX
  5
2D6
  8
T9-T3_POCKET
 10
2.567298111038061
 20
40.92203985021744
 30
0.0
  0
VERTEX
  5
2D7
  8
T9-T3_POCKET
 10
2.578257571437319
 20
40.92166079008891
 30
0.0
  0
VERTEX
  5
2D8
  8
T9-T3_POCKET
 10
2.585533676831462
 20
40.92182165950931
 30
0.0
  0
VERTEX
  5
2D9
  8
T9-T3_POCKET
 10
2.592687743354952
 20
40.92230426777052
 30
0.0
  0
VERTEX
  5
2DA
  8
T9-T3_POCKET
 10
2.599719771007792
 20
40.92310861487253
 30
0.0
  0
VERTEX
  5
2DB
  8
T9-T3_POCKET
 10
2.60662975978998
 20
40.92423470081537
 30
0.0
  0
VERTEX
  5
2DC
  8
T9-T3_POCKET
 10
2.613417709701516
 20
40.92568252559901
 30
0.0
  0
VERTEX
  5
2DD
  8
T9-T3_POCKET
 10
2.620083620742401
 20
40.92745208922346
 30
0.0
  0
VERTEX
  5
2DE
  8
T9-T3_POCKET
 10
2.626627492912635
 20
40.92954339168871
 30
0.0
  0
VERTEX
  5
2DF
  8
T9-T3_POCKET
 10
2.633049326212217
 20
40.93195643299477
 30
0.0
  0
VERTEX
  5
2E0
  8
T9-T3_POCKET
 10
2.639349120641148
 20
40.93469121314165
 30
0.0
  0
VERTEX
  5
2E1
  8
T9-T3_POCKET
 10
2.645526876199427
 20
40.93774773212932
 30
0.0
  0
VERTEX
  5
2E2
  8
T9-T3_POCKET
 10
2.651582592887055
 20
40.94112598995781
 30
0.0
  0
VERTEX
  5
2E3
  8
T9-T3_POCKET
 10
2.657516270704032
 20
40.94482598662711
 30
0.0
  0
VERTEX
  5
2E4
  8
T9-T3_POCKET
 10
2.663327909650357
 20
40.94884772213722
 30
0.0
  0
VERTEX
  5
2E5
  8
T9-T3_POCKET
 10
2.66901750972603
 20
40.95319119648813
 30
0.0
  0
VERTEX
  5
2E6
  8
T9-T3_POCKET
 10
2.674585070931052
 20
40.95785640967985
 30
0.0
  0
VERTEX
  5
2E7
  8
T9-T3_POCKET
 10
2.680030593265423
 20
40.96284336171237
 30
0.0
  0
VERTEX
  5
2E8
  8
T9-T3_POCKET
 10
2.685326340622177
 20
40.96817793961888
 30
0.0
  0
VERTEX
  5
2E9
  8
T9-T3_POCKET
 10
2.690444576894346
 20
40.97388603043253
 30
0.0
  0
VERTEX
  5
2EA
  8
T9-T3_POCKET
 10
2.695385302081931
 20
40.97996763415333
 30
0.0
  0
VERTEX
  5
2EB
  8
T9-T3_POCKET
 10
2.700148516184933
 20
40.98642275078127
 30
0.0
  0
VERTEX
  5
2EC
  8
T9-T3_POCKET
 10
2.70473421920335
 20
40.99325138031637
 30
0.0
  0
VERTEX
  5
2ED
  8
T9-T3_POCKET
 10
2.709142411137184
 20
41.00045352275859
 30
0.0
  0
VERTEX
  5
2EE
  8
T9-T3_POCKET
 10
2.713373091986433
 20
41.00802917810798
 30
0.0
  0
VERTEX
  5
2EF
  8
T9-T3_POCKET
 10
2.717426261751099
 20
41.01597834636449
 30
0.0
  0
VERTEX
  5
2F0
  8
T9-T3_POCKET
 10
2.721301920431181
 20
41.02430102752816
 30
0.0
  0
VERTEX
  5
2F1
  8
T9-T3_POCKET
 10
2.725000068026679
 20
41.03299722159898
 30
0.0
  0
VERTEX
  5
2F2
  8
T9-T3_POCKET
 10
2.731863829963923
 20
41.05151014846204
 30
0.0
  0
VERTEX
  5
2F3
  8
T9-T3_POCKET
 10
2.738017547562831
 20
41.07151712695369
 30
0.0
  0
VERTEX
  5
2F4
  8
T9-T3_POCKET
 10
2.743461220823404
 20
41.09301815707391
 30
0.0
  0
VERTEX
  5
2F5
  8
T9-T3_POCKET
 10
2.745926036195804
 20
41.10453049053869
 30
0.0
  0
VERTEX
  5
2F6
  8
T9-T3_POCKET
 10
2.748231831221597
 20
41.11681943499853
 30
0.0
  0
VERTEX
  5
2F7
  8
T9-T3_POCKET
 10
2.752366360233363
 20
41.14372715690337
 30
0.0
  0
VERTEX
  5
2F8
  8
T9-T3_POCKET
 10
2.755864807858704
 20
41.17374132278843
 30
0.0
  0
VERTEX
  5
2F9
  8
T9-T3_POCKET
 10
2.75872717409762
 20
41.20686193265372
 30
0.0
  0
VERTEX
  5
2FA
  8
T9-T3_POCKET
 10
2.76095345895011
 20
41.24308898649922
 30
0.0
  0
VERTEX
  5
2FB
  8
T9-T3_POCKET
 10
2.762543662416174
 20
41.28242248432493
 30
0.0
  0
VERTEX
  5
2FC
  8
T9-T3_POCKET
 10
2.763497784495812
 20
41.32486242613086
 30
0.0
  0
VERTEX
  5
2FD
  8
T9-T3_POCKET
 10
2.763815825189025
 20
41.37040881191702
 30
0.0
  0
VERTEX
  5
2FE
  8
T9-T3_POCKET
 10
2.763632766883048
 20
41.40425610778481
 30
0.0
  0
VERTEX
  5
2FF
  8
T9-T3_POCKET
 10
2.763083591965116
 20
41.43668701312353
 30
0.0
  0
VERTEX
  5
300
  8
T9-T3_POCKET
 10
2.76216830043523
 20
41.46770152793317
 30
0.0
  0
VERTEX
  5
301
  8
T9-T3_POCKET
 10
2.76088689229339
 20
41.49729965221374
 30
0.0
  0
VERTEX
  5
302
  8
T9-T3_POCKET
 10
2.759239367539596
 20
41.52548138596524
 30
0.0
  0
VERTEX
  5
303
  8
T9-T3_POCKET
 10
2.757225726173848
 20
41.55224672918765
 30
0.0
  0
VERTEX
  5
304
  8
T9-T3_POCKET
 10
2.754845968196145
 20
41.57759568188099
 30
0.0
  0
VERTEX
  5
305
  8
T9-T3_POCKET
 10
2.752100093606487
 20
41.60152824404526
 30
0.0
  0
VERTEX
  5
306
  8
T9-T3_POCKET
 10
2.748988102404876
 20
41.62404441568044
 30
0.0
  0
VERTEX
  5
307
  8
T9-T3_POCKET
 10
2.74550999459131
 20
41.64514419678656
 30
0.0
  0
VERTEX
  5
308
  8
T9-T3_POCKET
 10
2.74166577016579
 20
41.6648275873636
 30
0.0
  0
VERTEX
  5
309
  8
T9-T3_POCKET
 10
2.737455429128316
 20
41.68309458741156
 30
0.0
  0
VERTEX
  5
30A
  8
T9-T3_POCKET
 10
2.732878971478887
 20
41.69994519693045
 30
0.0
  0
VERTEX
  5
30B
  8
T9-T3_POCKET
 10
2.727936397217504
 20
41.71537941592025
 30
0.0
  0
VERTEX
  5
30C
  8
T9-T3_POCKET
 10
2.722627706344167
 20
41.72939724438099
 30
0.0
  0
VERTEX
  5
30D
  8
T9-T3_POCKET
 10
2.716952898858875
 20
41.74199868231265
 30
0.0
  0
VERTEX
  5
30E
  8
T9-T3_POCKET
 10
2.710911974761629
 20
41.75352026114643
 30
0.0
  0
VERTEX
  5
30F
  8
T9-T3_POCKET
 10
2.704504934052429
 20
41.76429851231351
 30
0.0
  0
VERTEX
  5
310
  8
T9-T3_POCKET
 10
2.697731776731274
 20
41.77433343581389
 30
0.0
  0
VERTEX
  5
311
  8
T9-T3_POCKET
 10
2.690592502798165
 20
41.78362503164758
 30
0.0
  0
VERTEX
  5
312
  8
T9-T3_POCKET
 10
2.683087112253102
 20
41.79217329981457
 30
0.0
  0
VERTEX
  5
313
  8
T9-T3_POCKET
 10
2.675215605096085
 20
41.79997824031487
 30
0.0
  0
VERTEX
  5
314
  8
T9-T3_POCKET
 10
2.666977981327114
 20
41.80703985314847
 30
0.0
  0
VERTEX
  5
315
  8
T9-T3_POCKET
 10
2.658374240946188
 20
41.81335813831538
 30
0.0
  0
VERTEX
  5
316
  8
T9-T3_POCKET
 10
2.649404383953307
 20
41.81893309581559
 30
0.0
  0
VERTEX
  5
317
  8
T9-T3_POCKET
 10
2.640068410348473
 20
41.82376472564911
 30
0.0
  0
VERTEX
  5
318
  8
T9-T3_POCKET
 10
2.630366320131683
 20
41.82785302781593
 30
0.0
  0
VERTEX
  5
319
  8
T9-T3_POCKET
 10
2.62029811330294
 20
41.83119800231606
 30
0.0
  0
VERTEX
  5
31A
  8
T9-T3_POCKET
 10
2.609863789862243
 20
41.8337996491495
 30
0.0
  0
VERTEX
  5
31B
  8
T9-T3_POCKET
 10
2.599063349809592
 20
41.83565796831623
 30
0.0
  0
VERTEX
  5
31C
  8
T9-T3_POCKET
 10
2.587896793144985
 20
41.83677295981627
 30
0.0
  0
VERTEX
  5
31D
  8
T9-T3_POCKET
 10
2.576364119868425
 20
41.83714462364962
 30
0.0
  0
VERTEX
  5
31E
  8
T9-T3_POCKET
 10
2.564618803105123
 20
41.83676556352108
 30
0.0
  0
VERTEX
  5
31F
  8
T9-T3_POCKET
 10
2.553287678872517
 20
41.83562838313546
 30
0.0
  0
VERTEX
  5
320
  8
T9-T3_POCKET
 10
2.542370747170607
 20
41.83373308249277
 30
0.0
  0
VERTEX
  5
321
  8
T9-T3_POCKET
 10
2.531868007999393
 20
41.831079661593
 30
0.0
  0
VERTEX
  5
322
  8
T9-T3_POCKET
 10
2.521779461358875
 20
41.82766812043616
 30
0.0
  0
VERTEX
  5
323
  8
T9-T3_POCKET
 10
2.512105107249052
 20
41.82349845902223
 30
0.0
  0
VERTEX
  5
324
  8
T9-T3_POCKET
 10
2.502844945669925
 20
41.81857067735123
 30
0.0
  0
VERTEX
  5
325
  8
T9-T3_POCKET
 10
2.493998976621494
 20
41.81288477542316
 30
0.0
  0
VERTEX
  5
326
  8
T9-T3_POCKET
 10
2.485567200103759
 20
41.806440753238
 30
0.0
  0
VERTEX
  5
327
  8
T9-T3_POCKET
 10
2.477549616116719
 20
41.79923861079577
 30
0.0
  0
VERTEX
  5
328
  8
T9-T3_POCKET
 10
2.469946224660375
 20
41.79127834809645
 30
0.0
  0
VERTEX
  5
329
  8
T9-T3_POCKET
 10
2.462757025734727
 20
41.78255996514007
 30
0.0
  0
VERTEX
  5
32A
  8
T9-T3_POCKET
 10
2.455982019339775
 20
41.7730834619266
 30
0.0
  0
VERTEX
  5
32B
  8
T9-T3_POCKET
 10
2.449621205475519
 20
41.76284883845607
 30
0.0
  0
VERTEX
  5
32C
  8
T9-T3_POCKET
 10
2.443674584141958
 20
41.75185609472845
 30
0.0
  0
VERTEX
  5
32D
  8
T9-T3_POCKET
 10
2.438142155339093
 20
41.74010523074375
 30
0.0
  0
VERTEX
  5
32E
  8
T9-T3_POCKET
 10
2.432983239443374
 20
41.72732997987511
 30
0.0
  0
VERTEX
  5
32F
  8
T9-T3_POCKET
 10
2.428157156831249
 20
41.71326407549563
 30
0.0
  0
VERTEX
  5
330
  8
T9-T3_POCKET
 10
2.42366390750272
 20
41.69790751760533
 30
0.0
  0
VERTEX
  5
331
  8
T9-T3_POCKET
 10
2.419503491457784
 20
41.68126030620419
 30
0.0
  0
VERTEX
  5
332
  8
T9-T3_POCKET
 10
2.415675908696444
 20
41.66332244129224
 30
0.0
  0
VERTEX
  5
333
  8
T9-T3_POCKET
 10
2.412181159218698
 20
41.64409392286943
 30
0.0
  0
VERTEX
  5
334
  8
T9-T3_POCKET
 10
2.409019243024547
 20
41.62357475093582
 30
0.0
  0
VERTEX
  5
335
  8
T9-T3_POCKET
 10
2.406190160113991
 20
41.60176492549137
 30
0.0
  0
VERTEX
  5
336
  8
T9-T3_POCKET
 10
2.40369391048703
 20
41.5786644465361
 30
0.0
  0
VERTEX
  5
337
  8
T9-T3_POCKET
 10
2.401530494143664
 20
41.55427331406999
 30
0.0
  0
VERTEX
  5
338
  8
T9-T3_POCKET
 10
2.399699911083892
 20
41.52859152809305
 30
0.0
  0
VERTEX
  5
339
  8
T9-T3_POCKET
 10
2.398202161307716
 20
41.50161908860528
 30
0.0
  0
VERTEX
  5
33A
  8
T9-T3_POCKET
 10
2.397037244815134
 20
41.4733559956067
 30
0.0
  0
VERTEX
  5
33B
  8
T9-T3_POCKET
 10
2.396205161606147
 20
41.44380224909727
 30
0.0
  0
VERTEX
  5
33C
  8
T9-T3_POCKET
 10
2.395705911680754
 20
41.41295784907702
 30
0.0
  0
SEQEND
  5
93B
  8
T9-T3_POCKET
  0
POLYLINE
  5
7F
  8
T9-T3_POCKET
 66
     1
 10
0.0
 20
0.0
 30
0.0
 70
     1
  0
VERTEX
  5
33D
  8
T9-T3_POCKET
 10
2.013062278122177
 20
41.38176952133038
 30
0.0
  0
VERTEX
  5
33E
  8
T9-T3_POCKET
 10
2.013618849335299
 20
41.4303077085213
 30
0.0
  0
VERTEX
  5
33F
  8
T9-T3_POCKET
 10
2.015288562974666
 20
41.47698942561927
 30
0.0
  0
VERTEX
  5
340
  8
T9-T3_POCKET
 10
2.016540848204192
 20
41.4996341078834
 30
0.0
  0
VERTEX
  5
341
  8
T9-T3_POCKET
 10
2.018071419040278
 20
41.5218146726243
 30
0.0
  0
VERTEX
  5
342
  8
T9-T3_POCKET
 10
2.019880275482926
 20
41.54353111984196
 30
0.0
  0
VERTEX
  5
343
  8
T9-T3_POCKET
 10
2.021967417532135
 20
41.56478344953639
 30
0.0
  0
VERTEX
  5
344
  8
T9-T3_POCKET
 10
2.024332845187906
 20
41.58557166170758
 30
0.0
  0
VERTEX
  5
345
  8
T9-T3_POCKET
 10
2.026976558450237
 20
41.60589575635554
 30
0.0
  0
VERTEX
  5
346
  8
T9-T3_POCKET
 10
2.02989855731913
 20
41.62575573348026
 30
0.0
  0
VERTEX
  5
347
  8
T9-T3_POCKET
 10
2.033098841794584
 20
41.64515159308175
 30
0.0
  0
VERTEX
  5
348
  8
T9-T3_POCKET
 10
2.036577411876599
 20
41.66408333516
 30
0.0
  0
VERTEX
  5
349
  8
T9-T3_POCKET
 10
2.040334267565176
 20
41.68255095971502
 30
0.0
  0
VERTEX
  5
34A
  8
T9-T3_POCKET
 10
2.044369408860314
 20
41.7005544667468
 30
0.0
  0
VERTEX
  5
34B
  8
T9-T3_POCKET
 10
2.048682835762013
 20
41.71809385625535
 30
0.0
  0
VERTEX
  5
34C
  8
T9-T3_POCKET
 10
2.053274548270273
 20
41.73516912824066
 30
0.0
  0
VERTEX
  5
34D
  8
T9-T3_POCKET
 10
2.058144546385094
 20
41.75178028270275
 30
0.0
  0
VERTEX
  5
34E
  8
T9-T3_POCKET
 10
2.063292830106477
 20
41.76792731964159
 30
0.0
  0
VERTEX
  5
34F
  8
T9-T3_POCKET
 10
2.06871939943442
 20
41.7836102390572
 30
0.0
  0
VERTEX
  5
350
  8
T9-T3_POCKET
 10
2.074424254368926
 20
41.79882904094957
 30
0.0
  0
VERTEX
  5
351
  8
T9-T3_POCKET
 10
2.080407394909992
 20
41.81358372531871
 30
0.0
  0
VERTEX
  5
352
  8
T9-T3_POCKET
 10
2.086668821057619
 20
41.82787429216462
 30
0.0
  0
VERTEX
  5
353
  8
T9-T3_POCKET
 10
2.093208532811808
 20
41.84170074148728
 30
0.0
  0
VERTEX
  5
354
  8
T9-T3_POCKET
 10
2.100026530172558
 20
41.85506307328671
 30
0.0
  0
VERTEX
  5
355
  8
T9-T3_POCKET
 10
2.107122813139869
 20
41.86796128756291
 30
0.0
  0
VERTEX
  5
356
  8
T9-T3_POCKET
 10
2.114497381713741
 20
41.88039538431588
 30
0.0
  0
VERTEX
  5
357
  8
T9-T3_POCKET
 10
2.122150235894175
 20
41.8923653635456
 30
0.0
  0
VERTEX
  5
358
  8
T9-T3_POCKET
 10
2.130081375681169
 20
41.90387122525209
 30
0.0
  0
VERTEX
  5
359
  8
T9-T3_POCKET
 10
2.138290801074726
 20
41.91491296943535
 30
0.0
  0
VERTEX
  5
35A
  8
T9-T3_POCKET
 10
2.146778512074843
 20
41.92549059609536
 30
0.0
  0
VERTEX
  5
35B
  8
T9-T3_POCKET
 10
2.155544508681522
 20
41.93560410523216
 30
0.0
  0
VERTEX
  5
35C
  8
T9-T3_POCKET
 10
2.164595262653053
 20
41.94533115794522
 30
0.0
  0
VERTEX
  5
35D
  8
T9-T3_POCKET
 10
2.17393724574773
 20
41.95474941533405
 30
0.0
  0
VERTEX
  5
35E
  8
T9-T3_POCKET
 10
2.183570457965553
 20
41.96385887739866
 30
0.0
  0
VERTEX
  5
35F
  8
T9-T3_POCKET
 10
2.193494899306522
 20
41.97265954413905
 30
0.0
  0
VERTEX
  5
360
  8
T9-T3_POCKET
 10
2.203710569770635
 20
41.98115141555522
 30
0.0
  0
VERTEX
  5
361
  8
T9-T3_POCKET
 10
2.214217469357894
 20
41.98933449164714
 30
0.0
  0
VERTEX
  5
362
  8
T9-T3_POCKET
 10
2.225015598068298
 20
41.99720877241487
 30
0.0
  0
VERTEX
  5
363
  8
T9-T3_POCKET
 10
2.236104955901849
 20
42.00477425785834
 30
0.0
  0
VERTEX
  5
364
  8
T9-T3_POCKET
 10
2.247485542858545
 20
42.01203094797762
 30
0.0
  0
VERTEX
  5
365
  8
T9-T3_POCKET
 10
2.259157358938385
 20
42.01897884277265
 30
0.0
  0
VERTEX
  5
366
  8
T9-T3_POCKET
 10
2.271120404141372
 20
42.02561794224349
 30
0.0
  0
VERTEX
  5
367
  8
T9-T3_POCKET
 10
2.283374678467504
 20
42.03194824639007
 30
0.0
  0
VERTEX
  5
368
  8
T9-T3_POCKET
 10
2.295920181916781
 20
42.03796975521244
 30
0.0
  0
VERTEX
  5
369
  8
T9-T3_POCKET
 10
2.308756914489204
 20
42.04368246871059
 30
0.0
  0
VERTEX
  5
36A
  8
T9-T3_POCKET
 10
2.321884876184772
 20
42.04908638688451
 30
0.0
  0
VERTEX
  5
36B
  8
T9-T3_POCKET
 10
2.335304067003486
 20
42.05418150973421
 30
0.0
  0
VERTEX
  5
36C
  8
T9-T3_POCKET
 10
2.349014486945345
 20
42.05896783725969
 30
0.0
  0
VERTEX
  5
36D
  8
T9-T3_POCKET
 10
2.36301613601035
 20
42.06344536946094
 30
0.0
  0
VERTEX
  5
36E
  8
T9-T3_POCKET
 10
2.3773090141985
 20
42.06761410633796
 30
0.0
  0
VERTEX
  5
36F
  8
T9-T3_POCKET
 10
2.391893121509796
 20
42.07147404789076
 30
0.0
  0
VERTEX
  5
370
  8
T9-T3_POCKET
 10
2.406768457944237
 20
42.07502519411933
 30
0.0
  0
VERTEX
  5
371
  8
T9-T3_POCKET
 10
2.421935023501823
 20
42.07826754502369
 30
0.0
  0
VERTEX
  5
372
  8
T9-T3_POCKET
 10
2.437392818182555
 20
42.08120110060382
 30
0.0
  0
VERTEX
  5
373
  8
T9-T3_POCKET
 10
2.453141841986433
 20
42.08382586085972
 30
0.0
  0
VERTEX
  5
374
  8
T9-T3_POCKET
 10
2.469182094913456
 20
42.0861418257914
 30
0.0
  0
VERTEX
  5
375
  8
T9-T3_POCKET
 10
2.485513576963624
 20
42.08814899539885
 30
0.0
  0
VERTEX
  5
376
  8
T9-T3_POCKET
 10
2.502136288136938
 20
42.08984736968209
 30
0.0
  0
VERTEX
  5
377
  8
T9-T3_POCKET
 10
2.519050228433398
 20
42.0912369486411
 30
0.0
  0
VERTEX
  5
378
  8
T9-T3_POCKET
 10
2.536255397853002
 20
42.09231773227588
 30
0.0
  0
VERTEX
  5
379
  8
T9-T3_POCKET
 10
2.553751796395752
 20
42.09308972058643
 30
0.0
  0
VERTEX
  5
37A
  8
T9-T3_POCKET
 10
2.571539424061648
 20
42.09355291357277
 30
0.0
  0
VERTEX
  5
37B
  8
T9-T3_POCKET
 10
2.58961828085069
 20
42.09370731123489
 30
0.0
  0
VERTEX
  5
37C
  8
T9-T3_POCKET
 10
2.623863127585
 20
42.09316738168594
 30
0.0
  0
VERTEX
  5
37D
  8
T9-T3_POCKET
 10
2.65653995973882
 20
42.09154759303911
 30
0.0
  0
VERTEX
  5
37E
  8
T9-T3_POCKET
 10
2.672290370348046
 20
42.09033275155399
 30
0.0
  0
VERTEX
  5
37F
  8
T9-T3_POCKET
 10
2.687648777312149
 20
42.0888479452944
 30
0.0
  0
VERTEX
  5
380
  8
T9-T3_POCKET
 10
2.702615180631129
 20
42.08709317426033
 30
0.0
  0
VERTEX
  5
381
  8
T9-T3_POCKET
 10
2.717189580304987
 20
42.0850684384518
 30
0.0
  0
VERTEX
  5
382
  8
T9-T3_POCKET
 10
2.731371976333721
 20
42.08277373786879
 30
0.0
  0
VERTEX
  5
383
  8
T9-T3_POCKET
 10
2.745162368717333
 20
42.08020907251132
 30
0.0
  0
VERTEX
  5
384
  8
T9-T3_POCKET
 10
2.758560757455822
 20
42.07737444237937
 30
0.0
  0
VERTEX
  5
385
  8
T9-T3_POCKET
 10
2.771567142549189
 20
42.07426984747295
 30
0.0
  0
VERTEX
  5
386
  8
T9-T3_POCKET
 10
2.784181523997432
 20
42.07089528779206
 30
0.0
  0
VERTEX
  5
387
  8
T9-T3_POCKET
 10
2.796403901800553
 20
42.06725076333669
 30
0.0
  0
VERTEX
  5
388
  8
T9-T3_POCKET
 10
2.808234275958551
 20
42.06333627410686
 30
0.0
  0
VERTEX
  5
389
  8
T9-T3_POCKET
 10
2.819672646471426
 20
42.05915182010256
 30
0.0
  0
VERTEX
  5
38A
  8
T9-T3_POCKET
 10
2.841639643188684
 20
42.05018751033107
 30
0.0
  0
VERTEX
  5
38B
  8
T9-T3_POCKET
 10
2.862571158579202
 20
42.04057232658278
 30
0.0
  0
VERTEX
  5
38C
  8
T9-T3_POCKET
 10
2.882467192642981
 20
42.03030626885767
 30
0.0
  0
VERTEX
  5
38D
  8
T9-T3_POCKET
 10
2.901327745380021
 20
42.01938933715576
 30
0.0
  0
VERTEX
  5
38E
  8
T9-T3_POCKET
 10
2.919152816790321
 20
42.00782153147704
 30
0.0
  0
VERTEX
  5
38F
  8
T9-T3_POCKET
 10
2.935942406873882
 20
41.99560285182152
 30
0.0
  0
VERTEX
  5
390
  8
T9-T3_POCKET
 10
2.951696515630703
 20
41.98273329818918
 30
0.0
  0
VERTEX
  5
391
  8
T9-T3_POCKET
 10
2.966415143060785
 20
41.96921287058004
 30
0.0
  0
VERTEX
  5
392
  8
T9-T3_POCKET
 10
2.980238818772756
 20
41.95527825044021
 30
0.0
  0
VERTEX
  5
393
  8
T9-T3_POCKET
 10
2.993308072375246
 20
41.94116611921579
 30
0.0
  0
VERTEX
  5
394
  8
T9-T3_POCKET
 10
3.005622903868254
 20
41.92687647690678
 30
0.0
  0
VERTEX
  5
395
  8
T9-T3_POCKET
 10
3.017183313251781
 20
41.9124093235132
 30
0.0
  0
VERTEX
  5
396
  8
T9-T3_POCKET
 10
3.027989300525826
 20
41.89776465903503
 30
0.0
  0
VERTEX
  5
397
  8
T9-T3_POCKET
 10
3.038040865690389
 20
41.88294248347227
 30
0.0
  0
VERTEX
  5
398
  8
T9-T3_POCKET
 10
3.047338008745471
 20
41.86794279682493
 30
0.0
  0
VERTEX
  5
399
  8
T9-T3_POCKET
 10
3.055880729691071
 20
41.852765599093
 30
0.0
  0
VERTEX
  5
39A
  8
T9-T3_POCKET
 10
3.063846539611774
 20
41.83718160512557
 30
0.0
  0
VERTEX
  5
39B
  8
T9-T3_POCKET
 10
3.071412949592163
 20
41.82096152977171
 30
0.0
  0
VERTEX
  5
39C
  8
T9-T3_POCKET
 10
3.078579959632237
 20
41.80410537303143
 30
0.0
  0
VERTEX
  5
39D
  8
T9-T3_POCKET
 10
3.085347569731999
 20
41.78661313490473
 30
0.0
  0
VERTEX
  5
39E
  8
T9-T3_POCKET
 10
3.091715779891446
 20
41.7684848153916
 30
0.0
  0
VERTEX
  5
39F
  8
T9-T3_POCKET
 10
3.09768459011058
 20
41.74972041449205
 30
0.0
  0
VERTEX
  5
3A0
  8
T9-T3_POCKET
 10
3.1032540003894
 20
41.73031993220606
 30
0.0
  0
VERTEX
  5
3A1
  8
T9-T3_POCKET
 10
3.108424010727906
 20
41.71028336853366
 30
0.0
  0
VERTEX
  5
3A2
  8
T9-T3_POCKET
 10
3.113124356321784
 20
41.69082371588615
 30
0.0
  0
VERTEX
  5
3A3
  8
T9-T3_POCKET
 10
3.117521453812831
 20
41.67126051510597
 30
0.0
  0
VERTEX
  5
3A4
  8
T9-T3_POCKET
 10
3.121615303201047
 20
41.65159376619311
 30
0.0
  0
VERTEX
  5
3A5
  8
T9-T3_POCKET
 10
3.125405904486433
 20
41.63182346914758
 30
0.0
  0
VERTEX
  5
3A6
  8
T9-T3_POCKET
 10
3.128893257668987
 20
41.61194962396937
 30
0.0
  0
VERTEX
  5
3A7
  8
T9-T3_POCKET
 10
3.132077362748711
 20
41.59197223065848
 30
0.0
  0
VERTEX
  5
3A8
  8
T9-T3_POCKET
 10
3.134958219725604
 20
41.57189128921493
 30
0.0
  0
VERTEX
  5
3A9
  8
T9-T3_POCKET
 10
3.137535828599666
 20
41.55170679963871
 30
0.0
  0
VERTEX
  5
3AA
  8
T9-T3_POCKET
 10
3.139810189370897
 20
41.53141876192981
 30
0.0
  0
VERTEX
  5
3AB
  8
T9-T3_POCKET
 10
3.141781302039298
 20
41.51102717608823
 30
0.0
  0
VERTEX
  5
3AC
  8
T9-T3_POCKET
 10
3.143449166604867
 20
41.49053204211398
 30
0.0
  0
VERTEX
  5
3AD
  8
T9-T3_POCKET
 10
3.144813783067606
 20
41.46993336000705
 30
0.0
  0
VERTEX
  5
3AE
  8
T9-T3_POCKET
 10
3.145875151427514
 20
41.44923112976745
 30
0.0
  0
VERTEX
  5
3AF
  8
T9-T3_POCKET
 10
3.146633271684591
 20
41.42842535139519
 30
0.0
  0
VERTEX
  5
3B0
  8
T9-T3_POCKET
 10
3.147088143838837
 20
41.40751602489024
 30
0.0
  0
VERTEX
  5
3B1
  8
T9-T3_POCKET
 10
3.147239767890253
 20
41.38650315025262
 30
0.0
  0
VERTEX
  5
3B2
  8
T9-T3_POCKET
 10
3.14674051796486
 20
41.34007660533874
 30
0.0
  0
VERTEX
  5
3B3
  8
T9-T3_POCKET
 10
3.145242768188684
 20
41.29523286759574
 30
0.0
  0
VERTEX
  5
3B4
  8
T9-T3_POCKET
 10
3.142746518561723
 20
41.2519719370236
 30
0.0
  0
VERTEX
  5
3B5
  8
T9-T3_POCKET
 10
3.139251769083977
 20
41.21029381362234
 30
0.0
  0
VERTEX
  5
3B6
  8
T9-T3_POCKET
 10
3.134758519755447
 20
41.17019849739195
 30
0.0
  0
VERTEX
  5
3B7
  8
T9-T3_POCKET
 10
3.132137457647138
 20
41.15074439196584
 30
0.0
  0
VERTEX
  5
3B8
  8
T9-T3_POCKET
 10
3.129266770576133
 20
41.13168598833244
 30
0.0
  0
VERTEX
  5
3B9
  8
T9-T3_POCKET
 10
3.126146458542431
 20
41.11302328649176
 30
0.0
  0
VERTEX
  5
3BA
  8
T9-T3_POCKET
 10
3.122776521546033
 20
41.0947562864438
 30
0.0
  0
VERTEX
  5
3BB
  8
T9-T3_POCKET
 10
3.11915695958694
 20
41.07688498818855
 30
0.0
  0
VERTEX
  5
3BC
  8
T9-T3_POCKET
 10
3.11528777266515
 20
41.05940939172602
 30
0.0
  0
VERTEX
  5
3BD
  8
T9-T3_POCKET
 10
3.111168960780665
 20
41.04232949705622
 30
0.0
  0
VERTEX
  5
3BE
  8
T9-T3_POCKET
 10
3.106800523933482
 20
41.02564530417912
 30
0.0
  0
VERTEX
  5
3BF
  8
T9-T3_POCKET
 10
3.102182462123604
 20
41.00935681309475
 30
0.0
  0
VERTEX
  5
3C0
  8
T9-T3_POCKET
 10
3.09731477535103
 20
40.9934640238031
 30
0.0
  0
VERTEX
  5
3C1
  8
T9-T3_POCKET
 10
3.09219746361576
 20
40.97796693630417
 30
0.0
  0
VERTEX
  5
3C2
  8
T9-T3_POCKET
 10
3.086830526917793
 20
40.96286555059795
 30
0.0
  0
VERTEX
  5
3C3
  8
T9-T3_POCKET
 10
3.081213965257131
 20
40.94815986668445
 30
0.0
  0
VERTEX
  5
3C4
  8
T9-T3_POCKET
 10
3.075347778633772
 20
40.93384988456367
 30
0.0
  0
VERTEX
  5
3C5
  8
T9-T3_POCKET
 10
3.069231967047718
 20
40.91993560423562
 30
0.0
  0
VERTEX
  5
3C6
  8
T9-T3_POCKET
 10
3.062866530498966
 20
40.90641702570027
 30
0.0
  0
VERTEX
  5
3C7
  8
T9-T3_POCKET
 10
3.05625146898752
 20
40.89329414895765
 30
0.0
  0
VERTEX
  5
3C8
  8
T9-T3_POCKET
 10
3.049386782513377
 20
40.88056697400774
 30
0.0
  0
VERTEX
  5
3C9
  8
T9-T3_POCKET
 10
3.042272471076537
 20
40.86823550085056
 30
0.0
  0
VERTEX
  5
3CA
  8
T9-T3_POCKET
 10
3.034908534677002
 20
40.85629972948608
 30
0.0
  0
VERTEX
  5
3CB
  8
T9-T3_POCKET
 10
3.027294973314771
 20
40.84475965991433
 30
0.0
  0
VERTEX
  5
3CC
  8
T9-T3_POCKET
 10
3.019431786989843
 20
40.83361529213529
 30
0.0
  0
VERTEX
  5
3CD
  8
T9-T3_POCKET
 10
3.011263503488288
 20
40.82283981457891
 30
0.0
  0
VERTEX
  5
3CE
  8
T9-T3_POCKET
 10
3.002734650596171
 20
40.81240641567511
 30
0.0
  0
VERTEX
  5
3CF
  8
T9-T3_POCKET
 10
2.993845228313492
 20
40.80231509542389
 30
0.0
  0
VERTEX
  5
3D0
  8
T9-T3_POCKET
 10
2.984595236640253
 20
40.79256585382527
 30
0.0
  0
VERTEX
  5
3D1
  8
T9-T3_POCKET
 10
2.974984675576453
 20
40.78315869087922
 30
0.0
  0
VERTEX
  5
3D2
  8
T9-T3_POCKET
 10
2.965013545122091
 20
40.77409360658575
 30
0.0
  0
VERTEX
  5
3D3
  8
T9-T3_POCKET
 10
2.954681845277169
 20
40.76537060094487
 30
0.0
  0
VERTEX
  5
3D4
  8
T9-T3_POCKET
 10
2.943989576041685
 20
40.75698967395657
 30
0.0
  0
VERTEX
  5
3D5
  8
T9-T3_POCKET
 10
2.932936737415641
 20
40.74895082562086
 30
0.0
  0
VERTEX
  5
3D6
  8
T9-T3_POCKET
 10
2.921523329399035
 20
40.74125405593773
 30
0.0
  0
VERTEX
  5
3D7
  8
T9-T3_POCKET
 10
2.909749351991869
 20
40.73389936490719
 30
0.0
  0
VERTEX
  5
3D8
  8
T9-T3_POCKET
 10
2.897614805194141
 20
40.72688675252923
 30
0.0
  0
VERTEX
  5
3D9
  8
T9-T3_POCKET
 10
2.885119689005852
 20
40.72021621880385
 30
0.0
  0
VERTEX
  5
3DA
  8
T9-T3_POCKET
 10
2.872264003427003
 20
40.71388776373105
 30
0.0
  0
VERTEX
  5
3DB
  8
T9-T3_POCKET
 10
2.859047748457592
 20
40.70790138731084
 30
0.0
  0
VERTEX
  5
3DC
  8
T9-T3_POCKET
 10
2.84547092409762
 20
40.70225708954321
 30
0.0
  0
VERTEX
  5
3DD
  8
T9-T3_POCKET
 10
2.831533530347087
 20
40.69695487042816
 30
0.0
  0
VERTEX
  5
3DE
  8
T9-T3_POCKET
 10
2.817235567205993
 20
40.6919947299657
 30
0.0
  0
VERTEX
  5
3DF
  8
T9-T3_POCKET
 10
2.802577034674338
 20
40.68737666815582
 30
0.0
  0
VERTEX
  5
3E0
  8
T9-T3_POCKET
 10
2.787557932752122
 20
40.68310068499852
 30
0.0
  0
VERTEX
  5
3E1
  8
T9-T3_POCKET
 10
2.772178261439345
 20
40.67916678049382
 30
0.0
  0
VERTEX
  5
3E2
  8
T9-T3_POCKET
 10
2.756438020736007
 20
40.67557495464169
 30
0.0
  0
VERTEX
  5
3E3
  8
T9-T3_POCKET
 10
2.740337210642108
 20
40.67232520744214
 30
0.0
  0
VERTEX
  5
3E4
  8
T9-T3_POCKET
 10
2.723875831157647
 20
40.66941753889519
 30
0.0
  0
VERTEX
  5
3E5
  8
T9-T3_POCKET
 10
2.707053882282626
 20
40.66685194900082
 30
0.0
  0
VERTEX
  5
3E6
  8
T9-T3_POCKET
 10
2.689871364017043
 20
40.66462843775902
 30
0.0
  0
VERTEX
  5
3E7
  8
T9-T3_POCKET
 10
2.6723282763609
 20
40.66274700516981
 30
0.0
  0
VERTEX
  5
3E8
  8
T9-T3_POCKET
 10
2.654424619314196
 20
40.66120765123318
 30
0.0
  0
VERTEX
  5
3E9
  8
T9-T3_POCKET
 10
2.63616039287693
 20
40.66001037594914
 30
0.0
  0
VERTEX
  5
3EA
  8
T9-T3_POCKET
 10
2.617535597049104
 20
40.65915517931768
 30
0.0
  0
VERTEX
  5
3EB
  8
T9-T3_POCKET
 10
2.598550231830716
 20
40.6586420613388
 30
0.0
  0
VERTEX
  5
3EC
  8
T9-T3_POCKET
 10
2.579204297221767
 20
40.65847102201251
 30
0.0
  0
VERTEX
  5
3ED
  8
T9-T3_POCKET
 10
2.5575738319357
 20
40.65868921272065
 30
0.0
  0
VERTEX
  5
3EE
  8
T9-T3_POCKET
 10
2.536468503608193
 20
40.65934378484505
 30
0.0
  0
VERTEX
  5
3EF
  8
T9-T3_POCKET
 10
2.515888312239246
 20
40.66043473838572
 30
0.0
  0
VERTEX
  5
3F0
  8
T9-T3_POCKET
 10
2.495833257828861
 20
40.66196207334266
 30
0.0
  0
VERTEX
  5
3F1
  8
T9-T3_POCKET
 10
2.476303340377036
 20
40.66392578971586
 30
0.0
  0
VERTEX
  5
3F2
  8
T9-T3_POCKET
 10
2.457298559883772
 20
40.66632588750535
 30
0.0
  0
VERTEX
  5
3F3
  8
T9-T3_POCKET
 10
2.438818916349069
 20
40.66916236671109
 30
0.0
  0
VERTEX
  5
3F4
  8
T9-T3_POCKET
 10
2.420864409772927
 20
40.67243522733311
 30
0.0
  0
VERTEX
  5
3F5
  8
T9-T3_POCKET
 10
2.403435040155345
 20
40.67614446937139
 30
0.0
  0
VERTEX
  5
3F6
  8
T9-T3_POCKET
 10
2.386530807496324
 20
40.68029009282596
 30
0.0
  0
VERTEX
  5
3F7
  8
T9-T3_POCKET
 10
2.370151711795863
 20
40.68487209769677
 30
0.0
  0
VERTEX
  5
3F8
  8
T9-T3_POCKET
 10
2.354297753053963
 20
40.68989048398386
 30
0.0
  0
VERTEX
  5
3F9
  8
T9-T3_POCKET
 10
2.338968931270624
 20
40.69534525168721
 30
0.0
  0
VERTEX
  5
3FA
  8
T9-T3_POCKET
 10
2.324165246445846
 20
40.70123640080685
 30
0.0
  0
VERTEX
  5
3FB
  8
T9-T3_POCKET
 10
2.309886698579628
 20
40.70756393134274
 30
0.0
  0
VERTEX
  5
3FC
  8
T9-T3_POCKET
 10
2.296133287671972
 20
40.71432784329491
 30
0.0
  0
VERTEX
  5
3FD
  8
T9-T3_POCKET
 10
2.282794069295011
 20
40.72151334407297
 30
0.0
  0
VERTEX
  5
3FE
  8
T9-T3_POCKET
 10
2.26975809902088
 20
40.72910564108652
 30
0.0
  0
VERTEX
  5
3FF
  8
T9-T3_POCKET
 10
2.257025376849581
 20
40.73710473433559
 30
0.0
  0
VERTEX
  5
400
  8
T9-T3_POCKET
 10
2.244595902781112
 20
40.74551062382015
 30
0.0
  0
VERTEX
  5
401
  8
T9-T3_POCKET
 10
2.232469676815475
 20
40.75432330954023
 30
0.0
  0
VERTEX
  5
402
  8
T9-T3_POCKET
 10
2.220646698952668
 20
40.7635427914958
 30
0.0
  0
VERTEX
  5
403
  8
T9-T3_POCKET
 10
2.209126969192692
 20
40.77316906968689
 30
0.0
  0
VERTEX
  5
404
  8
T9-T3_POCKET
 10
2.197910487535546
 20
40.78320214411347
 30
0.0
  0
VERTEX
  5
405
  8
T9-T3_POCKET
 10
2.186997253981232
 20
40.79364201477557
 30
0.0
  0
VERTEX
  5
406
  8
T9-T3_POCKET
 10
2.176387268529748
 20
40.80448868167316
 30
0.0
  0
VERTEX
  5
407
  8
T9-T3_POCKET
 10
2.166080531181096
 20
40.81574214480626
 30
0.0
  0
VERTEX
  5
408
  8
T9-T3_POCKET
 10
2.156077041935273
 20
40.82740240417486
 30
0.0
  0
VERTEX
  5
409
  8
T9-T3_POCKET
 10
2.146376800792282
 20
40.83946945977897
 30
0.0
  0
VERTEX
  5
40A
  8
T9-T3_POCKET
 10
2.136979807752122
 20
40.85194331161858
 30
0.0
  0
VERTEX
  5
40B
  8
T9-T3_POCKET
 10
2.127886062814793
 20
40.86482395969371
 30
0.0
  0
VERTEX
  5
40C
  8
T9-T3_POCKET
 10
2.119095565980294
 20
40.87811140400433
 30
0.0
  0
VERTEX
  5
40D
  8
T9-T3_POCKET
 10
2.112910414126824
 20
40.88791704235379
 30
0.0
  0
VERTEX
  5
40E
  8
T9-T3_POCKET
 10
2.106899075210342
 20
40.89816276026712
 30
0.0
  0
VERTEX
  5
40F
  8
T9-T3_POCKET
 10
2.101061549230848
 20
40.90884855774431
 30
0.0
  0
VERTEX
  5
410
  8
T9-T3_POCKET
 10
2.095397836188343
 20
40.91997443478536
 30
0.0
  0
VERTEX
  5
411
  8
T9-T3_POCKET
 10
2.089907936082827
 20
40.93154039139029
 30
0.0
  0
VERTEX
  5
412
  8
T9-T3_POCKET
 10
2.084591848914298
 20
40.94354642755907
 30
0.0
  0
VERTEX
  5
413
  8
T9-T3_POCKET
 10
2.079449574682758
 20
40.95599254329171
 30
0.0
  0
VERTEX
  5
414
  8
T9-T3_POCKET
 10
2.074481113388207
 20
40.96887873858823
 30
0.0
  0
VERTEX
  5
415
  8
T9-T3_POCKET
 10
2.069686465030644
 20
40.98220501344861
 30
0.0
  0
VERTEX
  5
416
  8
T9-T3_POCKET
 10
2.065065629610069
 20
40.99597136787285
 30
0.0
  0
VERTEX
  5
417
  8
T9-T3_POCKET
 10
2.056345397579884
 20
41.02482431541292
 30
0.0
  0
VERTEX
  5
418
  8
T9-T3_POCKET
 10
2.048320417297654
 20
41.05543758120846
 30
0.0
  0
VERTEX
  5
419
  8
T9-T3_POCKET
 10
2.040990688763377
 20
41.08781116525945
 30
0.0
  0
VERTEX
  5
41A
  8
T9-T3_POCKET
 10
2.034444967519345
 20
41.12150128985444
 30
0.0
  0
VERTEX
  5
41B
  8
T9-T3_POCKET
 10
2.028772009107851
 20
41.15606417728196
 30
0.0
  0
VERTEX
  5
41C
  8
T9-T3_POCKET
 10
2.023971813528895
 20
41.19149982754202
 30
0.0
  0
VERTEX
  5
41D
  8
T9-T3_POCKET
 10
2.020044380782476
 20
41.22780824063462
 30
0.0
  0
VERTEX
  5
41E
  8
T9-T3_POCKET
 10
2.016989710868595
 20
41.26498941655975
 30
0.0
  0
VERTEX
  5
41F
  8
T9-T3_POCKET
 10
2.014807803787252
 20
41.30304335531743
 30
0.0
  0
VERTEX
  5
420
  8
T9-T3_POCKET
 10
2.013498659538445
 20
41.34197005690763
 30
0.0
  0
SEQEND
  5
93C
  8
T9-T3_POCKET
  0
POLYLINE
  5
80
  8
T9-T3_POCKET
 66
     1
 10
0.0
 20
0.0
 30
0.0
 70
     1
  0
VERTEX
  5
421
  8
T9-T3_POCKET
 10
0.876044611000758
 20
42.0700391666237
 30
0.0
  0
VERTEX
  5
422
  8
T9-T3_POCKET
 10
1.791528444561467
 20
42.0700391666237
 30
0.0
  0
VERTEX
  5
423
  8
T9-T3_POCKET
 10
1.791528444561467
 20
41.76235328667827
 30
0.0
  0
VERTEX
  5
424
  8
T9-T3_POCKET
 10
1.17142305574837
 20
41.76235328667827
 30
0.0
  0
VERTEX
  5
425
  8
T9-T3_POCKET
 10
1.138287653292709
 20
41.55407361409983
 30
0.0
  0
VERTEX
  5
426
  8
T9-T3_POCKET
 10
1.154359802742743
 20
41.56141073892929
 30
0.0
  0
VERTEX
  5
427
  8
T9-T3_POCKET
 10
1.170387574421631
 20
41.56827450086654
 30
0.0
  0
VERTEX
  5
428
  8
T9-T3_POCKET
 10
1.186370968329373
 20
41.57466489991156
 30
0.0
  0
VERTEX
  5
429
  8
T9-T3_POCKET
 10
1.202309984465969
 20
41.58058193606436
 30
0.0
  0
VERTEX
  5
42A
  8
T9-T3_POCKET
 10
1.21820462283142
 20
41.58602560932493
 30
0.0
  0
VERTEX
  5
42B
  8
T9-T3_POCKET
 10
1.234054883425724
 20
41.59099591969328
 30
0.0
  0
VERTEX
  5
42C
  8
T9-T3_POCKET
 10
1.249860766248882
 20
41.5954928671694
 30
0.0
  0
VERTEX
  5
42D
  8
T9-T3_POCKET
 10
1.265622271300894
 20
41.5995164517533
 30
0.0
  0
VERTEX
  5
42E
  8
T9-T3_POCKET
 10
1.281339398581761
 20
41.60306667344499
 30
0.0
  0
VERTEX
  5
42F
  8
T9-T3_POCKET
 10
1.297012148091481
 20
41.60614353224444
 30
0.0
  0
VERTEX
  5
430
  8
T9-T3_POCKET
 10
1.312640519830055
 20
41.60874702815167
 30
0.0
  0
VERTEX
  5
431
  8
T9-T3_POCKET
 10
1.328224513797484
 20
41.61087716116668
 30
0.0
  0
VERTEX
  5
432
  8
T9-T3_POCKET
 10
1.343764129993766
 20
41.61253393128946
 30
0.0
  0
VERTEX
  5
433
  8
T9-T3_POCKET
 10
1.359259368418903
 20
41.61371733852002
 30
0.0
  0
VERTEX
  5
434
  8
T9-T3_POCKET
 10
1.374710229072893
 20
41.61442738285835
 30
0.0
  0
VERTEX
  5
435
  8
T9-T3_POCKET
 10
1.390116711955737
 20
41.61466406430446
 30
0.0
  0
VERTEX
  5
436
  8
T9-T3_POCKET
 10
1.415844724777617
 20
41.61417221067426
 30
0.0
  0
VERTEX
  5
437
  8
T9-T3_POCKET
 10
1.440958845098643
 20
41.61269664978366
 30
0.0
  0
VERTEX
  5
438
  8
T9-T3_POCKET
 10
1.465459072918817
 20
41.61023738163266
 30
0.0
  0
VERTEX
  5
439
  8
T9-T3_POCKET
 10
1.489345408238139
 20
41.60679440622125
 30
0.0
  0
VERTEX
  5
43A
  8
T9-T3_POCKET
 10
1.512617851056607
 20
41.60236772354943
 30
0.0
  0
VERTEX
  5
43B
  8
T9-T3_POCKET
 10
1.535276401374223
 20
41.59695733361723
 30
0.0
  0
VERTEX
  5
43C
  8
T9-T3_POCKET
 10
1.557321059190986
 20
41.5905632364246
 30
0.0
  0
VERTEX
  5
43D
  8
T9-T3_POCKET
 10
1.578751824506897
 20
41.58318543197159
 30
0.0
  0
VERTEX
  5
43E
  8
T9-T3_POCKET
 10
1.599568697321955
 20
41.57482392025817
 30
0.0
  0
VERTEX
  5
43F
  8
T9-T3_POCKET
 10
1.61977167763616
 20
41.56547870128435
 30
0.0
  0
VERTEX
  5
440
  8
T9-T3_POCKET
 10
1.639360765449513
 20
41.55514977505011
 30
0.0
  0
VERTEX
  5
441
  8
T9-T3_POCKET
 10
1.658335960762013
 20
41.54383714155549
 30
0.0
  0
VERTEX
  5
442
  8
T9-T3_POCKET
 10
1.676697263573661
 20
41.53154080080046
 30
0.0
  0
VERTEX
  5
443
  8
T9-T3_POCKET
 10
1.694444673884455
 20
41.51826075278503
 30
0.0
  0
VERTEX
  5
444
  8
T9-T3_POCKET
 10
1.711578191694397
 20
41.50399699750919
 30
0.0
  0
VERTEX
  5
445
  8
T9-T3_POCKET
 10
1.728097817003486
 20
41.48874953497295
 30
0.0
  0
VERTEX
  5
446
  8
T9-T3_POCKET
 10
1.743803849841566
 20
41.47275504662241
 30
0.0
  0
VERTEX
  5
447
  8
T9-T3_POCKET
 10
1.758496590238479
 20
41.45625021390371
 30
0.0
  0
VERTEX
  5
448
  8
T9-T3_POCKET
 10
1.772176038194226
 20
41.43923503681682
 30
0.0
  0
VERTEX
  5
449
  8
T9-T3_POCKET
 10
1.784842193708807
 20
41.42170951536175
 30
0.0
  0
VERTEX
  5
44A
  8
T9-T3_POCKET
 10
1.796495056782221
 20
41.40367364953851
 30
0.0
  0
VERTEX
  5
44B
  8
T9-T3_POCKET
 10
1.807134627414468
 20
41.38512743934709
 30
0.0
  0
VERTEX
  5
44C
  8
T9-T3_POCKET
 10
1.81676090560555
 20
41.36607088478749
 30
0.0
  0
VERTEX
  5
44D
  8
T9-T3_POCKET
 10
1.825373891355464
 20
41.34650398585971
 30
0.0
  0
VERTEX
  5
44E
  8
T9-T3_POCKET
 10
1.832973584664213
 20
41.32642674256375
 30
0.0
  0
VERTEX
  5
44F
  8
T9-T3_POCKET
 10
1.839559985531795
 20
41.30583915489962
 30
0.0
  0
VERTEX
  5
450
  8
T9-T3_POCKET
 10
1.84513309395821
 20
41.2847412228673
 30
0.0
  0
VERTEX
  5
451
  8
T9-T3_POCKET
 10
1.849692909943459
 20
41.26313294646681
 30
0.0
  0
VERTEX
  5
452
  8
T9-T3_POCKET
 10
1.853239433487542
 20
41.24101432569814
 30
0.0
  0
VERTEX
  5
453
  8
T9-T3_POCKET
 10
1.855772664590458
 20
41.21838536056129
 30
0.0
  0
VERTEX
  5
454
  8
T9-T3_POCKET
 10
1.857292603252208
 20
41.19524605105626
 30
0.0
  0
VERTEX
  5
455
  8
T9-T3_POCKET
 10
1.857799249472791
 20
41.17159639718304
 30
0.0
  0
VERTEX
  5
456
  8
T9-T3_POCKET
 10
1.857538530067308
 20
41.15483269413265
 30
0.0
  0
VERTEX
  5
457
  8
T9-T3_POCKET
 10
1.856756371850861
 20
41.13815035032936
 30
0.0
  0
VERTEX
  5
458
  8
T9-T3_POCKET
 10
1.855452774823448
 20
41.12154936577317
 30
0.0
  0
VERTEX
  5
459
  8
T9-T3_POCKET
 10
1.853627738985069
 20
41.10502974046408
 30
0.0
  0
VERTEX
  5
45A
  8
T9-T3_POCKET
 10
1.851281264335726
 20
41.08859147440209
 30
0.0
  0
VERTEX
  5
45B
  8
T9-T3_POCKET
 10
1.848413350875417
 20
41.0722345675872
 30
0.0
  0
VERTEX
  5
45C
  8
T9-T3_POCKET
 10
1.845023998604143
 20
41.05595902001942
 30
0.0
  0
VERTEX
  5
45D
  8
T9-T3_POCKET
 10
1.841113207521904
 20
41.03976483169873
 30
0.0
  0
VERTEX
  5
45E
  8
T9-T3_POCKET
 10
1.8366809776287
 20
41.02365200262516
 30
0.0
  0
VERTEX
  5
45F
  8
T9-T3_POCKET
 10
1.83172730892453
 20
41.00762053279867
 30
0.0
  0
VERTEX
  5
460
  8
T9-T3_POCKET
 10
1.826252201409396
 20
40.99167042221929
 30
0.0
  0
VERTEX
  5
461
  8
T9-T3_POCKET
 10
1.820255655083296
 20
40.975801670887
 30
0.0
  0
VERTEX
  5
462
  8
T9-T3_POCKET
 10
1.81373766994623
 20
40.96001427880182
 30
0.0
  0
VERTEX
  5
463
  8
T9-T3_POCKET
 10
1.8066982459982
 20
40.94430824596374
 30
0.0
  0
VERTEX
  5
464
  8
T9-T3_POCKET
 10
1.799137383239205
 20
40.92868357237276
 30
0.0
  0
VERTEX
  5
465
  8
T9-T3_POCKET
 10
1.791055081669244
 20
40.91314025802888
 30
0.0
  0
VERTEX
  5
466
  8
T9-T3_POCKET
 10
1.782493869985666
 20
40.89786690845948
 30
0.0
  0
VERTEX
  5
467
  8
T9-T3_POCKET
 10
1.773496276885819
 20
40.88305212919191
 30
0.0
  0
VERTEX
  5
468
  8
T9-T3_POCKET
 10
1.764062302369704
 20
40.86869592022619
 30
0.0
  0
VERTEX
  5
469
  8
T9-T3_POCKET
 10
1.75419194643732
 20
40.8547982815623
 30
0.0
  0
VERTEX
  5
46A
  8
T9-T3_POCKET
 10
1.743885209088667
 20
40.84135921320026
 30
0.0
  0
VERTEX
  5
46B
  8
T9-T3_POCKET
 10
1.733142090323746
 20
40.82837871514006
 30
0.0
  0
VERTEX
  5
46C
  8
T9-T3_POCKET
 10
1.721962590142555
 20
40.8158567873817
 30
0.0
  0
VERTEX
  5
46D
  8
T9-T3_POCKET
 10
1.710346708545096
 20
40.80379342992519
 30
0.0
  0
VERTEX
  5
46E
  8
T9-T3_POCKET
 10
1.698294445531368
 20
40.79218864277051
 30
0.0
  0
VERTEX
  5
46F
  8
T9-T3_POCKET
 10
1.685805801101372
 20
40.78104242591769
 30
0.0
  0
VERTEX
  5
470
  8
T9-T3_POCKET
 10
1.672880775255106
 20
40.7703547793667
 30
0.0
  0
VERTEX
  5
471
  8
T9-T3_POCKET
 10
1.659519367992572
 20
40.76012570311756
 30
0.0
  0
VERTEX
  5
472
  8
T9-T3_POCKET
 10
1.645721579313769
 20
40.75035519717025
 30
0.0
  0
VERTEX
  5
473
  8
T9-T3_POCKET
 10
1.631487409218698
 20
40.74104326152479
 30
0.0
  0
VERTEX
  5
474
  8
T9-T3_POCKET
 10
1.616816857707357
 20
40.73218989618116
 30
0.0
  0
VERTEX
  5
475
  8
T9-T3_POCKET
 10
1.601709924779748
 20
40.72379510113939
 30
0.0
  0
VERTEX
  5
476
  8
T9-T3_POCKET
 10
1.586116685443332
 20
40.71588476343262
 30
0.0
  0
VERTEX
  5
477
  8
T9-T3_POCKET
 10
1.569987214705567
 20
40.70848477009402
 30
0.0
  0
VERTEX
  5
478
  8
T9-T3_POCKET
 10
1.553321512566456
 20
40.70159512112362
 30
0.0
  0
VERTEX
  5
479
  8
T9-T3_POCKET
 10
1.536119579025997
 20
40.69521581652138
 30
0.0
  0
VERTEX
  5
47A
  8
T9-T3_POCKET
 10
1.518381414084191
 20
40.68934685628733
 30
0.0
  0
VERTEX
  5
47B
  8
T9-T3_POCKET
 10
1.500107017741038
 20
40.68398824042145
 30
0.0
  0
VERTEX
  5
47C
  8
T9-T3_POCKET
 10
1.481296389996538
 20
40.67913996892376
 30
0.0
  0
VERTEX
  5
47D
  8
T9-T3_POCKET
 10
1.46194953085069
 20
40.67480204179424
 30
0.0
  0
VERTEX
  5
47E
  8
T9-T3_POCKET
 10
1.442066440303495
 20
40.6709744590329
 30
0.0
  0
VERTEX
  5
47F
  8
T9-T3_POCKET
 10
1.421647118354953
 20
40.66765722063973
 30
0.0
  0
VERTEX
  5
480
  8
T9-T3_POCKET
 10
1.400691565005064
 20
40.66485032661475
 30
0.0
  0
VERTEX
  5
481
  8
T9-T3_POCKET
 10
1.379199780253828
 20
40.66255377695795
 30
0.0
  0
VERTEX
  5
482
  8
T9-T3_POCKET
 10
1.357171764101244
 20
40.66076757166933
 30
0.0
  0
VERTEX
  5
483
  8
T9-T3_POCKET
 10
1.334607516547313
 20
40.65949171074887
 30
0.0
  0
VERTEX
  5
484
  8
T9-T3_POCKET
 10
1.311507037592035
 20
40.6587261941966
 30
0.0
  0
VERTEX
  5
485
  8
T9-T3_POCKET
 10
1.28787032723541
 20
40.65847102201251
 30
0.0
  0
VERTEX
  5
486
  8
T9-T3_POCKET
 10
1.254165410050041
 20
40.65887781824802
 30
0.0
  0
VERTEX
  5
487
  8
T9-T3_POCKET
 10
1.221688277866379
 20
40.66009820695453
 30
0.0
  0
VERTEX
  5
488
  8
T9-T3_POCKET
 10
1.190438930684421
 20
40.66213218813206
 30
0.0
  0
VERTEX
  5
489
  8
T9-T3_POCKET
 10
1.160417368504168
 20
40.66497976178059
 30
0.0
  0
VERTEX
  5
48A
  8
T9-T3_POCKET
 10
1.131623591325621
 20
40.66864092790013
 30
0.0
  0
VERTEX
  5
48B
  8
T9-T3_POCKET
 10
1.10405759914878
 20
40.67311568649068
 30
0.0
  0
VERTEX
  5
48C
  8
T9-T3_POCKET
 10
1.077719391973643
 20
40.67840403755225
 30
0.0
  0
VERTEX
  5
48D
  8
T9-T3_POCKET
 10
1.052608969800212
 20
40.68450598108482
 30
0.0
  0
VERTEX
  5
48E
  8
T9-T3_POCKET
 10
1.028571010429476
 20
40.6914141207932
 30
0.0
  0
VERTEX
  5
48F
  8
T9-T3_POCKET
 10
1.005450191662423
 20
40.69912106038222
 30
0.0
  0
VERTEX
  5
490
  8
T9-T3_POCKET
 10
0.9832465134990527
 20
40.70762679985187
 30
0.0
  0
VERTEX
  5
491
  8
T9-T3_POCKET
 10
0.9619599759393664
 20
40.71693133920214
 30
0.0
  0
VERTEX
  5
492
  8
T9-T3_POCKET
 10
0.9415905789833636
 20
40.72703467843304
 30
0.0
  0
VERTEX
  5
493
  8
T9-T3_POCKET
 10
0.9221383226310444
 20
40.73793681754457
 30
0.0
  0
VERTEX
  5
494
  8
T9-T3_POCKET
 10
0.9036032068824088
 20
40.74963775653673
 30
0.0
  0
VERTEX
  5
495
  8
T9-T3_POCKET
 10
0.8859852317374566
 20
40.76213749540951
 30
0.0
  0
VERTEX
  5
496
  8
T9-T3_POCKET
 10
0.8692326231298508
 20
40.77525112678315
 30
0.0
  0
VERTEX
  5
497
  8
T9-T3_POCKET
 10
0.8532936069932546
 20
40.78879374327786
 30
0.0
  0
VERTEX
  5
498
  8
T9-T3_POCKET
 10
0.838168183327668
 20
40.80276534489366
 30
0.0
  0
VERTEX
  5
499
  8
T9-T3_POCKET
 10
0.8238563521330908
 20
40.81716593163053
 30
0.0
  0
VERTEX
  5
49A
  8
T9-T3_POCKET
 10
0.8103581134095235
 20
40.83199550348847
 30
0.0
  0
VERTEX
  5
49B
  8
T9-T3_POCKET
 10
0.7976734671569654
 20
40.84725406046749
 30
0.0
  0
VERTEX
  5
49C
  8
T9-T3_POCKET
 10
0.7858024133754169
 20
40.8629416025676
 30
0.0
  0
VERTEX
  5
49D
  8
T9-T3_POCKET
 10
0.774744952064878
 20
40.87905812978877
 30
0.0
  0
VERTEX
  5
49E
  8
T9-T3_POCKET
 10
0.7643161758455739
 20
40.89589209764348
 30
0.0
  0
VERTEX
  5
49F
  8
T9-T3_POCKET
 10
0.7543311773377294
 20
40.91373196164416
 30
0.0
  0
VERTEX
  5
4A0
  8
T9-T3_POCKET
 10
0.7447899565413446
 20
40.93257772179082
 30
0.0
  0
VERTEX
  5
4A1
  8
T9-T3_POCKET
 10
0.7356925134564196
 20
40.95242937808345
 30
0.0
  0
VERTEX
  5
4A2
  8
T9-T3_POCKET
 10
0.7270388480829544
 20
40.97328693052206
 30
0.0
  0
VERTEX
  5
4A3
  8
T9-T3_POCKET
 10
0.718828960420949
 20
40.99515037910665
 30
0.0
  0
VERTEX
  5
4A4
  8
T9-T3_POCKET
 10
0.7110628504704033
 20
41.0180197238372
 30
0.0
  0
VERTEX
  5
4A5
  8
T9-T3_POCKET
 10
0.7037405182313173
 20
41.04189496471374
 30
0.0
  0
VERTEX
  5
4A6
  8
T9-T3_POCKET
 10
1.093791541423677
 20
41.08449762501387
 30
0.0
  0
VERTEX
  5
4A7
  8
T9-T3_POCKET
 10
1.095714578173336
 20
41.07295755544212
 30
0.0
  0
VERTEX
  5
4A8
  8
T9-T3_POCKET
 10
1.097933466730635
 20
41.06176880989194
 30
0.0
  0
VERTEX
  5
4A9
  8
T9-T3_POCKET
 10
1.100448207095574
 20
41.05093138836334
 30
0.0
  0
VERTEX
  5
4AA
  8
T9-T3_POCKET
 10
1.103258799268152
 20
41.0404452908563
 30
0.0
  0
VERTEX
  5
4AB
  8
T9-T3_POCKET
 10
1.10636524324837
 20
41.03031051737084
 30
0.0
  0
VERTEX
  5
4AC
  8
T9-T3_POCKET
 10
1.109767539036228
 20
41.02052706790695
 30
0.0
  0
VERTEX
  5
4AD
  8
T9-T3_POCKET
 10
1.113465686631726
 20
41.01109494246463
 30
0.0
  0
VERTEX
  5
4AE
  8
T9-T3_POCKET
 10
1.117459686034864
 20
41.00201414104389
 30
0.0
  0
VERTEX
  5
4AF
  8
T9-T3_POCKET
 10
1.121749537245642
 20
40.99328466364472
 30
0.0
  0
VERTEX
  5
4B0
  8
T9-T3_POCKET
 10
1.126335240264059
 20
40.98490651026711
 30
0.0
  0
VERTEX
  5
4B1
  8
T9-T3_POCKET
 10
1.131216795090116
 20
40.97687968091108
 30
0.0
  0
VERTEX
  5
4B2
  8
T9-T3_POCKET
 10
1.136394201723814
 20
40.96920417557662
 30
0.0
  0
VERTEX
  5
4B3
  8
T9-T3_POCKET
 10
1.141867460165151
 20
40.96187999426374
 30
0.0
  0
VERTEX
  5
4B4
  8
T9-T3_POCKET
 10
1.147636570414128
 20
40.95490713697242
 30
0.0
  0
VERTEX
  5
4B5
  8
T9-T3_POCKET
 10
1.153701532470744
 20
40.94828560370269
 30
0.0
  0
VERTEX
  5
4B6
  8
T9-T3_POCKET
 10
1.160062346335001
 20
40.94201539445453
 30
0.0
  0
VERTEX
  5
4B7
  8
T9-T3_POCKET
 10
1.166648747202583
 20
40.93611130181831
 30
0.0
  0
VERTEX
  5
4B8
  8
T9-T3_POCKET
 10
1.173390470269176
 20
40.93058811838443
 30
0.0
  0
VERTEX
  5
4B9
  8
T9-T3_POCKET
 10
1.180287515534779
 20
40.9254458441529
 30
0.0
  0
VERTEX
  5
4BA
  8
T9-T3_POCKET
 10
1.187339882999394
 20
40.92068447912369
 30
0.0
  0
VERTEX
  5
4BB
  8
T9-T3_POCKET
 10
1.194547572663019
 20
40.91630402329683
 30
0.0
  0
VERTEX
  5
4BC
  8
T9-T3_POCKET
 10
1.201910584525656
 20
40.9123044766723
 30
0.0
  0
VERTEX
  5
4BD
  8
T9-T3_POCKET
 10
1.209428918587303
 20
40.9086858392501
 30
0.0
  0
VERTEX
  5
4BE
  8
T9-T3_POCKET
 10
1.217102574847961
 20
40.90544811103025
 30
0.0
  0
VERTEX
  5
4BF
  8
T9-T3_POCKET
 10
1.22493155330763
 20
40.90259129201272
 30
0.0
  0
VERTEX
  5
4C0
  8
T9-T3_POCKET
 10
1.23291585396631
 20
40.90011538219753
 30
0.0
  0
VERTEX
  5
4C1
  8
T9-T3_POCKET
 10
1.241055476824001
 20
40.89802038158469
 30
0.0
  0
VERTEX
  5
4C2
  8
T9-T3_POCKET
 10
1.249350421880703
 20
40.89630629017417
 30
0.0
  0
VERTEX
  5
4C3
  8
T9-T3_POCKET
 10
1.257800689136416
 20
40.894973107966
 30
0.0
  0
VERTEX
  5
4C4
  8
T9-T3_POCKET
 10
1.26640627859114
 20
40.89402083496016
 30
0.0
  0
VERTEX
  5
4C5
  8
T9-T3_POCKET
 10
1.275167190244875
 20
40.89344947115666
 30
0.0
  0
VERTEX
  5
4C6
  8
T9-T3_POCKET
 10
1.28408342409762
 20
40.89325901655548
 30
0.0
  0
VERTEX
  5
4C7
  8
T9-T3_POCKET
 10
1.294033290203307
 20
40.89349754707539
 30
0.0
  0
VERTEX
  5
4C8
  8
T9-T3_POCKET
 10
1.30376496560086
 20
40.89421313863512
 30
0.0
  0
VERTEX
  5
4C9
  8
T9-T3_POCKET
 10
1.313278450290279
 20
40.89540579123468
 30
0.0
  0
VERTEX
  5
4CA
  8
T9-T3_POCKET
 10
1.322573744271563
 20
40.89707550487404
 30
0.0
  0
VERTEX
  5
4CB
  8
T9-T3_POCKET
 10
1.331650847544713
 20
40.89922227955323
 30
0.0
  0
VERTEX
  5
4CC
  8
T9-T3_POCKET
 10
1.340509760109728
 20
40.90184611527224
 30
0.0
  0
VERTEX
  5
4CD
  8
T9-T3_POCKET
 10
1.349150481966609
 20
40.90494701203106
 30
0.0
  0
VERTEX
  5
4CE
  8
T9-T3_POCKET
 10
1.357573013115356
 20
40.9085249698297
 30
0.0
  0
VERTEX
  5
4CF
  8
T9-T3_POCKET
 10
1.365777353555968
 20
40.91257998866816
 30
0.0
  0
VERTEX
  5
4D0
  8
T9-T3_POCKET
 10
1.373763503288446
 20
40.91711206854644
 30
0.0
  0
VERTEX
  5
4D1
  8
T9-T3_POCKET
 10
1.381531462312789
 20
40.92212120946455
 30
0.0
  0
VERTEX
  5
4D2
  8
T9-T3_POCKET
 10
1.389081230628998
 20
40.92760741142247
 30
0.0
  0
VERTEX
  5
4D3
  8
T9-T3_POCKET
 10
1.396412808237073
 20
40.93357067442022
 30
0.0
  0
VERTEX
  5
4D4
  8
T9-T3_POCKET
 10
1.403526195137013
 20
40.94001099845778
 30
0.0
  0
VERTEX
  5
4D5
  8
T9-T3_POCKET
 10
1.410421391328819
 20
40.94692838353515
 30
0.0
  0
VERTEX
  5
4D6
  8
T9-T3_POCKET
 10
1.417098396812491
 20
40.95432282965235
 30
0.0
  0
VERTEX
  5
4D7
  8
T9-T3_POCKET
 10
1.423461059750545
 20
40.96219063866177
 30
0.0
  0
VERTEX
  5
4D8
  8
T9-T3_POCKET
 10
1.429413228305499
 20
40.97052811241582
 30
0.0
  0
VERTEX
  5
4D9
  8
T9-T3_POCKET
 10
1.434954902477352
 20
40.9793352509145
 30
0.0
  0
VERTEX
  5
4DA
  8
T9-T3_POCKET
 10
1.440086082266106
 20
40.98861205415781
 30
0.0
  0
VERTEX
  5
4DB
  8
T9-T3_POCKET
 10
1.444806767671759
 20
40.99835852214574
 30
0.0
  0
VERTEX
  5
4DC
  8
T9-T3_POCKET
 10
1.449116958694312
 20
41.0085746548783
 30
0.0
  0
VERTEX
  5
4DD
  8
T9-T3_POCKET
 10
1.453016655333764
 20
41.0192604523555
 30
0.0
  0
VERTEX
  5
4DE
  8
T9-T3_POCKET
 10
1.456505857590117
 20
41.03041591457732
 30
0.0
  0
VERTEX
  5
4DF
  8
T9-T3_POCKET
 10
1.459584565463369
 20
41.04204104154375
 30
0.0
  0
VERTEX
  5
4E0
  8
T9-T3_POCKET
 10
1.46225277895352
 20
41.05413583325483
 30
0.0
  0
VERTEX
  5
4E1
  8
T9-T3_POCKET
 10
1.464510498060572
 20
41.06670028971054
 30
0.0
  0
VERTEX
  5
4E2
  8
T9-T3_POCKET
 10
1.466357722784523
 20
41.07973441091087
 30
0.0
  0
VERTEX
  5
4E3
  8
T9-T3_POCKET
 10
1.467794453125374
 20
41.09323819685584
 30
0.0
  0
VERTEX
  5
4E4
  8
T9-T3_POCKET
 10
1.468820689083125
 20
41.10721164754543
 30
0.0
  0
VERTEX
  5
4E5
  8
T9-T3_POCKET
 10
1.469436430657775
 20
41.12165476297965
 30
0.0
  0
VERTEX
  5
4E6
  8
T9-T3_POCKET
 10
1.469641677849325
 20
41.13656754315848
 30
0.0
  0
VERTEX
  5
4E7
  8
T9-T3_POCKET
 10
1.469434581583977
 20
41.15181130754713
 30
0.0
  0
VERTEX
  5
4E8
  8
T9-T3_POCKET
 10
1.468813292787934
 20
41.1665373312724
 30
0.0
  0
VERTEX
  5
4E9
  8
T9-T3_POCKET
 10
1.467777811461194
 20
41.18074561433431
 30
0.0
  0
VERTEX
  5
4EA
  8
T9-T3_POCKET
 10
1.466328137603759
 20
41.19443615673283
 30
0.0
  0
VERTEX
  5
4EB
  8
T9-T3_POCKET
 10
1.464464271215628
 20
41.207608958468
 30
0.0
  0
VERTEX
  5
4EC
  8
T9-T3_POCKET
 10
1.462186212296801
 20
41.22026401953978
 30
0.0
  0
VERTEX
  5
4ED
  8
T9-T3_POCKET
 10
1.459493960847279
 20
41.23240133994821
 30
0.0
  0
VERTEX
  5
4EE
  8
T9-T3_POCKET
 10
1.456387516867061
 20
41.24402091969327
 30
0.0
  0
VERTEX
  5
4EF
  8
T9-T3_POCKET
 10
1.452866880356147
 20
41.25512275877496
 30
0.0
  0
VERTEX
  5
4F0
  8
T9-T3_POCKET
 10
1.448932051314537
 20
41.26570685719327
 30
0.0
  0
VERTEX
  5
4F1
  8
T9-T3_POCKET
 10
1.444583029742231
 20
41.27577321494822
 30
0.0
  0
VERTEX
  5
4F2
  8
T9-T3_POCKET
 10
1.43981981563923
 20
41.28532183203979
 30
0.0
  0
VERTEX
  5
4F3
  8
T9-T3_POCKET
 10
1.434642409005533
 20
41.294352708468
 30
0.0
  0
VERTEX
  5
4F4
  8
T9-T3_POCKET
 10
1.42905080984114
 20
41.30286584423283
 30
0.0
  0
VERTEX
  5
4F5
  8
T9-T3_POCKET
 10
1.423045018146051
 20
41.31086123933431
 30
0.0
  0
VERTEX
  5
4F6
  8
T9-T3_POCKET
 10
1.416625033920267
 20
41.31833889377241
 30
0.0
  0
VERTEX
  5
4F7
  8
T9-T3_POCKET
 10
1.409861121968101
 20
41.32533209087549
 30
0.0
  0
VERTEX
  5
4F8
  8
T9-T3_POCKET
 10
1.402823547093869
 20
41.33187411397192
 30
0.0
  0
VERTEX
  5
4F9
  8
T9-T3_POCKET
 10
1.395512309297569
 20
41.33796496306171
 30
0.0
  0
VERTEX
  5
4FA
  8
T9-T3_POCKET
 10
1.387927408579203
 20
41.34360463814484
 30
0.0
  0
VERTEX
  5
4FB
  8
T9-T3_POCKET
 10
1.380068844938769
 20
41.34879313922132
 30
0.0
  0
VERTEX
  5
4FC
  8
T9-T3_POCKET
 10
1.37193661837627
 20
41.35353046629115
 30
0.0
  0
VERTEX
  5
4FD
  8
T9-T3_POCKET
 10
1.363530728891703
 20
41.35781661935434
 30
0.0
  0
VERTEX
  5
4FE
  8
T9-T3_POCKET
 10
1.354851176485069
 20
41.36165159841087
 30
0.0
  0
VERTEX
  5
4FF
  8
T9-T3_POCKET
 10
1.345897961156368
 20
41.36503540346075
 30
0.0
  0
VERTEX
  5
500
  8
T9-T3_POCKET
 10
1.336671082905601
 20
41.36796803450398
 30
0.0
  0
VERTEX
  5
501
  8
T9-T3_POCKET
 10
1.327170541732767
 20
41.37044949154056
 30
0.0
  0
VERTEX
  5
502
  8
T9-T3_POCKET
 10
1.317396337637866
 20
41.37247977457049
 30
0.0
  0
VERTEX
  5
503
  8
T9-T3_POCKET
 10
1.307348470620898
 20
41.37405888359377
 30
0.0
  0
VERTEX
  5
504
  8
T9-T3_POCKET
 10
1.297026940681863
 20
41.37518681861039
 30
0.0
  0
VERTEX
  5
505
  8
T9-T3_POCKET
 10
1.286431747820761
 20
41.37586357962037
 30
0.0
  0
VERTEX
  5
506
  8
T9-T3_POCKET
 10
1.275562892037593
 20
41.3760891666237
 30
0.0
  0
VERTEX
  5
507
  8
T9-T3_POCKET
 10
1.261657857078521
 20
41.37566018150262
 30
0.0
  0
VERTEX
  5
508
  8
T9-T3_POCKET
 10
1.247871162842504
 20
41.37437322613938
 30
0.0
  0
VERTEX
  5
509
  8
T9-T3_POCKET
 10
1.234202809329544
 20
41.37222830053399
 30
0.0
  0
VERTEX
  5
50A
  8
T9-T3_POCKET
 10
1.220652796539639
 20
41.36922540468645
 30
0.0
  0
VERTEX
  5
50B
  8
T9-T3_POCKET
 10
1.207221124472791
 20
41.36536453859675
 30
0.0
  0
VERTEX
  5
50C
  8
T9-T3_POCKET
 10
1.193907793128998
 20
41.36064570226489
 30
0.0
  0
VERTEX
  5
50D
  8
T9-T3_POCKET
 10
1.180712802508261
 20
41.35506889569088
 30
0.0
  0
VERTEX
  5
50E
  8
T9-T3_POCKET
 10
1.167636152610581
 20
41.34863411887472
 30
0.0
  0
VERTEX
  5
50F
  8
T9-T3_POCKET
 10
1.157813872596938
 20
41.34316086043339
 30
0.0
  0
VERTEX
  5
510
  8
T9-T3_POCKET
 10
1.147754911137183
 20
41.33668170584607
 30
0.0
  0
VERTEX
  5
511
  8
T9-T3_POCKET
 10
1.137459268231317
 20
41.32919665511278
 30
0.0
  0
VERTEX
  5
512
  8
T9-T3_POCKET
 10
1.126926943879339
 20
41.32070570823352
 30
0.0
  0
VERTEX
  5
513
  8
T9-T3_POCKET
 10
1.116157938081249
 20
41.31120886520828
 30
0.0
  0
VERTEX
  5
514
  8
T9-T3_POCKET
 10
1.105152250837047
 20
41.30070612603707
 30
0.0
  0
VERTEX
  5
515
  8
T9-T3_POCKET
 10
1.093909882146733
 20
41.28919749071989
 30
0.0
  0
VERTEX
  5
516
  8
T9-T3_POCKET
 10
1.082430832010308
 20
41.27668295925672
 30
0.0
  0
VERTEX
  5
517
  8
T9-T3_POCKET
 10
0.7539169848070335
 20
41.32401924847909
 30
0.0
  0
SEQEND
  5
93D
  8
T9-T3_POCKET
  0
POLYLINE
  5
82
  8
T3_PROFILE_INSIDE_2
 66
     1
 10
0.0
 20
0.0
 30
0.0
 70
     1
  0
VERTEX
  5
518
  8
T3_PROFILE_INSIDE_2
 10
0.7096632370307177
 20
64.92801494310967
 30
0.0
  0
VERTEX
  5
519
  8
T3_PROFILE_INSIDE_2
 10
0.7099072941713104
 20
64.93766385645633
 30
0.0
  0
VERTEX
  5
51A
  8
T3_PROFILE_INSIDE_2
 10
0.7106314323314472
 20
64.94718607671315
 30
0.0
  0
VERTEX
  5
51B
  8
T3_PROFILE_INSIDE_2
 10
0.7118238716167702
 20
64.9565698242042
 30
0.0
  0
VERTEX
  5
51C
  8
T3_PROFILE_INSIDE_2
 10
0.7134728321329211
 20
64.96580331925348
 30
0.0
  0
VERTEX
  5
51D
  8
T3_PROFILE_INSIDE_2
 10
0.7155665339855422
 20
64.97487478218508
 30
0.0
  0
VERTEX
  5
51E
  8
T3_PROFILE_INSIDE_2
 10
0.718093197280275
 20
64.98377243332304
 30
0.0
  0
VERTEX
  5
51F
  8
T3_PROFILE_INSIDE_2
 10
0.7210410421227618
 20
64.9924844929914
 30
0.0
  0
VERTEX
  5
520
  8
T3_PROFILE_INSIDE_2
 10
0.7243982886186444
 20
65.0009991815142
 30
0.0
  0
VERTEX
  5
521
  8
T3_PROFILE_INSIDE_2
 10
0.7281531568735649
 20
65.00930471921549
 30
0.0
  0
VERTEX
  5
522
  8
T3_PROFILE_INSIDE_2
 10
0.732293866993165
 20
65.01738932641933
 30
0.0
  0
VERTEX
  5
523
  8
T3_PROFILE_INSIDE_2
 10
0.7368086390830868
 20
65.02524122344977
 30
0.0
  0
VERTEX
  5
524
  8
T3_PROFILE_INSIDE_2
 10
0.7416856932489724
 20
65.03284863063082
 30
0.0
  0
VERTEX
  5
525
  8
T3_PROFILE_INSIDE_2
 10
0.7469132495964634
 20
65.04019976828656
 30
0.0
  0
VERTEX
  5
526
  8
T3_PROFILE_INSIDE_2
 10
0.7524795282312021
 20
65.04728285674102
 30
0.0
  0
VERTEX
  5
527
  8
T3_PROFILE_INSIDE_2
 10
0.7583727492588302
 20
65.05408611631825
 30
0.0
  0
VERTEX
  5
528
  8
T3_PROFILE_INSIDE_2
 10
0.7645811327849898
 20
65.0605977673423
 30
0.0
  0
VERTEX
  5
529
  8
T3_PROFILE_INSIDE_2
 10
0.7710928989153228
 20
65.06680603013723
 30
0.0
  0
VERTEX
  5
52A
  8
T3_PROFILE_INSIDE_2
 10
0.7778962677554712
 20
65.07269912502707
 30
0.0
  0
VERTEX
  5
52B
  8
T3_PROFILE_INSIDE_2
 10
0.7849794594110768
 20
65.07826527233587
 30
0.0
  0
VERTEX
  5
52C
  8
T3_PROFILE_INSIDE_2
 10
0.7923306939877817
 20
65.08349269238765
 30
0.0
  0
VERTEX
  5
52D
  8
T3_PROFILE_INSIDE_2
 10
0.7999381915912278
 20
65.0883696055065
 30
0.0
  0
VERTEX
  5
52E
  8
T3_PROFILE_INSIDE_2
 10
0.807790172327057
 20
65.09288423201644
 30
0.0
  0
VERTEX
  5
52F
  8
T3_PROFILE_INSIDE_2
 10
0.8158748563009113
 20
65.09702479224157
 30
0.0
  0
VERTEX
  5
530
  8
T3_PROFILE_INSIDE_2
 10
0.8241804636184327
 20
65.10077950650586
 30
0.0
  0
VERTEX
  5
531
  8
T3_PROFILE_INSIDE_2
 10
0.8326952143852631
 20
65.10413659513338
 30
0.0
  0
VERTEX
  5
532
  8
T3_PROFILE_INSIDE_2
 10
0.8414073287070444
 20
65.10708427844821
 30
0.0
  0
VERTEX
  5
533
  8
T3_PROFILE_INSIDE_2
 10
0.8503050266894185
 20
65.10961077677435
 30
0.0
  0
VERTEX
  5
534
  8
T3_PROFILE_INSIDE_2
 10
0.8593765284380277
 20
65.11170431043588
 30
0.0
  0
VERTEX
  5
535
  8
T3_PROFILE_INSIDE_2
 10
0.8686100540585135
 20
65.11335309975684
 30
0.0
  0
VERTEX
  5
536
  8
T3_PROFILE_INSIDE_2
 10
0.8779938236565182
 20
65.11454536506125
 30
0.0
  0
VERTEX
  5
537
  8
T3_PROFILE_INSIDE_2
 10
0.8875160573376836
 20
65.1152693266732
 30
0.0
  0
VERTEX
  5
538
  8
T3_PROFILE_INSIDE_2
 10
0.8971649752076516
 20
65.11551320491671
 30
0.0
  0
VERTEX
  5
539
  8
T3_PROFILE_INSIDE_2
 10
0.9068138885543031
 20
65.11526914777613
 30
0.0
  0
VERTEX
  5
53A
  8
T3_PROFILE_INSIDE_2
 10
0.916336108811122
 20
65.11454500961602
 30
0.0
  0
VERTEX
  5
53B
  8
T3_PROFILE_INSIDE_2
 10
0.925719856302155
 20
65.1133525703307
 30
0.0
  0
VERTEX
  5
53C
  8
T3_PROFILE_INSIDE_2
 10
0.9349533513514484
 20
65.11170360981455
 30
0.0
  0
VERTEX
  5
53D
  8
T3_PROFILE_INSIDE_2
 10
0.944024814283049
 20
65.10960990796194
 30
0.0
  0
VERTEX
  5
53E
  8
T3_PROFILE_INSIDE_2
 10
0.9529224654210033
 20
65.10708324466722
 30
0.0
  0
VERTEX
  5
53F
  8
T3_PROFILE_INSIDE_2
 10
0.9616345250893581
 20
65.10413539982474
 30
0.0
  0
VERTEX
  5
540
  8
T3_PROFILE_INSIDE_2
 10
0.9701492136121596
 20
65.10077815332886
 30
0.0
  0
VERTEX
  5
541
  8
T3_PROFILE_INSIDE_2
 10
0.9784547513134545
 20
65.09702328507394
 30
0.0
  0
VERTEX
  5
542
  8
T3_PROFILE_INSIDE_2
 10
0.9865393585172897
 20
65.09288257495434
 30
0.0
  0
VERTEX
  5
543
  8
T3_PROFILE_INSIDE_2
 10
0.9943912555477112
 20
65.08836780286443
 30
0.0
  0
VERTEX
  5
544
  8
T3_PROFILE_INSIDE_2
 10
1.001998662728766
 20
65.08349074869855
 30
0.0
  0
VERTEX
  5
545
  8
T3_PROFILE_INSIDE_2
 10
1.009349800384501
 20
65.07826319235107
 30
0.0
  0
VERTEX
  5
546
  8
T3_PROFILE_INSIDE_2
 10
1.016432888838962
 20
65.07269691371631
 30
0.0
  0
VERTEX
  5
547
  8
T3_PROFILE_INSIDE_2
 10
1.023236148416196
 20
65.06680369268868
 30
0.0
  0
VERTEX
  5
548
  8
T3_PROFILE_INSIDE_2
 10
1.02974779944025
 20
65.06059530916252
 30
0.0
  0
VERTEX
  5
549
  8
T3_PROFILE_INSIDE_2
 10
1.035956062235169
 20
65.05408354303219
 30
0.0
  0
VERTEX
  5
54A
  8
T3_PROFILE_INSIDE_2
 10
1.041849157125001
 20
65.04728017419204
 30
0.0
  0
VERTEX
  5
54B
  8
T3_PROFILE_INSIDE_2
 10
1.047415304433793
 20
65.04019698253643
 30
0.0
  0
VERTEX
  5
54C
  8
T3_PROFILE_INSIDE_2
 10
1.05264272448559
 20
65.03284574795973
 30
0.0
  0
VERTEX
  5
54D
  8
T3_PROFILE_INSIDE_2
 10
1.05751963760444
 20
65.02523825035627
 30
0.0
  0
VERTEX
  5
54E
  8
T3_PROFILE_INSIDE_2
 10
1.062034264114389
 20
65.01738626962043
 30
0.0
  0
VERTEX
  5
54F
  8
T3_PROFILE_INSIDE_2
 10
1.066174824339484
 20
65.00930158564657
 30
0.0
  0
VERTEX
  5
550
  8
T3_PROFILE_INSIDE_2
 10
1.06992953860377
 20
65.00099597832906
 30
0.0
  0
VERTEX
  5
551
  8
T3_PROFILE_INSIDE_2
 10
1.073286627231296
 20
64.99248122756222
 30
0.0
  0
VERTEX
  5
552
  8
T3_PROFILE_INSIDE_2
 10
1.076234310546106
 20
64.98376911324044
 30
0.0
  0
VERTEX
  5
553
  8
T3_PROFILE_INSIDE_2
 10
1.078760808872249
 20
64.97487141525806
 30
0.0
  0
VERTEX
  5
554
  8
T3_PROFILE_INSIDE_2
 10
1.08085434253377
 20
64.96579991350946
 30
0.0
  0
VERTEX
  5
555
  8
T3_PROFILE_INSIDE_2
 10
1.082503131854716
 20
64.95656638788898
 30
0.0
  0
VERTEX
  5
556
  8
T3_PROFILE_INSIDE_2
 10
1.083695397159134
 20
64.94718261829098
 30
0.0
  0
VERTEX
  5
557
  8
T3_PROFILE_INSIDE_2
 10
1.08441935877107
 20
64.9376603846098
 30
0.0
  0
VERTEX
  5
558
  8
T3_PROFILE_INSIDE_2
 10
1.084663237014571
 20
64.92801146673983
 30
0.0
  0
VERTEX
  5
559
  8
T3_PROFILE_INSIDE_2
 10
1.084419179873998
 20
64.91836255339318
 30
0.0
  0
VERTEX
  5
55A
  8
T3_PROFILE_INSIDE_2
 10
1.083695041713881
 20
64.90884033313635
 30
0.0
  0
VERTEX
  5
55B
  8
T3_PROFILE_INSIDE_2
 10
1.082502602428576
 20
64.89945658564532
 30
0.0
  0
VERTEX
  5
55C
  8
T3_PROFILE_INSIDE_2
 10
1.080853641912442
 20
64.89022309059604
 30
0.0
  0
VERTEX
  5
55D
  8
T3_PROFILE_INSIDE_2
 10
1.078759940059837
 20
64.88115162766442
 30
0.0
  0
VERTEX
  5
55E
  8
T3_PROFILE_INSIDE_2
 10
1.076233276765119
 20
64.87225397652648
 30
0.0
  0
VERTEX
  5
55F
  8
T3_PROFILE_INSIDE_2
 10
1.073285431922646
 20
64.86354191685813
 30
0.0
  0
VERTEX
  5
560
  8
T3_PROFILE_INSIDE_2
 10
1.069928185426776
 20
64.85502722833533
 30
0.0
  0
VERTEX
  5
561
  8
T3_PROFILE_INSIDE_2
 10
1.066173317171867
 20
64.84672169063404
 30
0.0
  0
VERTEX
  5
562
  8
T3_PROFILE_INSIDE_2
 10
1.062032607052278
 20
64.8386370834302
 30
0.0
  0
VERTEX
  5
563
  8
T3_PROFILE_INSIDE_2
 10
1.057517834962366
 20
64.83078518639977
 30
0.0
  0
VERTEX
  5
564
  8
T3_PROFILE_INSIDE_2
 10
1.052640780796489
 20
64.82317777921872
 30
0.0
  0
VERTEX
  5
565
  8
T3_PROFILE_INSIDE_2
 10
1.047413224449006
 20
64.81582664156299
 30
0.0
  0
VERTEX
  5
566
  8
T3_PROFILE_INSIDE_2
 10
1.041846945814275
 20
64.80874355310853
 30
0.0
  0
VERTEX
  5
567
  8
T3_PROFILE_INSIDE_2
 10
1.035953724786653
 20
64.80194029353129
 30
0.0
  0
VERTEX
  5
568
  8
T3_PROFILE_INSIDE_2
 10
1.029745341260499
 20
64.79542864250725
 30
0.0
  0
VERTEX
  5
569
  8
T3_PROFILE_INSIDE_2
 10
1.023233575130171
 20
64.78922037971233
 30
0.0
  0
VERTEX
  5
56A
  8
T3_PROFILE_INSIDE_2
 10
1.016430206290027
 20
64.78332728482249
 30
0.0
  0
VERTEX
  5
56B
  8
T3_PROFILE_INSIDE_2
 10
1.009347014634426
 20
64.77776113751369
 30
0.0
  0
VERTEX
  5
56C
  8
T3_PROFILE_INSIDE_2
 10
1.001995780057724
 20
64.7725337174619
 30
0.0
  0
VERTEX
  5
56D
  8
T3_PROFILE_INSIDE_2
 10
0.9943882824542812
 20
64.76765680434303
 30
0.0
  0
VERTEX
  5
56E
  8
T3_PROFILE_INSIDE_2
 10
0.9865363017184545
 20
64.76314217783309
 30
0.0
  0
VERTEX
  5
56F
  8
T3_PROFILE_INSIDE_2
 10
0.9784516177446021
 20
64.75900161760799
 30
0.0
  0
VERTEX
  5
570
  8
T3_PROFILE_INSIDE_2
 10
0.9701460104270824
 20
64.7552469033437
 30
0.0
  0
VERTEX
  5
571
  8
T3_PROFILE_INSIDE_2
 10
0.9616312596602532
 20
64.75188981471618
 30
0.0
  0
VERTEX
  5
572
  8
T3_PROFILE_INSIDE_2
 10
0.9529191453384729
 20
64.74894213140135
 30
0.0
  0
VERTEX
  5
573
  8
T3_PROFILE_INSIDE_2
 10
0.9440214473560995
 20
64.74641563307522
 30
0.0
  0
VERTEX
  5
574
  8
T3_PROFILE_INSIDE_2
 10
0.9349499456074909
 20
64.74432209941368
 30
0.0
  0
VERTEX
  5
575
  8
T3_PROFILE_INSIDE_2
 10
0.9257164199870054
 20
64.74267331009273
 30
0.0
  0
VERTEX
  5
576
  8
T3_PROFILE_INSIDE_2
 10
0.9163326503890008
 20
64.74148104478832
 30
0.0
  0
VERTEX
  5
577
  8
T3_PROFILE_INSIDE_2
 10
0.9068104167078356
 20
64.74075708317636
 30
0.0
  0
VERTEX
  5
578
  8
T3_PROFILE_INSIDE_2
 10
0.8971614988378676
 20
64.74051320493285
 30
0.0
  0
VERTEX
  5
579
  8
T3_PROFILE_INSIDE_2
 10
0.887512585491216
 20
64.74075726207343
 30
0.0
  0
VERTEX
  5
57A
  8
T3_PROFILE_INSIDE_2
 10
0.877990365234397
 20
64.74148140023354
 30
0.0
  0
VERTEX
  5
57B
  8
T3_PROFILE_INSIDE_2
 10
0.868606617743364
 20
64.74267383951886
 30
0.0
  0
VERTEX
  5
57C
  8
T3_PROFILE_INSIDE_2
 10
0.8593731226940702
 20
64.74432280003501
 30
0.0
  0
VERTEX
  5
57D
  8
T3_PROFILE_INSIDE_2
 10
0.8503016597624691
 20
64.74641650188762
 30
0.0
  0
VERTEX
  5
57E
  8
T3_PROFILE_INSIDE_2
 10
0.841404008624514
 20
64.74894316518234
 30
0.0
  0
VERTEX
  5
57F
  8
T3_PROFILE_INSIDE_2
 10
0.8326919489561583
 20
64.75189101002482
 30
0.0
  0
VERTEX
  5
580
  8
T3_PROFILE_INSIDE_2
 10
0.8241772604333555
 20
64.7552482565207
 30
0.0
  0
VERTEX
  5
581
  8
T3_PROFILE_INSIDE_2
 10
0.8158717227320588
 20
64.7590031247756
 30
0.0
  0
VERTEX
  5
582
  8
T3_PROFILE_INSIDE_2
 10
0.8077871155282217
 20
64.7631438348952
 30
0.0
  0
VERTEX
  5
583
  8
T3_PROFILE_INSIDE_2
 10
0.7999352184977975
 20
64.76765860698512
 30
0.0
  0
VERTEX
  5
584
  8
T3_PROFILE_INSIDE_2
 10
0.7923278113167398
 20
64.77253566115101
 30
0.0
  0
VERTEX
  5
585
  8
T3_PROFILE_INSIDE_2
 10
0.7849766736610017
 20
64.77776321749849
 30
0.0
  0
VERTEX
  5
586
  8
T3_PROFILE_INSIDE_2
 10
0.7778935852065367
 20
64.78332949613323
 30
0.0
  0
VERTEX
  5
587
  8
T3_PROFILE_INSIDE_2
 10
0.7710903256292981
 20
64.78922271716085
 30
0.0
  0
VERTEX
  5
588
  8
T3_PROFILE_INSIDE_2
 10
0.7645786746052394
 20
64.79543110068703
 30
0.0
  0
VERTEX
  5
589
  8
T3_PROFILE_INSIDE_2
 10
0.758370411810314
 20
64.80194286681737
 30
0.0
  0
VERTEX
  5
58A
  8
T3_PROFILE_INSIDE_2
 10
0.752477316920475
 20
64.80874623565751
 30
0.0
  0
VERTEX
  5
58B
  8
T3_PROFILE_INSIDE_2
 10
0.7469111696116763
 20
64.8158294273131
 30
0.0
  0
VERTEX
  5
58C
  8
T3_PROFILE_INSIDE_2
 10
0.7416837495598707
 20
64.82318066188982
 30
0.0
  0
VERTEX
  5
58D
  8
T3_PROFILE_INSIDE_2
 10
0.7368068364410121
 20
64.83078815949328
 30
0.0
  0
VERTEX
  5
58E
  8
T3_PROFILE_INSIDE_2
 10
0.7322922099310534
 20
64.8386401402291
 30
0.0
  0
VERTEX
  5
58F
  8
T3_PROFILE_INSIDE_2
 10
0.7281516497059483
 20
64.84672482420297
 30
0.0
  0
VERTEX
  5
590
  8
T3_PROFILE_INSIDE_2
 10
0.72439693544165
 20
64.85503043152048
 30
0.0
  0
VERTEX
  5
591
  8
T3_PROFILE_INSIDE_2
 10
0.721039846814112
 20
64.86354518228731
 30
0.0
  0
VERTEX
  5
592
  8
T3_PROFILE_INSIDE_2
 10
0.7180921634992876
 20
64.87225729660909
 30
0.0
  0
VERTEX
  5
593
  8
T3_PROFILE_INSIDE_2
 10
0.7155656651731304
 20
64.88115499459147
 30
0.0
  0
VERTEX
  5
594
  8
T3_PROFILE_INSIDE_2
 10
0.7134721315115935
 20
64.89022649634006
 30
0.0
  0
VERTEX
  5
595
  8
T3_PROFILE_INSIDE_2
 10
0.7118233421906304
 20
64.89946002196055
 30
0.0
  0
VERTEX
  5
596
  8
T3_PROFILE_INSIDE_2
 10
0.7106310768861945
 20
64.90884379155855
 30
0.0
  0
VERTEX
  5
597
  8
T3_PROFILE_INSIDE_2
 10
0.7099071152742391
 20
64.9183660252397
 30
0.0
  0
SEQEND
  5
93E
  8
T3_PROFILE_INSIDE_2
  0
POLYLINE
  5
83
  8
T3_PROFILE_INSIDE_2
 66
     1
 10
0.0
 20
0.0
 30
0.0
 70
     1
  0
VERTEX
  5
598
  8
T3_PROFILE_INSIDE_2
 10
2.459648752081108
 20
63.36549872011753
 30
0.0
  0
VERTEX
  5
599
  8
T3_PROFILE_INSIDE_2
 10
2.459892809221681
 20
63.37514763346417
 30
0.0
  0
VERTEX
  5
59A
  8
T3_PROFILE_INSIDE_2
 10
2.4606169473818
 20
63.38466985372099
 30
0.0
  0
VERTEX
  5
59B
  8
T3_PROFILE_INSIDE_2
 10
2.461809386667108
 20
63.39405360121202
 30
0.0
  0
VERTEX
  5
59C
  8
T3_PROFILE_INSIDE_2
 10
2.463458347183246
 20
63.40328709626131
 30
0.0
  0
VERTEX
  5
59D
  8
T3_PROFILE_INSIDE_2
 10
2.465552049035856
 20
63.4123585591929
 30
0.0
  0
VERTEX
  5
59E
  8
T3_PROFILE_INSIDE_2
 10
2.468078712330581
 20
63.42125621033085
 30
0.0
  0
VERTEX
  5
59F
  8
T3_PROFILE_INSIDE_2
 10
2.471026557173061
 20
63.42996826999921
 30
0.0
  0
VERTEX
  5
5A0
  8
T3_PROFILE_INSIDE_2
 10
2.474383803668939
 20
63.438482958522
 30
0.0
  0
VERTEX
  5
5A1
  8
T3_PROFILE_INSIDE_2
 10
2.478138671923856
 20
63.44678849622329
 30
0.0
  0
VERTEX
  5
5A2
  8
T3_PROFILE_INSIDE_2
 10
2.482279382043455
 20
63.45487310342713
 30
0.0
  0
VERTEX
  5
5A3
  8
T3_PROFILE_INSIDE_2
 10
2.486794154133376
 20
63.46272500045755
 30
0.0
  0
VERTEX
  5
5A4
  8
T3_PROFILE_INSIDE_2
 10
2.491671208299263
 20
63.47033240763861
 30
0.0
  0
VERTEX
  5
5A5
  8
T3_PROFILE_INSIDE_2
 10
2.496898764646756
 20
63.47768354529433
 30
0.0
  0
VERTEX
  5
5A6
  8
T3_PROFILE_INSIDE_2
 10
2.502465043281498
 20
63.4847666337488
 30
0.0
  0
VERTEX
  5
5A7
  8
T3_PROFILE_INSIDE_2
 10
2.50835826430913
 20
63.49156989332603
 30
0.0
  0
VERTEX
  5
5A8
  8
T3_PROFILE_INSIDE_2
 10
2.514566647835295
 20
63.49808154435009
 30
0.0
  0
VERTEX
  5
5A9
  8
T3_PROFILE_INSIDE_2
 10
2.521078413965633
 20
63.50428980714501
 30
0.0
  0
VERTEX
  5
5AA
  8
T3_PROFILE_INSIDE_2
 10
2.527881782805787
 20
63.51018290203485
 30
0.0
  0
VERTEX
  5
5AB
  8
T3_PROFILE_INSIDE_2
 10
2.5349649744614
 20
63.51574904934364
 30
0.0
  0
VERTEX
  5
5AC
  8
T3_PROFILE_INSIDE_2
 10
2.542316209038111
 20
63.52097646939545
 30
0.0
  0
VERTEX
  5
5AD
  8
T3_PROFILE_INSIDE_2
 10
2.549923706641565
 20
63.52585338251431
 30
0.0
  0
VERTEX
  5
5AE
  8
T3_PROFILE_INSIDE_2
 10
2.557775687377401
 20
63.53036800902426
 30
0.0
  0
VERTEX
  5
5AF
  8
T3_PROFILE_INSIDE_2
 10
2.565860371351262
 20
63.53450856924935
 30
0.0
  0
VERTEX
  5
5B0
  8
T3_PROFILE_INSIDE_2
 10
2.57416597866879
 20
63.53826328351364
 30
0.0
  0
VERTEX
  5
5B1
  8
T3_PROFILE_INSIDE_2
 10
2.582680729435626
 20
63.54162037214117
 30
0.0
  0
VERTEX
  5
5B2
  8
T3_PROFILE_INSIDE_2
 10
2.591392843757413
 20
63.54456805545599
 30
0.0
  0
VERTEX
  5
5B3
  8
T3_PROFILE_INSIDE_2
 10
2.600290541739793
 20
63.54709455378214
 30
0.0
  0
VERTEX
  5
5B4
  8
T3_PROFILE_INSIDE_2
 10
2.609362043488407
 20
63.54918808744367
 30
0.0
  0
VERTEX
  5
5B5
  8
T3_PROFILE_INSIDE_2
 10
2.618595569108896
 20
63.55083687676462
 30
0.0
  0
VERTEX
  5
5B6
  8
T3_PROFILE_INSIDE_2
 10
2.627979338706903
 20
63.55202914206905
 30
0.0
  0
VERTEX
  5
5B7
  8
T3_PROFILE_INSIDE_2
 10
2.63750157238807
 20
63.55275310368099
 30
0.0
  0
VERTEX
  5
5B8
  8
T3_PROFILE_INSIDE_2
 10
2.647150490258039
 20
63.55299698192451
 30
0.0
  0
VERTEX
  5
5B9
  8
T3_PROFILE_INSIDE_2
 10
2.65679940360469
 20
63.55275292478393
 30
0.0
  0
VERTEX
  5
5BA
  8
T3_PROFILE_INSIDE_2
 10
2.666321623861507
 20
63.55202878662381
 30
0.0
  0
VERTEX
  5
5BB
  8
T3_PROFILE_INSIDE_2
 10
2.675705371352538
 20
63.5508363473385
 30
0.0
  0
VERTEX
  5
5BC
  8
T3_PROFILE_INSIDE_2
 10
2.68493886640183
 20
63.54918738682236
 30
0.0
  0
VERTEX
  5
5BD
  8
T3_PROFILE_INSIDE_2
 10
2.694010329333428
 20
63.54709368496975
 30
0.0
  0
VERTEX
  5
5BE
  8
T3_PROFILE_INSIDE_2
 10
2.702907980471379
 20
63.54456702167502
 30
0.0
  0
VERTEX
  5
5BF
  8
T3_PROFILE_INSIDE_2
 10
2.711620040139731
 20
63.54161917683254
 30
0.0
  0
VERTEX
  5
5C0
  8
T3_PROFILE_INSIDE_2
 10
2.720134728662529
 20
63.53826193033667
 30
0.0
  0
VERTEX
  5
5C1
  8
T3_PROFILE_INSIDE_2
 10
2.728440266363821
 20
63.53450706208175
 30
0.0
  0
VERTEX
  5
5C2
  8
T3_PROFILE_INSIDE_2
 10
2.736524873567652
 20
63.53036635196216
 30
0.0
  0
VERTEX
  5
5C3
  8
T3_PROFILE_INSIDE_2
 10
2.74437677059807
 20
63.52585157987224
 30
0.0
  0
VERTEX
  5
5C4
  8
T3_PROFILE_INSIDE_2
 10
2.751984177779121
 20
63.52097452570635
 30
0.0
  0
VERTEX
  5
5C5
  8
T3_PROFILE_INSIDE_2
 10
2.759335315434853
 20
63.51574696935886
 30
0.0
  0
VERTEX
  5
5C6
  8
T3_PROFILE_INSIDE_2
 10
2.766418403889311
 20
63.51018069072412
 30
0.0
  0
VERTEX
  5
5C7
  8
T3_PROFILE_INSIDE_2
 10
2.773221663466542
 20
63.50428746969649
 30
0.0
  0
VERTEX
  5
5C8
  8
T3_PROFILE_INSIDE_2
 10
2.779733314490592
 20
63.49807908617033
 30
0.0
  0
VERTEX
  5
5C9
  8
T3_PROFILE_INSIDE_2
 10
2.785941577285509
 20
63.49156732003999
 30
0.0
  0
VERTEX
  5
5CA
  8
T3_PROFILE_INSIDE_2
 10
2.79183467217534
 20
63.48476395119984
 30
0.0
  0
VERTEX
  5
5CB
  8
T3_PROFILE_INSIDE_2
 10
2.79740081948413
 20
63.47768075954423
 30
0.0
  0
VERTEX
  5
5CC
  8
T3_PROFILE_INSIDE_2
 10
2.802628239535927
 20
63.47032952496753
 30
0.0
  0
VERTEX
  5
5CD
  8
T3_PROFILE_INSIDE_2
 10
2.807505152654776
 20
63.46272202736408
 30
0.0
  0
VERTEX
  5
5CE
  8
T3_PROFILE_INSIDE_2
 10
2.812019779164725
 20
63.45487004662825
 30
0.0
  0
VERTEX
  5
5CF
  8
T3_PROFILE_INSIDE_2
 10
2.81616033938982
 20
63.44678536265439
 30
0.0
  0
VERTEX
  5
5D0
  8
T3_PROFILE_INSIDE_2
 10
2.819915053654109
 20
63.43847975533686
 30
0.0
  0
VERTEX
  5
5D1
  8
T3_PROFILE_INSIDE_2
 10
2.823272142281636
 20
63.42996500457004
 30
0.0
  0
VERTEX
  5
5D2
  8
T3_PROFILE_INSIDE_2
 10
2.826219825596451
 20
63.42125289024825
 30
0.0
  0
VERTEX
  5
5D3
  8
T3_PROFILE_INSIDE_2
 10
2.828746323922597
 20
63.41235519226588
 30
0.0
  0
VERTEX
  5
5D4
  8
T3_PROFILE_INSIDE_2
 10
2.830839857584124
 20
63.40328369051726
 30
0.0
  0
VERTEX
  5
5D5
  8
T3_PROFILE_INSIDE_2
 10
2.832488646905077
 20
63.39405016489677
 30
0.0
  0
VERTEX
  5
5D6
  8
T3_PROFILE_INSIDE_2
 10
2.833680912209502
 20
63.38466639529877
 30
0.0
  0
VERTEX
  5
5D7
  8
T3_PROFILE_INSIDE_2
 10
2.834404873821446
 20
63.3751441616176
 30
0.0
  0
VERTEX
  5
5D8
  8
T3_PROFILE_INSIDE_2
 10
2.834648752064957
 20
63.36549524374763
 30
0.0
  0
VERTEX
  5
5D9
  8
T3_PROFILE_INSIDE_2
 10
2.834404694924385
 20
63.35584633040098
 30
0.0
  0
VERTEX
  5
5DA
  8
T3_PROFILE_INSIDE_2
 10
2.833680556764266
 20
63.34632411014416
 30
0.0
  0
VERTEX
  5
5DB
  8
T3_PROFILE_INSIDE_2
 10
2.832488117478958
 20
63.33694036265312
 30
0.0
  0
VERTEX
  5
5DC
  8
T3_PROFILE_INSIDE_2
 10
2.83083915696282
 20
63.32770686760384
 30
0.0
  0
VERTEX
  5
5DD
  8
T3_PROFILE_INSIDE_2
 10
2.82874545511021
 20
63.31863540467224
 30
0.0
  0
VERTEX
  5
5DE
  8
T3_PROFILE_INSIDE_2
 10
2.826218791815486
 20
63.30973775353428
 30
0.0
  0
VERTEX
  5
5DF
  8
T3_PROFILE_INSIDE_2
 10
2.823270946973007
 20
63.30102569386592
 30
0.0
  0
VERTEX
  5
5E0
  8
T3_PROFILE_INSIDE_2
 10
2.81991370047713
 20
63.29251100534313
 30
0.0
  0
VERTEX
  5
5E1
  8
T3_PROFILE_INSIDE_2
 10
2.816158832222214
 20
63.28420546764184
 30
0.0
  0
VERTEX
  5
5E2
  8
T3_PROFILE_INSIDE_2
 10
2.812018122102618
 20
63.276120860438
 30
0.0
  0
VERTEX
  5
5E3
  8
T3_PROFILE_INSIDE_2
 10
2.807503350012698
 20
63.26826896340758
 30
0.0
  0
VERTEX
  5
5E4
  8
T3_PROFILE_INSIDE_2
 10
2.802626295846815
 20
63.26066155622652
 30
0.0
  0
VERTEX
  5
5E5
  8
T3_PROFILE_INSIDE_2
 10
2.797398739499324
 20
63.2533104185708
 30
0.0
  0
VERTEX
  5
5E6
  8
T3_PROFILE_INSIDE_2
 10
2.791832460864586
 20
63.24622733011633
 30
0.0
  0
VERTEX
  5
5E7
  8
T3_PROFILE_INSIDE_2
 10
2.785939239836958
 20
63.2394240705391
 30
0.0
  0
VERTEX
  5
5E8
  8
T3_PROFILE_INSIDE_2
 10
2.779730856310799
 20
63.23291241951504
 30
0.0
  0
VERTEX
  5
5E9
  8
T3_PROFILE_INSIDE_2
 10
2.773219090180467
 20
63.22670415672012
 30
0.0
  0
VERTEX
  5
5EA
  8
T3_PROFILE_INSIDE_2
 10
2.766415721340319
 20
63.22081106183028
 30
0.0
  0
VERTEX
  5
5EB
  8
T3_PROFILE_INSIDE_2
 10
2.759332529684714
 20
63.21524491452149
 30
0.0
  0
VERTEX
  5
5EC
  8
T3_PROFILE_INSIDE_2
 10
2.75198129510801
 20
63.21001749446968
 30
0.0
  0
VERTEX
  5
5ED
  8
T3_PROFILE_INSIDE_2
 10
2.744373797504565
 20
63.20514058135083
 30
0.0
  0
VERTEX
  5
5EE
  8
T3_PROFILE_INSIDE_2
 10
2.736521816768739
 20
63.20062595484087
 30
0.0
  0
VERTEX
  5
5EF
  8
T3_PROFILE_INSIDE_2
 10
2.728437132794888
 20
63.19648539461578
 30
0.0
  0
VERTEX
  5
5F0
  8
T3_PROFILE_INSIDE_2
 10
2.720131525477372
 20
63.19273068035149
 30
0.0
  0
VERTEX
  5
5F1
  8
T3_PROFILE_INSIDE_2
 10
2.711616774710548
 20
63.18937359172395
 30
0.0
  0
VERTEX
  5
5F2
  8
T3_PROFILE_INSIDE_2
 10
2.702904660388774
 20
63.18642590840913
 30
0.0
  0
VERTEX
  5
5F3
  8
T3_PROFILE_INSIDE_2
 10
2.69400696240641
 20
63.18389941008299
 30
0.0
  0
VERTEX
  5
5F4
  8
T3_PROFILE_INSIDE_2
 10
2.684935460657811
 20
63.18180587642145
 30
0.0
  0
VERTEX
  5
5F5
  8
T3_PROFILE_INSIDE_2
 10
2.675701935037338
 20
63.18015708710049
 30
0.0
  0
VERTEX
  5
5F6
  8
T3_PROFILE_INSIDE_2
 10
2.66631816543935
 20
63.17896482179606
 30
0.0
  0
VERTEX
  5
5F7
  8
T3_PROFILE_INSIDE_2
 10
2.656795931758202
 20
63.17824086018411
 30
0.0
  0
VERTEX
  5
5F8
  8
T3_PROFILE_INSIDE_2
 10
2.647147013888254
 20
63.17799698194059
 30
0.0
  0
VERTEX
  5
5F9
  8
T3_PROFILE_INSIDE_2
 10
2.637498100541593
 20
63.17824103908117
 30
0.0
  0
VERTEX
  5
5FA
  8
T3_PROFILE_INSIDE_2
 10
2.627975880284766
 20
63.1789651772413
 30
0.0
  0
VERTEX
  5
5FB
  8
T3_PROFILE_INSIDE_2
 10
2.618592132793726
 20
63.18015761652661
 30
0.0
  0
VERTEX
  5
5FC
  8
T3_PROFILE_INSIDE_2
 10
2.609358637744426
 20
63.18180657704276
 30
0.0
  0
VERTEX
  5
5FD
  8
T3_PROFILE_INSIDE_2
 10
2.600287174812819
 20
63.18390027889538
 30
0.0
  0
VERTEX
  5
5FE
  8
T3_PROFILE_INSIDE_2
 10
2.59138952367486
 20
63.18642694219011
 30
0.0
  0
VERTEX
  5
5FF
  8
T3_PROFILE_INSIDE_2
 10
2.582677464006502
 20
63.18937478703259
 30
0.0
  0
VERTEX
  5
600
  8
T3_PROFILE_INSIDE_2
 10
2.574162775483697
 20
63.19273203352846
 30
0.0
  0
VERTEX
  5
601
  8
T3_PROFILE_INSIDE_2
 10
2.565857237782398
 20
63.19648690178338
 30
0.0
  0
VERTEX
  5
602
  8
T3_PROFILE_INSIDE_2
 10
2.557772630578561
 20
63.20062761190297
 30
0.0
  0
VERTEX
  5
603
  8
T3_PROFILE_INSIDE_2
 10
2.549920733548136
 20
63.20514238399289
 30
0.0
  0
VERTEX
  5
604
  8
T3_PROFILE_INSIDE_2
 10
2.542313326367079
 20
63.21001943815878
 30
0.0
  0
VERTEX
  5
605
  8
T3_PROFILE_INSIDE_2
 10
2.534962188711343
 20
63.21524699450627
 30
0.0
  0
VERTEX
  5
606
  8
T3_PROFILE_INSIDE_2
 10
2.527879100256879
 20
63.22081327314101
 30
0.0
  0
VERTEX
  5
607
  8
T3_PROFILE_INSIDE_2
 10
2.521075840679643
 20
63.22670649416864
 30
0.0
  0
VERTEX
  5
608
  8
T3_PROFILE_INSIDE_2
 10
2.514564189655587
 20
63.2329148776948
 30
0.0
  0
VERTEX
  5
609
  8
T3_PROFILE_INSIDE_2
 10
2.508355926860665
 20
63.23942664382514
 30
0.0
  0
VERTEX
  5
60A
  8
T3_PROFILE_INSIDE_2
 10
2.502462831970829
 20
63.24623001266529
 30
0.0
  0
VERTEX
  5
60B
  8
T3_PROFILE_INSIDE_2
 10
2.496896684662033
 20
63.2533132043209
 30
0.0
  0
VERTEX
  5
60C
  8
T3_PROFILE_INSIDE_2
 10
2.491669264610231
 20
63.26066443889761
 30
0.0
  0
VERTEX
  5
60D
  8
T3_PROFILE_INSIDE_2
 10
2.486792351491376
 20
63.26827193650107
 30
0.0
  0
VERTEX
  5
60E
  8
T3_PROFILE_INSIDE_2
 10
2.482277724981421
 20
63.27612391723689
 30
0.0
  0
VERTEX
  5
60F
  8
T3_PROFILE_INSIDE_2
 10
2.47813716475632
 20
63.28420860121075
 30
0.0
  0
VERTEX
  5
610
  8
T3_PROFILE_INSIDE_2
 10
2.474382450492024
 20
63.29251420852827
 30
0.0
  0
VERTEX
  5
611
  8
T3_PROFILE_INSIDE_2
 10
2.47102536186449
 20
63.30102895929511
 30
0.0
  0
VERTEX
  5
612
  8
T3_PROFILE_INSIDE_2
 10
2.468077678549669
 20
63.30974107361689
 30
0.0
  0
VERTEX
  5
613
  8
T3_PROFILE_INSIDE_2
 10
2.465551180223514
 20
63.31863877159927
 30
0.0
  0
VERTEX
  5
614
  8
T3_PROFILE_INSIDE_2
 10
2.463457646561979
 20
63.32771027334789
 30
0.0
  0
VERTEX
  5
615
  8
T3_PROFILE_INSIDE_2
 10
2.461808857241018
 20
63.33694379896838
 30
0.0
  0
VERTEX
  5
616
  8
T3_PROFILE_INSIDE_2
 10
2.460616591936584
 20
63.34632756856639
 30
0.0
  0
VERTEX
  5
617
  8
T3_PROFILE_INSIDE_2
 10
2.459892630324629
 20
63.35584980224756
 30
0.0
  0
SEQEND
  5
93F
  8
T3_PROFILE_INSIDE_2
  0
POLYLINE
  5
84
  8
T3_PROFILE_INSIDE_2
 66
     1
 10
0.0
 20
0.0
 30
0.0
 70
     1
  0
VERTEX
  5
618
  8
T3_PROFILE_INSIDE_2
 10
2.70153513161554
 20
80.41323098431283
 30
0.0
  0
VERTEX
  5
619
  8
T3_PROFILE_INSIDE_2
 10
2.701779188756122
 20
80.42287989765948
 30
0.0
  0
VERTEX
  5
61A
  8
T3_PROFILE_INSIDE_2
 10
2.702503326916251
 20
80.43240211791631
 30
0.0
  0
VERTEX
  5
61B
  8
T3_PROFILE_INSIDE_2
 10
2.703695766201566
 20
80.44178586540735
 30
0.0
  0
VERTEX
  5
61C
  8
T3_PROFILE_INSIDE_2
 10
2.70534472671771
 20
80.45101936045664
 30
0.0
  0
VERTEX
  5
61D
  8
T3_PROFILE_INSIDE_2
 10
2.707438428570326
 20
80.46009082338824
 30
0.0
  0
VERTEX
  5
61E
  8
T3_PROFILE_INSIDE_2
 10
2.709965091865055
 20
80.4689884745262
 30
0.0
  0
VERTEX
  5
61F
  8
T3_PROFILE_INSIDE_2
 10
2.712912936707538
 20
80.47770053419455
 30
0.0
  0
VERTEX
  5
620
  8
T3_PROFILE_INSIDE_2
 10
2.716270183203418
 20
80.48621522271736
 30
0.0
  0
VERTEX
  5
621
  8
T3_PROFILE_INSIDE_2
 10
2.720025051458337
 20
80.49452076041865
 30
0.0
  0
VERTEX
  5
622
  8
T3_PROFILE_INSIDE_2
 10
2.724165761577936
 20
80.5026053676225
 30
0.0
  0
VERTEX
  5
623
  8
T3_PROFILE_INSIDE_2
 10
2.728680533667857
 20
80.51045726465293
 30
0.0
  0
VERTEX
  5
624
  8
T3_PROFILE_INSIDE_2
 10
2.733557587833743
 20
80.51806467183398
 30
0.0
  0
VERTEX
  5
625
  8
T3_PROFILE_INSIDE_2
 10
2.738785144181235
 20
80.52541580948972
 30
0.0
  0
VERTEX
  5
626
  8
T3_PROFILE_INSIDE_2
 10
2.744351422815975
 20
80.53249889794418
 30
0.0
  0
VERTEX
  5
627
  8
T3_PROFILE_INSIDE_2
 10
2.750244643843605
 20
80.5393021575214
 30
0.0
  0
VERTEX
  5
628
  8
T3_PROFILE_INSIDE_2
 10
2.756453027369767
 20
80.54581380854546
 30
0.0
  0
VERTEX
  5
629
  8
T3_PROFILE_INSIDE_2
 10
2.762964793500103
 20
80.55202207134039
 30
0.0
  0
VERTEX
  5
62A
  8
T3_PROFILE_INSIDE_2
 10
2.769768162340254
 20
80.55791516623023
 30
0.0
  0
VERTEX
  5
62B
  8
T3_PROFILE_INSIDE_2
 10
2.776851353995863
 20
80.56348131353903
 30
0.0
  0
VERTEX
  5
62C
  8
T3_PROFILE_INSIDE_2
 10
2.784202588572571
 20
80.56870873359081
 30
0.0
  0
VERTEX
  5
62D
  8
T3_PROFILE_INSIDE_2
 10
2.791810086176021
 20
80.57358564670966
 30
0.0
  0
VERTEX
  5
62E
  8
T3_PROFILE_INSIDE_2
 10
2.799662066911853
 20
80.5781002732196
 30
0.0
  0
VERTEX
  5
62F
  8
T3_PROFILE_INSIDE_2
 10
2.807746750885711
 20
80.58224083344473
 30
0.0
  0
VERTEX
  5
630
  8
T3_PROFILE_INSIDE_2
 10
2.816052358203236
 20
80.58599554770902
 30
0.0
  0
VERTEX
  5
631
  8
T3_PROFILE_INSIDE_2
 10
2.824567108970069
 20
80.58935263633654
 30
0.0
  0
VERTEX
  5
632
  8
T3_PROFILE_INSIDE_2
 10
2.833279223291853
 20
80.59230031965137
 30
0.0
  0
VERTEX
  5
633
  8
T3_PROFILE_INSIDE_2
 10
2.84217692127423
 20
80.5948268179775
 30
0.0
  0
VERTEX
  5
634
  8
T3_PROFILE_INSIDE_2
 10
2.851248423022842
 20
80.59692035163904
 30
0.0
  0
VERTEX
  5
635
  8
T3_PROFILE_INSIDE_2
 10
2.860481948643329
 20
80.59856914096
 30
0.0
  0
VERTEX
  5
636
  8
T3_PROFILE_INSIDE_2
 10
2.869865718241336
 20
80.5997614062644
 30
0.0
  0
VERTEX
  5
637
  8
T3_PROFILE_INSIDE_2
 10
2.879387951922502
 20
80.60048536787636
 30
0.0
  0
VERTEX
  5
638
  8
T3_PROFILE_INSIDE_2
 10
2.88903686979247
 20
80.60072924611987
 30
0.0
  0
VERTEX
  5
639
  8
T3_PROFILE_INSIDE_2
 10
2.898685783139122
 20
80.60048518897929
 30
0.0
  0
VERTEX
  5
63A
  8
T3_PROFILE_INSIDE_2
 10
2.908208003395941
 20
80.59976105081918
 30
0.0
  0
VERTEX
  5
63B
  8
T3_PROFILE_INSIDE_2
 10
2.917591750886973
 20
80.59856861153386
 30
0.0
  0
VERTEX
  5
63C
  8
T3_PROFILE_INSIDE_2
 10
2.926825245936267
 20
80.59691965101771
 30
0.0
  0
VERTEX
  5
63D
  8
T3_PROFILE_INSIDE_2
 10
2.935896708867868
 20
80.5948259491651
 30
0.0
  0
VERTEX
  5
63E
  8
T3_PROFILE_INSIDE_2
 10
2.944794360005822
 20
80.59229928587038
 30
0.0
  0
VERTEX
  5
63F
  8
T3_PROFILE_INSIDE_2
 10
2.953506419674177
 20
80.5893514410279
 30
0.0
  0
VERTEX
  5
640
  8
T3_PROFILE_INSIDE_2
 10
2.962021108196978
 20
80.58599419453202
 30
0.0
  0
VERTEX
  5
641
  8
T3_PROFILE_INSIDE_2
 10
2.970326645898273
 20
80.5822393262771
 30
0.0
  0
VERTEX
  5
642
  8
T3_PROFILE_INSIDE_2
 10
2.978411253102108
 20
80.5780986161575
 30
0.0
  0
VERTEX
  5
643
  8
T3_PROFILE_INSIDE_2
 10
2.98626315013253
 20
80.57358384406758
 30
0.0
  0
VERTEX
  5
644
  8
T3_PROFILE_INSIDE_2
 10
2.993870557313585
 20
80.56870678990171
 30
0.0
  0
VERTEX
  5
645
  8
T3_PROFILE_INSIDE_2
 10
3.00122169496932
 20
80.56347923355423
 30
0.0
  0
VERTEX
  5
646
  8
T3_PROFILE_INSIDE_2
 10
3.00830478342378
 20
80.55791295491947
 30
0.0
  0
VERTEX
  5
647
  8
T3_PROFILE_INSIDE_2
 10
3.015108043001014
 20
80.55201973389184
 30
0.0
  0
VERTEX
  5
648
  8
T3_PROFILE_INSIDE_2
 10
3.021619694025068
 20
80.54581135036568
 30
0.0
  0
VERTEX
  5
649
  8
T3_PROFILE_INSIDE_2
 10
3.027827956819988
 20
80.53929958423535
 30
0.0
  0
VERTEX
  5
64A
  8
T3_PROFILE_INSIDE_2
 10
3.03372105170982
 20
80.5324962153952
 30
0.0
  0
VERTEX
  5
64B
  8
T3_PROFILE_INSIDE_2
 10
3.039287199018611
 20
80.52541302373959
 30
0.0
  0
VERTEX
  5
64C
  8
T3_PROFILE_INSIDE_2
 10
3.044514619070409
 20
80.51806178916289
 30
0.0
  0
VERTEX
  5
64D
  8
T3_PROFILE_INSIDE_2
 10
3.049391532189259
 20
80.51045429155943
 30
0.0
  0
VERTEX
  5
64E
  8
T3_PROFILE_INSIDE_2
 10
3.053906158699208
 20
80.50260231082359
 30
0.0
  0
VERTEX
  5
64F
  8
T3_PROFILE_INSIDE_2
 10
3.058046718924302
 20
80.49451762684973
 30
0.0
  0
VERTEX
  5
650
  8
T3_PROFILE_INSIDE_2
 10
3.061801433188589
 20
80.48621201953222
 30
0.0
  0
VERTEX
  5
651
  8
T3_PROFILE_INSIDE_2
 10
3.065158521816114
 20
80.47769726876538
 30
0.0
  0
VERTEX
  5
652
  8
T3_PROFILE_INSIDE_2
 10
3.068106205130924
 20
80.4689851544436
 30
0.0
  0
VERTEX
  5
653
  8
T3_PROFILE_INSIDE_2
 10
3.070632703457067
 20
80.46008745646122
 30
0.0
  0
VERTEX
  5
654
  8
T3_PROFILE_INSIDE_2
 10
3.072726237118588
 20
80.45101595471262
 30
0.0
  0
VERTEX
  5
655
  8
T3_PROFILE_INSIDE_2
 10
3.074375026439534
 20
80.44178242909214
 30
0.0
  0
VERTEX
  5
656
  8
T3_PROFILE_INSIDE_2
 10
3.075567291743952
 20
80.43239865949414
 30
0.0
  0
VERTEX
  5
657
  8
T3_PROFILE_INSIDE_2
 10
3.076291253355888
 20
80.42287642581296
 30
0.0
  0
VERTEX
  5
658
  8
T3_PROFILE_INSIDE_2
 10
3.076535131599389
 20
80.41322750794299
 30
0.0
  0
VERTEX
  5
659
  8
T3_PROFILE_INSIDE_2
 10
3.076291074458816
 20
80.40357859459634
 30
0.0
  0
VERTEX
  5
65A
  8
T3_PROFILE_INSIDE_2
 10
3.075566936298698
 20
80.39405637433953
 30
0.0
  0
VERTEX
  5
65B
  8
T3_PROFILE_INSIDE_2
 10
3.074374497013392
 20
80.3846726268485
 30
0.0
  0
VERTEX
  5
65C
  8
T3_PROFILE_INSIDE_2
 10
3.072725536497256
 20
80.37543913179921
 30
0.0
  0
VERTEX
  5
65D
  8
T3_PROFILE_INSIDE_2
 10
3.070631834644648
 20
80.36636766886761
 30
0.0
  0
VERTEX
  5
65E
  8
T3_PROFILE_INSIDE_2
 10
3.068105171349926
 20
80.35747001772967
 30
0.0
  0
VERTEX
  5
65F
  8
T3_PROFILE_INSIDE_2
 10
3.065157326507449
 20
80.34875795806131
 30
0.0
  0
VERTEX
  5
660
  8
T3_PROFILE_INSIDE_2
 10
3.061800080011575
 20
80.34024326953852
 30
0.0
  0
VERTEX
  5
661
  8
T3_PROFILE_INSIDE_2
 10
3.058045211756661
 20
80.33193773183723
 30
0.0
  0
VERTEX
  5
662
  8
T3_PROFILE_INSIDE_2
 10
3.053904501637066
 20
80.3238531246334
 30
0.0
  0
VERTEX
  5
663
  8
T3_PROFILE_INSIDE_2
 10
3.049389729547148
 20
80.31600122760298
 30
0.0
  0
VERTEX
  5
664
  8
T3_PROFILE_INSIDE_2
 10
3.044512675381265
 20
80.30839382042193
 30
0.0
  0
VERTEX
  5
665
  8
T3_PROFILE_INSIDE_2
 10
3.039285119033775
 20
80.3010426827662
 30
0.0
  0
VERTEX
  5
666
  8
T3_PROFILE_INSIDE_2
 10
3.033718840399037
 20
80.29395959431173
 30
0.0
  0
VERTEX
  5
667
  8
T3_PROFILE_INSIDE_2
 10
3.027825619371408
 20
80.2871563347345
 30
0.0
  0
VERTEX
  5
668
  8
T3_PROFILE_INSIDE_2
 10
3.021617235845246
 20
80.28064468371045
 30
0.0
  0
VERTEX
  5
669
  8
T3_PROFILE_INSIDE_2
 10
3.01510546971491
 20
80.27443642091552
 30
0.0
  0
VERTEX
  5
66A
  8
T3_PROFILE_INSIDE_2
 10
3.008302100874758
 20
80.26854332602568
 30
0.0
  0
VERTEX
  5
66B
  8
T3_PROFILE_INSIDE_2
 10
3.001218909219148
 20
80.26297717871688
 30
0.0
  0
VERTEX
  5
66C
  8
T3_PROFILE_INSIDE_2
 10
2.993867674642437
 20
80.2577497586651
 30
0.0
  0
VERTEX
  5
66D
  8
T3_PROFILE_INSIDE_2
 10
2.986260177038985
 20
80.25287284554625
 30
0.0
  0
VERTEX
  5
66E
  8
T3_PROFILE_INSIDE_2
 10
2.978408196303149
 20
80.2483582190363
 30
0.0
  0
VERTEX
  5
66F
  8
T3_PROFILE_INSIDE_2
 10
2.970323512329287
 20
80.24421765881121
 30
0.0
  0
VERTEX
  5
670
  8
T3_PROFILE_INSIDE_2
 10
2.962017905011757
 20
80.2404629445469
 30
0.0
  0
VERTEX
  5
671
  8
T3_PROFILE_INSIDE_2
 10
2.953503154244918
 20
80.23710585591937
 30
0.0
  0
VERTEX
  5
672
  8
T3_PROFILE_INSIDE_2
 10
2.944791039923127
 20
80.23415817260457
 30
0.0
  0
VERTEX
  5
673
  8
T3_PROFILE_INSIDE_2
 10
2.935893341940743
 20
80.2316316742784
 30
0.0
  0
VERTEX
  5
674
  8
T3_PROFILE_INSIDE_2
 10
2.926821840192124
 20
80.22953814061688
 30
0.0
  0
VERTEX
  5
675
  8
T3_PROFILE_INSIDE_2
 10
2.917588314571628
 20
80.22788935129591
 30
0.0
  0
VERTEX
  5
676
  8
T3_PROFILE_INSIDE_2
 10
2.908204544973613
 20
80.22669708599147
 30
0.0
  0
VERTEX
  5
677
  8
T3_PROFILE_INSIDE_2
 10
2.898682311292437
 20
80.22597312437952
 30
0.0
  0
VERTEX
  5
678
  8
T3_PROFILE_INSIDE_2
 10
2.889033393422459
 20
80.22572924613601
 30
0.0
  0
VERTEX
  5
679
  8
T3_PROFILE_INSIDE_2
 10
2.879384480075818
 20
80.22597330327659
 30
0.0
  0
VERTEX
  5
67A
  8
T3_PROFILE_INSIDE_2
 10
2.869862259819009
 20
80.2266974414367
 30
0.0
  0
VERTEX
  5
67B
  8
T3_PROFILE_INSIDE_2
 10
2.860478512327987
 20
80.22788988072202
 30
0.0
  0
VERTEX
  5
67C
  8
T3_PROFILE_INSIDE_2
 10
2.851245017278703
 20
80.22953884123817
 30
0.0
  0
VERTEX
  5
67D
  8
T3_PROFILE_INSIDE_2
 10
2.842173554347113
 20
80.23163254309078
 30
0.0
  0
VERTEX
  5
67E
  8
T3_PROFILE_INSIDE_2
 10
2.833275903209168
 20
80.2341592063855
 30
0.0
  0
VERTEX
  5
67F
  8
T3_PROFILE_INSIDE_2
 10
2.824563843540823
 20
80.23710705122798
 30
0.0
  0
VERTEX
  5
680
  8
T3_PROFILE_INSIDE_2
 10
2.81604915501803
 20
80.24046429772386
 30
0.0
  0
VERTEX
  5
681
  8
T3_PROFILE_INSIDE_2
 10
2.807743617316744
 20
80.24421916597876
 30
0.0
  0
VERTEX
  5
682
  8
T3_PROFILE_INSIDE_2
 10
2.799659010112917
 20
80.24835987609836
 30
0.0
  0
VERTEX
  5
683
  8
T3_PROFILE_INSIDE_2
 10
2.791807113082502
 20
80.25287464818828
 30
0.0
  0
VERTEX
  5
684
  8
T3_PROFILE_INSIDE_2
 10
2.784199705901454
 20
80.25775170235417
 30
0.0
  0
VERTEX
  5
685
  8
T3_PROFILE_INSIDE_2
 10
2.776848568245724
 20
80.26297925870165
 30
0.0
  0
VERTEX
  5
686
  8
T3_PROFILE_INSIDE_2
 10
2.769765479791269
 20
80.2685455373364
 30
0.0
  0
VERTEX
  5
687
  8
T3_PROFILE_INSIDE_2
 10
2.762962220214039
 20
80.27443875836401
 30
0.0
  0
VERTEX
  5
688
  8
T3_PROFILE_INSIDE_2
 10
2.756450569189989
 20
80.28064714189019
 30
0.0
  0
VERTEX
  5
689
  8
T3_PROFILE_INSIDE_2
 10
2.750242306395071
 20
80.28715890802053
 30
0.0
  0
VERTEX
  5
68A
  8
T3_PROFILE_INSIDE_2
 10
2.74434921150524
 20
80.29396227686067
 30
0.0
  0
VERTEX
  5
68B
  8
T3_PROFILE_INSIDE_2
 10
2.738783064196448
 20
80.30104546851626
 30
0.0
  0
VERTEX
  5
68C
  8
T3_PROFILE_INSIDE_2
 10
2.73355564414465
 20
80.30839670309298
 30
0.0
  0
VERTEX
  5
68D
  8
T3_PROFILE_INSIDE_2
 10
2.728678731025797
 20
80.31600420069644
 30
0.0
  0
VERTEX
  5
68E
  8
T3_PROFILE_INSIDE_2
 10
2.724164104515844
 20
80.32385618143226
 30
0.0
  0
VERTEX
  5
68F
  8
T3_PROFILE_INSIDE_2
 10
2.720023544290745
 20
80.33194086540612
 30
0.0
  0
VERTEX
  5
690
  8
T3_PROFILE_INSIDE_2
 10
2.716268830026452
 20
80.34024647272363
 30
0.0
  0
VERTEX
  5
691
  8
T3_PROFILE_INSIDE_2
 10
2.712911741398918
 20
80.34876122349047
 30
0.0
  0
VERTEX
  5
692
  8
T3_PROFILE_INSIDE_2
 10
2.709964058084098
 20
80.35747333781225
 30
0.0
  0
VERTEX
  5
693
  8
T3_PROFILE_INSIDE_2
 10
2.707437559757945
 20
80.36637103579463
 30
0.0
  0
VERTEX
  5
694
  8
T3_PROFILE_INSIDE_2
 10
2.705344026096411
 20
80.37544253754322
 30
0.0
  0
VERTEX
  5
695
  8
T3_PROFILE_INSIDE_2
 10
2.70369523677545
 20
80.38467606316371
 30
0.0
  0
VERTEX
  5
696
  8
T3_PROFILE_INSIDE_2
 10
2.702502971471015
 20
80.39405983276171
 30
0.0
  0
VERTEX
  5
697
  8
T3_PROFILE_INSIDE_2
 10
2.701779009859061
 20
80.40358206644287
 30
0.0
  0
SEQEND
  5
940
  8
T3_PROFILE_INSIDE_2
  0
POLYLINE
  5
85
  8
T3_PROFILE_INSIDE_2
 66
     1
 10
0.0
 20
0.0
 30
0.0
 70
     1
  0
VERTEX
  5
698
  8
T3_PROFILE_INSIDE_2
 10
0.4782371781678307
 20
82.9171802405863
 30
0.0
  0
VERTEX
  5
699
  8
T3_PROFILE_INSIDE_2
 10
0.4784812353084031
 20
82.92682915393296
 30
0.0
  0
VERTEX
  5
69A
  8
T3_PROFILE_INSIDE_2
 10
0.4792053734685215
 20
82.93635137418978
 30
0.0
  0
VERTEX
  5
69B
  8
T3_PROFILE_INSIDE_2
 10
0.4803978127538279
 20
82.94573512168083
 30
0.0
  0
VERTEX
  5
69C
  8
T3_PROFILE_INSIDE_2
 10
0.482046773269964
 20
82.95496861673011
 30
0.0
  0
VERTEX
  5
69D
  8
T3_PROFILE_INSIDE_2
 10
0.4841404751225719
 20
82.96404007966171
 30
0.0
  0
VERTEX
  5
69E
  8
T3_PROFILE_INSIDE_2
 10
0.4866671384172931
 20
82.97293773079967
 30
0.0
  0
VERTEX
  5
69F
  8
T3_PROFILE_INSIDE_2
 10
0.4896149832597698
 20
82.98164979046803
 30
0.0
  0
VERTEX
  5
6A0
  8
T3_PROFILE_INSIDE_2
 10
0.4929722297556438
 20
82.99016447899083
 30
0.0
  0
VERTEX
  5
6A1
  8
T3_PROFILE_INSIDE_2
 10
0.4967270980105568
 20
82.99847001669212
 30
0.0
  0
VERTEX
  5
6A2
  8
T3_PROFILE_INSIDE_2
 10
0.5008678081301507
 20
83.00655462389597
 30
0.0
  0
VERTEX
  5
6A3
  8
T3_PROFILE_INSIDE_2
 10
0.5053825802200677
 20
83.0144065209264
 30
0.0
  0
VERTEX
  5
6A4
  8
T3_PROFILE_INSIDE_2
 10
0.5102596343859493
 20
83.02201392810744
 30
0.0
  0
VERTEX
  5
6A5
  8
T3_PROFILE_INSIDE_2
 10
0.5154871907334376
 20
83.02936506576317
 30
0.0
  0
VERTEX
  5
6A6
  8
T3_PROFILE_INSIDE_2
 10
0.5210534693681743
 20
83.03644815421764
 30
0.0
  0
VERTEX
  5
6A7
  8
T3_PROFILE_INSIDE_2
 10
0.5269466903958011
 20
83.04325141379488
 30
0.0
  0
VERTEX
  5
6A8
  8
T3_PROFILE_INSIDE_2
 10
0.5331550739219604
 20
83.04976306481892
 30
0.0
  0
VERTEX
  5
6A9
  8
T3_PROFILE_INSIDE_2
 10
0.5396668400522937
 20
83.05597132761383
 30
0.0
  0
VERTEX
  5
6AA
  8
T3_PROFILE_INSIDE_2
 10
0.5464702088924427
 20
83.06186442250367
 30
0.0
  0
VERTEX
  5
6AB
  8
T3_PROFILE_INSIDE_2
 10
0.5535534005480496
 20
83.06743056981247
 30
0.0
  0
VERTEX
  5
6AC
  8
T3_PROFILE_INSIDE_2
 10
0.5609046351247562
 20
83.07265798986427
 30
0.0
  0
VERTEX
  5
6AD
  8
T3_PROFILE_INSIDE_2
 10
0.5685121327282042
 20
83.07753490298313
 30
0.0
  0
VERTEX
  5
6AE
  8
T3_PROFILE_INSIDE_2
 10
0.5763641134640357
 20
83.08204952949308
 30
0.0
  0
VERTEX
  5
6AF
  8
T3_PROFILE_INSIDE_2
 10
0.5844487974378925
 20
83.08619008971817
 30
0.0
  0
VERTEX
  5
6B0
  8
T3_PROFILE_INSIDE_2
 10
0.5927544047554163
 20
83.08994480398246
 30
0.0
  0
VERTEX
  5
6B1
  8
T3_PROFILE_INSIDE_2
 10
0.6012691555222491
 20
83.09330189260999
 30
0.0
  0
VERTEX
  5
6B2
  8
T3_PROFILE_INSIDE_2
 10
0.6099812698440329
 20
83.09624957592482
 30
0.0
  0
VERTEX
  5
6B3
  8
T3_PROFILE_INSIDE_2
 10
0.6188789678264093
 20
83.09877607425095
 30
0.0
  0
VERTEX
  5
6B4
  8
T3_PROFILE_INSIDE_2
 10
0.6279504695750203
 20
83.10086960791249
 30
0.0
  0
VERTEX
  5
6B5
  8
T3_PROFILE_INSIDE_2
 10
0.6371839951955078
 20
83.10251839723344
 30
0.0
  0
VERTEX
  5
6B6
  8
T3_PROFILE_INSIDE_2
 10
0.6465677647935135
 20
83.10371066253788
 30
0.0
  0
VERTEX
  5
6B7
  8
T3_PROFILE_INSIDE_2
 10
0.6560899984746795
 20
83.10443462414983
 30
0.0
  0
VERTEX
  5
6B8
  8
T3_PROFILE_INSIDE_2
 10
0.6657389163446474
 20
83.10467850239334
 30
0.0
  0
VERTEX
  5
6B9
  8
T3_PROFILE_INSIDE_2
 10
0.6753878296912986
 20
83.10443444525276
 30
0.0
  0
VERTEX
  5
6BA
  8
T3_PROFILE_INSIDE_2
 10
0.6849100499481173
 20
83.10371030709265
 30
0.0
  0
VERTEX
  5
6BB
  8
T3_PROFILE_INSIDE_2
 10
0.6942937974391502
 20
83.10251786780734
 30
0.0
  0
VERTEX
  5
6BC
  8
T3_PROFILE_INSIDE_2
 10
0.7035272924884437
 20
83.10086890729119
 30
0.0
  0
VERTEX
  5
6BD
  8
T3_PROFILE_INSIDE_2
 10
0.7125987554200448
 20
83.09877520543857
 30
0.0
  0
VERTEX
  5
6BE
  8
T3_PROFILE_INSIDE_2
 10
0.7214964065579996
 20
83.09624854214385
 30
0.0
  0
VERTEX
  5
6BF
  8
T3_PROFILE_INSIDE_2
 10
0.7302084662263553
 20
83.09330069730137
 30
0.0
  0
VERTEX
  5
6C0
  8
T3_PROFILE_INSIDE_2
 10
0.738723154749158
 20
83.08994345080549
 30
0.0
  0
VERTEX
  5
6C1
  8
T3_PROFILE_INSIDE_2
 10
0.7470286924504547
 20
83.08618858255058
 30
0.0
  0
VERTEX
  5
6C2
  8
T3_PROFILE_INSIDE_2
 10
0.7551132996542917
 20
83.08204787243098
 30
0.0
  0
VERTEX
  5
6C3
  8
T3_PROFILE_INSIDE_2
 10
0.762965196684716
 20
83.07753310034106
 30
0.0
  0
VERTEX
  5
6C4
  8
T3_PROFILE_INSIDE_2
 10
0.7705726038657736
 20
83.07265604617517
 30
0.0
  0
VERTEX
  5
6C5
  8
T3_PROFILE_INSIDE_2
 10
0.7779237415215118
 20
83.06742848982768
 30
0.0
  0
VERTEX
  5
6C6
  8
T3_PROFILE_INSIDE_2
 10
0.7850068299759768
 20
83.06186221119293
 30
0.0
  0
VERTEX
  5
6C7
  8
T3_PROFILE_INSIDE_2
 10
0.7918100895532154
 20
83.05596899016531
 30
0.0
  0
VERTEX
  5
6C8
  8
T3_PROFILE_INSIDE_2
 10
0.7983217405772742
 20
83.04976060663914
 30
0.0
  0
VERTEX
  5
6C9
  8
T3_PROFILE_INSIDE_2
 10
0.8045300033721998
 20
83.0432488405088
 30
0.0
  0
VERTEX
  5
6CA
  8
T3_PROFILE_INSIDE_2
 10
0.8104230982620388
 20
83.03644547166866
 30
0.0
  0
VERTEX
  5
6CB
  8
T3_PROFILE_INSIDE_2
 10
0.8159892455708377
 20
83.02936228001303
 30
0.0
  0
VERTEX
  5
6CC
  8
T3_PROFILE_INSIDE_2
 10
0.8212166656226434
 20
83.02201104543633
 30
0.0
  0
VERTEX
  5
6CD
  8
T3_PROFILE_INSIDE_2
 10
0.8260935787415022
 20
83.01440354783287
 30
0.0
  0
VERTEX
  5
6CE
  8
T3_PROFILE_INSIDE_2
 10
0.830608205251461
 20
83.00655156709703
 30
0.0
  0
VERTEX
  5
6CF
  8
T3_PROFILE_INSIDE_2
 10
0.8347487654765662
 20
82.99846688312317
 30
0.0
  0
VERTEX
  5
6D0
  8
T3_PROFILE_INSIDE_2
 10
0.8385034797408646
 20
82.99016127580566
 30
0.0
  0
VERTEX
  5
6D1
  8
T3_PROFILE_INSIDE_2
 10
0.8418605683684026
 20
82.98164652503883
 30
0.0
  0
VERTEX
  5
6D2
  8
T3_PROFILE_INSIDE_2
 10
0.844808251683227
 20
82.97293441071704
 30
0.0
  0
VERTEX
  5
6D3
  8
T3_PROFILE_INSIDE_2
 10
0.8473347500093844
 20
82.96403671273467
 30
0.0
  0
VERTEX
  5
6D4
  8
T3_PROFILE_INSIDE_2
 10
0.8494282836709214
 20
82.95496521098607
 30
0.0
  0
VERTEX
  5
6D5
  8
T3_PROFILE_INSIDE_2
 10
0.8510770729918846
 20
82.94573168536559
 30
0.0
  0
VERTEX
  5
6D6
  8
T3_PROFILE_INSIDE_2
 10
0.8522693382963205
 20
82.93634791576758
 30
0.0
  0
VERTEX
  5
6D7
  8
T3_PROFILE_INSIDE_2
 10
0.8529932999082759
 20
82.92682568208643
 30
0.0
  0
VERTEX
  5
6D8
  8
T3_PROFILE_INSIDE_2
 10
0.8532371781517973
 20
82.91717676421646
 30
0.0
  0
VERTEX
  5
6D9
  8
T3_PROFILE_INSIDE_2
 10
0.8529931210112043
 20
82.90752785086981
 30
0.0
  0
VERTEX
  5
6DA
  8
T3_PROFILE_INSIDE_2
 10
0.8522689828510666
 20
82.89800563061299
 30
0.0
  0
VERTEX
  5
6DB
  8
T3_PROFILE_INSIDE_2
 10
0.851076543565742
 20
82.88862188312196
 30
0.0
  0
VERTEX
  5
6DC
  8
T3_PROFILE_INSIDE_2
 10
0.8494275830495891
 20
82.87938838807267
 30
0.0
  0
VERTEX
  5
6DD
  8
T3_PROFILE_INSIDE_2
 10
0.8473338811969657
 20
82.87031692514108
 30
0.0
  0
VERTEX
  5
6DE
  8
T3_PROFILE_INSIDE_2
 10
0.84480721790223
 20
82.86141927400313
 30
0.0
  0
VERTEX
  5
6DF
  8
T3_PROFILE_INSIDE_2
 10
0.8418593730597401
 20
82.85270721433477
 30
0.0
  0
VERTEX
  5
6E0
  8
T3_PROFILE_INSIDE_2
 10
0.8385021265638541
 20
82.84419252581198
 30
0.0
  0
VERTEX
  5
6E1
  8
T3_PROFILE_INSIDE_2
 10
0.8347472583089302
 20
82.83588698811067
 30
0.0
  0
VERTEX
  5
6E2
  8
T3_PROFILE_INSIDE_2
 10
0.8306065481893264
 20
82.82780238090685
 30
0.0
  0
VERTEX
  5
6E3
  8
T3_PROFILE_INSIDE_2
 10
0.8260917760994009
 20
82.81995048387643
 30
0.0
  0
VERTEX
  5
6E4
  8
T3_PROFILE_INSIDE_2
 10
0.8212147219335117
 20
82.81234307669537
 30
0.0
  0
VERTEX
  5
6E5
  8
T3_PROFILE_INSIDE_2
 10
0.8159871655860171
 20
82.80499193903964
 30
0.0
  0
VERTEX
  5
6E6
  8
T3_PROFILE_INSIDE_2
 10
0.810420886951275
 20
82.79790885058517
 30
0.0
  0
VERTEX
  5
6E7
  8
T3_PROFILE_INSIDE_2
 10
0.8045276659236437
 20
82.79110559100795
 30
0.0
  0
VERTEX
  5
6E8
  8
T3_PROFILE_INSIDE_2
 10
0.7983192823974812
 20
82.78459393998389
 30
0.0
  0
VERTEX
  5
6E9
  8
T3_PROFILE_INSIDE_2
 10
0.7918075162671456
 20
82.77838567718896
 30
0.0
  0
VERTEX
  5
6EA
  8
T3_PROFILE_INSIDE_2
 10
0.7850041474269951
 20
82.77249258229912
 30
0.0
  0
VERTEX
  5
6EB
  8
T3_PROFILE_INSIDE_2
 10
0.7779209557713878
 20
82.76692643499032
 30
0.0
  0
VERTEX
  5
6EC
  8
T3_PROFILE_INSIDE_2
 10
0.7705697211946818
 20
82.76169901493854
 30
0.0
  0
VERTEX
  5
6ED
  8
T3_PROFILE_INSIDE_2
 10
0.7629622235912352
 20
82.7568221018197
 30
0.0
  0
VERTEX
  5
6EE
  8
T3_PROFILE_INSIDE_2
 10
0.7551102428554062
 20
82.75230747530975
 30
0.0
  0
VERTEX
  5
6EF
  8
T3_PROFILE_INSIDE_2
 10
0.7470255588815526
 20
82.74816691508465
 30
0.0
  0
VERTEX
  5
6F0
  8
T3_PROFILE_INSIDE_2
 10
0.7387199515640328
 20
82.74441220082035
 30
0.0
  0
VERTEX
  5
6F1
  8
T3_PROFILE_INSIDE_2
 10
0.7302052007972049
 20
82.74105511219281
 30
0.0
  0
VERTEX
  5
6F2
  8
T3_PROFILE_INSIDE_2
 10
0.721493086475427
 20
82.73810742887798
 30
0.0
  0
VERTEX
  5
6F3
  8
T3_PROFILE_INSIDE_2
 10
0.7125953884930571
 20
82.73558093055183
 30
0.0
  0
VERTEX
  5
6F4
  8
T3_PROFILE_INSIDE_2
 10
0.7035238867444535
 20
82.7334873968903
 30
0.0
  0
VERTEX
  5
6F5
  8
T3_PROFILE_INSIDE_2
 10
0.6942903611239741
 20
82.73183860756933
 30
0.0
  0
VERTEX
  5
6F6
  8
T3_PROFILE_INSIDE_2
 10
0.6849065915259773
 20
82.73064634226489
 30
0.0
  0
VERTEX
  5
6F7
  8
T3_PROFILE_INSIDE_2
 10
0.6753843578448211
 20
82.72992238065294
 30
0.0
  0
VERTEX
  5
6F8
  8
T3_PROFILE_INSIDE_2
 10
0.6657354399748634
 20
82.72967850240943
 30
0.0
  0
VERTEX
  5
6F9
  8
T3_PROFILE_INSIDE_2
 10
0.6560865266282122
 20
82.72992255955
 30
0.0
  0
VERTEX
  5
6FA
  8
T3_PROFILE_INSIDE_2
 10
0.6465643063713935
 20
82.73064669771011
 30
0.0
  0
VERTEX
  5
6FB
  8
T3_PROFILE_INSIDE_2
 10
0.6371805588803607
 20
82.73183913699543
 30
0.0
  0
VERTEX
  5
6FC
  8
T3_PROFILE_INSIDE_2
 10
0.6279470638310675
 20
82.73348809751158
 30
0.0
  0
VERTEX
  5
6FD
  8
T3_PROFILE_INSIDE_2
 10
0.6188756008994668
 20
82.7355817993642
 30
0.0
  0
VERTEX
  5
6FE
  8
T3_PROFILE_INSIDE_2
 10
0.6099779497615123
 20
82.73810846265891
 30
0.0
  0
VERTEX
  5
6FF
  8
T3_PROFILE_INSIDE_2
 10
0.6012658900931572
 20
82.7410563075014
 30
0.0
  0
VERTEX
  5
700
  8
T3_PROFILE_INSIDE_2
 10
0.5927512015703551
 20
82.74441355399728
 30
0.0
  0
VERTEX
  5
701
  8
T3_PROFILE_INSIDE_2
 10
0.5844456638690594
 20
82.74816842225219
 30
0.0
  0
VERTEX
  5
702
  8
T3_PROFILE_INSIDE_2
 10
0.5763610566652233
 20
82.75230913237179
 30
0.0
  0
VERTEX
  5
703
  8
T3_PROFILE_INSIDE_2
 10
0.5685091596348005
 20
82.75682390446171
 30
0.0
  0
VERTEX
  5
704
  8
T3_PROFILE_INSIDE_2
 10
0.5609017524537443
 20
82.7617009586276
 30
0.0
  0
VERTEX
  5
705
  8
T3_PROFILE_INSIDE_2
 10
0.553550614798008
 20
82.76692851497509
 30
0.0
  0
VERTEX
  5
706
  8
T3_PROFILE_INSIDE_2
 10
0.546467526343545
 20
82.77249479360984
 30
0.0
  0
VERTEX
  5
707
  8
T3_PROFILE_INSIDE_2
 10
0.5396642667663087
 20
82.77838801463746
 30
0.0
  0
VERTEX
  5
708
  8
T3_PROFILE_INSIDE_2
 10
0.5331526157422526
 20
82.78459639816363
 30
0.0
  0
VERTEX
  5
709
  8
T3_PROFILE_INSIDE_2
 10
0.5269443529473301
 20
82.79110816429397
 30
0.0
  0
VERTEX
  5
70A
  8
T3_PROFILE_INSIDE_2
 10
0.5210512580574944
 20
82.79791153313411
 30
0.0
  0
VERTEX
  5
70B
  8
T3_PROFILE_INSIDE_2
 10
0.5154851107486993
 20
82.80499472478974
 30
0.0
  0
VERTEX
  5
70C
  8
T3_PROFILE_INSIDE_2
 10
0.5102576906968976
 20
82.81234595936644
 30
0.0
  0
VERTEX
  5
70D
  8
T3_PROFILE_INSIDE_2
 10
0.5053807775780432
 20
82.8199534569699
 30
0.0
  0
VERTEX
  5
70E
  8
T3_PROFILE_INSIDE_2
 10
0.5008661510680895
 20
82.82780543770573
 30
0.0
  0
VERTEX
  5
70F
  8
T3_PROFILE_INSIDE_2
 10
0.4967255908429896
 20
82.8358901216796
 30
0.0
  0
VERTEX
  5
710
  8
T3_PROFILE_INSIDE_2
 10
0.4929708765786973
 20
82.84419572899711
 30
0.0
  0
VERTEX
  5
711
  8
T3_PROFILE_INSIDE_2
 10
0.4896137879511656
 20
82.85271047976394
 30
0.0
  0
VERTEX
  5
712
  8
T3_PROFILE_INSIDE_2
 10
0.4866661046363481
 20
82.86142259408572
 30
0.0
  0
VERTEX
  5
713
  8
T3_PROFILE_INSIDE_2
 10
0.4841396063101981
 20
82.8703202920681
 30
0.0
  0
VERTEX
  5
714
  8
T3_PROFILE_INSIDE_2
 10
0.4820460726486691
 20
82.8793917938167
 30
0.0
  0
VERTEX
  5
715
  8
T3_PROFILE_INSIDE_2
 10
0.4803972833277145
 20
82.88862531943718
 30
0.0
  0
VERTEX
  5
716
  8
T3_PROFILE_INSIDE_2
 10
0.4792050180232875
 20
82.89800908903518
 30
0.0
  0
VERTEX
  5
717
  8
T3_PROFILE_INSIDE_2
 10
0.4784810564113419
 20
82.90753132271634
 30
0.0
  0
SEQEND
  5
941
  8
T3_PROFILE_INSIDE_2
  0
POLYLINE
  5
86
  8
T3_PROFILE_INSIDE_2
 66
     1
 10
0.0
 20
0.0
 30
0.0
  0
VERTEX
  5
718
  8
T3_PROFILE_INSIDE_2
 10
0.0223370555531304
 20
83.67802131564869
 30
0.0
  0
VERTEX
  5
719
  8
T3_PROFILE_INSIDE_2
 10
3.522337055402783
 20
83.67798886953008
 30
0.0
  0
SEQEND
  5
942
  8
T3_PROFILE_INSIDE_2
  0
POLYLINE
  5
87
  8
T3_PROFILE_INSIDE_2
 66
     1
 10
0.0
 20
0.0
 30
0.0
  0
VERTEX
  5
71A
  8
T3_PROFILE_INSIDE_2
 10
3.500017327733396
 20
64.65841715308122
 30
0.0
  0
VERTEX
  5
71B
  8
T3_PROFILE_INSIDE_2
 10
3.063435642215836
 20
62.25590824957384
 30
0.0
  0
VERTEX
  5
71C
  8
T3_PROFILE_INSIDE_2
 10
0.0
 20
62.7892709206136
 30
0.0
  0
SEQEND
  5
943
  8
T3_PROFILE_INSIDE_2
  0
POLYLINE
  5
88
  8
T3_PROFILE_INSIDE_2
 66
     1
 10
0.0
 20
0.0
 30
0.0
 70
     1
  0
VERTEX
  5
71D
  8
T3_PROFILE_INSIDE_2
 10
0.7096632370307177
 20
64.92801494310967
 30
0.0
  0
VERTEX
  5
71E
  8
T3_PROFILE_INSIDE_2
 10
0.7099072941713104
 20
64.93766385645633
 30
0.0
  0
VERTEX
  5
71F
  8
T3_PROFILE_INSIDE_2
 10
0.7106314323314472
 20
64.94718607671315
 30
0.0
  0
VERTEX
  5
720
  8
T3_PROFILE_INSIDE_2
 10
0.7118238716167702
 20
64.9565698242042
 30
0.0
  0
VERTEX
  5
721
  8
T3_PROFILE_INSIDE_2
 10
0.7134728321329211
 20
64.96580331925348
 30
0.0
  0
VERTEX
  5
722
  8
T3_PROFILE_INSIDE_2
 10
0.7155665339855422
 20
64.97487478218508
 30
0.0
  0
VERTEX
  5
723
  8
T3_PROFILE_INSIDE_2
 10
0.718093197280275
 20
64.98377243332304
 30
0.0
  0
VERTEX
  5
724
  8
T3_PROFILE_INSIDE_2
 10
0.7210410421227618
 20
64.9924844929914
 30
0.0
  0
VERTEX
  5
725
  8
T3_PROFILE_INSIDE_2
 10
0.7243982886186444
 20
65.0009991815142
 30
0.0
  0
VERTEX
  5
726
  8
T3_PROFILE_INSIDE_2
 10
0.7281531568735649
 20
65.00930471921549
 30
0.0
  0
VERTEX
  5
727
  8
T3_PROFILE_INSIDE_2
 10
0.732293866993165
 20
65.01738932641933
 30
0.0
  0
VERTEX
  5
728
  8
T3_PROFILE_INSIDE_2
 10
0.7368086390830868
 20
65.02524122344977
 30
0.0
  0
VERTEX
  5
729
  8
T3_PROFILE_INSIDE_2
 10
0.7416856932489724
 20
65.03284863063082
 30
0.0
  0
VERTEX
  5
72A
  8
T3_PROFILE_INSIDE_2
 10
0.7469132495964634
 20
65.04019976828656
 30
0.0
  0
VERTEX
  5
72B
  8
T3_PROFILE_INSIDE_2
 10
0.7524795282312021
 20
65.04728285674102
 30
0.0
  0
VERTEX
  5
72C
  8
T3_PROFILE_INSIDE_2
 10
0.7583727492588302
 20
65.05408611631825
 30
0.0
  0
VERTEX
  5
72D
  8
T3_PROFILE_INSIDE_2
 10
0.7645811327849898
 20
65.0605977673423
 30
0.0
  0
VERTEX
  5
72E
  8
T3_PROFILE_INSIDE_2
 10
0.7710928989153228
 20
65.06680603013723
 30
0.0
  0
VERTEX
  5
72F
  8
T3_PROFILE_INSIDE_2
 10
0.7778962677554712
 20
65.07269912502707
 30
0.0
  0
VERTEX
  5
730
  8
T3_PROFILE_INSIDE_2
 10
0.7849794594110768
 20
65.07826527233587
 30
0.0
  0
VERTEX
  5
731
  8
T3_PROFILE_INSIDE_2
 10
0.7923306939877817
 20
65.08349269238765
 30
0.0
  0
VERTEX
  5
732
  8
T3_PROFILE_INSIDE_2
 10
0.7999381915912278
 20
65.0883696055065
 30
0.0
  0
VERTEX
  5
733
  8
T3_PROFILE_INSIDE_2
 10
0.807790172327057
 20
65.09288423201644
 30
0.0
  0
VERTEX
  5
734
  8
T3_PROFILE_INSIDE_2
 10
0.8158748563009113
 20
65.09702479224157
 30
0.0
  0
VERTEX
  5
735
  8
T3_PROFILE_INSIDE_2
 10
0.8241804636184327
 20
65.10077950650586
 30
0.0
  0
VERTEX
  5
736
  8
T3_PROFILE_INSIDE_2
 10
0.8326952143852631
 20
65.10413659513338
 30
0.0
  0
VERTEX
  5
737
  8
T3_PROFILE_INSIDE_2
 10
0.8414073287070444
 20
65.10708427844821
 30
0.0
  0
VERTEX
  5
738
  8
T3_PROFILE_INSIDE_2
 10
0.8503050266894185
 20
65.10961077677435
 30
0.0
  0
VERTEX
  5
739
  8
T3_PROFILE_INSIDE_2
 10
0.8593765284380277
 20
65.11170431043588
 30
0.0
  0
VERTEX
  5
73A
  8
T3_PROFILE_INSIDE_2
 10
0.8686100540585135
 20
65.11335309975684
 30
0.0
  0
VERTEX
  5
73B
  8
T3_PROFILE_INSIDE_2
 10
0.8779938236565182
 20
65.11454536506125
 30
0.0
  0
VERTEX
  5
73C
  8
T3_PROFILE_INSIDE_2
 10
0.8875160573376836
 20
65.1152693266732
 30
0.0
  0
VERTEX
  5
73D
  8
T3_PROFILE_INSIDE_2
 10
0.8971649752076516
 20
65.11551320491671
 30
0.0
  0
VERTEX
  5
73E
  8
T3_PROFILE_INSIDE_2
 10
0.9068138885543031
 20
65.11526914777613
 30
0.0
  0
VERTEX
  5
73F
  8
T3_PROFILE_INSIDE_2
 10
0.916336108811122
 20
65.11454500961602
 30
0.0
  0
VERTEX
  5
740
  8
T3_PROFILE_INSIDE_2
 10
0.925719856302155
 20
65.1133525703307
 30
0.0
  0
VERTEX
  5
741
  8
T3_PROFILE_INSIDE_2
 10
0.9349533513514484
 20
65.11170360981455
 30
0.0
  0
VERTEX
  5
742
  8
T3_PROFILE_INSIDE_2
 10
0.944024814283049
 20
65.10960990796194
 30
0.0
  0
VERTEX
  5
743
  8
T3_PROFILE_INSIDE_2
 10
0.9529224654210033
 20
65.10708324466722
 30
0.0
  0
VERTEX
  5
744
  8
T3_PROFILE_INSIDE_2
 10
0.9616345250893581
 20
65.10413539982474
 30
0.0
  0
VERTEX
  5
745
  8
T3_PROFILE_INSIDE_2
 10
0.9701492136121596
 20
65.10077815332886
 30
0.0
  0
VERTEX
  5
746
  8
T3_PROFILE_INSIDE_2
 10
0.9784547513134545
 20
65.09702328507394
 30
0.0
  0
VERTEX
  5
747
  8
T3_PROFILE_INSIDE_2
 10
0.9865393585172897
 20
65.09288257495434
 30
0.0
  0
VERTEX
  5
748
  8
T3_PROFILE_INSIDE_2
 10
0.9943912555477112
 20
65.08836780286443
 30
0.0
  0
VERTEX
  5
749
  8
T3_PROFILE_INSIDE_2
 10
1.001998662728766
 20
65.08349074869855
 30
0.0
  0
VERTEX
  5
74A
  8
T3_PROFILE_INSIDE_2
 10
1.009349800384501
 20
65.07826319235107
 30
0.0
  0
VERTEX
  5
74B
  8
T3_PROFILE_INSIDE_2
 10
1.016432888838962
 20
65.07269691371631
 30
0.0
  0
VERTEX
  5
74C
  8
T3_PROFILE_INSIDE_2
 10
1.023236148416196
 20
65.06680369268868
 30
0.0
  0
VERTEX
  5
74D
  8
T3_PROFILE_INSIDE_2
 10
1.02974779944025
 20
65.06059530916252
 30
0.0
  0
VERTEX
  5
74E
  8
T3_PROFILE_INSIDE_2
 10
1.035956062235169
 20
65.05408354303219
 30
0.0
  0
VERTEX
  5
74F
  8
T3_PROFILE_INSIDE_2
 10
1.041849157125001
 20
65.04728017419204
 30
0.0
  0
VERTEX
  5
750
  8
T3_PROFILE_INSIDE_2
 10
1.047415304433793
 20
65.04019698253643
 30
0.0
  0
VERTEX
  5
751
  8
T3_PROFILE_INSIDE_2
 10
1.05264272448559
 20
65.03284574795973
 30
0.0
  0
VERTEX
  5
752
  8
T3_PROFILE_INSIDE_2
 10
1.05751963760444
 20
65.02523825035627
 30
0.0
  0
VERTEX
  5
753
  8
T3_PROFILE_INSIDE_2
 10
1.062034264114389
 20
65.01738626962043
 30
0.0
  0
VERTEX
  5
754
  8
T3_PROFILE_INSIDE_2
 10
1.066174824339484
 20
65.00930158564657
 30
0.0
  0
VERTEX
  5
755
  8
T3_PROFILE_INSIDE_2
 10
1.06992953860377
 20
65.00099597832906
 30
0.0
  0
VERTEX
  5
756
  8
T3_PROFILE_INSIDE_2
 10
1.073286627231296
 20
64.99248122756222
 30
0.0
  0
VERTEX
  5
757
  8
T3_PROFILE_INSIDE_2
 10
1.076234310546106
 20
64.98376911324044
 30
0.0
  0
VERTEX
  5
758
  8
T3_PROFILE_INSIDE_2
 10
1.078760808872249
 20
64.97487141525806
 30
0.0
  0
VERTEX
  5
759
  8
T3_PROFILE_INSIDE_2
 10
1.08085434253377
 20
64.96579991350946
 30
0.0
  0
VERTEX
  5
75A
  8
T3_PROFILE_INSIDE_2
 10
1.082503131854716
 20
64.95656638788898
 30
0.0
  0
VERTEX
  5
75B
  8
T3_PROFILE_INSIDE_2
 10
1.083695397159134
 20
64.94718261829098
 30
0.0
  0
VERTEX
  5
75C
  8
T3_PROFILE_INSIDE_2
 10
1.08441935877107
 20
64.9376603846098
 30
0.0
  0
VERTEX
  5
75D
  8
T3_PROFILE_INSIDE_2
 10
1.084663237014571
 20
64.92801146673983
 30
0.0
  0
VERTEX
  5
75E
  8
T3_PROFILE_INSIDE_2
 10
1.084419179873998
 20
64.91836255339318
 30
0.0
  0
VERTEX
  5
75F
  8
T3_PROFILE_INSIDE_2
 10
1.083695041713881
 20
64.90884033313635
 30
0.0
  0
VERTEX
  5
760
  8
T3_PROFILE_INSIDE_2
 10
1.082502602428576
 20
64.89945658564532
 30
0.0
  0
VERTEX
  5
761
  8
T3_PROFILE_INSIDE_2
 10
1.080853641912442
 20
64.89022309059604
 30
0.0
  0
VERTEX
  5
762
  8
T3_PROFILE_INSIDE_2
 10
1.078759940059837
 20
64.88115162766442
 30
0.0
  0
VERTEX
  5
763
  8
T3_PROFILE_INSIDE_2
 10
1.076233276765119
 20
64.87225397652648
 30
0.0
  0
VERTEX
  5
764
  8
T3_PROFILE_INSIDE_2
 10
1.073285431922646
 20
64.86354191685813
 30
0.0
  0
VERTEX
  5
765
  8
T3_PROFILE_INSIDE_2
 10
1.069928185426776
 20
64.85502722833533
 30
0.0
  0
VERTEX
  5
766
  8
T3_PROFILE_INSIDE_2
 10
1.066173317171867
 20
64.84672169063404
 30
0.0
  0
VERTEX
  5
767
  8
T3_PROFILE_INSIDE_2
 10
1.062032607052278
 20
64.8386370834302
 30
0.0
  0
VERTEX
  5
768
  8
T3_PROFILE_INSIDE_2
 10
1.057517834962366
 20
64.83078518639977
 30
0.0
  0
VERTEX
  5
769
  8
T3_PROFILE_INSIDE_2
 10
1.052640780796489
 20
64.82317777921872
 30
0.0
  0
VERTEX
  5
76A
  8
T3_PROFILE_INSIDE_2
 10
1.047413224449006
 20
64.81582664156299
 30
0.0
  0
VERTEX
  5
76B
  8
T3_PROFILE_INSIDE_2
 10
1.041846945814275
 20
64.80874355310853
 30
0.0
  0
VERTEX
  5
76C
  8
T3_PROFILE_INSIDE_2
 10
1.035953724786653
 20
64.80194029353129
 30
0.0
  0
VERTEX
  5
76D
  8
T3_PROFILE_INSIDE_2
 10
1.029745341260499
 20
64.79542864250725
 30
0.0
  0
VERTEX
  5
76E
  8
T3_PROFILE_INSIDE_2
 10
1.023233575130171
 20
64.78922037971233
 30
0.0
  0
VERTEX
  5
76F
  8
T3_PROFILE_INSIDE_2
 10
1.016430206290027
 20
64.78332728482249
 30
0.0
  0
VERTEX
  5
770
  8
T3_PROFILE_INSIDE_2
 10
1.009347014634426
 20
64.77776113751369
 30
0.0
  0
VERTEX
  5
771
  8
T3_PROFILE_INSIDE_2
 10
1.001995780057724
 20
64.7725337174619
 30
0.0
  0
VERTEX
  5
772
  8
T3_PROFILE_INSIDE_2
 10
0.9943882824542812
 20
64.76765680434303
 30
0.0
  0
VERTEX
  5
773
  8
T3_PROFILE_INSIDE_2
 10
0.9865363017184545
 20
64.76314217783309
 30
0.0
  0
VERTEX
  5
774
  8
T3_PROFILE_INSIDE_2
 10
0.9784516177446021
 20
64.75900161760799
 30
0.0
  0
VERTEX
  5
775
  8
T3_PROFILE_INSIDE_2
 10
0.9701460104270824
 20
64.7552469033437
 30
0.0
  0
VERTEX
  5
776
  8
T3_PROFILE_INSIDE_2
 10
0.9616312596602532
 20
64.75188981471618
 30
0.0
  0
VERTEX
  5
777
  8
T3_PROFILE_INSIDE_2
 10
0.9529191453384729
 20
64.74894213140135
 30
0.0
  0
VERTEX
  5
778
  8
T3_PROFILE_INSIDE_2
 10
0.9440214473560995
 20
64.74641563307522
 30
0.0
  0
VERTEX
  5
779
  8
T3_PROFILE_INSIDE_2
 10
0.9349499456074909
 20
64.74432209941368
 30
0.0
  0
VERTEX
  5
77A
  8
T3_PROFILE_INSIDE_2
 10
0.9257164199870054
 20
64.74267331009273
 30
0.0
  0
VERTEX
  5
77B
  8
T3_PROFILE_INSIDE_2
 10
0.9163326503890008
 20
64.74148104478832
 30
0.0
  0
VERTEX
  5
77C
  8
T3_PROFILE_INSIDE_2
 10
0.9068104167078356
 20
64.74075708317636
 30
0.0
  0
VERTEX
  5
77D
  8
T3_PROFILE_INSIDE_2
 10
0.8971614988378676
 20
64.74051320493285
 30
0.0
  0
VERTEX
  5
77E
  8
T3_PROFILE_INSIDE_2
 10
0.887512585491216
 20
64.74075726207343
 30
0.0
  0
VERTEX
  5
77F
  8
T3_PROFILE_INSIDE_2
 10
0.877990365234397
 20
64.74148140023354
 30
0.0
  0
VERTEX
  5
780
  8
T3_PROFILE_INSIDE_2
 10
0.868606617743364
 20
64.74267383951886
 30
0.0
  0
VERTEX
  5
781
  8
T3_PROFILE_INSIDE_2
 10
0.8593731226940702
 20
64.74432280003501
 30
0.0
  0
VERTEX
  5
782
  8
T3_PROFILE_INSIDE_2
 10
0.8503016597624691
 20
64.74641650188762
 30
0.0
  0
VERTEX
  5
783
  8
T3_PROFILE_INSIDE_2
 10
0.841404008624514
 20
64.74894316518234
 30
0.0
  0
VERTEX
  5
784
  8
T3_PROFILE_INSIDE_2
 10
0.8326919489561583
 20
64.75189101002482
 30
0.0
  0
VERTEX
  5
785
  8
T3_PROFILE_INSIDE_2
 10
0.8241772604333555
 20
64.7552482565207
 30
0.0
  0
VERTEX
  5
786
  8
T3_PROFILE_INSIDE_2
 10
0.8158717227320588
 20
64.7590031247756
 30
0.0
  0
VERTEX
  5
787
  8
T3_PROFILE_INSIDE_2
 10
0.8077871155282217
 20
64.7631438348952
 30
0.0
  0
VERTEX
  5
788
  8
T3_PROFILE_INSIDE_2
 10
0.7999352184977975
 20
64.76765860698512
 30
0.0
  0
VERTEX
  5
789
  8
T3_PROFILE_INSIDE_2
 10
0.7923278113167398
 20
64.77253566115101
 30
0.0
  0
VERTEX
  5
78A
  8
T3_PROFILE_INSIDE_2
 10
0.7849766736610017
 20
64.77776321749849
 30
0.0
  0
VERTEX
  5
78B
  8
T3_PROFILE_INSIDE_2
 10
0.7778935852065367
 20
64.78332949613323
 30
0.0
  0
VERTEX
  5
78C
  8
T3_PROFILE_INSIDE_2
 10
0.7710903256292981
 20
64.78922271716085
 30
0.0
  0
VERTEX
  5
78D
  8
T3_PROFILE_INSIDE_2
 10
0.7645786746052394
 20
64.79543110068703
 30
0.0
  0
VERTEX
  5
78E
  8
T3_PROFILE_INSIDE_2
 10
0.758370411810314
 20
64.80194286681737
 30
0.0
  0
VERTEX
  5
78F
  8
T3_PROFILE_INSIDE_2
 10
0.752477316920475
 20
64.80874623565751
 30
0.0
  0
VERTEX
  5
790
  8
T3_PROFILE_INSIDE_2
 10
0.7469111696116763
 20
64.8158294273131
 30
0.0
  0
VERTEX
  5
791
  8
T3_PROFILE_INSIDE_2
 10
0.7416837495598707
 20
64.82318066188982
 30
0.0
  0
VERTEX
  5
792
  8
T3_PROFILE_INSIDE_2
 10
0.7368068364410121
 20
64.83078815949328
 30
0.0
  0
VERTEX
  5
793
  8
T3_PROFILE_INSIDE_2
 10
0.7322922099310534
 20
64.8386401402291
 30
0.0
  0
VERTEX
  5
794
  8
T3_PROFILE_INSIDE_2
 10
0.7281516497059483
 20
64.84672482420297
 30
0.0
  0
VERTEX
  5
795
  8
T3_PROFILE_INSIDE_2
 10
0.72439693544165
 20
64.85503043152048
 30
0.0
  0
VERTEX
  5
796
  8
T3_PROFILE_INSIDE_2
 10
0.721039846814112
 20
64.86354518228731
 30
0.0
  0
VERTEX
  5
797
  8
T3_PROFILE_INSIDE_2
 10
0.7180921634992876
 20
64.87225729660909
 30
0.0
  0
VERTEX
  5
798
  8
T3_PROFILE_INSIDE_2
 10
0.7155656651731304
 20
64.88115499459147
 30
0.0
  0
VERTEX
  5
799
  8
T3_PROFILE_INSIDE_2
 10
0.7134721315115935
 20
64.89022649634006
 30
0.0
  0
VERTEX
  5
79A
  8
T3_PROFILE_INSIDE_2
 10
0.7118233421906304
 20
64.89946002196055
 30
0.0
  0
VERTEX
  5
79B
  8
T3_PROFILE_INSIDE_2
 10
0.7106310768861945
 20
64.90884379155855
 30
0.0
  0
VERTEX
  5
79C
  8
T3_PROFILE_INSIDE_2
 10
0.7099071152742391
 20
64.9183660252397
 30
0.0
  0
SEQEND
  5
944
  8
T3_PROFILE_INSIDE_2
  0
POLYLINE
  5
89
  8
T3_PROFILE_INSIDE_2
 66
     1
 10
0.0
 20
0.0
 30
0.0
 70
     1
  0
VERTEX
  5
79D
  8
T3_PROFILE_INSIDE_2
 10
2.459648752081108
 20
63.36549872011753
 30
0.0
  0
VERTEX
  5
79E
  8
T3_PROFILE_INSIDE_2
 10
2.459892809221681
 20
63.37514763346417
 30
0.0
  0
VERTEX
  5
79F
  8
T3_PROFILE_INSIDE_2
 10
2.4606169473818
 20
63.38466985372099
 30
0.0
  0
VERTEX
  5
7A0
  8
T3_PROFILE_INSIDE_2
 10
2.461809386667108
 20
63.39405360121202
 30
0.0
  0
VERTEX
  5
7A1
  8
T3_PROFILE_INSIDE_2
 10
2.463458347183246
 20
63.40328709626131
 30
0.0
  0
VERTEX
  5
7A2
  8
T3_PROFILE_INSIDE_2
 10
2.465552049035856
 20
63.4123585591929
 30
0.0
  0
VERTEX
  5
7A3
  8
T3_PROFILE_INSIDE_2
 10
2.468078712330581
 20
63.42125621033085
 30
0.0
  0
VERTEX
  5
7A4
  8
T3_PROFILE_INSIDE_2
 10
2.471026557173061
 20
63.42996826999921
 30
0.0
  0
VERTEX
  5
7A5
  8
T3_PROFILE_INSIDE_2
 10
2.474383803668939
 20
63.438482958522
 30
0.0
  0
VERTEX
  5
7A6
  8
T3_PROFILE_INSIDE_2
 10
2.478138671923856
 20
63.44678849622329
 30
0.0
  0
VERTEX
  5
7A7
  8
T3_PROFILE_INSIDE_2
 10
2.482279382043455
 20
63.45487310342713
 30
0.0
  0
VERTEX
  5
7A8
  8
T3_PROFILE_INSIDE_2
 10
2.486794154133376
 20
63.46272500045755
 30
0.0
  0
VERTEX
  5
7A9
  8
T3_PROFILE_INSIDE_2
 10
2.491671208299263
 20
63.47033240763861
 30
0.0
  0
VERTEX
  5
7AA
  8
T3_PROFILE_INSIDE_2
 10
2.496898764646756
 20
63.47768354529433
 30
0.0
  0
VERTEX
  5
7AB
  8
T3_PROFILE_INSIDE_2
 10
2.502465043281498
 20
63.4847666337488
 30
0.0
  0
VERTEX
  5
7AC
  8
T3_PROFILE_INSIDE_2
 10
2.50835826430913
 20
63.49156989332603
 30
0.0
  0
VERTEX
  5
7AD
  8
T3_PROFILE_INSIDE_2
 10
2.514566647835295
 20
63.49808154435009
 30
0.0
  0
VERTEX
  5
7AE
  8
T3_PROFILE_INSIDE_2
 10
2.521078413965633
 20
63.50428980714501
 30
0.0
  0
VERTEX
  5
7AF
  8
T3_PROFILE_INSIDE_2
 10
2.527881782805787
 20
63.51018290203485
 30
0.0
  0
VERTEX
  5
7B0
  8
T3_PROFILE_INSIDE_2
 10
2.5349649744614
 20
63.51574904934364
 30
0.0
  0
VERTEX
  5
7B1
  8
T3_PROFILE_INSIDE_2
 10
2.542316209038111
 20
63.52097646939545
 30
0.0
  0
VERTEX
  5
7B2
  8
T3_PROFILE_INSIDE_2
 10
2.549923706641565
 20
63.52585338251431
 30
0.0
  0
VERTEX
  5
7B3
  8
T3_PROFILE_INSIDE_2
 10
2.557775687377401
 20
63.53036800902426
 30
0.0
  0
VERTEX
  5
7B4
  8
T3_PROFILE_INSIDE_2
 10
2.565860371351262
 20
63.53450856924935
 30
0.0
  0
VERTEX
  5
7B5
  8
T3_PROFILE_INSIDE_2
 10
2.57416597866879
 20
63.53826328351364
 30
0.0
  0
VERTEX
  5
7B6
  8
T3_PROFILE_INSIDE_2
 10
2.582680729435626
 20
63.54162037214117
 30
0.0
  0
VERTEX
  5
7B7
  8
T3_PROFILE_INSIDE_2
 10
2.591392843757413
 20
63.54456805545599
 30
0.0
  0
VERTEX
  5
7B8
  8
T3_PROFILE_INSIDE_2
 10
2.600290541739793
 20
63.54709455378214
 30
0.0
  0
VERTEX
  5
7B9
  8
T3_PROFILE_INSIDE_2
 10
2.609362043488407
 20
63.54918808744367
 30
0.0
  0
VERTEX
  5
7BA
  8
T3_PROFILE_INSIDE_2
 10
2.618595569108896
 20
63.55083687676462
 30
0.0
  0
VERTEX
  5
7BB
  8
T3_PROFILE_INSIDE_2
 10
2.627979338706903
 20
63.55202914206905
 30
0.0
  0
VERTEX
  5
7BC
  8
T3_PROFILE_INSIDE_2
 10
2.63750157238807
 20
63.55275310368099
 30
0.0
  0
VERTEX
  5
7BD
  8
T3_PROFILE_INSIDE_2
 10
2.647150490258039
 20
63.55299698192451
 30
0.0
  0
VERTEX
  5
7BE
  8
T3_PROFILE_INSIDE_2
 10
2.65679940360469
 20
63.55275292478393
 30
0.0
  0
VERTEX
  5
7BF
  8
T3_PROFILE_INSIDE_2
 10
2.666321623861507
 20
63.55202878662381
 30
0.0
  0
VERTEX
  5
7C0
  8
T3_PROFILE_INSIDE_2
 10
2.675705371352538
 20
63.5508363473385
 30
0.0
  0
VERTEX
  5
7C1
  8
T3_PROFILE_INSIDE_2
 10
2.68493886640183
 20
63.54918738682236
 30
0.0
  0
VERTEX
  5
7C2
  8
T3_PROFILE_INSIDE_2
 10
2.694010329333428
 20
63.54709368496975
 30
0.0
  0
VERTEX
  5
7C3
  8
T3_PROFILE_INSIDE_2
 10
2.702907980471379
 20
63.54456702167502
 30
0.0
  0
VERTEX
  5
7C4
  8
T3_PROFILE_INSIDE_2
 10
2.711620040139731
 20
63.54161917683254
 30
0.0
  0
VERTEX
  5
7C5
  8
T3_PROFILE_INSIDE_2
 10
2.720134728662529
 20
63.53826193033667
 30
0.0
  0
VERTEX
  5
7C6
  8
T3_PROFILE_INSIDE_2
 10
2.728440266363821
 20
63.53450706208175
 30
0.0
  0
VERTEX
  5
7C7
  8
T3_PROFILE_INSIDE_2
 10
2.736524873567652
 20
63.53036635196216
 30
0.0
  0
VERTEX
  5
7C8
  8
T3_PROFILE_INSIDE_2
 10
2.74437677059807
 20
63.52585157987224
 30
0.0
  0
VERTEX
  5
7C9
  8
T3_PROFILE_INSIDE_2
 10
2.751984177779121
 20
63.52097452570635
 30
0.0
  0
VERTEX
  5
7CA
  8
T3_PROFILE_INSIDE_2
 10
2.759335315434853
 20
63.51574696935886
 30
0.0
  0
VERTEX
  5
7CB
  8
T3_PROFILE_INSIDE_2
 10
2.766418403889311
 20
63.51018069072412
 30
0.0
  0
VERTEX
  5
7CC
  8
T3_PROFILE_INSIDE_2
 10
2.773221663466542
 20
63.50428746969649
 30
0.0
  0
VERTEX
  5
7CD
  8
T3_PROFILE_INSIDE_2
 10
2.779733314490592
 20
63.49807908617033
 30
0.0
  0
VERTEX
  5
7CE
  8
T3_PROFILE_INSIDE_2
 10
2.785941577285509
 20
63.49156732003999
 30
0.0
  0
VERTEX
  5
7CF
  8
T3_PROFILE_INSIDE_2
 10
2.79183467217534
 20
63.48476395119984
 30
0.0
  0
VERTEX
  5
7D0
  8
T3_PROFILE_INSIDE_2
 10
2.79740081948413
 20
63.47768075954423
 30
0.0
  0
VERTEX
  5
7D1
  8
T3_PROFILE_INSIDE_2
 10
2.802628239535927
 20
63.47032952496753
 30
0.0
  0
VERTEX
  5
7D2
  8
T3_PROFILE_INSIDE_2
 10
2.807505152654776
 20
63.46272202736408
 30
0.0
  0
VERTEX
  5
7D3
  8
T3_PROFILE_INSIDE_2
 10
2.812019779164725
 20
63.45487004662825
 30
0.0
  0
VERTEX
  5
7D4
  8
T3_PROFILE_INSIDE_2
 10
2.81616033938982
 20
63.44678536265439
 30
0.0
  0
VERTEX
  5
7D5
  8
T3_PROFILE_INSIDE_2
 10
2.819915053654109
 20
63.43847975533686
 30
0.0
  0
VERTEX
  5
7D6
  8
T3_PROFILE_INSIDE_2
 10
2.823272142281636
 20
63.42996500457004
 30
0.0
  0
VERTEX
  5
7D7
  8
T3_PROFILE_INSIDE_2
 10
2.826219825596451
 20
63.42125289024825
 30
0.0
  0
VERTEX
  5
7D8
  8
T3_PROFILE_INSIDE_2
 10
2.828746323922597
 20
63.41235519226588
 30
0.0
  0
VERTEX
  5
7D9
  8
T3_PROFILE_INSIDE_2
 10
2.830839857584124
 20
63.40328369051726
 30
0.0
  0
VERTEX
  5
7DA
  8
T3_PROFILE_INSIDE_2
 10
2.832488646905077
 20
63.39405016489677
 30
0.0
  0
VERTEX
  5
7DB
  8
T3_PROFILE_INSIDE_2
 10
2.833680912209502
 20
63.38466639529877
 30
0.0
  0
VERTEX
  5
7DC
  8
T3_PROFILE_INSIDE_2
 10
2.834404873821446
 20
63.3751441616176
 30
0.0
  0
VERTEX
  5
7DD
  8
T3_PROFILE_INSIDE_2
 10
2.834648752064957
 20
63.36549524374763
 30
0.0
  0
VERTEX
  5
7DE
  8
T3_PROFILE_INSIDE_2
 10
2.834404694924385
 20
63.35584633040098
 30
0.0
  0
VERTEX
  5
7DF
  8
T3_PROFILE_INSIDE_2
 10
2.833680556764266
 20
63.34632411014416
 30
0.0
  0
VERTEX
  5
7E0
  8
T3_PROFILE_INSIDE_2
 10
2.832488117478958
 20
63.33694036265312
 30
0.0
  0
VERTEX
  5
7E1
  8
T3_PROFILE_INSIDE_2
 10
2.83083915696282
 20
63.32770686760384
 30
0.0
  0
VERTEX
  5
7E2
  8
T3_PROFILE_INSIDE_2
 10
2.82874545511021
 20
63.31863540467224
 30
0.0
  0
VERTEX
  5
7E3
  8
T3_PROFILE_INSIDE_2
 10
2.826218791815486
 20
63.30973775353428
 30
0.0
  0
VERTEX
  5
7E4
  8
T3_PROFILE_INSIDE_2
 10
2.823270946973007
 20
63.30102569386592
 30
0.0
  0
VERTEX
  5
7E5
  8
T3_PROFILE_INSIDE_2
 10
2.81991370047713
 20
63.29251100534313
 30
0.0
  0
VERTEX
  5
7E6
  8
T3_PROFILE_INSIDE_2
 10
2.816158832222214
 20
63.28420546764184
 30
0.0
  0
VERTEX
  5
7E7
  8
T3_PROFILE_INSIDE_2
 10
2.812018122102618
 20
63.276120860438
 30
0.0
  0
VERTEX
  5
7E8
  8
T3_PROFILE_INSIDE_2
 10
2.807503350012698
 20
63.26826896340758
 30
0.0
  0
VERTEX
  5
7E9
  8
T3_PROFILE_INSIDE_2
 10
2.802626295846815
 20
63.26066155622652
 30
0.0
  0
VERTEX
  5
7EA
  8
T3_PROFILE_INSIDE_2
 10
2.797398739499324
 20
63.2533104185708
 30
0.0
  0
VERTEX
  5
7EB
  8
T3_PROFILE_INSIDE_2
 10
2.791832460864586
 20
63.24622733011633
 30
0.0
  0
VERTEX
  5
7EC
  8
T3_PROFILE_INSIDE_2
 10
2.785939239836958
 20
63.2394240705391
 30
0.0
  0
VERTEX
  5
7ED
  8
T3_PROFILE_INSIDE_2
 10
2.779730856310799
 20
63.23291241951504
 30
0.0
  0
VERTEX
  5
7EE
  8
T3_PROFILE_INSIDE_2
 10
2.773219090180467
 20
63.22670415672012
 30
0.0
  0
VERTEX
  5
7EF
  8
T3_PROFILE_INSIDE_2
 10
2.766415721340319
 20
63.22081106183028
 30
0.0
  0
VERTEX
  5
7F0
  8
T3_PROFILE_INSIDE_2
 10
2.759332529684714
 20
63.21524491452149
 30
0.0
  0
VERTEX
  5
7F1
  8
T3_PROFILE_INSIDE_2
 10
2.75198129510801
 20
63.21001749446968
 30
0.0
  0
VERTEX
  5
7F2
  8
T3_PROFILE_INSIDE_2
 10
2.744373797504565
 20
63.20514058135083
 30
0.0
  0
VERTEX
  5
7F3
  8
T3_PROFILE_INSIDE_2
 10
2.736521816768739
 20
63.20062595484087
 30
0.0
  0
VERTEX
  5
7F4
  8
T3_PROFILE_INSIDE_2
 10
2.728437132794888
 20
63.19648539461578
 30
0.0
  0
VERTEX
  5
7F5
  8
T3_PROFILE_INSIDE_2
 10
2.720131525477372
 20
63.19273068035149
 30
0.0
  0
VERTEX
  5
7F6
  8
T3_PROFILE_INSIDE_2
 10
2.711616774710548
 20
63.18937359172395
 30
0.0
  0
VERTEX
  5
7F7
  8
T3_PROFILE_INSIDE_2
 10
2.702904660388774
 20
63.18642590840913
 30
0.0
  0
VERTEX
  5
7F8
  8
T3_PROFILE_INSIDE_2
 10
2.69400696240641
 20
63.18389941008299
 30
0.0
  0
VERTEX
  5
7F9
  8
T3_PROFILE_INSIDE_2
 10
2.684935460657811
 20
63.18180587642145
 30
0.0
  0
VERTEX
  5
7FA
  8
T3_PROFILE_INSIDE_2
 10
2.675701935037338
 20
63.18015708710049
 30
0.0
  0
VERTEX
  5
7FB
  8
T3_PROFILE_INSIDE_2
 10
2.66631816543935
 20
63.17896482179606
 30
0.0
  0
VERTEX
  5
7FC
  8
T3_PROFILE_INSIDE_2
 10
2.656795931758202
 20
63.17824086018411
 30
0.0
  0
VERTEX
  5
7FD
  8
T3_PROFILE_INSIDE_2
 10
2.647147013888254
 20
63.17799698194059
 30
0.0
  0
VERTEX
  5
7FE
  8
T3_PROFILE_INSIDE_2
 10
2.637498100541593
 20
63.17824103908117
 30
0.0
  0
VERTEX
  5
7FF
  8
T3_PROFILE_INSIDE_2
 10
2.627975880284766
 20
63.1789651772413
 30
0.0
  0
VERTEX
  5
800
  8
T3_PROFILE_INSIDE_2
 10
2.618592132793726
 20
63.18015761652661
 30
0.0
  0
VERTEX
  5
801
  8
T3_PROFILE_INSIDE_2
 10
2.609358637744426
 20
63.18180657704276
 30
0.0
  0
VERTEX
  5
802
  8
T3_PROFILE_INSIDE_2
 10
2.600287174812819
 20
63.18390027889538
 30
0.0
  0
VERTEX
  5
803
  8
T3_PROFILE_INSIDE_2
 10
2.59138952367486
 20
63.18642694219011
 30
0.0
  0
VERTEX
  5
804
  8
T3_PROFILE_INSIDE_2
 10
2.582677464006502
 20
63.18937478703259
 30
0.0
  0
VERTEX
  5
805
  8
T3_PROFILE_INSIDE_2
 10
2.574162775483697
 20
63.19273203352846
 30
0.0
  0
VERTEX
  5
806
  8
T3_PROFILE_INSIDE_2
 10
2.565857237782398
 20
63.19648690178338
 30
0.0
  0
VERTEX
  5
807
  8
T3_PROFILE_INSIDE_2
 10
2.557772630578561
 20
63.20062761190297
 30
0.0
  0
VERTEX
  5
808
  8
T3_PROFILE_INSIDE_2
 10
2.549920733548136
 20
63.20514238399289
 30
0.0
  0
VERTEX
  5
809
  8
T3_PROFILE_INSIDE_2
 10
2.542313326367079
 20
63.21001943815878
 30
0.0
  0
VERTEX
  5
80A
  8
T3_PROFILE_INSIDE_2
 10
2.534962188711343
 20
63.21524699450627
 30
0.0
  0
VERTEX
  5
80B
  8
T3_PROFILE_INSIDE_2
 10
2.527879100256879
 20
63.22081327314101
 30
0.0
  0
VERTEX
  5
80C
  8
T3_PROFILE_INSIDE_2
 10
2.521075840679643
 20
63.22670649416864
 30
0.0
  0
VERTEX
  5
80D
  8
T3_PROFILE_INSIDE_2
 10
2.514564189655587
 20
63.2329148776948
 30
0.0
  0
VERTEX
  5
80E
  8
T3_PROFILE_INSIDE_2
 10
2.508355926860665
 20
63.23942664382514
 30
0.0
  0
VERTEX
  5
80F
  8
T3_PROFILE_INSIDE_2
 10
2.502462831970829
 20
63.24623001266529
 30
0.0
  0
VERTEX
  5
810
  8
T3_PROFILE_INSIDE_2
 10
2.496896684662033
 20
63.2533132043209
 30
0.0
  0
VERTEX
  5
811
  8
T3_PROFILE_INSIDE_2
 10
2.491669264610231
 20
63.26066443889761
 30
0.0
  0
VERTEX
  5
812
  8
T3_PROFILE_INSIDE_2
 10
2.486792351491376
 20
63.26827193650107
 30
0.0
  0
VERTEX
  5
813
  8
T3_PROFILE_INSIDE_2
 10
2.482277724981421
 20
63.27612391723689
 30
0.0
  0
VERTEX
  5
814
  8
T3_PROFILE_INSIDE_2
 10
2.47813716475632
 20
63.28420860121075
 30
0.0
  0
VERTEX
  5
815
  8
T3_PROFILE_INSIDE_2
 10
2.474382450492024
 20
63.29251420852827
 30
0.0
  0
VERTEX
  5
816
  8
T3_PROFILE_INSIDE_2
 10
2.47102536186449
 20
63.30102895929511
 30
0.0
  0
VERTEX
  5
817
  8
T3_PROFILE_INSIDE_2
 10
2.468077678549669
 20
63.30974107361689
 30
0.0
  0
VERTEX
  5
818
  8
T3_PROFILE_INSIDE_2
 10
2.465551180223514
 20
63.31863877159927
 30
0.0
  0
VERTEX
  5
819
  8
T3_PROFILE_INSIDE_2
 10
2.463457646561979
 20
63.32771027334789
 30
0.0
  0
VERTEX
  5
81A
  8
T3_PROFILE_INSIDE_2
 10
2.461808857241018
 20
63.33694379896838
 30
0.0
  0
VERTEX
  5
81B
  8
T3_PROFILE_INSIDE_2
 10
2.460616591936584
 20
63.34632756856639
 30
0.0
  0
VERTEX
  5
81C
  8
T3_PROFILE_INSIDE_2
 10
2.459892630324629
 20
63.35584980224756
 30
0.0
  0
SEQEND
  5
945
  8
T3_PROFILE_INSIDE_2
  0
POLYLINE
  5
8A
  8
T3_PROFILE_INSIDE_2
 66
     1
 10
0.0
 20
0.0
 30
0.0
 70
     1
  0
VERTEX
  5
81D
  8
T3_PROFILE_INSIDE_2
 10
2.70153513161554
 20
80.41323098431283
 30
0.0
  0
VERTEX
  5
81E
  8
T3_PROFILE_INSIDE_2
 10
2.701779188756122
 20
80.42287989765948
 30
0.0
  0
VERTEX
  5
81F
  8
T3_PROFILE_INSIDE_2
 10
2.702503326916251
 20
80.43240211791631
 30
0.0
  0
VERTEX
  5
820
  8
T3_PROFILE_INSIDE_2
 10
2.703695766201566
 20
80.44178586540735
 30
0.0
  0
VERTEX
  5
821
  8
T3_PROFILE_INSIDE_2
 10
2.70534472671771
 20
80.45101936045664
 30
0.0
  0
VERTEX
  5
822
  8
T3_PROFILE_INSIDE_2
 10
2.707438428570326
 20
80.46009082338824
 30
0.0
  0
VERTEX
  5
823
  8
T3_PROFILE_INSIDE_2
 10
2.709965091865055
 20
80.4689884745262
 30
0.0
  0
VERTEX
  5
824
  8
T3_PROFILE_INSIDE_2
 10
2.712912936707538
 20
80.47770053419455
 30
0.0
  0
VERTEX
  5
825
  8
T3_PROFILE_INSIDE_2
 10
2.716270183203418
 20
80.48621522271736
 30
0.0
  0
VERTEX
  5
826
  8
T3_PROFILE_INSIDE_2
 10
2.720025051458337
 20
80.49452076041865
 30
0.0
  0
VERTEX
  5
827
  8
T3_PROFILE_INSIDE_2
 10
2.724165761577936
 20
80.5026053676225
 30
0.0
  0
VERTEX
  5
828
  8
T3_PROFILE_INSIDE_2
 10
2.728680533667857
 20
80.51045726465293
 30
0.0
  0
VERTEX
  5
829
  8
T3_PROFILE_INSIDE_2
 10
2.733557587833743
 20
80.51806467183398
 30
0.0
  0
VERTEX
  5
82A
  8
T3_PROFILE_INSIDE_2
 10
2.738785144181235
 20
80.52541580948972
 30
0.0
  0
VERTEX
  5
82B
  8
T3_PROFILE_INSIDE_2
 10
2.744351422815975
 20
80.53249889794418
 30
0.0
  0
VERTEX
  5
82C
  8
T3_PROFILE_INSIDE_2
 10
2.750244643843605
 20
80.5393021575214
 30
0.0
  0
VERTEX
  5
82D
  8
T3_PROFILE_INSIDE_2
 10
2.756453027369767
 20
80.54581380854546
 30
0.0
  0
VERTEX
  5
82E
  8
T3_PROFILE_INSIDE_2
 10
2.762964793500103
 20
80.55202207134039
 30
0.0
  0
VERTEX
  5
82F
  8
T3_PROFILE_INSIDE_2
 10
2.769768162340254
 20
80.55791516623023
 30
0.0
  0
VERTEX
  5
830
  8
T3_PROFILE_INSIDE_2
 10
2.776851353995863
 20
80.56348131353903
 30
0.0
  0
VERTEX
  5
831
  8
T3_PROFILE_INSIDE_2
 10
2.784202588572571
 20
80.56870873359081
 30
0.0
  0
VERTEX
  5
832
  8
T3_PROFILE_INSIDE_2
 10
2.791810086176021
 20
80.57358564670966
 30
0.0
  0
VERTEX
  5
833
  8
T3_PROFILE_INSIDE_2
 10
2.799662066911853
 20
80.5781002732196
 30
0.0
  0
VERTEX
  5
834
  8
T3_PROFILE_INSIDE_2
 10
2.807746750885711
 20
80.58224083344473
 30
0.0
  0
VERTEX
  5
835
  8
T3_PROFILE_INSIDE_2
 10
2.816052358203236
 20
80.58599554770902
 30
0.0
  0
VERTEX
  5
836
  8
T3_PROFILE_INSIDE_2
 10
2.824567108970069
 20
80.58935263633654
 30
0.0
  0
VERTEX
  5
837
  8
T3_PROFILE_INSIDE_2
 10
2.833279223291853
 20
80.59230031965137
 30
0.0
  0
VERTEX
  5
838
  8
T3_PROFILE_INSIDE_2
 10
2.84217692127423
 20
80.5948268179775
 30
0.0
  0
VERTEX
  5
839
  8
T3_PROFILE_INSIDE_2
 10
2.851248423022842
 20
80.59692035163904
 30
0.0
  0
VERTEX
  5
83A
  8
T3_PROFILE_INSIDE_2
 10
2.860481948643329
 20
80.59856914096
 30
0.0
  0
VERTEX
  5
83B
  8
T3_PROFILE_INSIDE_2
 10
2.869865718241336
 20
80.5997614062644
 30
0.0
  0
VERTEX
  5
83C
  8
T3_PROFILE_INSIDE_2
 10
2.879387951922502
 20
80.60048536787636
 30
0.0
  0
VERTEX
  5
83D
  8
T3_PROFILE_INSIDE_2
 10
2.88903686979247
 20
80.60072924611987
 30
0.0
  0
VERTEX
  5
83E
  8
T3_PROFILE_INSIDE_2
 10
2.898685783139122
 20
80.60048518897929
 30
0.0
  0
VERTEX
  5
83F
  8
T3_PROFILE_INSIDE_2
 10
2.908208003395941
 20
80.59976105081918
 30
0.0
  0
VERTEX
  5
840
  8
T3_PROFILE_INSIDE_2
 10
2.917591750886973
 20
80.59856861153386
 30
0.0
  0
VERTEX
  5
841
  8
T3_PROFILE_INSIDE_2
 10
2.926825245936267
 20
80.59691965101771
 30
0.0
  0
VERTEX
  5
842
  8
T3_PROFILE_INSIDE_2
 10
2.935896708867868
 20
80.5948259491651
 30
0.0
  0
VERTEX
  5
843
  8
T3_PROFILE_INSIDE_2
 10
2.944794360005822
 20
80.59229928587038
 30
0.0
  0
VERTEX
  5
844
  8
T3_PROFILE_INSIDE_2
 10
2.953506419674177
 20
80.5893514410279
 30
0.0
  0
VERTEX
  5
845
  8
T3_PROFILE_INSIDE_2
 10
2.962021108196978
 20
80.58599419453202
 30
0.0
  0
VERTEX
  5
846
  8
T3_PROFILE_INSIDE_2
 10
2.970326645898273
 20
80.5822393262771
 30
0.0
  0
VERTEX
  5
847
  8
T3_PROFILE_INSIDE_2
 10
2.978411253102108
 20
80.5780986161575
 30
0.0
  0
VERTEX
  5
848
  8
T3_PROFILE_INSIDE_2
 10
2.98626315013253
 20
80.57358384406758
 30
0.0
  0
VERTEX
  5
849
  8
T3_PROFILE_INSIDE_2
 10
2.993870557313585
 20
80.56870678990171
 30
0.0
  0
VERTEX
  5
84A
  8
T3_PROFILE_INSIDE_2
 10
3.00122169496932
 20
80.56347923355423
 30
0.0
  0
VERTEX
  5
84B
  8
T3_PROFILE_INSIDE_2
 10
3.00830478342378
 20
80.55791295491947
 30
0.0
  0
VERTEX
  5
84C
  8
T3_PROFILE_INSIDE_2
 10
3.015108043001014
 20
80.55201973389184
 30
0.0
  0
VERTEX
  5
84D
  8
T3_PROFILE_INSIDE_2
 10
3.021619694025068
 20
80.54581135036568
 30
0.0
  0
VERTEX
  5
84E
  8
T3_PROFILE_INSIDE_2
 10
3.027827956819988
 20
80.53929958423535
 30
0.0
  0
VERTEX
  5
84F
  8
T3_PROFILE_INSIDE_2
 10
3.03372105170982
 20
80.5324962153952
 30
0.0
  0
VERTEX
  5
850
  8
T3_PROFILE_INSIDE_2
 10
3.039287199018611
 20
80.52541302373959
 30
0.0
  0
VERTEX
  5
851
  8
T3_PROFILE_INSIDE_2
 10
3.044514619070409
 20
80.51806178916289
 30
0.0
  0
VERTEX
  5
852
  8
T3_PROFILE_INSIDE_2
 10
3.049391532189259
 20
80.51045429155943
 30
0.0
  0
VERTEX
  5
853
  8
T3_PROFILE_INSIDE_2
 10
3.053906158699208
 20
80.50260231082359
 30
0.0
  0
VERTEX
  5
854
  8
T3_PROFILE_INSIDE_2
 10
3.058046718924302
 20
80.49451762684973
 30
0.0
  0
VERTEX
  5
855
  8
T3_PROFILE_INSIDE_2
 10
3.061801433188589
 20
80.48621201953222
 30
0.0
  0
VERTEX
  5
856
  8
T3_PROFILE_INSIDE_2
 10
3.065158521816114
 20
80.47769726876538
 30
0.0
  0
VERTEX
  5
857
  8
T3_PROFILE_INSIDE_2
 10
3.068106205130924
 20
80.4689851544436
 30
0.0
  0
VERTEX
  5
858
  8
T3_PROFILE_INSIDE_2
 10
3.070632703457067
 20
80.46008745646122
 30
0.0
  0
VERTEX
  5
859
  8
T3_PROFILE_INSIDE_2
 10
3.072726237118588
 20
80.45101595471262
 30
0.0
  0
VERTEX
  5
85A
  8
T3_PROFILE_INSIDE_2
 10
3.074375026439534
 20
80.44178242909214
 30
0.0
  0
VERTEX
  5
85B
  8
T3_PROFILE_INSIDE_2
 10
3.075567291743952
 20
80.43239865949414
 30
0.0
  0
VERTEX
  5
85C
  8
T3_PROFILE_INSIDE_2
 10
3.076291253355888
 20
80.42287642581296
 30
0.0
  0
VERTEX
  5
85D
  8
T3_PROFILE_INSIDE_2
 10
3.076535131599389
 20
80.41322750794299
 30
0.0
  0
VERTEX
  5
85E
  8
T3_PROFILE_INSIDE_2
 10
3.076291074458816
 20
80.40357859459634
 30
0.0
  0
VERTEX
  5
85F
  8
T3_PROFILE_INSIDE_2
 10
3.075566936298698
 20
80.39405637433953
 30
0.0
  0
VERTEX
  5
860
  8
T3_PROFILE_INSIDE_2
 10
3.074374497013392
 20
80.3846726268485
 30
0.0
  0
VERTEX
  5
861
  8
T3_PROFILE_INSIDE_2
 10
3.072725536497256
 20
80.37543913179921
 30
0.0
  0
VERTEX
  5
862
  8
T3_PROFILE_INSIDE_2
 10
3.070631834644648
 20
80.36636766886761
 30
0.0
  0
VERTEX
  5
863
  8
T3_PROFILE_INSIDE_2
 10
3.068105171349926
 20
80.35747001772967
 30
0.0
  0
VERTEX
  5
864
  8
T3_PROFILE_INSIDE_2
 10
3.065157326507449
 20
80.34875795806131
 30
0.0
  0
VERTEX
  5
865
  8
T3_PROFILE_INSIDE_2
 10
3.061800080011575
 20
80.34024326953852
 30
0.0
  0
VERTEX
  5
866
  8
T3_PROFILE_INSIDE_2
 10
3.058045211756661
 20
80.33193773183723
 30
0.0
  0
VERTEX
  5
867
  8
T3_PROFILE_INSIDE_2
 10
3.053904501637066
 20
80.3238531246334
 30
0.0
  0
VERTEX
  5
868
  8
T3_PROFILE_INSIDE_2
 10
3.049389729547148
 20
80.31600122760298
 30
0.0
  0
VERTEX
  5
869
  8
T3_PROFILE_INSIDE_2
 10
3.044512675381265
 20
80.30839382042193
 30
0.0
  0
VERTEX
  5
86A
  8
T3_PROFILE_INSIDE_2
 10
3.039285119033775
 20
80.3010426827662
 30
0.0
  0
VERTEX
  5
86B
  8
T3_PROFILE_INSIDE_2
 10
3.033718840399037
 20
80.29395959431173
 30
0.0
  0
VERTEX
  5
86C
  8
T3_PROFILE_INSIDE_2
 10
3.027825619371408
 20
80.2871563347345
 30
0.0
  0
VERTEX
  5
86D
  8
T3_PROFILE_INSIDE_2
 10
3.021617235845246
 20
80.28064468371045
 30
0.0
  0
VERTEX
  5
86E
  8
T3_PROFILE_INSIDE_2
 10
3.01510546971491
 20
80.27443642091552
 30
0.0
  0
VERTEX
  5
86F
  8
T3_PROFILE_INSIDE_2
 10
3.008302100874758
 20
80.26854332602568
 30
0.0
  0
VERTEX
  5
870
  8
T3_PROFILE_INSIDE_2
 10
3.001218909219148
 20
80.26297717871688
 30
0.0
  0
VERTEX
  5
871
  8
T3_PROFILE_INSIDE_2
 10
2.993867674642437
 20
80.2577497586651
 30
0.0
  0
VERTEX
  5
872
  8
T3_PROFILE_INSIDE_2
 10
2.986260177038985
 20
80.25287284554625
 30
0.0
  0
VERTEX
  5
873
  8
T3_PROFILE_INSIDE_2
 10
2.978408196303149
 20
80.2483582190363
 30
0.0
  0
VERTEX
  5
874
  8
T3_PROFILE_INSIDE_2
 10
2.970323512329287
 20
80.24421765881121
 30
0.0
  0
VERTEX
  5
875
  8
T3_PROFILE_INSIDE_2
 10
2.962017905011757
 20
80.2404629445469
 30
0.0
  0
VERTEX
  5
876
  8
T3_PROFILE_INSIDE_2
 10
2.953503154244918
 20
80.23710585591937
 30
0.0
  0
VERTEX
  5
877
  8
T3_PROFILE_INSIDE_2
 10
2.944791039923127
 20
80.23415817260457
 30
0.0
  0
VERTEX
  5
878
  8
T3_PROFILE_INSIDE_2
 10
2.935893341940743
 20
80.2316316742784
 30
0.0
  0
VERTEX
  5
879
  8
T3_PROFILE_INSIDE_2
 10
2.926821840192124
 20
80.22953814061688
 30
0.0
  0
VERTEX
  5
87A
  8
T3_PROFILE_INSIDE_2
 10
2.917588314571628
 20
80.22788935129591
 30
0.0
  0
VERTEX
  5
87B
  8
T3_PROFILE_INSIDE_2
 10
2.908204544973613
 20
80.22669708599147
 30
0.0
  0
VERTEX
  5
87C
  8
T3_PROFILE_INSIDE_2
 10
2.898682311292437
 20
80.22597312437952
 30
0.0
  0
VERTEX
  5
87D
  8
T3_PROFILE_INSIDE_2
 10
2.889033393422459
 20
80.22572924613601
 30
0.0
  0
VERTEX
  5
87E
  8
T3_PROFILE_INSIDE_2
 10
2.879384480075818
 20
80.22597330327659
 30
0.0
  0
VERTEX
  5
87F
  8
T3_PROFILE_INSIDE_2
 10
2.869862259819009
 20
80.2266974414367
 30
0.0
  0
VERTEX
  5
880
  8
T3_PROFILE_INSIDE_2
 10
2.860478512327987
 20
80.22788988072202
 30
0.0
  0
VERTEX
  5
881
  8
T3_PROFILE_INSIDE_2
 10
2.851245017278703
 20
80.22953884123817
 30
0.0
  0
VERTEX
  5
882
  8
T3_PROFILE_INSIDE_2
 10
2.842173554347113
 20
80.23163254309078
 30
0.0
  0
VERTEX
  5
883
  8
T3_PROFILE_INSIDE_2
 10
2.833275903209168
 20
80.2341592063855
 30
0.0
  0
VERTEX
  5
884
  8
T3_PROFILE_INSIDE_2
 10
2.824563843540823
 20
80.23710705122798
 30
0.0
  0
VERTEX
  5
885
  8
T3_PROFILE_INSIDE_2
 10
2.81604915501803
 20
80.24046429772386
 30
0.0
  0
VERTEX
  5
886
  8
T3_PROFILE_INSIDE_2
 10
2.807743617316744
 20
80.24421916597876
 30
0.0
  0
VERTEX
  5
887
  8
T3_PROFILE_INSIDE_2
 10
2.799659010112917
 20
80.24835987609836
 30
0.0
  0
VERTEX
  5
888
  8
T3_PROFILE_INSIDE_2
 10
2.791807113082502
 20
80.25287464818828
 30
0.0
  0
VERTEX
  5
889
  8
T3_PROFILE_INSIDE_2
 10
2.784199705901454
 20
80.25775170235417
 30
0.0
  0
VERTEX
  5
88A
  8
T3_PROFILE_INSIDE_2
 10
2.776848568245724
 20
80.26297925870165
 30
0.0
  0
VERTEX
  5
88B
  8
T3_PROFILE_INSIDE_2
 10
2.769765479791269
 20
80.2685455373364
 30
0.0
  0
VERTEX
  5
88C
  8
T3_PROFILE_INSIDE_2
 10
2.762962220214039
 20
80.27443875836401
 30
0.0
  0
VERTEX
  5
88D
  8
T3_PROFILE_INSIDE_2
 10
2.756450569189989
 20
80.28064714189019
 30
0.0
  0
VERTEX
  5
88E
  8
T3_PROFILE_INSIDE_2
 10
2.750242306395071
 20
80.28715890802053
 30
0.0
  0
VERTEX
  5
88F
  8
T3_PROFILE_INSIDE_2
 10
2.74434921150524
 20
80.29396227686067
 30
0.0
  0
VERTEX
  5
890
  8
T3_PROFILE_INSIDE_2
 10
2.738783064196448
 20
80.30104546851626
 30
0.0
  0
VERTEX
  5
891
  8
T3_PROFILE_INSIDE_2
 10
2.73355564414465
 20
80.30839670309298
 30
0.0
  0
VERTEX
  5
892
  8
T3_PROFILE_INSIDE_2
 10
2.728678731025797
 20
80.31600420069644
 30
0.0
  0
VERTEX
  5
893
  8
T3_PROFILE_INSIDE_2
 10
2.724164104515844
 20
80.32385618143226
 30
0.0
  0
VERTEX
  5
894
  8
T3_PROFILE_INSIDE_2
 10
2.720023544290745
 20
80.33194086540612
 30
0.0
  0
VERTEX
  5
895
  8
T3_PROFILE_INSIDE_2
 10
2.716268830026452
 20
80.34024647272363
 30
0.0
  0
VERTEX
  5
896
  8
T3_PROFILE_INSIDE_2
 10
2.712911741398918
 20
80.34876122349047
 30
0.0
  0
VERTEX
  5
897
  8
T3_PROFILE_INSIDE_2
 10
2.709964058084098
 20
80.35747333781225
 30
0.0
  0
VERTEX
  5
898
  8
T3_PROFILE_INSIDE_2
 10
2.707437559757945
 20
80.36637103579463
 30
0.0
  0
VERTEX
  5
899
  8
T3_PROFILE_INSIDE_2
 10
2.705344026096411
 20
80.37544253754322
 30
0.0
  0
VERTEX
  5
89A
  8
T3_PROFILE_INSIDE_2
 10
2.70369523677545
 20
80.38467606316371
 30
0.0
  0
VERTEX
  5
89B
  8
T3_PROFILE_INSIDE_2
 10
2.702502971471015
 20
80.39405983276171
 30
0.0
  0
VERTEX
  5
89C
  8
T3_PROFILE_INSIDE_2
 10
2.701779009859061
 20
80.40358206644287
 30
0.0
  0
SEQEND
  5
946
  8
T3_PROFILE_INSIDE_2
  0
POLYLINE
  5
8B
  8
T3_PROFILE_INSIDE_2
 66
     1
 10
0.0
 20
0.0
 30
0.0
 70
     1
  0
VERTEX
  5
89D
  8
T3_PROFILE_INSIDE_2
 10
0.4782371781678343
 20
82.9171802405863
 30
0.0
  0
VERTEX
  5
89E
  8
T3_PROFILE_INSIDE_2
 10
0.4784812353084067
 20
82.92682915393296
 30
0.0
  0
VERTEX
  5
89F
  8
T3_PROFILE_INSIDE_2
 10
0.4792053734685251
 20
82.93635137418978
 30
0.0
  0
VERTEX
  5
8A0
  8
T3_PROFILE_INSIDE_2
 10
0.4803978127538314
 20
82.94573512168083
 30
0.0
  0
VERTEX
  5
8A1
  8
T3_PROFILE_INSIDE_2
 10
0.4820467732699675
 20
82.95496861673011
 30
0.0
  0
VERTEX
  5
8A2
  8
T3_PROFILE_INSIDE_2
 10
0.4841404751225752
 20
82.96404007966171
 30
0.0
  0
VERTEX
  5
8A3
  8
T3_PROFILE_INSIDE_2
 10
0.4866671384172964
 20
82.97293773079967
 30
0.0
  0
VERTEX
  5
8A4
  8
T3_PROFILE_INSIDE_2
 10
0.489614983259773
 20
82.98164979046803
 30
0.0
  0
VERTEX
  5
8A5
  8
T3_PROFILE_INSIDE_2
 10
0.4929722297556468
 20
82.99016447899083
 30
0.0
  0
VERTEX
  5
8A6
  8
T3_PROFILE_INSIDE_2
 10
0.4967270980105598
 20
82.99847001669212
 30
0.0
  0
VERTEX
  5
8A7
  8
T3_PROFILE_INSIDE_2
 10
0.5008678081301537
 20
83.00655462389597
 30
0.0
  0
VERTEX
  5
8A8
  8
T3_PROFILE_INSIDE_2
 10
0.5053825802200705
 20
83.0144065209264
 30
0.0
  0
VERTEX
  5
8A9
  8
T3_PROFILE_INSIDE_2
 10
0.510259634385952
 20
83.02201392810744
 30
0.0
  0
VERTEX
  5
8AA
  8
T3_PROFILE_INSIDE_2
 10
0.5154871907334401
 20
83.02936506576317
 30
0.0
  0
VERTEX
  5
8AB
  8
T3_PROFILE_INSIDE_2
 10
0.5210534693681766
 20
83.03644815421764
 30
0.0
  0
VERTEX
  5
8AC
  8
T3_PROFILE_INSIDE_2
 10
0.5269466903958036
 20
83.04325141379488
 30
0.0
  0
VERTEX
  5
8AD
  8
T3_PROFILE_INSIDE_2
 10
0.5331550739219626
 20
83.04976306481892
 30
0.0
  0
VERTEX
  5
8AE
  8
T3_PROFILE_INSIDE_2
 10
0.5396668400522957
 20
83.05597132761383
 30
0.0
  0
VERTEX
  5
8AF
  8
T3_PROFILE_INSIDE_2
 10
0.5464702088924448
 20
83.06186442250367
 30
0.0
  0
VERTEX
  5
8B0
  8
T3_PROFILE_INSIDE_2
 10
0.5535534005480517
 20
83.06743056981247
 30
0.0
  0
VERTEX
  5
8B1
  8
T3_PROFILE_INSIDE_2
 10
0.5609046351247582
 20
83.07265798986427
 30
0.0
  0
VERTEX
  5
8B2
  8
T3_PROFILE_INSIDE_2
 10
0.5685121327282062
 20
83.07753490298313
 30
0.0
  0
VERTEX
  5
8B3
  8
T3_PROFILE_INSIDE_2
 10
0.5763641134640377
 20
83.08204952949308
 30
0.0
  0
VERTEX
  5
8B4
  8
T3_PROFILE_INSIDE_2
 10
0.5844487974378945
 20
83.08619008971817
 30
0.0
  0
VERTEX
  5
8B5
  8
T3_PROFILE_INSIDE_2
 10
0.5927544047554184
 20
83.08994480398246
 30
0.0
  0
VERTEX
  5
8B6
  8
T3_PROFILE_INSIDE_2
 10
0.6012691555222514
 20
83.09330189260999
 30
0.0
  0
VERTEX
  5
8B7
  8
T3_PROFILE_INSIDE_2
 10
0.6099812698440351
 20
83.09624957592482
 30
0.0
  0
VERTEX
  5
8B8
  8
T3_PROFILE_INSIDE_2
 10
0.6188789678264117
 20
83.09877607425095
 30
0.0
  0
VERTEX
  5
8B9
  8
T3_PROFILE_INSIDE_2
 10
0.6279504695750228
 20
83.10086960791249
 30
0.0
  0
VERTEX
  5
8BA
  8
T3_PROFILE_INSIDE_2
 10
0.6371839951955104
 20
83.10251839723344
 30
0.0
  0
VERTEX
  5
8BB
  8
T3_PROFILE_INSIDE_2
 10
0.6465677647935164
 20
83.10371066253788
 30
0.0
  0
VERTEX
  5
8BC
  8
T3_PROFILE_INSIDE_2
 10
0.6560899984746826
 20
83.10443462414983
 30
0.0
  0
VERTEX
  5
8BD
  8
T3_PROFILE_INSIDE_2
 10
0.665738916344651
 20
83.10467850239334
 30
0.0
  0
VERTEX
  5
8BE
  8
T3_PROFILE_INSIDE_2
 10
0.6753878296913025
 20
83.10443444525276
 30
0.0
  0
VERTEX
  5
8BF
  8
T3_PROFILE_INSIDE_2
 10
0.6849100499481215
 20
83.10371030709265
 30
0.0
  0
VERTEX
  5
8C0
  8
T3_PROFILE_INSIDE_2
 10
0.6942937974391545
 20
83.10251786780734
 30
0.0
  0
VERTEX
  5
8C1
  8
T3_PROFILE_INSIDE_2
 10
0.7035272924884483
 20
83.10086890729119
 30
0.0
  0
VERTEX
  5
8C2
  8
T3_PROFILE_INSIDE_2
 10
0.7125987554200492
 20
83.09877520543857
 30
0.0
  0
VERTEX
  5
8C3
  8
T3_PROFILE_INSIDE_2
 10
0.7214964065580042
 20
83.09624854214385
 30
0.0
  0
VERTEX
  5
8C4
  8
T3_PROFILE_INSIDE_2
 10
0.7302084662263598
 20
83.09330069730137
 30
0.0
  0
VERTEX
  5
8C5
  8
T3_PROFILE_INSIDE_2
 10
0.7387231547491625
 20
83.08994345080549
 30
0.0
  0
VERTEX
  5
8C6
  8
T3_PROFILE_INSIDE_2
 10
0.747028692450459
 20
83.08618858255058
 30
0.0
  0
VERTEX
  5
8C7
  8
T3_PROFILE_INSIDE_2
 10
0.755113299654296
 20
83.08204787243098
 30
0.0
  0
VERTEX
  5
8C8
  8
T3_PROFILE_INSIDE_2
 10
0.76296519668472
 20
83.07753310034106
 30
0.0
  0
VERTEX
  5
8C9
  8
T3_PROFILE_INSIDE_2
 10
0.7705726038657776
 20
83.07265604617517
 30
0.0
  0
VERTEX
  5
8CA
  8
T3_PROFILE_INSIDE_2
 10
0.7779237415215156
 20
83.06742848982768
 30
0.0
  0
VERTEX
  5
8CB
  8
T3_PROFILE_INSIDE_2
 10
0.7850068299759805
 20
83.06186221119293
 30
0.0
  0
VERTEX
  5
8CC
  8
T3_PROFILE_INSIDE_2
 10
0.7918100895532189
 20
83.05596899016531
 30
0.0
  0
VERTEX
  5
8CD
  8
T3_PROFILE_INSIDE_2
 10
0.7983217405772773
 20
83.04976060663914
 30
0.0
  0
VERTEX
  5
8CE
  8
T3_PROFILE_INSIDE_2
 10
0.8045300033722026
 20
83.0432488405088
 30
0.0
  0
VERTEX
  5
8CF
  8
T3_PROFILE_INSIDE_2
 10
0.8104230982620413
 20
83.03644547166866
 30
0.0
  0
VERTEX
  5
8D0
  8
T3_PROFILE_INSIDE_2
 10
0.8159892455708401
 20
83.02936228001303
 30
0.0
  0
VERTEX
  5
8D1
  8
T3_PROFILE_INSIDE_2
 10
0.8212166656226454
 20
83.02201104543633
 30
0.0
  0
VERTEX
  5
8D2
  8
T3_PROFILE_INSIDE_2
 10
0.826093578741504
 20
83.01440354783287
 30
0.0
  0
VERTEX
  5
8D3
  8
T3_PROFILE_INSIDE_2
 10
0.8306082052514625
 20
83.00655156709703
 30
0.0
  0
VERTEX
  5
8D4
  8
T3_PROFILE_INSIDE_2
 10
0.8347487654765675
 20
82.99846688312317
 30
0.0
  0
VERTEX
  5
8D5
  8
T3_PROFILE_INSIDE_2
 10
0.8385034797408656
 20
82.99016127580566
 30
0.0
  0
VERTEX
  5
8D6
  8
T3_PROFILE_INSIDE_2
 10
0.8418605683684034
 20
82.98164652503883
 30
0.0
  0
VERTEX
  5
8D7
  8
T3_PROFILE_INSIDE_2
 10
0.8448082516832277
 20
82.97293441071704
 30
0.0
  0
VERTEX
  5
8D8
  8
T3_PROFILE_INSIDE_2
 10
0.8473347500093849
 20
82.96403671273467
 30
0.0
  0
VERTEX
  5
8D9
  8
T3_PROFILE_INSIDE_2
 10
0.8494282836709216
 20
82.95496521098607
 30
0.0
  0
VERTEX
  5
8DA
  8
T3_PROFILE_INSIDE_2
 10
0.8510770729918846
 20
82.94573168536559
 30
0.0
  0
VERTEX
  5
8DB
  8
T3_PROFILE_INSIDE_2
 10
0.8522693382963205
 20
82.93634791576758
 30
0.0
  0
VERTEX
  5
8DC
  8
T3_PROFILE_INSIDE_2
 10
0.8529932999082759
 20
82.92682568208643
 30
0.0
  0
VERTEX
  5
8DD
  8
T3_PROFILE_INSIDE_2
 10
0.8532371781517973
 20
82.91717676421646
 30
0.0
  0
VERTEX
  5
8DE
  8
T3_PROFILE_INSIDE_2
 10
0.8529931210112043
 20
82.90752785086981
 30
0.0
  0
VERTEX
  5
8DF
  8
T3_PROFILE_INSIDE_2
 10
0.8522689828510666
 20
82.89800563061299
 30
0.0
  0
VERTEX
  5
8E0
  8
T3_PROFILE_INSIDE_2
 10
0.8510765435657422
 20
82.88862188312196
 30
0.0
  0
VERTEX
  5
8E1
  8
T3_PROFILE_INSIDE_2
 10
0.8494275830495893
 20
82.87938838807267
 30
0.0
  0
VERTEX
  5
8E2
  8
T3_PROFILE_INSIDE_2
 10
0.8473338811969661
 20
82.87031692514108
 30
0.0
  0
VERTEX
  5
8E3
  8
T3_PROFILE_INSIDE_2
 10
0.8448072179022306
 20
82.86141927400313
 30
0.0
  0
VERTEX
  5
8E4
  8
T3_PROFILE_INSIDE_2
 10
0.8418593730597408
 20
82.85270721433477
 30
0.0
  0
VERTEX
  5
8E5
  8
T3_PROFILE_INSIDE_2
 10
0.8385021265638551
 20
82.84419252581198
 30
0.0
  0
VERTEX
  5
8E6
  8
T3_PROFILE_INSIDE_2
 10
0.8347472583089315
 20
82.83588698811067
 30
0.0
  0
VERTEX
  5
8E7
  8
T3_PROFILE_INSIDE_2
 10
0.8306065481893279
 20
82.82780238090685
 30
0.0
  0
VERTEX
  5
8E8
  8
T3_PROFILE_INSIDE_2
 10
0.8260917760994027
 20
82.81995048387643
 30
0.0
  0
VERTEX
  5
8E9
  8
T3_PROFILE_INSIDE_2
 10
0.8212147219335137
 20
82.81234307669537
 30
0.0
  0
VERTEX
  5
8EA
  8
T3_PROFILE_INSIDE_2
 10
0.8159871655860194
 20
82.80499193903964
 30
0.0
  0
VERTEX
  5
8EB
  8
T3_PROFILE_INSIDE_2
 10
0.8104208869512776
 20
82.79790885058517
 30
0.0
  0
VERTEX
  5
8EC
  8
T3_PROFILE_INSIDE_2
 10
0.8045276659236466
 20
82.79110559100795
 30
0.0
  0
VERTEX
  5
8ED
  8
T3_PROFILE_INSIDE_2
 10
0.7983192823974843
 20
82.78459393998389
 30
0.0
  0
VERTEX
  5
8EE
  8
T3_PROFILE_INSIDE_2
 10
0.791807516267149
 20
82.77838567718896
 30
0.0
  0
VERTEX
  5
8EF
  8
T3_PROFILE_INSIDE_2
 10
0.7850041474269988
 20
82.77249258229912
 30
0.0
  0
VERTEX
  5
8F0
  8
T3_PROFILE_INSIDE_2
 10
0.7779209557713916
 20
82.76692643499032
 30
0.0
  0
VERTEX
  5
8F1
  8
T3_PROFILE_INSIDE_2
 10
0.7705697211946858
 20
82.76169901493854
 30
0.0
  0
VERTEX
  5
8F2
  8
T3_PROFILE_INSIDE_2
 10
0.7629622235912394
 20
82.7568221018197
 30
0.0
  0
VERTEX
  5
8F3
  8
T3_PROFILE_INSIDE_2
 10
0.7551102428554104
 20
82.75230747530975
 30
0.0
  0
VERTEX
  5
8F4
  8
T3_PROFILE_INSIDE_2
 10
0.747025558881557
 20
82.74816691508465
 30
0.0
  0
VERTEX
  5
8F5
  8
T3_PROFILE_INSIDE_2
 10
0.7387199515640374
 20
82.74441220082035
 30
0.0
  0
VERTEX
  5
8F6
  8
T3_PROFILE_INSIDE_2
 10
0.7302052007972095
 20
82.74105511219281
 30
0.0
  0
VERTEX
  5
8F7
  8
T3_PROFILE_INSIDE_2
 10
0.7214930864754316
 20
82.73810742887798
 30
0.0
  0
VERTEX
  5
8F8
  8
T3_PROFILE_INSIDE_2
 10
0.7125953884930618
 20
82.73558093055183
 30
0.0
  0
VERTEX
  5
8F9
  8
T3_PROFILE_INSIDE_2
 10
0.7035238867444581
 20
82.7334873968903
 30
0.0
  0
VERTEX
  5
8FA
  8
T3_PROFILE_INSIDE_2
 10
0.6942903611239786
 20
82.73183860756933
 30
0.0
  0
VERTEX
  5
8FB
  8
T3_PROFILE_INSIDE_2
 10
0.6849065915259815
 20
82.73064634226489
 30
0.0
  0
VERTEX
  5
8FC
  8
T3_PROFILE_INSIDE_2
 10
0.675384357844825
 20
82.72992238065294
 30
0.0
  0
VERTEX
  5
8FD
  8
T3_PROFILE_INSIDE_2
 10
0.665735439974867
 20
82.72967850240943
 30
0.0
  0
VERTEX
  5
8FE
  8
T3_PROFILE_INSIDE_2
 10
0.6560865266282154
 20
82.72992255955
 30
0.0
  0
VERTEX
  5
8FF
  8
T3_PROFILE_INSIDE_2
 10
0.6465643063713965
 20
82.73064669771011
 30
0.0
  0
VERTEX
  5
900
  8
T3_PROFILE_INSIDE_2
 10
0.6371805588803635
 20
82.73183913699543
 30
0.0
  0
VERTEX
  5
901
  8
T3_PROFILE_INSIDE_2
 10
0.6279470638310699
 20
82.73348809751158
 30
0.0
  0
VERTEX
  5
902
  8
T3_PROFILE_INSIDE_2
 10
0.618875600899469
 20
82.7355817993642
 30
0.0
  0
VERTEX
  5
903
  8
T3_PROFILE_INSIDE_2
 10
0.6099779497615144
 20
82.73810846265891
 30
0.0
  0
VERTEX
  5
904
  8
T3_PROFILE_INSIDE_2
 10
0.6012658900931592
 20
82.7410563075014
 30
0.0
  0
VERTEX
  5
905
  8
T3_PROFILE_INSIDE_2
 10
0.5927512015703572
 20
82.74441355399728
 30
0.0
  0
VERTEX
  5
906
  8
T3_PROFILE_INSIDE_2
 10
0.5844456638690615
 20
82.74816842225219
 30
0.0
  0
VERTEX
  5
907
  8
T3_PROFILE_INSIDE_2
 10
0.5763610566652254
 20
82.75230913237179
 30
0.0
  0
VERTEX
  5
908
  8
T3_PROFILE_INSIDE_2
 10
0.5685091596348025
 20
82.75682390446171
 30
0.0
  0
VERTEX
  5
909
  8
T3_PROFILE_INSIDE_2
 10
0.5609017524537463
 20
82.7617009586276
 30
0.0
  0
VERTEX
  5
90A
  8
T3_PROFILE_INSIDE_2
 10
0.55355061479801
 20
82.76692851497509
 30
0.0
  0
VERTEX
  5
90B
  8
T3_PROFILE_INSIDE_2
 10
0.546467526343547
 20
82.77249479360984
 30
0.0
  0
VERTEX
  5
90C
  8
T3_PROFILE_INSIDE_2
 10
0.539664266766311
 20
82.77838801463746
 30
0.0
  0
VERTEX
  5
90D
  8
T3_PROFILE_INSIDE_2
 10
0.5331526157422548
 20
82.78459639816363
 30
0.0
  0
VERTEX
  5
90E
  8
T3_PROFILE_INSIDE_2
 10
0.5269443529473323
 20
82.79110816429397
 30
0.0
  0
VERTEX
  5
90F
  8
T3_PROFILE_INSIDE_2
 10
0.5210512580574969
 20
82.79791153313411
 30
0.0
  0
VERTEX
  5
910
  8
T3_PROFILE_INSIDE_2
 10
0.5154851107487017
 20
82.80499472478974
 30
0.0
  0
VERTEX
  5
911
  8
T3_PROFILE_INSIDE_2
 10
0.5102576906969003
 20
82.81234595936644
 30
0.0
  0
VERTEX
  5
912
  8
T3_PROFILE_INSIDE_2
 10
0.5053807775780461
 20
82.8199534569699
 30
0.0
  0
VERTEX
  5
913
  8
T3_PROFILE_INSIDE_2
 10
0.5008661510680924
 20
82.82780543770573
 30
0.0
  0
VERTEX
  5
914
  8
T3_PROFILE_INSIDE_2
 10
0.4967255908429926
 20
82.8358901216796
 30
0.0
  0
VERTEX
  5
915
  8
T3_PROFILE_INSIDE_2
 10
0.4929708765787003
 20
82.84419572899711
 30
0.0
  0
VERTEX
  5
916
  8
T3_PROFILE_INSIDE_2
 10
0.4896137879511687
 20
82.85271047976394
 30
0.0
  0
VERTEX
  5
917
  8
T3_PROFILE_INSIDE_2
 10
0.4866661046363513
 20
82.86142259408572
 30
0.0
  0
VERTEX
  5
918
  8
T3_PROFILE_INSIDE_2
 10
0.4841396063102014
 20
82.8703202920681
 30
0.0
  0
VERTEX
  5
919
  8
T3_PROFILE_INSIDE_2
 10
0.4820460726486725
 20
82.8793917938167
 30
0.0
  0
VERTEX
  5
91A
  8
T3_PROFILE_INSIDE_2
 10
0.4803972833277179
 20
82.88862531943718
 30
0.0
  0
VERTEX
  5
91B
  8
T3_PROFILE_INSIDE_2
 10
0.4792050180232911
 20
82.89800908903518
 30
0.0
  0
VERTEX
  5
91C
  8
T3_PROFILE_INSIDE_2
 10
0.4784810564113454
 20
82.90753132271634
 30
0.0
  0
SEQEND
  5
947
  8
T3_PROFILE_INSIDE_2
  0
POLYLINE
  5
8C
  8
T3_PROFILE_INSIDE_2
 66
     1
 10
0.0
 20
0.0
 30
0.0
 70
     1
  0
VERTEX
  5
91D
  8
T3_PROFILE_INSIDE_2
 10
1.296234562322145
 20
86.5675280847158
 30
0.0
 42
0.4142135623730951
  0
VERTEX
  5
91E
  8
T3_PROFILE_INSIDE_2
 10
1.421234562322145
 20
86.6925280847158
 30
0.0
 42
0.4142135623730951
  0
VERTEX
  5
91F
  8
T3_PROFILE_INSIDE_2
 10
1.296234562322152
 20
86.8175280847158
 30
0.0
 42
0.4142135623730951
  0
VERTEX
  5
920
  8
T3_PROFILE_INSIDE_2
 10
1.171234562322088
 20
86.6925280847158
 30
0.0
 42
0.4142135623730951
  0
SEQEND
  5
948
  8
T3_PROFILE_INSIDE_2
  0
POLYLINE
  5
8D
  8
T3_PROFILE_INSIDE_2
 66
     1
 10
0.0
 20
0.0
 30
0.0
 70
     1
  0
VERTEX
  5
921
  8
T3_PROFILE_INSIDE_2
 10
2.046217681309464
 20
86.69256794892388
 30
0.0
 42
0.4142135623730951
  0
VERTEX
  5
922
  8
T3_PROFILE_INSIDE_2
 10
1.296217681309439
 20
87.44256794892388
 30
0.0
 42
0.4142135623730951
  0
VERTEX
  5
923
  8
T3_PROFILE_INSIDE_2
 10
0.5462176813093969
 20
86.69256794892388
 30
0.0
 42
0.4142135623730951
  0
VERTEX
  5
924
  8
T3_PROFILE_INSIDE_2
 10
1.296217681309447
 20
85.94256794892391
 30
0.0
 42
0.4142135623730951
  0
SEQEND
  5
949
  8
T3_PROFILE_INSIDE_2
  0
POLYLINE
  5
8E
  8
T3_PROFILE_INSIDE_2
 66
     1
 10
0.0
 20
0.0
 30
0.0
  0
VERTEX
  5
925
  8
T3_PROFILE_INSIDE_2
 10
3.470483644685981
 20
84.67735662985149
 30
0.0
  0
VERTEX
  5
926
  8
T3_PROFILE_INSIDE_2
 10
0.9187699008928227
 20
85.5007606402354
 30
0.0
 42
-0.3269702414499648
  0
VERTEX
  5
927
  8
T3_PROFILE_INSIDE_2
 10
0.0462176813093897
 20
86.6924892087664
 30
0.0
 42
-0.3269702414499648
  0
VERTEX
  5
928
  8
T3_PROFILE_INSIDE_2
 10
0.9187699008928369
 20
87.88421777729744
 30
0.0
  0
VERTEX
  5
929
  8
T3_PROFILE_INSIDE_2
 10
3.476119374093397
 20
88.7094433701485
 30
0.0
  0
SEQEND
  5
94A
  8
T3_PROFILE_INSIDE_2
  0
POLYLINE
  5
8F
  8
T3_PROFILE_INSIDE_2
 66
     1
 10
0.0
 20
0.0
 30
0.0
 70
     1
  0
VERTEX
  5
92A
  8
T3_PROFILE_INSIDE_2
 10
0.0
 20
0.0
 30
0.0
  0
VERTEX
  5
92B
  8
T3_PROFILE_INSIDE_2
 10
3.5
 20
0.0
 30
0.0
  0
VERTEX
  5
92C
  8
T3_PROFILE_INSIDE_2
 10
3.5
 20
97.0
 30
0.0
  0
VERTEX
  5
92D
  8
T3_PROFILE_INSIDE_2
 10
0.0
 20
97.0
 30
0.0
  0
SEQEND
  5
94B
  8
T3_PROFILE_INSIDE_2
  0
ENDSEC
  0
EOF
